09:14:09 [조작] PlaceBook /place_book executor=sim profile=default tray_slots=6 status=/robot/status perception_bridge=True
09:14:09 [시뮬] 관측 자세 손목(관절 7) -59.2° → +30.8° 로 돌림 [SIM_HOME_J7_DEG=+90] (홈은 그대로)
09:14:09 [시뮬] 관측 자세 이동 [0.0, 0.0, 0.1] m: 손 [-0.389, 0.079, 0.573] → [-0.389, 0.079, 0.673], 관절 [2.811, -0.514, 0.102, -2.213, 0.051, 1.701, 0.538] → [2.094, -0.576, 0.563, -1.891, 0.3, 1.397, 0.278] (한계 여유 0.873) [SIM_HOME_SHIFT] (홈은
09:14:35 [FSM] FSM transition completed: PLANNING -> NAV_TO_RETURN
09:14:35 [FSM] Navigation succeeded: Navigation waypoint is already satisfied in simulation.
09:14:35 [FSM] FSM transition completed: NAV_TO_RETURN -> RECEIVE_TRAY
09:14:35 [FSM] FSM transition completed: RECEIVE_TRAY -> SELECT_BOOK
09:14:35 [FSM] FSM transition completed: SELECT_BOOK -> NAV_TO_SHELF
09:15:10 [시뮬] [주행] 도착 (-0.548, +1.225)
09:15:14 [시뮬] [주행] 회전 끝 — **실측** yaw +0.00° (목표 +0.00°)
09:15:15 [FSM] Navigation succeeded: Navigation completed.
09:15:15 [FSM] FSM transition completed: NAV_TO_SHELF -> DETECT_TARGET_SLOT
09:15:15 [조작] 베이스 회전 명령 전송 (목표 yaw +0°, 서가 거리 0.444)
09:15:15 [시뮬] [주행] 도착 (-0.548, +1.225)
09:15:15 [시뮬] 서가 앞면 0.443 m → 목표 0.444 m (앞뒤 -0.001), 서가 중심 팔기준 x -0.417 → 옆으로 -0.417: 차체를 0.417 m 옮긴다
09:15:20 [조작] 베이스 회전 완료
09:15:20 [시뮬] 서가 앞면 실측 0.444 m (목표 0.444), 서가 x 범위 팔기준 -0.71~+0.71
09:15:20 [시뮬] [스윕] 시작 자세 q=[2.811, -0.514, 0.102, -2.213, 0.051, 1.701, -1.033]
09:15:21 [시뮬] [스윕] 판 1.042 (팔기준 z 0.712, 앞면 0.444) 정지점 5/5 여유 0.171 rad 최대변화 0.06 길이 3.95
09:15:21 [시뮬] [스윕] 판 0.498 (팔기준 z 0.168, 앞면 0.444) 정지점 5/5 여유 0.225 rad 최대변화 0.05 길이 2.52
09:15:21 [시뮬] 스윕 시작: 판 [1.042, 0.498], 정지점 10개, 정지 1.2s
09:15:21 [시뮬] [판목록] 레벨 실측 [0.4976, 1.0417, 1.5812, 2.0582, 2.52] · 쓰는 값 [0.497, 0.498, 1.042] · 차이 [-0.3, -0.4, +0.6] mm  (그림자 — 판단은 상수 그대로)
09:15:32 [비전] ROI 밖 책: (0.021, 0.574, 0.394) @arm_base_link
09:15:32 [비전] ROI 밖 책: (0.064, 0.575, 0.394) @arm_base_link
09:15:32 [비전] ROI 밖 책: (-0.073, 0.542, 0.395) @arm_base_link
09:15:32 [비전] ROI 밖 책: (-0.012, 0.577, 0.394) @arm_base_link
09:15:32 [비전] ROI 밖 책: (-0.202, 0.535, 0.401) @arm_base_link
09:15:32 [비전] ROI 밖 책: (-0.228, 0.521, 0.362) @arm_base_link
09:15:32 [비전] ROI 밖 책: (-0.043, 0.531, 0.393) @arm_base_link
09:15:32 [비전] ROI 밖 책: (-0.625, 0.536, 0.832) @arm_base_link
09:15:32 [비전] ROI 밖 책 8권 제외 (남은 0권). ROI [-0.4, -0.2, 0.0] ~ [-0.26, 0.4, 0.32] @arm_base_link
09:15:33 [비전] Empty center pixel=(276, 259), shelf_front_z=1.528m; Depth L/C/R=0.432/6.085/2.624m; center-left=5.653m, center-right=3.461m; contrast=PASS
09:15:33 [비전] Empty shelf target: xyz=(-0.562, 1.650, 0.917)
09:15:33 [비전] ROI 밖 책: (0.150, 0.580, 0.394) @arm_base_link
09:15:33 [비전] ROI 밖 책: (0.028, 0.573, 0.395) @arm_base_link
09:15:33 [비전] ROI 밖 책: (0.063, 0.575, 0.394) @arm_base_link
09:15:33 [비전] ROI 밖 책: (-0.012, 0.573, 0.394) @arm_base_link
09:15:33 [비전] ROI 밖 책: (-0.624, 0.536, 0.830) @arm_base_link
09:15:33 [비전] ROI 밖 책: (-0.073, 0.534, 0.396) @arm_base_link
09:15:33 [비전] ROI 밖 책: (0.182, 0.579, 0.399) @arm_base_link
09:15:33 [비전] ROI 밖 책: (-0.034, 0.535, 0.392) @arm_base_link
09:15:33 [비전] ROI 밖 책 8권 제외 (남은 0권). ROI [-0.4, -0.2, 0.0] ~ [-0.26, 0.4, 0.32] @arm_base_link
09:15:33 [비전] Empty center pixel=(250, 261), shelf_front_z=0.497m; Depth L/C/R=0.565/2.788/0.430m; center-left=2.223m, center-right=2.359m; contrast=PASS
09:15:33 [비전] Empty shelf target: xyz=(-0.382, 0.600, 0.898)
09:15:35 [비전] ROI 밖 책: (0.365, 0.537, 0.396) @arm_base_link
09:15:35 [비전] ROI 밖 책: (0.504, 0.599, 0.392) @arm_base_link
09:15:35 [비전] ROI 밖 책: (0.429, 0.564, 0.395) @arm_base_link
09:15:35 [비전] ROI 밖 책: (0.334, 0.554, 0.371) @arm_base_link
09:15:35 [비전] ROI 밖 책: (0.455, 0.538, 0.394) @arm_base_link
09:15:35 [비전] ROI 밖 책: (0.094, 0.537, 0.395) @arm_base_link
09:15:35 [비전] ROI 밖 책: (0.215, 0.536, 0.831) @arm_base_link
09:15:35 [비전] ROI 밖 책: (0.508, 0.584, 0.393) @arm_base_link
09:15:35 [비전] ROI 밖 책: (0.061, 0.572, 0.393) @arm_base_link
09:15:35 [비전] ROI 밖 책: (0.175, 0.532, 0.396) @arm_base_link
09:15:35 [비전] ROI 밖 책 10권 제외 (남은 0권). ROI [-0.4, -0.2, 0.0] ~ [-0.26, 0.4, 0.32] @arm_base_link
09:15:37 [비전] ROI 밖 책: (0.501, 0.577, 0.394) @arm_base_link
09:15:37 [비전] ROI 밖 책: (0.434, 0.569, 0.394) @arm_base_link
09:15:37 [비전] ROI 밖 책: (0.335, 0.537, 0.390) @arm_base_link
09:15:37 [비전] ROI 밖 책: (0.372, 0.534, 0.395) @arm_base_link
09:15:37 [비전] ROI 밖 책: (0.476, 0.539, 0.394) @arm_base_link
09:15:37 [비전] ROI 밖 책: (-0.040, 0.559, 0.394) @arm_base_link
09:15:37 [비전] ROI 밖 책: (0.464, 0.577, 0.393) @arm_base_link
09:15:37 [비전] ROI 밖 책: (0.441, 0.530, 0.395) @arm_base_link
09:15:37 [비전] ROI 밖 책: (0.058, 0.569, 0.393) @arm_base_link
09:15:37 [비전] ROI 밖 책 9권 제외 (남은 0권). ROI [-0.4, -0.2, 0.0] ~ [-0.26, 0.4, 0.32] @arm_base_link
09:15:40 [비전] ROI 밖 책: (-0.031, 0.578, 0.394) @arm_base_link
09:15:40 [비전] ROI 밖 책: (0.587, 0.617, 0.393) @arm_base_link
09:15:40 [비전] ROI 밖 책: (0.430, 0.580, 0.394) @arm_base_link
09:15:40 [비전] ROI 밖 책: (0.210, 0.536, 0.826) @arm_base_link
09:15:40 [비전] ROI 밖 책: (0.505, 0.609, 0.392) @arm_base_link
09:15:40 [비전] ROI 밖 책: (0.052, 0.577, 0.393) @arm_base_link
09:15:40 [비전] ROI 밖 책: (0.555, 0.619, 0.394) @arm_base_link
09:15:40 [비전] ROI 밖 책: (0.386, 0.536, 0.395) @arm_base_link
09:15:40 [비전] ROI 밖 책: (0.010, 0.576, 0.394) @arm_base_link
09:15:40 [비전] ROI 밖 책: (0.486, 0.571, 0.393) @arm_base_link
09:15:40 [비전] ROI 밖 책: (0.606, 0.576, 0.398) @arm_base_link
09:15:40 [비전] ROI 밖 책: (0.085, 0.580, 0.394) @arm_base_link
09:15:40 [비전] ROI 밖 책: (0.145, 0.582, 0.392) @arm_base_link
09:15:40 [비전] ROI 밖 책: (0.569, 0.572, 0.392) @arm_base_link
09:15:40 [비전] ROI 밖 책 14권 제외 (남은 0권). ROI [-0.4, -0.2, 0.0] ~ [-0.26, 0.4, 0.32] @arm_base_link
09:15:40 [비전] Empty center pixel=(286, 550), shelf_front_z=0.618m; Depth L/C/R=0.677/1.387/0.558m; center-left=0.710m, center-right=0.829m; contrast=PASS
09:15:40 [비전] Empty shelf target: xyz=(0.283, 0.624, 0.344)
09:15:45 [비전] ROI 밖 책: (-1.031, 0.183, -0.342) @arm_base_link
09:15:45 [비전] ROI 밖 책: (0.122, 0.508, 0.339) @arm_base_link
09:15:45 [비전] ROI 밖 책: (0.082, 0.506, 0.345) @arm_base_link
09:15:45 [비전] ROI 밖 책 3권 제외 (남은 1권). ROI [-0.4, -0.2, 0.0] ~ [-0.26, 0.4, 0.32] @arm_base_link
09:15:45 [비전] Book picked(best): xyz=(-0.365, -0.019, 0.215), center=(308, 594), conf=0.89, depth=patch, yaw=0.000 rad (후보 1권)
09:15:45 [비전] Empty center pixel=(157, 339), shelf_front_z=0.837m; Depth L/C/R=0.911/1.050/0.763m; center-left=0.140m, center-right=0.287m; contrast=PASS
09:15:45 [비전] Empty shelf target: xyz=(-0.780, 0.504, 0.174)
09:15:47 [비전] ROI 밖 책: (-0.724, 0.096, -0.002) @arm_base_link
09:15:47 [비전] ROI 밖 책: (0.171, 0.511, 0.340) @arm_base_link
09:15:47 [비전] ROI 밖 책 2권 제외 (남은 2권). ROI [-0.4, -0.2, 0.0] ~ [-0.26, 0.4, 0.32] @arm_base_link
09:15:47 [비전] Book picked(best): xyz=(-0.358, -0.018, 0.216), center=(187, 592), conf=0.89, depth=patch, yaw=0.000 rad (후보 2권)
09:15:47 [비전] Empty center pixel=(90, 341), shelf_front_z=0.822m; Depth L/C/R=0.875/0.970/0.769m; center-left=0.095m, center-right=0.201m; contrast=PASS
09:15:47 [비전] Empty shelf target: xyz=(-0.783, 0.488, 0.179)
09:15:50 [비전] ROI 밖 책: (0.561, 0.186, -0.341) @arm_base_link
09:15:50 [비전] ROI 밖 책: (-0.432, 0.033, 0.156) @arm_base_link
09:15:50 [비전] ROI 밖 책: (0.196, 0.528, 0.380) @arm_base_link
09:15:50 [비전] ROI 밖 책 3권 제외 (남은 1권). ROI [-0.4, -0.2, 0.0] ~ [-0.26, 0.4, 0.32] @arm_base_link
09:15:50 [비전] Book picked(best): xyz=(-0.312, -0.026, 0.199), center=(87, 603), conf=0.94, depth=patch, yaw=0.000 rad (후보 1권)
09:15:50 [비전] Empty center pixel=(435, 275), shelf_front_z=0.734m; Depth L/C/R=0.720/2.017/0.747m; center-left=1.297m, center-right=1.270m; contrast=PASS
09:15:50 [비전] Empty shelf target: xyz=(0.259, 0.523, 0.357)
09:15:52 [비전] ROI 밖 책: (0.592, 0.180, -0.341) @arm_base_link
09:15:52 [비전] ROI 밖 책 1권 제외 (남은 0권). ROI [-0.4, -0.2, 0.0] ~ [-0.26, 0.4, 0.32] @arm_base_link
09:15:52 [비전] Empty center pixel=(359, 274), shelf_front_z=0.713m; Depth L/C/R=0.690/2.043/0.736m; center-left=1.353m, center-right=1.308m; contrast=PASS
09:15:52 [비전] Empty shelf target: xyz=(0.262, 0.506, 0.369)
09:15:55 [비전] ROI 밖 책: (0.671, 0.183, -0.342) @arm_base_link
09:15:55 [비전] ROI 밖 책: (-0.321, 0.522, 0.343) @arm_base_link
09:15:55 [비전] ROI 밖 책: (0.488, 0.517, 0.357) @arm_base_link
09:15:55 [비전] ROI 밖 책 3권 제외 (남은 0권). ROI [-0.4, -0.2, 0.0] ~ [-0.26, 0.4, 0.32] @arm_base_link
09:15:55 [비전] Empty center pixel=(294, 273), shelf_front_z=0.745m; Depth L/C/R=0.777/2.052/0.713m; center-left=1.275m, center-right=1.340m; contrast=PASS
09:15:55 [비전] Empty shelf target: xyz=(0.287, 0.536, 0.354)
09:16:03 [FSM] Empty slot detected: frame_id=arm_base_link, x=-0.350, y=0.544, z=0.340, confidence=1.00, candidate_count=8
09:16:03 [FSM] FSM transition completed: DETECT_TARGET_SLOT -> PLACE_BOOK
09:16:03 [FSM] Book-placement goal was accepted.
09:16:03 [조작] 빈칸 관측 버림 (서가 밖): (-0.780, 0.504, 0.174) 서가 x -0.66~0.66 y 0.41~0.80 z -0.33~2.19
09:16:03 [조작] 빈칸 관측 버림 (서가 밖): (-0.783, 0.488, 0.179) 서가 x -0.66~0.66 y 0.41~0.80 z -0.33~2.19
09:16:03 [조작] 빈칸 선택: 책 사이 틈 관측 (0.273, 0.523, 0.357) → 칸 중심 y 0.544, z 0.340 (판 높이로 스냅); 꽂기 전 차체를 옆으로 +0.623 m 옮겨 틈을 x -0.35 에 둔다
09:16:03 [조작] 빈 슬롯 스캔 완료: (-0.35, 0.5439, 0.3399), 삽입깊이 0.300m
09:16:03 [조작] 베이스 회전 명령 전송 (목표 yaw +0°, 서가 거리 0.444)
09:16:03 [시뮬] 작업 job_d756a16c3c85:scan SUCCEEDED {'phase': 'scan_done', 'message': '서가 스캔 완료', 'placement_verified': False, 'sim_steps': 2039, 'render_steps': 2039} (41.9s)
09:16:03 [시뮬] 서가 앞면 0.444 m → 목표 0.444 m (앞뒤 +0.000), 서가 중심 팔기준 x +0.623 → 옆으로 +0.623: 차체를 0.623 m 옮긴다
09:16:10 [비전] ROI 밖 책: (-0.120, -0.673, -0.341) @arm_base_link
09:16:10 [비전] ROI 밖 책: (-0.232, 0.505, 0.206) @arm_base_link
09:16:10 [비전] ROI 밖 책 2권 제외 (남은 4권). ROI [-0.4, -0.2, 0.0] ~ [-0.26, 0.4, 0.32] @arm_base_link
09:16:10 [비전] Book picked(best): xyz=(-0.360, -0.003, 0.212), center=(261, 312), conf=0.87, depth=patch, yaw=0.000 rad (후보 4권)
09:16:10 [조작] 베이스 회전 완료
09:16:10 [시뮬] 서가 앞면 실측 0.444 m (목표 0.444), 서가 x 범위 팔기준 -1.33~+0.08
09:16:11 [비전] ROI 밖 책: (-0.126, -0.676, -0.341) @arm_base_link
09:16:11 [비전] ROI 밖 책: (-0.232, 0.505, 0.206) @arm_base_link
09:16:11 [비전] ROI 밖 책: (-0.450, 0.153, 0.211) @arm_base_link
09:16:11 [비전] ROI 밖 책: (0.485, 0.252, -0.341) @arm_base_link
09:16:11 [비전] ROI 밖 책 4권 제외 (남은 4권). ROI [-0.4, -0.2, 0.0] ~ [-0.26, 0.4, 0.32] @arm_base_link
09:16:11 [비전] Book picked(best): xyz=(-0.362, -0.003, 0.212), center=(261, 311), conf=0.86, depth=patch, yaw=0.000 rad (후보 4권)
09:16:11 [조작] 책 좌표 정함 (-0.3610, -0.0030, +0.2118) — 관측 2개 · 책 1권 · 고른 책 2개 (x 흔들림 1 mm) → 축마다 중앙값
09:16:11 [조작] 작업 job_d756a16c3c85 book=book_003 트레이 칸 0 파지 [-0.36096036668669956, -0.002983140119498559, 0.1359169547867904] (vision) → (-0.35, 0.5438500024676323, 0.3399) 삽입 속도 0.030 m/s
09:16:31 [시뮬] [JUDGE] 손 안 어긋남(406) **판별불가** — 키네마틱 파지는 매 스텝 책을 손에 맞춰 다시 써 넣는다. 이 신호는 마찰 파지(SIM_GRASP_KINEMATIC=0)에서만 의미가 있다
09:16:39 [시뮬] [JUDGE] rise=16.9cm(ok) width=13.6mm = 지령 13.6mm (책 반두께 17.6) → **판별불가** [키네마틱 파지라 빈손이어도 같은 값이 나온다]
09:18:38 [FSM] FSM transition completed: PLACE_BOOK -> UPDATE_DATA
09:18:38 [FSM] FSM transition completed: UPDATE_DATA -> NEXT_BOOK
09:18:38 [FSM] FSM transition completed: NEXT_BOOK -> SELECT_BOOK
09:18:38 [FSM] FSM transition completed: SELECT_BOOK -> NAV_TO_SHELF
09:18:38 [FSM] Navigation succeeded: Navigation waypoint is already satisfied in simulation.
09:18:38 [FSM] FSM transition completed: NAV_TO_SHELF -> DETECT_TARGET_SLOT
09:18:38 [조작] PlaceBook 성공 job=job_d756a16c3c85 code=0(OK) phase= 배치 확인
09:18:38 [조작] 베이스 회전 명령 전송 (목표 yaw +0°, 서가 거리 0.444)
09:18:38 [시뮬] [JUDGE] width_hold=판별불가[키네마틱] (13.6 → 최소 13.6 mm, 한쪽 기준)
09:18:38 [시뮬] 작업 job_d756a16c3c85 SUCCEEDED {'phase': 'verify', 'message': '배치 확인', 'placement_verified': True, 'checks': {'upright': True, 'depth': True, 'spine': True, 'x': True, 'floor': True, 'skew': True, 'no_jam': True}, 'fallen
09:18:38 [시뮬] 서가 앞면 0.444 m → 목표 0.444 m (앞뒤 +0.000), 서가 중심 팔기준 x -0.623 → 옆으로 -0.623: 차체를 0.623 m 옮긴다
09:18:44 [조작] 베이스 회전 완료
09:18:44 [시뮬] 서가 앞면 실측 0.444 m (목표 0.444), 서가 x 범위 팔기준 -0.71~+0.71
09:18:44 [시뮬] [재측정] 스윕 없이 빈칸만 다시 재고 관측 자세로 돌아간다 — 서가 /World/bookshelves_main/shelf_brown__book_shelf_01 · 판 [1.042, 0.498] · 빈칸 4개 · 관측 자세까지 Δ최대 1.311 rad
09:18:51 [FSM] Empty slot detected: frame_id=arm_base_link, x=-0.350, y=0.544, z=0.884, confidence=1.00, candidate_count=8
09:18:51 [FSM] FSM transition completed: DETECT_TARGET_SLOT -> PLACE_BOOK
09:18:51 [FSM] Book-placement goal was accepted.
09:18:51 [조작] 빈칸 관측 버림 (서가 밖): (-0.780, 0.504, 0.174) 서가 x -0.66~0.66 y 0.41~0.80 z -0.33~2.19
09:18:51 [조작] 빈칸 관측 버림 (서가 밖): (-0.783, 0.488, 0.179) 서가 x -0.66~0.66 y 0.41~0.80 z -0.33~2.19
09:18:51 [조작] 빈칸 선택: 책 사이 틈 관측 (-0.401, 0.523, 0.357) → 칸 중심 y 0.544, z 0.884 (판 높이로 스냅); 꽂기 전 차체를 옆으로 -0.051 m 옮겨 틈을 x -0.35 에 둔다
09:18:51 [조작] 빈 슬롯 스캔 완료: (-0.35, 0.5439, 0.8839), 삽입깊이 0.300m
09:18:51 [조작] 베이스 회전 명령 전송 (목표 yaw +0°, 서가 거리 0.444)
09:18:51 [시뮬] 작업 job_d756a16c3c85:scan SUCCEEDED {'phase': 'scan_done', 'message': '서가 스캔 완료', 'placement_verified': False, 'sim_steps': 324, 'render_steps': 324} (6.8s)
09:18:51 [시뮬] 서가 앞면 0.444 m → 목표 0.444 m (앞뒤 +0.000), 서가 중심 팔기준 x -0.051 → 옆으로 -0.051: 차체를 0.051 m 옮긴다
09:18:52 [비전] ROI 밖 책: (-0.104, -0.705, -0.341) @arm_base_link
09:18:52 [비전] ROI 밖 책 1권 제외 (남은 2권). ROI [-0.4, -0.2, 0.0] ~ [-0.26, 0.4, 0.32] @arm_base_link
09:18:52 [비전] Book picked(best): xyz=(-0.370, -0.182, 0.194), center=(141, 306), conf=0.65, depth=patch, yaw=0.000 rad (후보 2권)
09:18:52 [조작] 베이스 회전 완료
09:18:52 [시뮬] 서가 앞면 실측 0.444 m (목표 0.444), 서가 x 범위 팔기준 -0.66~+0.76
09:18:53 [비전] ROI 밖 책: (-0.101, -0.714, -0.341) @arm_base_link
09:18:53 [비전] ROI 밖 책 1권 제외 (남은 1권). ROI [-0.4, -0.2, 0.0] ~ [-0.26, 0.4, 0.32] @arm_base_link
09:18:53 [비전] Book picked(best): xyz=(-0.351, -0.104, 0.212), center=(189, 319), conf=0.64, depth=patch, yaw=0.000 rad (후보 1권)
09:18:53 [비전] ROI 밖 책: (-0.104, -0.711, -0.341) @arm_base_link
09:18:53 [비전] ROI 밖 책 1권 제외 (남은 2권). ROI [-0.4, -0.2, 0.0] ~ [-0.26, 0.4, 0.32] @arm_base_link
09:18:53 [비전] Book picked(best): xyz=(-0.349, -0.105, 0.212), center=(188, 320), conf=0.67, depth=patch, yaw=0.000 rad (후보 2권)
09:18:53 [조작] 책 좌표 정함 (-0.3498, -0.1046, +0.2121) — 관측 3개 · 책 2권 · 고른 책 2개 (x 흔들림 1 mm) → 축마다 중앙값
09:18:53 [조작] 작업 job_d756a16c3c85 book=book_004 트레이 칸 1 파지 [-0.34981485843080584, -0.10458102504805897, 0.13629897182804804] (vision) → (-0.35, 0.5438500024676323, 0.8839) 삽입 속도 0.030 m/s
09:19:15 [시뮬] [JUDGE] 손 안 어긋남(406) **판별불가** — 키네마틱 파지는 매 스텝 책을 손에 맞춰 다시 써 넣는다. 이 신호는 마찰 파지(SIM_GRASP_KINEMATIC=0)에서만 의미가 있다
09:19:23 [시뮬] [JUDGE] rise=16.9cm(ok) width=17.6mm = 지령 17.6mm (책 반두께 21.6) → **판별불가** [키네마틱 파지라 빈손이어도 같은 값이 나온다]
09:21:16 [FSM] FSM transition completed: PLACE_BOOK -> UPDATE_DATA
09:21:16 [FSM] FSM transition completed: UPDATE_DATA -> NEXT_BOOK
09:21:16 [FSM] FSM transition completed: NEXT_BOOK -> SELECT_BOOK
09:21:16 [FSM] FSM transition completed: SELECT_BOOK -> NAV_TO_SHELF
09:21:16 [조작] PlaceBook 성공 job=job_d756a16c3c85 code=0(OK) phase= 배치 확인
09:21:16 [시뮬] [JUDGE] width_hold=판별불가[키네마틱] (17.6 → 최소 17.6 mm, 한쪽 기준)
09:21:16 [시뮬] 작업 job_d756a16c3c85 SUCCEEDED {'phase': 'verify', 'message': '배치 확인', 'placement_verified': True, 'checks': {'upright': True, 'depth': True, 'spine': True, 'x': True, 'floor': True, 'skew': True, 'no_jam': True}, 'fallen
09:21:44 [시뮬] [주행] 도착 (+2.535, -3.019)
09:21:47 [시뮬] [주행] 회전 끝 — **실측** yaw +0.00° (목표 +0.00°)
09:21:49 [FSM] Navigation succeeded: Navigation completed.
09:21:49 [FSM] FSM transition completed: NAV_TO_SHELF -> DETECT_TARGET_SLOT
09:21:49 [조작] 베이스 회전 명령 전송 (목표 yaw +0°, 서가 거리 0.444)
09:21:49 [시뮬] [주행] 도착 (+2.535, -3.019)
09:21:49 [시뮬] 서가 앞면 0.443 m → 목표 0.444 m (앞뒤 -0.001), 서가 중심 팔기준 x -0.261 → 옆으로 -0.261: 차체를 0.261 m 옮긴다
09:21:51 [조작] 베이스 회전 완료
09:21:51 [시뮬] 서가 앞면 실측 0.444 m (목표 0.444), 서가 x 범위 팔기준 -0.71~+0.71
09:21:51 [시뮬] [재측정] 스윕 없이 빈칸만 다시 재고 관측 자세로 돌아간다 — 서가 /World/bookshelves_main/shelf_brown__book_shelf_11 · 판 [1.042, 0.498] · 빈칸 2개 · 관측 자세까지 Δ최대 1.542 rad
09:21:59 [시뮬] 작업 job_d756a16c3c85:scan SUCCEEDED {'phase': 'scan_done', 'message': '서가 스캔 완료', 'placement_verified': False, 'sim_steps': 381, 'render_steps': 381} (7.9s)
09:21:59 [시뮬] [스윕] 시작 자세 q=[2.0937, -0.5757, 0.5627, -1.8915, 0.2999, 1.3974, 0.2783]
09:21:59 [시뮬] [스윕] 판 1.042 (팔기준 z 0.712, 앞면 0.444) 정지점 5/5 여유 0.518 rad 최대변화 0.06 길이 2.68
09:21:59 [시뮬] [스윕] 판 0.498 (팔기준 z 0.168, 앞면 0.444) 정지점 5/5 여유 0.221 rad 최대변화 0.05 길이 2.45
09:21:59 [시뮬] 스윕 시작: 판 [1.042, 0.498], 정지점 10개, 정지 1.2s
09:21:59 [시뮬] [판목록] 레벨 실측 [0.4976, 1.0417, 1.5812, 2.0582, 2.52] · 쓰는 값 [0.497, 0.498, 1.042] · 차이 [-0.3, -0.4, +0.6] mm  (그림자 — 판단은 상수 그대로)
09:22:04 [비전] ROI 밖 책: (-0.627, 0.507, 0.832) @arm_base_link
09:22:04 [비전] ROI 밖 책 1권 제외 (남은 0권). ROI [-0.4, -0.2, 0.0] ~ [-0.26, 0.4, 0.32] @arm_base_link
09:22:04 [비전] Empty center pixel=(263, 198), shelf_front_z=2.394m; Depth L/C/R=2.393/4.410/2.396m; center-left=2.017m, center-right=2.014m; contrast=PASS
09:22:04 [비전] Empty shelf target: xyz=(-0.781, 2.612, 1.384)
09:22:06 [비전] ROI 밖 책: (0.021, 0.547, 0.395) @arm_base_link
09:22:06 [비전] ROI 밖 책: (0.237, 0.552, 0.421) @arm_base_link
09:22:06 [비전] ROI 밖 책 2권 제외 (남은 0권). ROI [-0.4, -0.2, 0.0] ~ [-0.26, 0.4, 0.32] @arm_base_link
09:22:09 [비전] ROI 밖 책: (0.500, 0.561, 0.393) @arm_base_link
09:22:09 [비전] ROI 밖 책: (0.473, 0.552, 0.392) @arm_base_link
09:22:09 [비전] ROI 밖 책: (0.425, 0.537, 0.395) @arm_base_link
09:22:09 [비전] ROI 밖 책: (0.258, 0.523, 0.397) @arm_base_link
09:22:09 [비전] ROI 밖 책: (0.364, 0.578, 0.395) @arm_base_link
09:22:09 [비전] ROI 밖 책: (0.098, 0.535, 0.395) @arm_base_link
09:22:09 [비전] ROI 밖 책: (0.527, 0.564, 0.395) @arm_base_link
09:22:09 [비전] ROI 밖 책: (0.395, 0.564, 0.395) @arm_base_link
09:22:09 [비전] ROI 밖 책: (0.454, 0.550, 0.394) @arm_base_link
09:22:09 [비전] ROI 밖 책: (0.304, 0.535, 0.395) @arm_base_link
09:22:09 [비전] ROI 밖 책: (0.176, 0.519, 0.396) @arm_base_link
09:22:09 [비전] ROI 밖 책: (0.439, 0.563, 0.394) @arm_base_link
09:22:09 [비전] ROI 밖 책 12권 제외 (남은 0권). ROI [-0.4, -0.2, 0.0] ~ [-0.26, 0.4, 0.32] @arm_base_link
09:22:11 [비전] ROI 밖 책: (0.265, 0.525, 0.393) @arm_base_link
09:22:11 [비전] ROI 밖 책: (0.427, 0.538, 0.395) @arm_base_link
09:22:11 [비전] ROI 밖 책: (0.296, 0.530, 0.395) @arm_base_link
09:22:11 [비전] ROI 밖 책: (0.019, 0.551, 0.395) @arm_base_link
09:22:11 [비전] ROI 밖 책: (0.499, 0.547, 0.393) @arm_base_link
09:22:11 [비전] ROI 밖 책: (0.462, 0.550, 0.394) @arm_base_link
09:22:11 [비전] ROI 밖 책: (0.377, 0.528, 0.395) @arm_base_link
09:22:11 [비전] ROI 밖 책: (0.500, 0.552, 0.394) @arm_base_link
09:22:11 [비전] ROI 밖 책: (0.051, 0.556, 0.393) @arm_base_link
09:22:11 [비전] ROI 밖 책: (0.180, 0.580, 0.397) @arm_base_link
09:22:11 [비전] ROI 밖 책: (0.541, 0.548, 0.394) @arm_base_link
09:22:11 [비전] ROI 밖 책: (-0.016, 0.552, 0.392) @arm_base_link
09:22:11 [비전] ROI 밖 책: (0.438, 0.531, 0.394) @arm_base_link
09:22:11 [비전] ROI 밖 책: (0.568, 0.542, 0.394) @arm_base_link
09:22:11 [비전] ROI 밖 책: (0.337, 0.535, 0.395) @arm_base_link
09:22:11 [비전] ROI 밖 책 15권 제외 (남은 0권). ROI [-0.4, -0.2, 0.0] ~ [-0.26, 0.4, 0.32] @arm_base_link
09:22:11 [비전] Empty center pixel=(302, 296), shelf_front_z=0.535m; Depth L/C/R=0.551/2.480/0.519m; center-left=1.930m, center-right=1.961m; contrast=PASS
09:22:11 [비전] Empty shelf target: xyz=(0.141, 0.628, 0.840)
09:22:13 [비전] ROI 밖 책: (0.246, 0.519, 0.394) @arm_base_link
09:22:13 [비전] ROI 밖 책: (0.268, 0.522, 0.392) @arm_base_link
09:22:13 [비전] ROI 밖 책: (0.049, 0.550, 0.394) @arm_base_link
09:22:13 [비전] ROI 밖 책: (0.606, 0.560, 0.407) @arm_base_link
09:22:13 [비전] ROI 밖 책: (0.579, 0.575, 0.393) @arm_base_link
09:22:13 [비전] ROI 밖 책: (0.493, 0.544, 0.392) @arm_base_link
09:22:13 [비전] ROI 밖 책: (0.382, 0.527, 0.395) @arm_base_link
09:22:13 [비전] ROI 밖 책: (0.459, 0.549, 0.394) @arm_base_link
09:22:13 [비전] ROI 밖 책: (0.594, 0.531, 0.395) @arm_base_link
09:22:13 [비전] ROI 밖 책: (0.426, 0.545, 0.394) @arm_base_link
09:22:13 [비전] ROI 밖 책: (0.011, 0.548, 0.395) @arm_base_link
09:22:13 [비전] ROI 밖 책: (0.143, 0.560, 0.392) @arm_base_link
09:22:13 [비전] ROI 밖 책 12권 제외 (남은 0권). ROI [-0.4, -0.2, 0.0] ~ [-0.26, 0.4, 0.32] @arm_base_link
09:22:13 [비전] Empty center pixel=(182, 290), shelf_front_z=0.452m; Depth L/C/R=0.492/4.634/0.412m; center-left=4.142m, center-right=4.222m; contrast=PASS
09:22:13 [비전] Empty shelf target: xyz=(0.152, 0.547, 0.856)
09:22:18 [비전] ROI 밖 책: (-1.025, 0.185, -0.342) @arm_base_link
09:22:18 [비전] ROI 밖 책: (0.121, 0.479, 0.340) @arm_base_link
09:22:18 [비전] ROI 밖 책: (0.077, 0.476, 0.340) @arm_base_link
09:22:18 [비전] ROI 밖 책: (0.167, 0.483, 0.335) @arm_base_link
09:22:18 [비전] ROI 밖 책: (0.299, 0.478, 0.316) @arm_base_link
09:22:18 [비전] ROI 밖 책 5권 제외 (남은 0권). ROI [-0.4, -0.2, 0.0] ~ [-0.26, 0.4, 0.32] @arm_base_link
09:22:18 [비전] Empty center pixel=(156, 334), shelf_front_z=0.844m; Depth L/C/R=0.936/1.078/0.751m; center-left=0.142m, center-right=0.326m; contrast=PASS
09:22:18 [비전] Empty shelf target: xyz=(-0.787, 0.518, 0.184)
09:22:21 [비전] ROI 밖 책: (0.167, 0.484, 0.337) @arm_base_link
09:22:21 [비전] ROI 밖 책: (-0.723, 0.093, -0.002) @arm_base_link
09:22:21 [비전] ROI 밖 책: (0.280, 0.480, 0.317) @arm_base_link
09:22:21 [비전] ROI 밖 책: (0.327, 0.478, 0.327) @arm_base_link
09:22:21 [비전] ROI 밖 책: (0.306, 0.477, 0.322) @arm_base_link
09:22:21 [비전] ROI 밖 책: (0.380, 0.476, 0.303) @arm_base_link
09:22:21 [비전] ROI 밖 책: (0.434, 0.471, 0.348) @arm_base_link
09:22:21 [비전] ROI 밖 책 7권 제외 (남은 1권). ROI [-0.4, -0.2, 0.0] ~ [-0.26, 0.4, 0.32] @arm_base_link
09:22:21 [비전] Book picked(best): xyz=(-0.346, 0.151, 0.189), center=(229, 470), conf=0.62, depth=patch, yaw=0.000 rad (후보 1권)
09:22:21 [비전] Empty center pixel=(358, 280), shelf_front_z=0.707m; Depth L/C/R=0.709/1.991/0.704m; center-left=1.282m, center-right=1.287m; contrast=PASS
09:22:21 [비전] Empty shelf target: xyz=(-0.101, 0.492, 0.363)
09:22:23 [비전] ROI 밖 책: (0.369, 0.476, 0.331) @arm_base_link
09:22:23 [비전] ROI 밖 책: (0.336, 0.479, 0.332) @arm_base_link
09:22:23 [비전] ROI 밖 책: (0.172, 0.483, 0.345) @arm_base_link
09:22:23 [비전] ROI 밖 책: (0.280, 0.482, 0.324) @arm_base_link
09:22:23 [비전] ROI 밖 책: (0.900, 0.429, -0.340) @arm_base_link
09:22:23 [비전] ROI 밖 책: (0.129, 0.484, 0.350) @arm_base_link
09:22:23 [비전] ROI 밖 책: (0.260, 0.484, 0.336) @arm_base_link
09:22:23 [비전] ROI 밖 책 7권 제외 (남은 0권). ROI [-0.4, -0.2, 0.0] ~ [-0.26, 0.4, 0.32] @arm_base_link
09:22:23 [비전] Empty center pixel=(287, 280), shelf_front_z=0.704m; Depth L/C/R=0.716/1.991/0.692m; center-left=1.275m, center-right=1.299m; contrast=PASS
09:22:23 [비전] Empty shelf target: xyz=(-0.076, 0.490, 0.364)
09:22:25 [비전] ROI 밖 책: (0.480, 0.485, 0.359) @arm_base_link
09:22:25 [비전] ROI 밖 책: (0.562, 0.038, -0.341) @arm_base_link
09:22:25 [비전] ROI 밖 책: (0.336, 0.478, 0.338) @arm_base_link
09:22:25 [비전] ROI 밖 책 3권 제외 (남은 0권). ROI [-0.4, -0.2, 0.0] ~ [-0.26, 0.4, 0.32] @arm_base_link
09:22:25 [비전] Empty center pixel=(219, 280), shelf_front_z=0.719m; Depth L/C/R=0.745/1.982/0.693m; center-left=1.237m, center-right=1.290m; contrast=PASS
09:22:25 [비전] Empty shelf target: xyz=(-0.066, 0.503, 0.356)
09:22:28 [비전] ROI 밖 책: (0.483, 0.484, 0.357) @arm_base_link
09:22:28 [비전] ROI 밖 책: (0.558, 0.484, 0.360) @arm_base_link
09:22:28 [비전] ROI 밖 책 2권 제외 (남은 0권). ROI [-0.4, -0.2, 0.0] ~ [-0.26, 0.4, 0.32] @arm_base_link
09:22:28 [비전] Empty center pixel=(143, 279), shelf_front_z=0.717m; Depth L/C/R=0.745/0.699/0.690m; center-left=-0.046m, center-right=0.009m; contrast=CHECK
09:22:36 [FSM] Empty slot detected: frame_id=arm_base_link, x=-0.350, y=0.544, z=0.340, confidence=1.00, candidate_count=7
09:22:36 [FSM] FSM transition completed: DETECT_TARGET_SLOT -> PLACE_BOOK
09:22:36 [FSM] Book-placement goal was accepted.
09:22:36 [조작] 빈칸 관측 버림 (서가 밖): (-0.781, 2.612, 1.384) 서가 x -0.66~0.66 y 0.41~0.80 z -0.33~2.19
09:22:36 [조작] 빈칸 관측 버림 (서가 밖): (-0.787, 0.518, 0.184) 서가 x -0.66~0.66 y 0.41~0.80 z -0.33~2.19
09:22:36 [조작] 빈칸 선택: 책 사이 틈 관측 (-0.090, 0.503, 0.356) → 칸 중심 y 0.544, z 0.340 (판 높이로 스냅); 꽂기 전 차체를 옆으로 +0.260 m 옮겨 틈을 x -0.35 에 둔다
09:22:36 [조작] 빈 슬롯 스캔 완료: (-0.35, 0.5439, 0.3399), 삽입깊이 0.300m
09:22:36 [조작] 베이스 회전 명령 전송 (목표 yaw +0°, 서가 거리 0.444)
09:22:36 [시뮬] 작업 job_d756a16c3c85:scan SUCCEEDED {'phase': 'scan_done', 'message': '서가 스캔 완료', 'placement_verified': False, 'sim_steps': 1829, 'render_steps': 1829} (36.8s)
09:22:36 [시뮬] 서가 앞면 0.444 m → 목표 0.444 m (앞뒤 +0.000), 서가 중심 팔기준 x +0.260 → 옆으로 +0.260: 차체를 0.260 m 옮긴다
09:22:38 [비전] ROI 밖 책: (-0.151, -0.664, -0.341) @arm_base_link
09:22:38 [비전] ROI 밖 책 1권 제외 (남은 0권). ROI [-0.4, -0.2, 0.0] ~ [-0.26, 0.4, 0.32] @arm_base_link
09:22:38 [조작] 베이스 회전 완료
09:22:38 [시뮬] 서가 앞면 실측 0.444 m (목표 0.444), 서가 x 범위 팔기준 -0.97~+0.45
09:22:39 [비전] ROI 밖 책: (-0.133, -0.667, -0.341) @arm_base_link
09:22:39 [비전] ROI 밖 책: (-0.155, 0.477, 0.220) @arm_base_link
09:22:39 [비전] ROI 밖 책 2권 제외 (남은 0권). ROI [-0.4, -0.2, 0.0] ~ [-0.26, 0.4, 0.32] @arm_base_link
09:22:39 [비전] ROI 밖 책: (-0.114, -0.676, -0.341) @arm_base_link
09:22:39 [비전] ROI 밖 책: (-0.153, 0.477, 0.220) @arm_base_link
09:22:39 [비전] ROI 밖 책 2권 제외 (남은 0권). ROI [-0.4, -0.2, 0.0] ~ [-0.26, 0.4, 0.32] @arm_base_link
09:22:40 [비전] ROI 밖 책: (-0.120, -0.676, -0.341) @arm_base_link
09:22:40 [비전] ROI 밖 책 1권 제외 (남은 0권). ROI [-0.4, -0.2, 0.0] ~ [-0.26, 0.4, 0.32] @arm_base_link
09:22:40 [비전] ROI 밖 책: (-0.123, -0.670, -0.341) @arm_base_link
09:22:40 [비전] ROI 밖 책 1권 제외 (남은 0권). ROI [-0.4, -0.2, 0.0] ~ [-0.26, 0.4, 0.32] @arm_base_link
09:22:41 [비전] ROI 밖 책: (-0.120, -0.673, -0.341) @arm_base_link
09:22:41 [비전] ROI 밖 책: (-0.155, 0.477, 0.220) @arm_base_link
09:22:41 [비전] ROI 밖 책 2권 제외 (남은 0권). ROI [-0.4, -0.2, 0.0] ~ [-0.26, 0.4, 0.32] @arm_base_link
09:22:41 [비전] ROI 밖 책: (-0.126, -0.670, -0.341) @arm_base_link
09:22:41 [비전] ROI 밖 책: (-0.155, 0.477, 0.220) @arm_base_link
09:22:41 [비전] ROI 밖 책 2권 제외 (남은 0권). ROI [-0.4, -0.2, 0.0] ~ [-0.26, 0.4, 0.32] @arm_base_link
09:22:42 [비전] ROI 밖 책: (-0.117, -0.670, -0.341) @arm_base_link
09:22:42 [비전] ROI 밖 책 1권 제외 (남은 0권). ROI [-0.4, -0.2, 0.0] ~ [-0.26, 0.4, 0.32] @arm_base_link
09:22:42 [비전] ROI 밖 책: (-0.136, -0.670, -0.341) @arm_base_link
09:22:42 [비전] ROI 밖 책 1권 제외 (남은 0권). ROI [-0.4, -0.2, 0.0] ~ [-0.26, 0.4, 0.32] @arm_base_link
09:22:43 [비전] ROI 밖 책: (-0.129, -0.670, -0.341) @arm_base_link
09:22:43 [비전] ROI 밖 책 1권 제외 (남은 0권). ROI [-0.4, -0.2, 0.0] ~ [-0.26, 0.4, 0.32] @arm_base_link
09:22:43 [비전] ROI 밖 책: (-0.177, -0.664, -0.341) @arm_base_link
09:22:43 [비전] ROI 밖 책 1권 제외 (남은 0권). ROI [-0.4, -0.2, 0.0] ~ [-0.26, 0.4, 0.32] @arm_base_link
09:22:44 [비전] ROI 밖 책: (-0.148, -0.667, -0.341) @arm_base_link
09:22:44 [비전] ROI 밖 책 1권 제외 (남은 1권). ROI [-0.4, -0.2, 0.0] ~ [-0.26, 0.4, 0.32] @arm_base_link
09:22:44 [비전] Book picked(best): xyz=(-0.368, -0.186, 0.188), center=(140, 307), conf=0.57, depth=patch, yaw=0.000 rad (후보 1권)
09:22:44 [비전] ROI 밖 책: (-0.126, -0.670, -0.341) @arm_base_link
09:22:44 [비전] ROI 밖 책 1권 제외 (남은 0권). ROI [-0.4, -0.2, 0.0] ~ [-0.26, 0.4, 0.32] @arm_base_link
09:22:45 [비전] ROI 밖 책: (-0.145, -0.670, -0.341) @arm_base_link
09:22:45 [비전] ROI 밖 책 1권 제외 (남은 0권). ROI [-0.4, -0.2, 0.0] ~ [-0.26, 0.4, 0.32] @arm_base_link
09:22:45 [비전] ROI 밖 책: (-0.151, -0.667, -0.341) @arm_base_link
09:22:45 [비전] ROI 밖 책 1권 제외 (남은 1권). ROI [-0.4, -0.2, 0.0] ~ [-0.26, 0.4, 0.32] @arm_base_link
09:22:45 [비전] Book picked(best): xyz=(-0.356, 0.158, 0.213), center=(376, 315), conf=0.60, depth=patch, yaw=0.000 rad (후보 1권)
09:22:46 [비전] ROI 밖 책: (-0.142, -0.670, -0.341) @arm_base_link
09:22:46 [비전] ROI 밖 책: (-0.152, 0.478, 0.220) @arm_base_link
09:22:46 [비전] ROI 밖 책 2권 제외 (남은 2권). ROI [-0.4, -0.2, 0.0] ~ [-0.26, 0.4, 0.32] @arm_base_link
09:22:46 [비전] Book picked(best): xyz=(-0.356, 0.158, 0.213), center=(376, 315), conf=0.62, depth=patch, yaw=0.000 rad (후보 2권)
09:22:46 [조작] 책 좌표 정함 (-0.3559, +0.1581, +0.2134) — 관측 3개 · 책 2권 · 고른 책 2개 (x 흔들림 0 mm) → 축마다 중앙값
09:22:46 [조작] 작업 job_d756a16c3c85 book=book_001 트레이 칸 2 파지 [-0.3558956409854819, 0.1580684168682122, 0.13756184118697123] (vision) → (-0.35, 0.5438500024676323, 0.3399) 삽입 속도 0.030 m/s
09:23:08 [시뮬] [JUDGE] 손 안 어긋남(406) **판별불가** — 키네마틱 파지는 매 스텝 책을 손에 맞춰 다시 써 넣는다. 이 신호는 마찰 파지(SIM_GRASP_KINEMATIC=0)에서만 의미가 있다
09:23:15 [시뮬] [JUDGE] rise=16.9cm(ok) width=12.8mm = 지령 12.8mm (책 반두께 16.8) → **판별불가** [키네마틱 파지라 빈손이어도 같은 값이 나온다]
09:25:05 [FSM] FSM transition completed: PLACE_BOOK -> UPDATE_DATA
09:25:05 [FSM] FSM transition completed: UPDATE_DATA -> NEXT_BOOK
09:25:05 [FSM] FSM transition completed: NEXT_BOOK -> SELECT_BOOK
09:25:05 [FSM] FSM transition completed: SELECT_BOOK -> NAV_TO_SHELF
09:25:05 [FSM] Navigation succeeded: Navigation waypoint is already satisfied in simulation.
09:25:05 [FSM] FSM transition completed: NAV_TO_SHELF -> DETECT_TARGET_SLOT
09:25:05 [조작] PlaceBook 성공 job=job_d756a16c3c85 code=0(OK) phase= 배치 확인
09:25:05 [조작] 베이스 회전 명령 전송 (목표 yaw +0°, 서가 거리 0.444)
09:25:05 [시뮬] [JUDGE] width_hold=판별불가[키네마틱] (12.8 → 최소 12.8 mm, 한쪽 기준)
09:25:05 [시뮬] 작업 job_d756a16c3c85 SUCCEEDED {'phase': 'verify', 'message': '배치 확인', 'placement_verified': True, 'checks': {'upright': True, 'depth': True, 'spine': True, 'x': True, 'floor': True, 'skew': True, 'no_jam': True}, 'fallen
09:25:05 [시뮬] 서가 앞면 0.444 m → 목표 0.444 m (앞뒤 +0.000), 서가 중심 팔기준 x -0.260 → 옆으로 -0.260: 차체를 0.260 m 옮긴다
09:25:07 [조작] 베이스 회전 완료
09:25:07 [시뮬] 서가 앞면 실측 0.444 m (목표 0.444), 서가 x 범위 팔기준 -0.71~+0.71
09:25:07 [시뮬] [재측정] 스윕 없이 빈칸만 다시 재고 관측 자세로 돌아간다 — 서가 /World/bookshelves_main/shelf_brown__book_shelf_11 · 판 [1.042, 0.498] · 빈칸 3개 · 관측 자세까지 Δ최대 1.311 rad
09:25:14 [FSM] Empty slot detected: frame_id=arm_base_link, x=-0.350, y=0.544, z=0.884, confidence=1.00, candidate_count=7
09:25:14 [FSM] FSM transition completed: DETECT_TARGET_SLOT -> PLACE_BOOK
09:25:14 [FSM] Book-placement goal was accepted.
09:25:14 [조작] 빈칸 관측 버림 (서가 밖): (-0.781, 2.612, 1.384) 서가 x -0.66~0.66 y 0.41~0.80 z -0.33~2.19
09:25:14 [조작] 빈칸 관측 버림 (서가 밖): (-0.787, 0.518, 0.184) 서가 x -0.66~0.66 y 0.41~0.80 z -0.33~2.19
09:25:14 [조작] 빈칸 선택: 책 사이 틈 관측 (0.139, 0.503, 0.356) → 칸 중심 y 0.544, z 0.884 (판 높이로 스냅); 꽂기 전 차체를 옆으로 +0.489 m 옮겨 틈을 x -0.35 에 둔다
09:25:14 [조작] 빈 슬롯 스캔 완료: (-0.35, 0.5439, 0.8839), 삽입깊이 0.300m
09:25:14 [조작] 베이스 회전 명령 전송 (목표 yaw +0°, 서가 거리 0.444)
09:25:14 [시뮬] 작업 job_d756a16c3c85:scan SUCCEEDED {'phase': 'scan_done', 'message': '서가 스캔 완료', 'placement_verified': False, 'sim_steps': 324, 'render_steps': 324} (6.8s)
09:25:14 [시뮬] 서가 앞면 0.444 m → 목표 0.444 m (앞뒤 +0.000), 서가 중심 팔기준 x +0.489 → 옆으로 +0.489: 차체를 0.489 m 옮긴다
09:25:18 [시뮬] 서가 앞면 실측 0.444 m (목표 0.444), 서가 x 범위 팔기준 -1.20~+0.22
09:25:19 [비전] ROI 밖 책: (-0.133, -0.651, -0.341) @arm_base_link
09:25:19 [비전] ROI 밖 책: (-0.398, 0.476, 0.222) @arm_base_link
09:25:19 [비전] ROI 밖 책 2권 제외 (남은 1권). ROI [-0.4, -0.2, 0.0] ~ [-0.26, 0.4, 0.32] @arm_base_link
09:25:19 [비전] Book picked(best): xyz=(-0.345, -0.181, 0.185), center=(145, 323), conf=0.62, depth=patch, yaw=0.000 rad (후보 1권)
09:25:19 [비전] ROI 밖 책: (-0.104, -0.676, -0.341) @arm_base_link
09:25:19 [비전] ROI 밖 책: (-0.398, 0.476, 0.222) @arm_base_link
09:25:19 [비전] ROI 밖 책 2권 제외 (남은 0권). ROI [-0.4, -0.2, 0.0] ~ [-0.26, 0.4, 0.32] @arm_base_link
09:25:19 [조작] 베이스 회전 완료
09:25:20 [비전] ROI 밖 책: (-0.107, -0.670, -0.341) @arm_base_link
09:25:20 [비전] ROI 밖 책: (-0.399, 0.476, 0.222) @arm_base_link
09:25:20 [비전] ROI 밖 책 2권 제외 (남은 0권). ROI [-0.4, -0.2, 0.0] ~ [-0.26, 0.4, 0.32] @arm_base_link
09:25:20 [비전] ROI 밖 책: (-0.104, -0.670, -0.341) @arm_base_link
09:25:20 [비전] ROI 밖 책: (-0.398, 0.476, 0.222) @arm_base_link
09:25:20 [비전] ROI 밖 책 2권 제외 (남은 0권). ROI [-0.4, -0.2, 0.0] ~ [-0.26, 0.4, 0.32] @arm_base_link
09:25:21 [비전] ROI 밖 책: (-0.104, -0.673, -0.341) @arm_base_link
09:25:21 [비전] ROI 밖 책: (-0.399, 0.476, 0.222) @arm_base_link
09:25:21 [비전] ROI 밖 책 2권 제외 (남은 0권). ROI [-0.4, -0.2, 0.0] ~ [-0.26, 0.4, 0.32] @arm_base_link
09:25:21 [비전] ROI 밖 책: (-0.104, -0.670, -0.341) @arm_base_link
09:25:21 [비전] ROI 밖 책: (-0.398, 0.476, 0.222) @arm_base_link
09:25:21 [비전] ROI 밖 책 2권 제외 (남은 0권). ROI [-0.4, -0.2, 0.0] ~ [-0.26, 0.4, 0.32] @arm_base_link
09:25:22 [비전] ROI 밖 책: (-0.104, -0.670, -0.341) @arm_base_link
09:25:22 [비전] ROI 밖 책: (-0.398, 0.476, 0.222) @arm_base_link
09:25:22 [비전] ROI 밖 책 2권 제외 (남은 0권). ROI [-0.4, -0.2, 0.0] ~ [-0.26, 0.4, 0.32] @arm_base_link
09:25:22 [비전] ROI 밖 책: (-0.104, -0.670, -0.341) @arm_base_link
09:25:22 [비전] ROI 밖 책: (-0.398, 0.475, 0.224) @arm_base_link
09:25:22 [비전] ROI 밖 책 2권 제외 (남은 0권). ROI [-0.4, -0.2, 0.0] ~ [-0.26, 0.4, 0.32] @arm_base_link
09:25:23 [비전] ROI 밖 책: (-0.104, -0.667, -0.341) @arm_base_link
09:25:23 [비전] ROI 밖 책: (-0.399, 0.476, 0.222) @arm_base_link
09:25:23 [비전] ROI 밖 책 2권 제외 (남은 0권). ROI [-0.4, -0.2, 0.0] ~ [-0.26, 0.4, 0.32] @arm_base_link
09:25:23 [비전] ROI 밖 책: (-0.104, -0.660, -0.341) @arm_base_link
09:25:23 [비전] ROI 밖 책: (-0.399, 0.476, 0.222) @arm_base_link
09:25:23 [비전] ROI 밖 책 2권 제외 (남은 0권). ROI [-0.4, -0.2, 0.0] ~ [-0.26, 0.4, 0.32] @arm_base_link
09:25:24 [비전] ROI 밖 책: (-0.111, -0.660, -0.341) @arm_base_link
09:25:24 [비전] ROI 밖 책: (-0.399, 0.476, 0.222) @arm_base_link
09:25:24 [비전] ROI 밖 책 2권 제외 (남은 0권). ROI [-0.4, -0.2, 0.0] ~ [-0.26, 0.4, 0.32] @arm_base_link
09:25:24 [비전] ROI 밖 책: (-0.104, -0.660, -0.341) @arm_base_link
09:25:24 [비전] ROI 밖 책: (-0.399, 0.476, 0.222) @arm_base_link
09:25:24 [비전] ROI 밖 책 2권 제외 (남은 0권). ROI [-0.4, -0.2, 0.0] ~ [-0.26, 0.4, 0.32] @arm_base_link
09:25:25 [비전] ROI 밖 책: (-0.111, -0.660, -0.341) @arm_base_link
09:25:25 [비전] ROI 밖 책: (-0.399, 0.476, 0.222) @arm_base_link
09:25:25 [비전] ROI 밖 책 2권 제외 (남은 0권). ROI [-0.4, -0.2, 0.0] ~ [-0.26, 0.4, 0.32] @arm_base_link
09:25:25 [비전] ROI 밖 책: (-0.107, -0.660, -0.341) @arm_base_link
09:25:25 [비전] ROI 밖 책: (-0.396, 0.475, 0.224) @arm_base_link
09:25:25 [비전] ROI 밖 책 2권 제외 (남은 0권). ROI [-0.4, -0.2, 0.0] ~ [-0.26, 0.4, 0.32] @arm_base_link
09:25:26 [비전] ROI 밖 책: (-0.111, -0.660, -0.341) @arm_base_link
09:25:26 [비전] ROI 밖 책: (-0.396, 0.475, 0.224) @arm_base_link
09:25:26 [비전] ROI 밖 책 2권 제외 (남은 0권). ROI [-0.4, -0.2, 0.0] ~ [-0.26, 0.4, 0.32] @arm_base_link
09:25:26 [비전] ROI 밖 책: (-0.114, -0.660, -0.341) @arm_base_link
09:25:26 [비전] ROI 밖 책: (-0.399, 0.476, 0.222) @arm_base_link
09:25:26 [비전] ROI 밖 책 2권 제외 (남은 0권). ROI [-0.4, -0.2, 0.0] ~ [-0.26, 0.4, 0.32] @arm_base_link
09:25:27 [비전] ROI 밖 책: (-0.117, -0.660, -0.341) @arm_base_link
09:25:27 [비전] ROI 밖 책: (-0.399, 0.476, 0.222) @arm_base_link
09:25:27 [비전] ROI 밖 책 2권 제외 (남은 0권). ROI [-0.4, -0.2, 0.0] ~ [-0.26, 0.4, 0.32] @arm_base_link
09:25:27 [비전] ROI 밖 책: (-0.107, -0.664, -0.341) @arm_base_link
09:25:27 [비전] ROI 밖 책: (-0.398, 0.475, 0.224) @arm_base_link
09:25:27 [비전] ROI 밖 책 2권 제외 (남은 0권). ROI [-0.4, -0.2, 0.0] ~ [-0.26, 0.4, 0.32] @arm_base_link
09:25:28 [비전] ROI 밖 책: (-0.104, -0.667, -0.341) @arm_base_link
09:25:28 [비전] ROI 밖 책: (-0.398, 0.476, 0.222) @arm_base_link
09:25:28 [비전] ROI 밖 책 2권 제외 (남은 0권). ROI [-0.4, -0.2, 0.0] ~ [-0.26, 0.4, 0.32] @arm_base_link
09:25:28 [비전] ROI 밖 책: (-0.101, -0.670, -0.341) @arm_base_link
09:25:28 [비전] ROI 밖 책: (-0.398, 0.476, 0.222) @arm_base_link
09:25:28 [비전] ROI 밖 책 2권 제외 (남은 0권). ROI [-0.4, -0.2, 0.0] ~ [-0.26, 0.4, 0.32] @arm_base_link
09:25:29 [비전] ROI 밖 책: (-0.104, -0.667, -0.341) @arm_base_link
09:25:29 [비전] ROI 밖 책: (-0.399, 0.476, 0.222) @arm_base_link
09:25:29 [비전] ROI 밖 책 2권 제외 (남은 0권). ROI [-0.4, -0.2, 0.0] ~ [-0.26, 0.4, 0.32] @arm_base_link
09:25:29 [비전] ROI 밖 책: (-0.104, -0.667, -0.341) @arm_base_link
09:25:29 [비전] ROI 밖 책: (-0.399, 0.476, 0.224) @arm_base_link
09:25:29 [비전] ROI 밖 책 2권 제외 (남은 0권). ROI [-0.4, -0.2, 0.0] ~ [-0.26, 0.4, 0.32] @arm_base_link
09:25:30 [비전] ROI 밖 책: (-0.104, -0.667, -0.341) @arm_base_link
09:25:30 [비전] ROI 밖 책: (-0.396, 0.475, 0.224) @arm_base_link
09:25:30 [비전] ROI 밖 책 2권 제외 (남은 0권). ROI [-0.4, -0.2, 0.0] ~ [-0.26, 0.4, 0.32] @arm_base_link
09:25:30 [비전] ROI 밖 책: (-0.104, -0.667, -0.341) @arm_base_link
09:25:30 [비전] ROI 밖 책: (-0.398, 0.476, 0.222) @arm_base_link
09:25:30 [비전] ROI 밖 책 2권 제외 (남은 0권). ROI [-0.4, -0.2, 0.0] ~ [-0.26, 0.4, 0.32] @arm_base_link
09:25:31 [비전] ROI 밖 책: (-0.111, -0.667, -0.341) @arm_base_link
09:25:31 [비전] ROI 밖 책: (-0.399, 0.476, 0.222) @arm_base_link
09:25:31 [비전] ROI 밖 책 2권 제외 (남은 0권). ROI [-0.4, -0.2, 0.0] ~ [-0.26, 0.4, 0.32] @arm_base_link
09:25:31 [비전] ROI 밖 책: (-0.107, -0.667, -0.341) @arm_base_link
09:25:31 [비전] ROI 밖 책: (-0.398, 0.476, 0.222) @arm_base_link
09:25:31 [비전] ROI 밖 책 2권 제외 (남은 0권). ROI [-0.4, -0.2, 0.0] ~ [-0.26, 0.4, 0.32] @arm_base_link
09:25:32 [비전] ROI 밖 책: (-0.104, -0.670, -0.341) @arm_base_link
09:25:32 [비전] ROI 밖 책: (-0.396, 0.475, 0.224) @arm_base_link
09:25:32 [비전] ROI 밖 책 2권 제외 (남은 0권). ROI [-0.4, -0.2, 0.0] ~ [-0.26, 0.4, 0.32] @arm_base_link
09:25:32 [비전] ROI 밖 책: (-0.104, -0.667, -0.341) @arm_base_link
09:25:32 [비전] ROI 밖 책: (-0.398, 0.476, 0.222) @arm_base_link
09:25:32 [비전] ROI 밖 책 2권 제외 (남은 0권). ROI [-0.4, -0.2, 0.0] ~ [-0.26, 0.4, 0.32] @arm_base_link
09:25:33 [비전] ROI 밖 책: (-0.104, -0.670, -0.341) @arm_base_link
09:25:33 [비전] ROI 밖 책: (-0.399, 0.476, 0.222) @arm_base_link
09:25:33 [비전] ROI 밖 책 2권 제외 (남은 0권). ROI [-0.4, -0.2, 0.0] ~ [-0.26, 0.4, 0.32] @arm_base_link
09:25:33 [비전] ROI 밖 책: (-0.107, -0.670, -0.341) @arm_base_link
09:25:33 [비전] ROI 밖 책: (-0.399, 0.476, 0.224) @arm_base_link
09:25:33 [비전] ROI 밖 책 2권 제외 (남은 0권). ROI [-0.4, -0.2, 0.0] ~ [-0.26, 0.4, 0.32] @arm_base_link
09:25:34 [비전] ROI 밖 책: (-0.104, -0.673, -0.341) @arm_base_link
09:25:34 [비전] ROI 밖 책: (-0.396, 0.475, 0.224) @arm_base_link
09:25:34 [비전] ROI 밖 책 2권 제외 (남은 0권). ROI [-0.4, -0.2, 0.0] ~ [-0.26, 0.4, 0.32] @arm_base_link
09:25:34 [비전] ROI 밖 책: (-0.101, -0.673, -0.341) @arm_base_link
09:25:34 [비전] ROI 밖 책: (-0.396, 0.475, 0.224) @arm_base_link
09:25:34 [비전] ROI 밖 책 2권 제외 (남은 0권). ROI [-0.4, -0.2, 0.0] ~ [-0.26, 0.4, 0.32] @arm_base_link
09:25:35 [비전] ROI 밖 책: (-0.104, -0.667, -0.341) @arm_base_link
09:25:35 [비전] ROI 밖 책: (-0.396, 0.476, 0.225) @arm_base_link
09:25:35 [비전] ROI 밖 책 2권 제외 (남은 0권). ROI [-0.4, -0.2, 0.0] ~ [-0.26, 0.4, 0.32] @arm_base_link
09:25:35 [비전] ROI 밖 책: (-0.104, -0.667, -0.341) @arm_base_link
09:25:35 [비전] ROI 밖 책: (-0.399, 0.476, 0.222) @arm_base_link
09:25:35 [비전] ROI 밖 책 2권 제외 (남은 0권). ROI [-0.4, -0.2, 0.0] ~ [-0.26, 0.4, 0.32] @arm_base_link
09:25:36 [비전] ROI 밖 책: (-0.104, -0.673, -0.341) @arm_base_link
09:25:36 [비전] ROI 밖 책: (-0.396, 0.475, 0.224) @arm_base_link
09:25:36 [비전] ROI 밖 책 2권 제외 (남은 0권). ROI [-0.4, -0.2, 0.0] ~ [-0.26, 0.4, 0.32] @arm_base_link
09:25:36 [비전] ROI 밖 책: (-0.107, -0.667, -0.341) @arm_base_link
09:25:36 [비전] ROI 밖 책: (-0.396, 0.475, 0.224) @arm_base_link
09:25:36 [비전] ROI 밖 책 2권 제외 (남은 0권). ROI [-0.4, -0.2, 0.0] ~ [-0.26, 0.4, 0.32] @arm_base_link
09:25:37 [비전] ROI 밖 책: (-0.107, -0.670, -0.341) @arm_base_link
09:25:37 [비전] ROI 밖 책: (-0.396, 0.475, 0.224) @arm_base_link
09:25:37 [비전] ROI 밖 책 2권 제외 (남은 0권). ROI [-0.4, -0.2, 0.0] ~ [-0.26, 0.4, 0.32] @arm_base_link
09:25:37 [비전] ROI 밖 책: (-0.104, -0.673, -0.341) @arm_base_link
09:25:37 [비전] ROI 밖 책: (-0.398, 0.476, 0.222) @arm_base_link
09:25:37 [비전] ROI 밖 책 2권 제외 (남은 0권). ROI [-0.4, -0.2, 0.0] ~ [-0.26, 0.4, 0.32] @arm_base_link
09:25:38 [비전] ROI 밖 책: (-0.107, -0.670, -0.341) @arm_base_link
09:25:38 [비전] ROI 밖 책: (-0.396, 0.475, 0.224) @arm_base_link
09:25:38 [비전] ROI 밖 책 2권 제외 (남은 0권). ROI [-0.4, -0.2, 0.0] ~ [-0.26, 0.4, 0.32] @arm_base_link
09:25:38 [비전] ROI 밖 책: (-0.104, -0.667, -0.341) @arm_base_link
09:25:38 [비전] ROI 밖 책: (-0.396, 0.475, 0.224) @arm_base_link
09:25:38 [비전] ROI 밖 책 2권 제외 (남은 0권). ROI [-0.4, -0.2, 0.0] ~ [-0.26, 0.4, 0.32] @arm_base_link
09:25:39 [비전] ROI 밖 책: (-0.107, -0.670, -0.341) @arm_base_link
09:25:39 [비전] ROI 밖 책: (-0.396, 0.475, 0.224) @arm_base_link
09:25:39 [비전] ROI 밖 책 2권 제외 (남은 0권). ROI [-0.4, -0.2, 0.0] ~ [-0.26, 0.4, 0.32] @arm_base_link
09:25:39 [비전] ROI 밖 책: (-0.104, -0.673, -0.341) @arm_base_link
09:25:39 [비전] ROI 밖 책: (-0.396, 0.475, 0.224) @arm_base_link
09:25:39 [비전] ROI 밖 책 2권 제외 (남은 0권). ROI [-0.4, -0.2, 0.0] ~ [-0.26, 0.4, 0.32] @arm_base_link
09:25:40 [비전] ROI 밖 책: (-0.101, -0.676, -0.341) @arm_base_link
09:25:40 [비전] ROI 밖 책: (-0.396, 0.475, 0.224) @arm_base_link
09:25:40 [비전] ROI 밖 책: (-0.311, 0.484, 0.216) @arm_base_link
09:25:40 [비전] ROI 밖 책 3권 제외 (남은 0권). ROI [-0.4, -0.2, 0.0] ~ [-0.26, 0.4, 0.32] @arm_base_link
09:25:40 [비전] ROI 밖 책: (-0.104, -0.673, -0.341) @arm_base_link
09:25:40 [비전] ROI 밖 책: (-0.396, 0.475, 0.224) @arm_base_link
09:25:40 [비전] ROI 밖 책 2권 제외 (남은 0권). ROI [-0.4, -0.2, 0.0] ~ [-0.26, 0.4, 0.32] @arm_base_link
09:25:41 [비전] ROI 밖 책: (-0.120, -0.667, -0.341) @arm_base_link
09:25:41 [비전] ROI 밖 책: (-0.396, 0.475, 0.224) @arm_base_link
09:25:41 [비전] ROI 밖 책 2권 제외 (남은 0권). ROI [-0.4, -0.2, 0.0] ~ [-0.26, 0.4, 0.32] @arm_base_link
09:25:41 [비전] ROI 밖 책: (-0.111, -0.670, -0.341) @arm_base_link
09:25:41 [비전] ROI 밖 책: (-0.396, 0.475, 0.224) @arm_base_link
09:25:41 [비전] ROI 밖 책 2권 제외 (남은 0권). ROI [-0.4, -0.2, 0.0] ~ [-0.26, 0.4, 0.32] @arm_base_link
09:25:42 [비전] ROI 밖 책: (-0.104, -0.673, -0.341) @arm_base_link
09:25:42 [비전] ROI 밖 책: (-0.396, 0.476, 0.225) @arm_base_link
09:25:42 [비전] ROI 밖 책 2권 제외 (남은 1권). ROI [-0.4, -0.2, 0.0] ~ [-0.26, 0.4, 0.32] @arm_base_link
09:25:42 [비전] Book picked(best): xyz=(-0.366, -0.182, 0.186), center=(144, 309), conf=0.56, depth=patch, yaw=0.000 rad (후보 1권)
09:25:42 [조작] 책 좌표 정함 (-0.3551, -0.1812, +0.1853) — 관측 2개 · 책 1권 · 고른 책 2개 (x 흔들림 21 mm) → 축마다 중앙값
09:25:42 [조작] 작업 job_d756a16c3c85 book=book_002 트레이 칸 3 파지 [-0.3551254341318747, -0.18116571700596285, 0.1094496672084061] (vision) → (-0.35, 0.5438500024676323, 0.8839) 삽입 속도 0.030 m/s
09:26:06 [시뮬] [JUDGE] 손 안 어긋남(406) **판별불가** — 키네마틱 파지는 매 스텝 책을 손에 맞춰 다시 써 넣는다. 이 신호는 마찰 파지(SIM_GRASP_KINEMATIC=0)에서만 의미가 있다
09:26:13 [시뮬] [JUDGE] rise=16.9cm(ok) width=15.1mm = 지령 15.1mm (책 반두께 19.1) → **판별불가** [키네마틱 파지라 빈손이어도 같은 값이 나온다]
09:28:02 [FSM] FSM transition completed: PLACE_BOOK -> UPDATE_DATA
09:28:02 [FSM] FSM transition completed: UPDATE_DATA -> NEXT_BOOK
09:28:02 [FSM] FSM transition completed: NEXT_BOOK -> RETURN_HOME
09:28:02 [조작] PlaceBook 성공 job=job_d756a16c3c85 code=0(OK) phase= 배치 확인
09:28:02 [시뮬] [JUDGE] width_hold=판별불가[키네마틱] (15.1 → 최소 15.1 mm, 한쪽 기준)
09:28:02 [시뮬] 작업 job_d756a16c3c85 SUCCEEDED {'phase': 'verify', 'message': '배치 확인', 'placement_verified': True, 'checks': {'upright': True, 'depth': True, 'spine': True, 'x': True, 'floor': True, 'skew': True, 'no_jam': True}, 'fallen
09:28:13 [시뮬] [주행] 회전 끝 — **실측** yaw +90.00° (목표 +90.00°)
09:28:15 [FSM] Navigation succeeded: Navigation completed.
09:28:15 [FSM] FSM transition completed: RETURN_HOME -> COMPLETED
09:28:15 [FSM] FSM transition completed: COMPLETED -> IDLE
09:28:15 [시뮬] [주행] 도착 (+4.986, -5.607)
10:01:07 [조작] PlaceBook /place_book executor=sim profile=default tray_slots=6 status=/robot/status perception_bridge=True
10:01:07 [시뮬] 관측 자세 손목(관절 7) -59.2° → +30.8° 로 돌림 [SIM_HOME_J7_DEG=+90] (홈은 그대로)
10:01:07 [시뮬] 관측 자세 이동 [0.0, 0.0, 0.1] m: 손 [-0.389, 0.079, 0.573] → [-0.389, 0.079, 0.673], 관절 [2.811, -0.514, 0.102, -2.213, 0.051, 1.701, 0.538] → [2.094, -0.576, 0.563, -1.891, 0.3, 1.397, 0.278] (한계 여유 0.873) [SIM_HOME_SHIFT] (홈은
10:01:33 [FSM] FSM transition completed: PLANNING -> NAV_TO_RETURN
10:01:33 [FSM] Navigation succeeded: Navigation waypoint is already satisfied in simulation.
10:01:33 [FSM] FSM transition completed: NAV_TO_RETURN -> RECEIVE_TRAY
10:01:33 [FSM] FSM transition completed: RECEIVE_TRAY -> SELECT_BOOK
10:01:33 [FSM] FSM transition completed: SELECT_BOOK -> NAV_TO_SHELF
10:02:13 [시뮬] [주행] 도착 (-0.548, +1.225)
10:02:17 [시뮬] [주행] 회전 끝 — **실측** yaw +0.00° (목표 +0.00°)
10:02:18 [FSM] Navigation succeeded: Navigation completed.
10:02:18 [FSM] FSM transition completed: NAV_TO_SHELF -> DETECT_TARGET_SLOT
10:02:18 [조작] 베이스 회전 명령 전송 (목표 yaw +0°, 서가 거리 0.444)
10:02:18 [시뮬] [주행] 도착 (-0.548, +1.225)
10:02:18 [시뮬] 서가 앞면 0.443 m → 목표 0.444 m (앞뒤 -0.001), 서가 중심 팔기준 x -0.417 → 옆으로 -0.417: 차체를 0.417 m 옮긴다
10:02:23 [조작] 베이스 회전 완료
10:02:23 [시뮬] 서가 앞면 실측 0.444 m (목표 0.444), 서가 x 범위 팔기준 -0.71~+0.71
10:02:23 [시뮬] [스윕] 시작 자세 q=[2.811, -0.514, 0.102, -2.213, 0.051, 1.701, -1.033]
10:02:24 [시뮬] [스윕] 판 1.042 (팔기준 z 0.712, 앞면 0.444) 정지점 5/5 여유 0.171 rad 최대변화 0.06 길이 3.95
10:02:24 [시뮬] [스윕] 판 0.498 (팔기준 z 0.168, 앞면 0.444) 정지점 5/5 여유 0.225 rad 최대변화 0.05 길이 2.52
10:02:24 [시뮬] 스윕 시작: 판 [1.042, 0.498], 정지점 10개, 정지 1.2s
10:02:24 [시뮬] [판목록] 레벨 실측 [0.4976, 1.0417, 1.5812, 2.0582, 2.52] · 쓰는 값 [0.497, 0.498, 1.042] · 차이 [-0.3, -0.4, +0.6] mm  (그림자 — 판단은 상수 그대로)
10:02:34 [비전] ROI 밖 책: (0.064, 0.574, 0.394) @arm_base_link
10:02:34 [비전] ROI 밖 책: (0.023, 0.574, 0.394) @arm_base_link
10:02:34 [비전] ROI 밖 책: (-0.073, 0.546, 0.397) @arm_base_link
10:02:34 [비전] ROI 밖 책: (-0.203, 0.534, 0.403) @arm_base_link
10:02:34 [비전] ROI 밖 책: (-0.625, 0.536, 0.833) @arm_base_link
10:02:34 [비전] ROI 밖 책: (-0.044, 0.530, 0.394) @arm_base_link
10:02:34 [비전] ROI 밖 책: (-0.229, 0.522, 0.362) @arm_base_link
10:02:34 [비전] ROI 밖 책: (0.087, 0.548, 0.394) @arm_base_link
10:02:34 [비전] ROI 밖 책 8권 제외 (남은 0권). ROI [-0.4, -0.2, 0.0] ~ [-0.26, 0.4, 0.32] @arm_base_link
10:02:34 [비전] Empty center pixel=(276, 259), shelf_front_z=1.528m; Depth L/C/R=0.432/6.085/2.624m; center-left=5.653m, center-right=3.461m; contrast=PASS
10:02:34 [비전] Empty shelf target: xyz=(-0.562, 1.650, 0.916)
10:02:34 [비전] ROI 밖 책: (0.064, 0.576, 0.394) @arm_base_link
10:02:34 [비전] ROI 밖 책: (0.024, 0.576, 0.395) @arm_base_link
10:02:34 [비전] ROI 밖 책: (-0.625, 0.536, 0.832) @arm_base_link
10:02:34 [비전] ROI 밖 책: (0.105, 0.575, 0.395) @arm_base_link
10:02:34 [비전] ROI 밖 책: (0.147, 0.578, 0.394) @arm_base_link
10:02:34 [비전] ROI 밖 책: (-0.014, 0.577, 0.394) @arm_base_link
10:02:34 [비전] ROI 밖 책: (-0.075, 0.535, 0.395) @arm_base_link
10:02:34 [비전] ROI 밖 책: (-0.195, 0.521, 0.361) @arm_base_link
10:02:34 [비전] ROI 밖 책: (-0.037, 0.538, 0.394) @arm_base_link
10:02:34 [비전] ROI 밖 책 9권 제외 (남은 0권). ROI [-0.4, -0.2, 0.0] ~ [-0.26, 0.4, 0.32] @arm_base_link
10:02:34 [비전] Empty center pixel=(267, 260), shelf_front_z=1.552m; Depth L/C/R=0.481/6.098/2.623m; center-left=5.617m, center-right=3.475m; contrast=PASS
10:02:34 [비전] Empty shelf target: xyz=(-0.584, 1.674, 0.913)
10:02:36 [비전] ROI 밖 책: (0.487, 0.577, 0.394) @arm_base_link
10:02:36 [비전] ROI 밖 책: (0.333, 0.553, 0.373) @arm_base_link
10:02:36 [비전] ROI 밖 책: (0.369, 0.537, 0.395) @arm_base_link
10:02:36 [비전] ROI 밖 책: (0.420, 0.553, 0.395) @arm_base_link
10:02:36 [비전] ROI 밖 책: (0.195, 0.579, 0.399) @arm_base_link
10:02:36 [비전] ROI 밖 책: (0.134, 0.555, 0.392) @arm_base_link
10:02:36 [비전] ROI 밖 책: (-0.251, 0.523, 0.351) @arm_base_link
10:02:36 [비전] ROI 밖 책: (-0.048, 0.568, 0.393) @arm_base_link
10:02:36 [비전] ROI 밖 책: (0.178, 0.533, 0.397) @arm_base_link
10:02:36 [비전] ROI 밖 책 9권 제외 (남은 0권). ROI [-0.4, -0.2, 0.0] ~ [-0.26, 0.4, 0.32] @arm_base_link
10:02:38 [비전] ROI 밖 책: (0.496, 0.571, 0.394) @arm_base_link
10:02:38 [비전] ROI 밖 책: (0.335, 0.536, 0.388) @arm_base_link
10:02:38 [비전] ROI 밖 책: (0.414, 0.533, 0.395) @arm_base_link
10:02:38 [비전] ROI 밖 책: (0.374, 0.536, 0.396) @arm_base_link
10:02:38 [비전] ROI 밖 책: (0.465, 0.576, 0.394) @arm_base_link
10:02:38 [비전] ROI 밖 책: (0.436, 0.575, 0.395) @arm_base_link
10:02:38 [비전] ROI 밖 책: (0.181, 0.633, 0.397) @arm_base_link
10:02:38 [비전] ROI 밖 책: (0.471, 0.535, 0.394) @arm_base_link
10:02:38 [비전] ROI 밖 책: (-0.022, 0.580, 0.392) @arm_base_link
10:02:38 [비전] ROI 밖 책 9권 제외 (남은 0권). ROI [-0.4, -0.2, 0.0] ~ [-0.26, 0.4, 0.32] @arm_base_link
10:02:40 [비전] ROI 밖 책: (0.428, 0.580, 0.394) @arm_base_link
10:02:40 [비전] ROI 밖 책: (-0.032, 0.578, 0.392) @arm_base_link
10:02:40 [비전] ROI 밖 책: (0.590, 0.620, 0.395) @arm_base_link
10:02:40 [비전] ROI 밖 책: (0.052, 0.576, 0.394) @arm_base_link
10:02:40 [비전] ROI 밖 책: (0.606, 0.583, 0.397) @arm_base_link
10:02:40 [비전] ROI 밖 책: (0.210, 0.536, 0.829) @arm_base_link
10:02:40 [비전] ROI 밖 책: (0.504, 0.606, 0.394) @arm_base_link
10:02:40 [비전] ROI 밖 책: (0.012, 0.575, 0.395) @arm_base_link
10:02:40 [비전] ROI 밖 책: (0.386, 0.537, 0.396) @arm_base_link
10:02:40 [비전] ROI 밖 책: (0.494, 0.553, 0.393) @arm_base_link
10:02:40 [비전] ROI 밖 책: (0.386, 0.569, 0.395) @arm_base_link
10:02:40 [비전] ROI 밖 책 11권 제외 (남은 0권). ROI [-0.4, -0.2, 0.0] ~ [-0.26, 0.4, 0.32] @arm_base_link
10:02:40 [비전] Empty center pixel=(287, 550), shelf_front_z=0.619m; Depth L/C/R=0.679/1.387/0.558m; center-left=0.707m, center-right=0.829m; contrast=PASS
10:02:40 [비전] Empty shelf target: xyz=(0.283, 0.625, 0.343)
10:02:45 [비전] ROI 밖 책: (-1.030, 0.182, -0.342) @arm_base_link
10:02:45 [비전] ROI 밖 책: (0.128, 0.509, 0.339) @arm_base_link
10:02:45 [비전] ROI 밖 책 2권 제외 (남은 1권). ROI [-0.4, -0.2, 0.0] ~ [-0.26, 0.4, 0.32] @arm_base_link
10:02:45 [비전] Book picked(best): xyz=(-0.367, -0.019, 0.215), center=(307, 593), conf=0.86, depth=patch, yaw=0.000 rad (후보 1권)
10:02:45 [비전] Empty center pixel=(158, 341), shelf_front_z=0.842m; Depth L/C/R=0.916/1.058/0.768m; center-left=0.141m, center-right=0.289m; contrast=PASS
10:02:45 [비전] Empty shelf target: xyz=(-0.780, 0.503, 0.165)
10:02:47 [비전] ROI 밖 책: (-0.712, 0.091, -0.001) @arm_base_link
10:02:47 [비전] ROI 밖 책: (0.133, 0.511, 0.340) @arm_base_link
10:02:47 [비전] ROI 밖 책: (0.170, 0.512, 0.342) @arm_base_link
10:02:47 [비전] ROI 밖 책 3권 제외 (남은 2권). ROI [-0.4, -0.2, 0.0] ~ [-0.26, 0.4, 0.32] @arm_base_link
10:02:47 [비전] Book picked(best): xyz=(-0.360, -0.018, 0.216), center=(178, 592), conf=0.90, depth=patch, yaw=0.000 rad (후보 2권)
10:02:47 [비전] Empty center pixel=(97, 358), shelf_front_z=0.860m; Depth L/C/R=0.913/1.015/0.808m; center-left=0.102m, center-right=0.207m; contrast=PASS
10:02:47 [비전] Empty shelf target: xyz=(-0.781, 0.486, 0.117)
10:02:49 [비전] ROI 밖 책: (0.562, 0.185, -0.341) @arm_base_link
10:02:49 [비전] ROI 밖 책: (-0.427, 0.033, 0.156) @arm_base_link
10:02:49 [비전] ROI 밖 책: (0.176, 0.512, 0.339) @arm_base_link
10:02:49 [비전] ROI 밖 책 3권 제외 (남은 1권). ROI [-0.4, -0.2, 0.0] ~ [-0.26, 0.4, 0.32] @arm_base_link
10:02:49 [비전] Book picked(best): xyz=(-0.308, -0.026, 0.194), center=(87, 603), conf=0.93, depth=patch, yaw=0.000 rad (후보 1권)
10:02:49 [비전] Empty center pixel=(432, 275), shelf_front_z=0.734m; Depth L/C/R=0.720/2.025/0.749m; center-left=1.305m, center-right=1.277m; contrast=PASS
10:02:49 [비전] Empty shelf target: xyz=(0.259, 0.523, 0.356)
10:02:51 [비전] ROI 밖 책: (0.592, 0.181, -0.341) @arm_base_link
10:02:51 [비전] ROI 밖 책 1권 제외 (남은 0권). ROI [-0.4, -0.2, 0.0] ~ [-0.26, 0.4, 0.32] @arm_base_link
10:02:51 [비전] Empty center pixel=(360, 275), shelf_front_z=0.719m; Depth L/C/R=0.699/2.034/0.738m; center-left=1.335m, center-right=1.297m; contrast=PASS
10:02:51 [비전] Empty shelf target: xyz=(0.262, 0.510, 0.365)
10:02:53 [비전] ROI 밖 책: (0.666, 0.183, -0.342) @arm_base_link
10:02:53 [비전] ROI 밖 책: (0.488, 0.522, 0.362) @arm_base_link
10:02:53 [비전] ROI 밖 책 2권 제외 (남은 0권). ROI [-0.4, -0.2, 0.0] ~ [-0.26, 0.4, 0.32] @arm_base_link
10:02:53 [비전] Empty center pixel=(296, 273), shelf_front_z=0.745m; Depth L/C/R=0.776/2.053/0.713m; center-left=1.277m, center-right=1.340m; contrast=PASS
10:02:53 [비전] Empty shelf target: xyz=(0.287, 0.535, 0.354)
10:03:00 [FSM] Empty slot detected: frame_id=arm_base_link, x=-0.350, y=0.544, z=0.340, confidence=1.00, candidate_count=8
10:03:00 [FSM] FSM transition completed: DETECT_TARGET_SLOT -> PLACE_BOOK
10:03:00 [FSM] Book-placement goal was accepted.
10:03:00 [조작] 빈칸 관측 버림 (서가 밖): (-0.780, 0.503, 0.165) 서가 x -0.66~0.66 y 0.41~0.80 z -0.33~2.19
10:03:00 [조작] 빈칸 관측 버림 (서가 밖): (-0.781, 0.486, 0.117) 서가 x -0.66~0.66 y 0.41~0.80 z -0.33~2.19
10:03:00 [조작] 빈칸 선택: 책 사이 틈 관측 (0.273, 0.523, 0.356) → 칸 중심 y 0.544, z 0.340 (판 높이로 스냅); 꽂기 전 차체를 옆으로 +0.623 m 옮겨 틈을 x -0.35 에 둔다
10:03:00 [조작] 빈 슬롯 스캔 완료: (-0.35, 0.5439, 0.3399), 삽입깊이 0.300m
10:03:00 [조작] 베이스 회전 명령 전송 (목표 yaw +0°, 서가 거리 0.444)
10:03:00 [시뮬] 작업 job_ab1c0c5031fc:scan SUCCEEDED {'phase': 'scan_done', 'message': '서가 스캔 완료', 'placement_verified': False, 'sim_steps': 2039, 'render_steps': 2039} (36.4s)
10:03:01 [시뮬] 서가 앞면 0.444 m → 목표 0.444 m (앞뒤 +0.000), 서가 중심 팔기준 x +0.623 → 옆으로 +0.623: 차체를 0.623 m 옮긴다
10:03:09 [비전] ROI 밖 책: (-0.123, -0.679, -0.341) @arm_base_link
10:03:09 [비전] ROI 밖 책: (-0.232, 0.505, 0.206) @arm_base_link
10:03:09 [비전] ROI 밖 책: (0.485, 0.258, -0.341) @arm_base_link
10:03:09 [비전] ROI 밖 책: (-0.531, 0.505, 0.207) @arm_base_link
10:03:09 [비전] ROI 밖 책 4권 제외 (남은 3권). ROI [-0.4, -0.2, 0.0] ~ [-0.26, 0.4, 0.32] @arm_base_link
10:03:09 [비전] Book picked(best): xyz=(-0.357, -0.002, 0.212), center=(262, 314), conf=0.86, depth=patch, yaw=0.000 rad (후보 3권)
10:03:09 [조작] 베이스 회전 완료
10:03:09 [시뮬] 서가 앞면 실측 0.444 m (목표 0.444), 서가 x 범위 팔기준 -1.33~+0.08
10:03:10 [비전] ROI 밖 책: (-0.126, -0.673, -0.341) @arm_base_link
10:03:10 [비전] ROI 밖 책: (-0.232, 0.505, 0.206) @arm_base_link
10:03:10 [비전] ROI 밖 책: (0.485, 0.264, -0.341) @arm_base_link
10:03:10 [비전] ROI 밖 책: (-0.450, 0.153, 0.211) @arm_base_link
10:03:10 [비전] ROI 밖 책: (-0.532, 0.505, 0.208) @arm_base_link
10:03:10 [비전] ROI 밖 책 5권 제외 (남은 2권). ROI [-0.4, -0.2, 0.0] ~ [-0.26, 0.4, 0.32] @arm_base_link
10:03:10 [비전] Book picked(best): xyz=(-0.362, -0.003, 0.212), center=(261, 311), conf=0.88, depth=patch, yaw=0.000 rad (후보 2권)
10:03:10 [조작] 책 좌표 정함 (-0.3596, -0.0023, +0.2118) — 관측 2개 · 책 1권 · 고른 책 2개 (x 흔들림 4 mm) → 축마다 중앙값
10:03:10 [조작] 작업 job_ab1c0c5031fc book=book_003 트레이 칸 0 파지 [-0.35955646997194113, -0.0022814553043534955, 0.13592701022170686] (vision) → (-0.35, 0.5438500024676323, 0.3399) 삽입 속도 0.030 m/s
10:03:26 [시뮬] [JUDGE] 손 안 어긋남(406) **판별불가** — 키네마틱 파지는 매 스텝 책을 손에 맞춰 다시 써 넣는다. 이 신호는 마찰 파지(SIM_GRASP_KINEMATIC=0)에서만 의미가 있다
10:03:34 [시뮬] [JUDGE] rise=16.9cm(ok) width=13.6mm = 지령 13.6mm (책 반두께 17.6) → **판별불가** [키네마틱 파지라 빈손이어도 같은 값이 나온다]
10:05:31 [FSM] FSM transition completed: PLACE_BOOK -> UPDATE_DATA
10:05:31 [FSM] FSM transition completed: UPDATE_DATA -> NEXT_BOOK
10:05:31 [FSM] FSM transition completed: NEXT_BOOK -> SELECT_BOOK
10:05:31 [FSM] FSM transition completed: SELECT_BOOK -> NAV_TO_SHELF
10:05:31 [FSM] Navigation succeeded: Navigation waypoint is already satisfied in simulation.
10:05:31 [FSM] FSM transition completed: NAV_TO_SHELF -> DETECT_TARGET_SLOT
10:05:31 [조작] PlaceBook 성공 job=job_ab1c0c5031fc code=0(OK) phase= 배치 확인
10:05:31 [조작] 베이스 회전 명령 전송 (목표 yaw +0°, 서가 거리 0.444)
10:05:31 [시뮬] [JUDGE] width_hold=판별불가[키네마틱] (13.6 → 최소 13.6 mm, 한쪽 기준)
10:05:31 [시뮬] 작업 job_ab1c0c5031fc SUCCEEDED {'phase': 'verify', 'message': '배치 확인', 'placement_verified': True, 'checks': {'upright': True, 'depth': True, 'spine': True, 'x': True, 'floor': True, 'skew': True, 'no_jam': True}, 'fallen
10:05:31 [시뮬] 서가 앞면 0.444 m → 목표 0.444 m (앞뒤 +0.000), 서가 중심 팔기준 x -0.623 → 옆으로 -0.623: 차체를 0.623 m 옮긴다
10:05:37 [조작] 베이스 회전 완료
10:05:37 [시뮬] 서가 앞면 실측 0.444 m (목표 0.444), 서가 x 범위 팔기준 -0.71~+0.71
10:05:38 [시뮬] [재측정] 스윕 없이 빈칸만 다시 재고 관측 자세로 돌아간다 — 서가 /World/bookshelves_main/shelf_brown__book_shelf_01 · 판 [1.042, 0.498] · 빈칸 4개 · 관측 자세까지 Δ최대 1.311 rad
10:05:44 [FSM] Empty slot detected: frame_id=arm_base_link, x=-0.350, y=0.544, z=0.884, confidence=1.00, candidate_count=8
10:05:44 [FSM] FSM transition completed: DETECT_TARGET_SLOT -> PLACE_BOOK
10:05:44 [FSM] Book-placement goal was accepted.
10:05:44 [조작] 빈칸 관측 버림 (서가 밖): (-0.780, 0.503, 0.165) 서가 x -0.66~0.66 y 0.41~0.80 z -0.33~2.19
10:05:44 [조작] 빈칸 관측 버림 (서가 밖): (-0.781, 0.486, 0.117) 서가 x -0.66~0.66 y 0.41~0.80 z -0.33~2.19
10:05:44 [조작] 빈칸 선택: 책 사이 틈 관측 (-0.401, 0.523, 0.356) → 칸 중심 y 0.544, z 0.884 (판 높이로 스냅); 꽂기 전 차체를 옆으로 -0.051 m 옮겨 틈을 x -0.35 에 둔다
10:05:44 [조작] 빈 슬롯 스캔 완료: (-0.35, 0.5439, 0.8839), 삽입깊이 0.300m
10:05:44 [조작] 베이스 회전 명령 전송 (목표 yaw +0°, 서가 거리 0.444)
10:05:44 [시뮬] 작업 job_ab1c0c5031fc:scan SUCCEEDED {'phase': 'scan_done', 'message': '서가 스캔 완료', 'placement_verified': False, 'sim_steps': 324, 'render_steps': 324} (6.1s)
10:05:44 [시뮬] 서가 앞면 0.444 m → 목표 0.444 m (앞뒤 -0.000), 서가 중심 팔기준 x -0.051 → 옆으로 -0.051: 차체를 0.051 m 옮긴다
10:05:45 [비전] ROI 밖 책: (-0.101, -0.711, -0.341) @arm_base_link
10:05:45 [비전] ROI 밖 책: (0.482, 0.230, -0.341) @arm_base_link
10:05:45 [비전] ROI 밖 책 2권 제외 (남은 1권). ROI [-0.4, -0.2, 0.0] ~ [-0.26, 0.4, 0.32] @arm_base_link
10:05:45 [비전] Book picked(best): xyz=(-0.342, -0.104, 0.212), center=(189, 325), conf=0.70, depth=patch, yaw=0.000 rad (후보 1권)
10:05:45 [비전] ROI 밖 책: (-0.104, -0.705, -0.341) @arm_base_link
10:05:45 [비전] ROI 밖 책 1권 제외 (남은 1권). ROI [-0.4, -0.2, 0.0] ~ [-0.26, 0.4, 0.32] @arm_base_link
10:05:45 [비전] Book picked(best): xyz=(-0.348, -0.104, 0.212), center=(189, 321), conf=0.66, depth=patch, yaw=0.000 rad (후보 1권)
10:05:45 [조작] 베이스 회전 완료
10:05:45 [조작] 책 좌표 정함 (-0.3449, -0.1039, +0.2122) — 관측 2개 · 책 1권 · 고른 책 2개 (x 흔들림 6 mm) → 축마다 중앙값
10:05:45 [조작] 작업 job_ab1c0c5031fc book=book_004 트레이 칸 1 파지 [-0.34490792023229455, -0.1038643771224042, 0.13634490775195832] (vision) → (-0.35, 0.5438500024676323, 0.8839) 삽입 속도 0.030 m/s
10:05:45 [시뮬] 서가 앞면 실측 0.444 m (목표 0.444), 서가 x 범위 팔기준 -0.66~+0.76
10:06:04 [시뮬] [JUDGE] 손 안 어긋남(406) **판별불가** — 키네마틱 파지는 매 스텝 책을 손에 맞춰 다시 써 넣는다. 이 신호는 마찰 파지(SIM_GRASP_KINEMATIC=0)에서만 의미가 있다
10:06:11 [시뮬] [JUDGE] rise=16.9cm(ok) width=17.6mm = 지령 17.6mm (책 반두께 21.6) → **판별불가** [키네마틱 파지라 빈손이어도 같은 값이 나온다]
10:08:04 [FSM] FSM transition completed: PLACE_BOOK -> UPDATE_DATA
10:08:04 [FSM] FSM transition completed: UPDATE_DATA -> NEXT_BOOK
10:08:04 [FSM] FSM transition completed: NEXT_BOOK -> SELECT_BOOK
10:08:04 [FSM] FSM transition completed: SELECT_BOOK -> NAV_TO_SHELF
10:08:04 [조작] PlaceBook 성공 job=job_ab1c0c5031fc code=0(OK) phase= 배치 확인
10:08:04 [시뮬] [JUDGE] width_hold=판별불가[키네마틱] (17.6 → 최소 17.6 mm, 한쪽 기준)
10:08:04 [시뮬] 작업 job_ab1c0c5031fc SUCCEEDED {'phase': 'verify', 'message': '배치 확인', 'placement_verified': True, 'checks': {'upright': True, 'depth': True, 'spine': True, 'x': True, 'floor': True, 'skew': True, 'no_jam': True}, 'fallen
10:08:36 [시뮬] [주행] 도착 (+2.535, -3.019)
10:08:39 [시뮬] [주행] 회전 끝 — **실측** yaw +0.00° (목표 +0.00°)
10:08:40 [FSM] Navigation succeeded: Navigation completed.
10:08:40 [FSM] FSM transition completed: NAV_TO_SHELF -> DETECT_TARGET_SLOT
10:08:40 [조작] 베이스 회전 명령 전송 (목표 yaw +0°, 서가 거리 0.444)
10:08:40 [시뮬] [주행] 도착 (+2.535, -3.019)
10:08:40 [시뮬] 서가 앞면 0.443 m → 목표 0.444 m (앞뒤 -0.001), 서가 중심 팔기준 x -0.261 → 옆으로 -0.261: 차체를 0.261 m 옮긴다
10:08:43 [조작] 베이스 회전 완료
10:08:43 [시뮬] 서가 앞면 실측 0.444 m (목표 0.444), 서가 x 범위 팔기준 -0.71~+0.71
10:08:43 [시뮬] [재측정] 스윕 없이 빈칸만 다시 재고 관측 자세로 돌아간다 — 서가 /World/bookshelves_main/shelf_brown__book_shelf_11 · 판 [1.042, 0.498] · 빈칸 2개 · 관측 자세까지 Δ최대 1.542 rad
10:08:50 [시뮬] 작업 job_ab1c0c5031fc:scan SUCCEEDED {'phase': 'scan_done', 'message': '서가 스캔 완료', 'placement_verified': False, 'sim_steps': 377, 'render_steps': 377} (7.3s)
10:08:50 [시뮬] [스윕] 시작 자세 q=[2.0937, -0.5756, 0.5627, -1.8915, 0.2999, 1.3974, 0.2783]
10:08:50 [시뮬] [스윕] 판 1.042 (팔기준 z 0.712, 앞면 0.444) 정지점 5/5 여유 0.518 rad 최대변화 0.06 길이 2.68
10:08:50 [시뮬] [스윕] 판 0.498 (팔기준 z 0.168, 앞면 0.444) 정지점 5/5 여유 0.221 rad 최대변화 0.05 길이 2.45
10:08:50 [시뮬] 스윕 시작: 판 [1.042, 0.498], 정지점 10개, 정지 1.2s
10:08:50 [시뮬] [판목록] 레벨 실측 [0.4976, 1.0417, 1.5812, 2.0582, 2.52] · 쓰는 값 [0.497, 0.498, 1.042] · 차이 [-0.3, -0.4, +0.6] mm  (그림자 — 판단은 상수 그대로)
10:08:54 [비전] ROI 밖 책: (-0.628, 0.507, 0.831) @arm_base_link
10:08:54 [비전] ROI 밖 책 1권 제외 (남은 0권). ROI [-0.4, -0.2, 0.0] ~ [-0.26, 0.4, 0.32] @arm_base_link
10:08:54 [비전] Empty center pixel=(263, 198), shelf_front_z=2.394m; Depth L/C/R=2.393/4.410/2.396m; center-left=2.017m, center-right=2.014m; contrast=PASS
10:08:54 [비전] Empty shelf target: xyz=(-0.780, 2.612, 1.385)
10:08:57 [비전] ROI 밖 책: (0.022, 0.547, 0.396) @arm_base_link
10:08:57 [비전] ROI 밖 책: (0.237, 0.553, 0.421) @arm_base_link
10:08:57 [비전] ROI 밖 책: (0.140, 0.547, 0.394) @arm_base_link
10:08:57 [비전] ROI 밖 책: (0.305, 0.544, 0.397) @arm_base_link
10:08:57 [비전] ROI 밖 책 4권 제외 (남은 0권). ROI [-0.4, -0.2, 0.0] ~ [-0.26, 0.4, 0.32] @arm_base_link
10:08:59 [비전] ROI 밖 책: (0.470, 0.548, 0.394) @arm_base_link
10:08:59 [비전] ROI 밖 책: (0.505, 0.563, 0.394) @arm_base_link
10:08:59 [비전] ROI 밖 책: (0.430, 0.537, 0.395) @arm_base_link
10:08:59 [비전] ROI 밖 책: (0.522, 0.560, 0.396) @arm_base_link
10:08:59 [비전] ROI 밖 책: (0.261, 0.526, 0.395) @arm_base_link
10:08:59 [비전] ROI 밖 책: (0.446, 0.536, 0.394) @arm_base_link
10:08:59 [비전] ROI 밖 책: (0.449, 0.521, 0.394) @arm_base_link
10:08:59 [비전] ROI 밖 책: (0.369, 0.570, 0.395) @arm_base_link
10:08:59 [비전] ROI 밖 책: (0.097, 0.537, 0.395) @arm_base_link
10:08:59 [비전] ROI 밖 책 9권 제외 (남은 0권). ROI [-0.4, -0.2, 0.0] ~ [-0.26, 0.4, 0.32] @arm_base_link
10:08:59 [비전] Empty center pixel=(415, 288), shelf_front_z=0.447m; Depth L/C/R=0.411/10.414/0.483m; center-left=10.003m, center-right=9.930m; contrast=PASS
10:08:59 [비전] Empty shelf target: xyz=(0.134, 0.542, 0.860)
10:09:00 [비전] ROI 밖 책: (0.427, 0.538, 0.395) @arm_base_link
10:09:00 [비전] ROI 밖 책: (0.500, 0.563, 0.394) @arm_base_link
10:09:00 [비전] ROI 밖 책: (0.458, 0.547, 0.394) @arm_base_link
10:09:00 [비전] ROI 밖 책: (0.266, 0.523, 0.394) @arm_base_link
10:09:00 [비전] ROI 밖 책: (0.302, 0.524, 0.396) @arm_base_link
10:09:00 [비전] ROI 밖 책: (-0.019, 0.548, 0.394) @arm_base_link
10:09:00 [비전] ROI 밖 책: (0.377, 0.528, 0.395) @arm_base_link
10:09:00 [비전] ROI 밖 책: (0.011, 0.562, 0.395) @arm_base_link
10:09:00 [비전] ROI 밖 책: (0.544, 0.562, 0.393) @arm_base_link
10:09:00 [비전] ROI 밖 책: (0.576, 0.549, 0.394) @arm_base_link
10:09:00 [비전] ROI 밖 책: (0.339, 0.537, 0.396) @arm_base_link
10:09:00 [비전] ROI 밖 책 11권 제외 (남은 0권). ROI [-0.4, -0.2, 0.0] ~ [-0.26, 0.4, 0.32] @arm_base_link
10:09:00 [비전] Empty center pixel=(300, 296), shelf_front_z=0.521m; Depth L/C/R=0.552/2.480/0.491m; center-left=1.928m, center-right=1.990m; contrast=PASS
10:09:00 [비전] Empty shelf target: xyz=(0.142, 0.614, 0.841)
10:09:03 [비전] ROI 밖 책: (0.268, 0.522, 0.392) @arm_base_link
10:09:03 [비전] ROI 밖 책: (0.572, 0.556, 0.393) @arm_base_link
10:09:03 [비전] ROI 밖 책: (0.045, 0.551, 0.394) @arm_base_link
10:09:03 [비전] ROI 밖 책: (0.605, 0.551, 0.405) @arm_base_link
10:09:03 [비전] ROI 밖 책: (0.214, 0.536, 0.436) @arm_base_link
10:09:03 [비전] ROI 밖 책: (0.494, 0.546, 0.394) @arm_base_link
10:09:03 [비전] ROI 밖 책: (0.425, 0.539, 0.394) @arm_base_link
10:09:03 [비전] ROI 밖 책: (0.142, 0.560, 0.393) @arm_base_link
10:09:03 [비전] ROI 밖 책: (0.249, 0.522, 0.395) @arm_base_link
10:09:03 [비전] ROI 밖 책: (0.458, 0.541, 0.393) @arm_base_link
10:09:03 [비전] ROI 밖 책: (-0.131, 0.532, 0.346) @arm_base_link
10:09:03 [비전] ROI 밖 책: (0.382, 0.528, 0.396) @arm_base_link
10:09:03 [비전] ROI 밖 책: (0.541, 0.574, 0.394) @arm_base_link
10:09:03 [비전] ROI 밖 책 13권 제외 (남은 0권). ROI [-0.4, -0.2, 0.0] ~ [-0.26, 0.4, 0.32] @arm_base_link
10:09:04 [비전] Empty center pixel=(187, 290), shelf_front_z=0.453m; Depth L/C/R=0.493/2.480/0.412m; center-left=1.987m, center-right=2.068m; contrast=PASS
10:09:04 [비전] Empty shelf target: xyz=(0.152, 0.547, 0.856)
10:09:07 [비전] ROI 밖 책: (-1.018, 0.192, -0.340) @arm_base_link
10:09:07 [비전] ROI 밖 책: (0.124, 0.481, 0.343) @arm_base_link
10:09:07 [비전] ROI 밖 책: (0.166, 0.483, 0.335) @arm_base_link
10:09:07 [비전] ROI 밖 책: (0.081, 0.477, 0.345) @arm_base_link
10:09:07 [비전] ROI 밖 책 4권 제외 (남은 0권). ROI [-0.4, -0.2, 0.0] ~ [-0.26, 0.4, 0.32] @arm_base_link
10:09:07 [비전] Empty center pixel=(143, 313), shelf_front_z=0.787m; Depth L/C/R=0.871/0.991/0.703m; center-left=0.119m, center-right=0.288m; contrast=PASS
10:09:07 [비전] Empty shelf target: xyz=(-0.791, 0.515, 0.287)
10:09:09 [비전] ROI 밖 책: (0.165, 0.484, 0.342) @arm_base_link
10:09:09 [비전] ROI 밖 책: (-0.758, 0.099, -0.023) @arm_base_link
10:09:09 [비전] ROI 밖 책: (0.376, 0.475, 0.303) @arm_base_link
10:09:09 [비전] ROI 밖 책: (0.278, 0.481, 0.308) @arm_base_link
10:09:09 [비전] ROI 밖 책: (0.312, 0.477, 0.310) @arm_base_link
10:09:09 [비전] ROI 밖 책: (0.326, 0.478, 0.324) @arm_base_link
10:09:09 [비전] ROI 밖 책 6권 제외 (남은 0권). ROI [-0.4, -0.2, 0.0] ~ [-0.26, 0.4, 0.32] @arm_base_link
10:09:09 [비전] Empty center pixel=(373, 280), shelf_front_z=0.717m; Depth L/C/R=0.709/1.990/0.724m; center-left=1.281m, center-right=1.266m; contrast=PASS
10:09:09 [비전] Empty shelf target: xyz=(-0.104, 0.501, 0.358)
10:09:11 [비전] ROI 밖 책: (0.369, 0.476, 0.331) @arm_base_link
10:09:11 [비전] ROI 밖 책: (0.336, 0.479, 0.332) @arm_base_link
10:09:11 [비전] ROI 밖 책: (0.169, 0.483, 0.353) @arm_base_link
10:09:11 [비전] ROI 밖 책 3권 제외 (남은 0권). ROI [-0.4, -0.2, 0.0] ~ [-0.26, 0.4, 0.32] @arm_base_link
10:09:11 [비전] Empty center pixel=(286, 280), shelf_front_z=0.704m; Depth L/C/R=0.716/1.990/0.692m; center-left=1.274m, center-right=1.298m; contrast=PASS
10:09:11 [비전] Empty shelf target: xyz=(-0.076, 0.490, 0.364)
10:09:13 [비전] ROI 밖 책: (0.478, 0.478, 0.353) @arm_base_link
10:09:13 [비전] ROI 밖 책: (0.338, 0.479, 0.323) @arm_base_link
10:09:13 [비전] ROI 밖 책: (0.564, 0.038, -0.341) @arm_base_link
10:09:13 [비전] ROI 밖 책: (0.414, 0.481, 0.364) @arm_base_link
10:09:13 [비전] ROI 밖 책: (0.444, 0.471, 0.356) @arm_base_link
10:09:13 [비전] ROI 밖 책: (0.261, 0.486, 0.356) @arm_base_link
10:09:13 [비전] ROI 밖 책: (0.292, 0.477, 0.349) @arm_base_link
10:09:13 [비전] ROI 밖 책 7권 제외 (남은 0권). ROI [-0.4, -0.2, 0.0] ~ [-0.26, 0.4, 0.32] @arm_base_link
10:09:13 [비전] Empty center pixel=(216, 280), shelf_front_z=0.719m; Depth L/C/R=0.745/1.973/0.692m; center-left=1.229m, center-right=1.281m; contrast=PASS
10:09:13 [비전] Empty shelf target: xyz=(-0.066, 0.503, 0.356)
10:09:16 [비전] ROI 밖 책: (0.592, 0.478, 0.343) @arm_base_link
10:09:16 [비전] ROI 밖 책: (0.484, 0.481, 0.354) @arm_base_link
10:09:16 [비전] ROI 밖 책: (0.453, 0.473, 0.346) @arm_base_link
10:09:16 [비전] ROI 밖 책 3권 제외 (남은 0권). ROI [-0.4, -0.2, 0.0] ~ [-0.26, 0.4, 0.32] @arm_base_link
10:09:16 [비전] Empty center pixel=(140, 279), shelf_front_z=0.716m; Depth L/C/R=0.742/0.822/0.690m; center-left=0.080m, center-right=0.132m; contrast=PASS
10:09:16 [비전] Empty shelf target: xyz=(-0.060, 0.502, 0.359)
10:09:22 [FSM] Empty slot detected: frame_id=arm_base_link, x=-0.350, y=0.544, z=0.340, confidence=1.00, candidate_count=9
10:09:22 [FSM] FSM transition completed: DETECT_TARGET_SLOT -> PLACE_BOOK
10:09:22 [FSM] Book-placement goal was accepted.
10:09:22 [조작] 빈칸 관측 버림 (서가 밖): (-0.780, 2.612, 1.385) 서가 x -0.66~0.66 y 0.41~0.80 z -0.33~2.19
10:09:22 [조작] 빈칸 관측 버림 (서가 밖): (-0.791, 0.515, 0.287) 서가 x -0.66~0.66 y 0.41~0.80 z -0.33~2.19
10:09:22 [조작] 빈칸 선택: 책 사이 틈 관측 (-0.090, 0.502, 0.359) → 칸 중심 y 0.544, z 0.340 (판 높이로 스냅); 꽂기 전 차체를 옆으로 +0.260 m 옮겨 틈을 x -0.35 에 둔다
10:09:22 [조작] 빈 슬롯 스캔 완료: (-0.35, 0.5439, 0.3399), 삽입깊이 0.300m
10:09:22 [조작] 베이스 회전 명령 전송 (목표 yaw +0°, 서가 거리 0.444)
10:09:22 [시뮬] 작업 job_ab1c0c5031fc:scan SUCCEEDED {'phase': 'scan_done', 'message': '서가 스캔 완료', 'placement_verified': False, 'sim_steps': 1829, 'render_steps': 1829} (32.5s)
10:09:23 [시뮬] 서가 앞면 0.444 m → 목표 0.444 m (앞뒤 +0.000), 서가 중심 팔기준 x +0.260 → 옆으로 +0.260: 차체를 0.260 m 옮긴다
10:09:25 [비전] ROI 밖 책: (-0.133, -0.651, -0.341) @arm_base_link
10:09:25 [비전] ROI 밖 책: (-0.153, 0.477, 0.220) @arm_base_link
10:09:25 [비전] ROI 밖 책 2권 제외 (남은 0권). ROI [-0.4, -0.2, 0.0] ~ [-0.26, 0.4, 0.32] @arm_base_link
10:09:25 [조작] 베이스 회전 완료
10:09:25 [시뮬] 서가 앞면 실측 0.444 m (목표 0.444), 서가 x 범위 팔기준 -0.97~+0.45
10:09:26 [비전] ROI 밖 책: (-0.107, -0.679, -0.341) @arm_base_link
10:09:26 [비전] ROI 밖 책 1권 제외 (남은 0권). ROI [-0.4, -0.2, 0.0] ~ [-0.26, 0.4, 0.32] @arm_base_link
10:09:26 [비전] ROI 밖 책: (-0.111, -0.689, -0.341) @arm_base_link
10:09:26 [비전] ROI 밖 책: (-0.155, 0.477, 0.220) @arm_base_link
10:09:26 [비전] ROI 밖 책 2권 제외 (남은 0권). ROI [-0.4, -0.2, 0.0] ~ [-0.26, 0.4, 0.32] @arm_base_link
10:09:27 [비전] ROI 밖 책: (-0.114, -0.676, -0.341) @arm_base_link
10:09:27 [비전] ROI 밖 책 1권 제외 (남은 0권). ROI [-0.4, -0.2, 0.0] ~ [-0.26, 0.4, 0.32] @arm_base_link
10:09:27 [비전] ROI 밖 책: (-0.117, -0.670, -0.341) @arm_base_link
10:09:27 [비전] ROI 밖 책 1권 제외 (남은 0권). ROI [-0.4, -0.2, 0.0] ~ [-0.26, 0.4, 0.32] @arm_base_link
10:09:28 [비전] ROI 밖 책: (-0.120, -0.667, -0.341) @arm_base_link
10:09:28 [비전] ROI 밖 책 1권 제외 (남은 0권). ROI [-0.4, -0.2, 0.0] ~ [-0.26, 0.4, 0.32] @arm_base_link
10:09:28 [비전] ROI 밖 책: (-0.117, -0.667, -0.341) @arm_base_link
10:09:28 [비전] ROI 밖 책 1권 제외 (남은 0권). ROI [-0.4, -0.2, 0.0] ~ [-0.26, 0.4, 0.32] @arm_base_link
10:09:29 [비전] ROI 밖 책: (-0.117, -0.670, -0.341) @arm_base_link
10:09:29 [비전] ROI 밖 책 1권 제외 (남은 0권). ROI [-0.4, -0.2, 0.0] ~ [-0.26, 0.4, 0.32] @arm_base_link
10:09:29 [비전] ROI 밖 책: (-0.136, -0.670, -0.341) @arm_base_link
10:09:29 [비전] ROI 밖 책 1권 제외 (남은 0권). ROI [-0.4, -0.2, 0.0] ~ [-0.26, 0.4, 0.32] @arm_base_link
10:09:30 [비전] ROI 밖 책: (-0.129, -0.670, -0.341) @arm_base_link
10:09:30 [비전] ROI 밖 책 1권 제외 (남은 1권). ROI [-0.4, -0.2, 0.0] ~ [-0.26, 0.4, 0.32] @arm_base_link
10:09:30 [비전] Book picked(best): xyz=(-0.371, -0.187, 0.189), center=(139, 305), conf=0.68, depth=patch, yaw=0.000 rad (후보 1권)
10:09:30 [비전] ROI 밖 책: (-0.120, -0.673, -0.341) @arm_base_link
10:09:30 [비전] ROI 밖 책 1권 제외 (남은 0권). ROI [-0.4, -0.2, 0.0] ~ [-0.26, 0.4, 0.32] @arm_base_link
10:09:31 [비전] ROI 밖 책: (-0.114, -0.673, -0.341) @arm_base_link
10:09:31 [비전] ROI 밖 책 1권 제외 (남은 1권). ROI [-0.4, -0.2, 0.0] ~ [-0.26, 0.4, 0.32] @arm_base_link
10:09:31 [비전] Book picked(best): xyz=(-0.357, 0.158, 0.213), center=(376, 314), conf=0.61, depth=patch, yaw=0.000 rad (후보 1권)
10:09:31 [비전] ROI 밖 책: (-0.117, -0.673, -0.341) @arm_base_link
10:09:31 [비전] ROI 밖 책 1권 제외 (남은 1권). ROI [-0.4, -0.2, 0.0] ~ [-0.26, 0.4, 0.32] @arm_base_link
10:09:31 [비전] Book picked(best): xyz=(-0.357, 0.158, 0.213), center=(376, 314), conf=0.66, depth=patch, yaw=0.000 rad (후보 1권)
10:09:31 [조작] 책 좌표 정함 (-0.3573, +0.1581, +0.2134) — 관측 3개 · 책 2권 · 고른 책 2개 (x 흔들림 0 mm) → 축마다 중앙값
10:09:31 [조작] 작업 job_ab1c0c5031fc book=book_001 트레이 칸 2 파지 [-0.35729193069400766, 0.15806856152160487, 0.13756910232374303] (vision) → (-0.35, 0.5438500024676323, 0.3399) 삽입 속도 0.030 m/s
10:09:49 [시뮬] [JUDGE] 손 안 어긋남(406) **판별불가** — 키네마틱 파지는 매 스텝 책을 손에 맞춰 다시 써 넣는다. 이 신호는 마찰 파지(SIM_GRASP_KINEMATIC=0)에서만 의미가 있다
10:09:56 [시뮬] [JUDGE] rise=16.9cm(ok) width=12.8mm = 지령 12.8mm (책 반두께 16.8) → **판별불가** [키네마틱 파지라 빈손이어도 같은 값이 나온다]
10:11:44 [FSM] FSM transition completed: PLACE_BOOK -> UPDATE_DATA
10:11:44 [FSM] FSM transition completed: UPDATE_DATA -> NEXT_BOOK
10:11:44 [FSM] FSM transition completed: NEXT_BOOK -> SELECT_BOOK
10:11:44 [FSM] FSM transition completed: SELECT_BOOK -> NAV_TO_SHELF
10:11:44 [FSM] Navigation succeeded: Navigation waypoint is already satisfied in simulation.
10:11:44 [FSM] FSM transition completed: NAV_TO_SHELF -> DETECT_TARGET_SLOT
10:11:44 [조작] PlaceBook 성공 job=job_ab1c0c5031fc code=0(OK) phase= 배치 확인
10:11:44 [조작] 베이스 회전 명령 전송 (목표 yaw +0°, 서가 거리 0.444)
10:11:44 [시뮬] [JUDGE] width_hold=판별불가[키네마틱] (12.8 → 최소 12.8 mm, 한쪽 기준)
10:11:44 [시뮬] 작업 job_ab1c0c5031fc SUCCEEDED {'phase': 'verify', 'message': '배치 확인', 'placement_verified': True, 'checks': {'upright': True, 'depth': True, 'spine': True, 'x': True, 'floor': True, 'skew': True, 'no_jam': True}, 'fallen
10:11:44 [시뮬] 서가 앞면 0.444 m → 목표 0.444 m (앞뒤 +0.000), 서가 중심 팔기준 x -0.260 → 옆으로 -0.260: 차체를 0.260 m 옮긴다
10:11:47 [조작] 베이스 회전 완료
10:11:47 [시뮬] 서가 앞면 실측 0.444 m (목표 0.444), 서가 x 범위 팔기준 -0.71~+0.71
10:11:47 [시뮬] [재측정] 스윕 없이 빈칸만 다시 재고 관측 자세로 돌아간다 — 서가 /World/bookshelves_main/shelf_brown__book_shelf_11 · 판 [1.042, 0.498] · 빈칸 3개 · 관측 자세까지 Δ최대 1.311 rad
10:11:52 [FSM] Empty slot detected: frame_id=arm_base_link, x=-0.350, y=0.544, z=0.884, confidence=1.00, candidate_count=9
10:11:52 [FSM] FSM transition completed: DETECT_TARGET_SLOT -> PLACE_BOOK
10:11:52 [FSM] Book-placement goal was accepted.
10:11:52 [조작] 빈칸 관측 버림 (서가 밖): (-0.780, 2.612, 1.385) 서가 x -0.66~0.66 y 0.41~0.80 z -0.33~2.19
10:11:52 [조작] 빈칸 관측 버림 (서가 밖): (-0.791, 0.515, 0.287) 서가 x -0.66~0.66 y 0.41~0.80 z -0.33~2.19
10:11:52 [조작] 빈칸 선택: 책 사이 틈 관측 (0.139, 0.502, 0.359) → 칸 중심 y 0.544, z 0.884 (판 높이로 스냅); 꽂기 전 차체를 옆으로 +0.489 m 옮겨 틈을 x -0.35 에 둔다
10:11:52 [조작] 빈 슬롯 스캔 완료: (-0.35, 0.5439, 0.8839), 삽입깊이 0.300m
10:11:52 [조작] 베이스 회전 명령 전송 (목표 yaw +0°, 서가 거리 0.444)
10:11:52 [시뮬] 작업 job_ab1c0c5031fc:scan SUCCEEDED {'phase': 'scan_done', 'message': '서가 스캔 완료', 'placement_verified': False, 'sim_steps': 324, 'render_steps': 324} (5.8s)
10:11:52 [시뮬] 서가 앞면 0.444 m → 목표 0.444 m (앞뒤 -0.000), 서가 중심 팔기준 x +0.489 → 옆으로 +0.489: 차체를 0.489 m 옮긴다
10:11:57 [비전] ROI 밖 책: (-0.104, -0.670, -0.341) @arm_base_link
10:11:57 [비전] ROI 밖 책: (-0.399, 0.476, 0.222) @arm_base_link
10:11:57 [비전] ROI 밖 책 2권 제외 (남은 0권). ROI [-0.4, -0.2, 0.0] ~ [-0.26, 0.4, 0.32] @arm_base_link
10:11:57 [조작] 베이스 회전 완료
10:11:57 [시뮬] 서가 앞면 실측 0.444 m (목표 0.444), 서가 x 범위 팔기준 -1.20~+0.22
10:11:58 [비전] ROI 밖 책: (-0.104, -0.670, -0.341) @arm_base_link
10:11:58 [비전] ROI 밖 책: (-0.399, 0.476, 0.224) @arm_base_link
10:11:58 [비전] ROI 밖 책 2권 제외 (남은 0권). ROI [-0.4, -0.2, 0.0] ~ [-0.26, 0.4, 0.32] @arm_base_link
10:11:58 [비전] ROI 밖 책: (-0.104, -0.670, -0.341) @arm_base_link
10:11:58 [비전] ROI 밖 책: (-0.399, 0.476, 0.222) @arm_base_link
10:11:58 [비전] ROI 밖 책 2권 제외 (남은 0권). ROI [-0.4, -0.2, 0.0] ~ [-0.26, 0.4, 0.32] @arm_base_link
10:11:59 [비전] ROI 밖 책: (-0.104, -0.664, -0.341) @arm_base_link
10:11:59 [비전] ROI 밖 책: (-0.399, 0.476, 0.222) @arm_base_link
10:11:59 [비전] ROI 밖 책 2권 제외 (남은 0권). ROI [-0.4, -0.2, 0.0] ~ [-0.26, 0.4, 0.32] @arm_base_link
10:11:59 [비전] ROI 밖 책: (-0.104, -0.673, -0.341) @arm_base_link
10:11:59 [비전] ROI 밖 책: (-0.399, 0.476, 0.222) @arm_base_link
10:11:59 [비전] ROI 밖 책 2권 제외 (남은 0권). ROI [-0.4, -0.2, 0.0] ~ [-0.26, 0.4, 0.32] @arm_base_link
10:12:00 [비전] ROI 밖 책: (-0.104, -0.667, -0.341) @arm_base_link
10:12:00 [비전] ROI 밖 책: (-0.399, 0.476, 0.222) @arm_base_link
10:12:00 [비전] ROI 밖 책 2권 제외 (남은 0권). ROI [-0.4, -0.2, 0.0] ~ [-0.26, 0.4, 0.32] @arm_base_link
10:12:00 [비전] ROI 밖 책: (-0.107, -0.667, -0.341) @arm_base_link
10:12:00 [비전] ROI 밖 책: (-0.399, 0.476, 0.222) @arm_base_link
10:12:00 [비전] ROI 밖 책 2권 제외 (남은 0권). ROI [-0.4, -0.2, 0.0] ~ [-0.26, 0.4, 0.32] @arm_base_link
10:12:01 [비전] ROI 밖 책: (-0.104, -0.664, -0.341) @arm_base_link
10:12:01 [비전] ROI 밖 책: (-0.399, 0.476, 0.222) @arm_base_link
10:12:01 [비전] ROI 밖 책: (-0.311, 0.484, 0.216) @arm_base_link
10:12:01 [비전] ROI 밖 책 3권 제외 (남은 0권). ROI [-0.4, -0.2, 0.0] ~ [-0.26, 0.4, 0.32] @arm_base_link
10:12:01 [비전] ROI 밖 책: (-0.107, -0.664, -0.341) @arm_base_link
10:12:01 [비전] ROI 밖 책: (-0.399, 0.476, 0.222) @arm_base_link
10:12:01 [비전] ROI 밖 책 2권 제외 (남은 0권). ROI [-0.4, -0.2, 0.0] ~ [-0.26, 0.4, 0.32] @arm_base_link
10:12:02 [비전] ROI 밖 책: (-0.104, -0.664, -0.341) @arm_base_link
10:12:02 [비전] ROI 밖 책: (-0.398, 0.475, 0.222) @arm_base_link
10:12:02 [비전] ROI 밖 책 2권 제외 (남은 0권). ROI [-0.4, -0.2, 0.0] ~ [-0.26, 0.4, 0.32] @arm_base_link
10:12:02 [비전] ROI 밖 책: (-0.104, -0.664, -0.341) @arm_base_link
10:12:02 [비전] ROI 밖 책: (-0.398, 0.475, 0.222) @arm_base_link
10:12:02 [비전] ROI 밖 책 2권 제외 (남은 0권). ROI [-0.4, -0.2, 0.0] ~ [-0.26, 0.4, 0.32] @arm_base_link
10:12:03 [비전] ROI 밖 책: (-0.104, -0.664, -0.341) @arm_base_link
10:12:03 [비전] ROI 밖 책: (-0.399, 0.476, 0.224) @arm_base_link
10:12:03 [비전] ROI 밖 책 2권 제외 (남은 0권). ROI [-0.4, -0.2, 0.0] ~ [-0.26, 0.4, 0.32] @arm_base_link
10:12:03 [비전] ROI 밖 책: (-0.104, -0.667, -0.341) @arm_base_link
10:12:03 [비전] ROI 밖 책: (-0.399, 0.476, 0.224) @arm_base_link
10:12:03 [비전] ROI 밖 책 2권 제외 (남은 0권). ROI [-0.4, -0.2, 0.0] ~ [-0.26, 0.4, 0.32] @arm_base_link
10:12:04 [비전] ROI 밖 책: (-0.111, -0.667, -0.341) @arm_base_link
10:12:04 [비전] ROI 밖 책: (-0.399, 0.476, 0.222) @arm_base_link
10:12:04 [비전] ROI 밖 책 2권 제외 (남은 0권). ROI [-0.4, -0.2, 0.0] ~ [-0.26, 0.4, 0.32] @arm_base_link
10:12:04 [비전] ROI 밖 책: (-0.104, -0.664, -0.341) @arm_base_link
10:12:04 [비전] ROI 밖 책: (-0.399, 0.476, 0.224) @arm_base_link
10:12:04 [비전] ROI 밖 책 2권 제외 (남은 0권). ROI [-0.4, -0.2, 0.0] ~ [-0.26, 0.4, 0.32] @arm_base_link
10:12:05 [비전] ROI 밖 책: (-0.107, -0.664, -0.341) @arm_base_link
10:12:05 [비전] ROI 밖 책: (-0.399, 0.476, 0.222) @arm_base_link
10:12:05 [비전] ROI 밖 책 2권 제외 (남은 0권). ROI [-0.4, -0.2, 0.0] ~ [-0.26, 0.4, 0.32] @arm_base_link
10:12:05 [비전] ROI 밖 책: (-0.107, -0.664, -0.341) @arm_base_link
10:12:05 [비전] ROI 밖 책: (-0.399, 0.476, 0.222) @arm_base_link
10:12:05 [비전] ROI 밖 책 2권 제외 (남은 0권). ROI [-0.4, -0.2, 0.0] ~ [-0.26, 0.4, 0.32] @arm_base_link
10:12:06 [비전] ROI 밖 책: (-0.104, -0.664, -0.341) @arm_base_link
10:12:06 [비전] ROI 밖 책: (-0.399, 0.476, 0.224) @arm_base_link
10:12:06 [비전] ROI 밖 책 2권 제외 (남은 0권). ROI [-0.4, -0.2, 0.0] ~ [-0.26, 0.4, 0.32] @arm_base_link
10:12:06 [비전] ROI 밖 책: (-0.104, -0.664, -0.341) @arm_base_link
10:12:06 [비전] ROI 밖 책: (-0.399, 0.476, 0.222) @arm_base_link
10:12:06 [비전] ROI 밖 책 2권 제외 (남은 0권). ROI [-0.4, -0.2, 0.0] ~ [-0.26, 0.4, 0.32] @arm_base_link
10:12:07 [비전] ROI 밖 책: (-0.107, -0.664, -0.341) @arm_base_link
10:12:07 [비전] ROI 밖 책: (-0.399, 0.476, 0.222) @arm_base_link
10:12:07 [비전] ROI 밖 책 2권 제외 (남은 0권). ROI [-0.4, -0.2, 0.0] ~ [-0.26, 0.4, 0.32] @arm_base_link
10:12:07 [비전] ROI 밖 책: (-0.107, -0.664, -0.341) @arm_base_link
10:12:07 [비전] ROI 밖 책: (-0.399, 0.476, 0.222) @arm_base_link
10:12:07 [비전] ROI 밖 책 2권 제외 (남은 0권). ROI [-0.4, -0.2, 0.0] ~ [-0.26, 0.4, 0.32] @arm_base_link
10:12:08 [비전] ROI 밖 책: (-0.104, -0.664, -0.341) @arm_base_link
10:12:08 [비전] ROI 밖 책: (-0.401, 0.476, 0.222) @arm_base_link
10:12:08 [비전] ROI 밖 책 2권 제외 (남은 0권). ROI [-0.4, -0.2, 0.0] ~ [-0.26, 0.4, 0.32] @arm_base_link
10:12:08 [비전] ROI 밖 책: (-0.107, -0.664, -0.341) @arm_base_link
10:12:08 [비전] ROI 밖 책: (-0.399, 0.476, 0.224) @arm_base_link
10:12:08 [비전] ROI 밖 책 2권 제외 (남은 0권). ROI [-0.4, -0.2, 0.0] ~ [-0.26, 0.4, 0.32] @arm_base_link
10:12:09 [비전] ROI 밖 책: (-0.104, -0.667, -0.341) @arm_base_link
10:12:09 [비전] ROI 밖 책: (-0.399, 0.476, 0.222) @arm_base_link
10:12:09 [비전] ROI 밖 책 2권 제외 (남은 0권). ROI [-0.4, -0.2, 0.0] ~ [-0.26, 0.4, 0.32] @arm_base_link
10:12:09 [비전] ROI 밖 책: (-0.104, -0.667, -0.341) @arm_base_link
10:12:09 [비전] ROI 밖 책: (-0.399, 0.476, 0.222) @arm_base_link
10:12:09 [비전] ROI 밖 책 2권 제외 (남은 0권). ROI [-0.4, -0.2, 0.0] ~ [-0.26, 0.4, 0.32] @arm_base_link
10:12:10 [비전] ROI 밖 책: (-0.114, -0.667, -0.341) @arm_base_link
10:12:10 [비전] ROI 밖 책: (-0.401, 0.476, 0.222) @arm_base_link
10:12:10 [비전] ROI 밖 책 2권 제외 (남은 0권). ROI [-0.4, -0.2, 0.0] ~ [-0.26, 0.4, 0.32] @arm_base_link
10:12:10 [비전] ROI 밖 책: (-0.104, -0.667, -0.341) @arm_base_link
10:12:10 [비전] ROI 밖 책: (-0.398, 0.475, 0.222) @arm_base_link
10:12:10 [비전] ROI 밖 책 2권 제외 (남은 0권). ROI [-0.4, -0.2, 0.0] ~ [-0.26, 0.4, 0.32] @arm_base_link
10:12:11 [비전] ROI 밖 책: (-0.104, -0.667, -0.341) @arm_base_link
10:12:11 [비전] ROI 밖 책: (-0.399, 0.476, 0.222) @arm_base_link
10:12:11 [비전] ROI 밖 책 2권 제외 (남은 0권). ROI [-0.4, -0.2, 0.0] ~ [-0.26, 0.4, 0.32] @arm_base_link
10:12:11 [비전] ROI 밖 책: (-0.104, -0.667, -0.341) @arm_base_link
10:12:11 [비전] ROI 밖 책: (-0.399, 0.476, 0.224) @arm_base_link
10:12:11 [비전] ROI 밖 책: (-0.311, 0.484, 0.216) @arm_base_link
10:12:11 [비전] ROI 밖 책 3권 제외 (남은 0권). ROI [-0.4, -0.2, 0.0] ~ [-0.26, 0.4, 0.32] @arm_base_link
10:12:12 [비전] ROI 밖 책: (-0.101, -0.667, -0.341) @arm_base_link
10:12:12 [비전] ROI 밖 책: (-0.399, 0.476, 0.222) @arm_base_link
10:12:12 [비전] ROI 밖 책: (-0.311, 0.484, 0.216) @arm_base_link
10:12:12 [비전] ROI 밖 책 3권 제외 (남은 0권). ROI [-0.4, -0.2, 0.0] ~ [-0.26, 0.4, 0.32] @arm_base_link
10:12:12 [비전] ROI 밖 책: (-0.104, -0.667, -0.341) @arm_base_link
10:12:12 [비전] ROI 밖 책: (-0.399, 0.476, 0.222) @arm_base_link
10:12:12 [비전] ROI 밖 책 2권 제외 (남은 0권). ROI [-0.4, -0.2, 0.0] ~ [-0.26, 0.4, 0.32] @arm_base_link
10:12:13 [비전] ROI 밖 책: (-0.104, -0.667, -0.341) @arm_base_link
10:12:13 [비전] ROI 밖 책: (-0.399, 0.476, 0.224) @arm_base_link
10:12:13 [비전] ROI 밖 책 2권 제외 (남은 0권). ROI [-0.4, -0.2, 0.0] ~ [-0.26, 0.4, 0.32] @arm_base_link
10:12:13 [비전] ROI 밖 책: (-0.104, -0.667, -0.341) @arm_base_link
10:12:13 [비전] ROI 밖 책: (-0.399, 0.476, 0.222) @arm_base_link
10:12:13 [비전] ROI 밖 책 2권 제외 (남은 0권). ROI [-0.4, -0.2, 0.0] ~ [-0.26, 0.4, 0.32] @arm_base_link
10:12:14 [비전] ROI 밖 책: (-0.104, -0.670, -0.341) @arm_base_link
10:12:14 [비전] ROI 밖 책: (-0.398, 0.475, 0.222) @arm_base_link
10:12:14 [비전] ROI 밖 책 2권 제외 (남은 0권). ROI [-0.4, -0.2, 0.0] ~ [-0.26, 0.4, 0.32] @arm_base_link
10:12:14 [비전] ROI 밖 책: (-0.104, -0.670, -0.341) @arm_base_link
10:12:14 [비전] ROI 밖 책: (-0.396, 0.475, 0.224) @arm_base_link
10:12:14 [비전] ROI 밖 책 2권 제외 (남은 0권). ROI [-0.4, -0.2, 0.0] ~ [-0.26, 0.4, 0.32] @arm_base_link
10:12:15 [비전] ROI 밖 책: (-0.101, -0.670, -0.341) @arm_base_link
10:12:15 [비전] ROI 밖 책: (-0.398, 0.475, 0.222) @arm_base_link
10:12:15 [비전] ROI 밖 책 2권 제외 (남은 0권). ROI [-0.4, -0.2, 0.0] ~ [-0.26, 0.4, 0.32] @arm_base_link
10:12:15 [비전] ROI 밖 책: (-0.101, -0.673, -0.341) @arm_base_link
10:12:15 [비전] ROI 밖 책: (-0.398, 0.475, 0.222) @arm_base_link
10:12:15 [비전] ROI 밖 책 2권 제외 (남은 0권). ROI [-0.4, -0.2, 0.0] ~ [-0.26, 0.4, 0.32] @arm_base_link
10:12:16 [비전] ROI 밖 책: (-0.101, -0.670, -0.341) @arm_base_link
10:12:16 [비전] ROI 밖 책: (-0.396, 0.475, 0.224) @arm_base_link
10:12:16 [비전] ROI 밖 책 2권 제외 (남은 0권). ROI [-0.4, -0.2, 0.0] ~ [-0.26, 0.4, 0.32] @arm_base_link
10:12:16 [비전] ROI 밖 책: (-0.104, -0.670, -0.341) @arm_base_link
10:12:16 [비전] ROI 밖 책: (-0.396, 0.475, 0.224) @arm_base_link
10:12:16 [비전] ROI 밖 책: (-0.311, 0.484, 0.216) @arm_base_link
10:12:16 [비전] ROI 밖 책 3권 제외 (남은 0권). ROI [-0.4, -0.2, 0.0] ~ [-0.26, 0.4, 0.32] @arm_base_link
10:12:17 [비전] ROI 밖 책: (-0.101, -0.670, -0.341) @arm_base_link
10:12:17 [비전] ROI 밖 책: (-0.399, 0.476, 0.222) @arm_base_link
10:12:17 [비전] ROI 밖 책 2권 제외 (남은 0권). ROI [-0.4, -0.2, 0.0] ~ [-0.26, 0.4, 0.32] @arm_base_link
10:12:17 [비전] ROI 밖 책: (-0.104, -0.670, -0.341) @arm_base_link
10:12:17 [비전] ROI 밖 책: (-0.399, 0.476, 0.222) @arm_base_link
10:12:17 [비전] ROI 밖 책 2권 제외 (남은 0권). ROI [-0.4, -0.2, 0.0] ~ [-0.26, 0.4, 0.32] @arm_base_link
10:12:18 [비전] ROI 밖 책: (-0.104, -0.667, -0.341) @arm_base_link
10:12:18 [비전] ROI 밖 책: (-0.399, 0.476, 0.224) @arm_base_link
10:12:18 [비전] ROI 밖 책 2권 제외 (남은 0권). ROI [-0.4, -0.2, 0.0] ~ [-0.26, 0.4, 0.32] @arm_base_link
10:12:18 [비전] ROI 밖 책: (-0.101, -0.670, -0.341) @arm_base_link
10:12:18 [비전] ROI 밖 책: (-0.399, 0.476, 0.222) @arm_base_link
10:12:18 [비전] ROI 밖 책 2권 제외 (남은 0권). ROI [-0.4, -0.2, 0.0] ~ [-0.26, 0.4, 0.32] @arm_base_link
10:12:19 [비전] ROI 밖 책: (-0.101, -0.670, -0.341) @arm_base_link
10:12:19 [비전] ROI 밖 책: (-0.399, 0.476, 0.222) @arm_base_link
10:12:19 [비전] ROI 밖 책 2권 제외 (남은 0권). ROI [-0.4, -0.2, 0.0] ~ [-0.26, 0.4, 0.32] @arm_base_link
10:12:19 [비전] ROI 밖 책: (-0.101, -0.673, -0.341) @arm_base_link
10:12:19 [비전] ROI 밖 책: (-0.398, 0.475, 0.222) @arm_base_link
10:12:19 [비전] ROI 밖 책 2권 제외 (남은 0권). ROI [-0.4, -0.2, 0.0] ~ [-0.26, 0.4, 0.32] @arm_base_link
10:12:20 [비전] ROI 밖 책: (-0.101, -0.673, -0.341) @arm_base_link
10:12:20 [비전] ROI 밖 책: (-0.396, 0.475, 0.224) @arm_base_link
10:12:20 [비전] ROI 밖 책 2권 제외 (남은 0권). ROI [-0.4, -0.2, 0.0] ~ [-0.26, 0.4, 0.32] @arm_base_link
10:12:20 [비전] ROI 밖 책: (-0.101, -0.670, -0.341) @arm_base_link
10:12:20 [비전] ROI 밖 책: (-0.399, 0.476, 0.222) @arm_base_link
10:12:20 [비전] ROI 밖 책 2권 제외 (남은 0권). ROI [-0.4, -0.2, 0.0] ~ [-0.26, 0.4, 0.32] @arm_base_link
10:12:21 [비전] ROI 밖 책: (-0.104, -0.670, -0.341) @arm_base_link
10:12:21 [비전] ROI 밖 책: (-0.399, 0.476, 0.222) @arm_base_link
10:12:21 [비전] ROI 밖 책 2권 제외 (남은 0권). ROI [-0.4, -0.2, 0.0] ~ [-0.26, 0.4, 0.32] @arm_base_link
10:12:21 [비전] ROI 밖 책: (-0.101, -0.676, -0.341) @arm_base_link
10:12:21 [비전] ROI 밖 책: (-0.399, 0.476, 0.222) @arm_base_link
10:12:21 [비전] ROI 밖 책 2권 제외 (남은 0권). ROI [-0.4, -0.2, 0.0] ~ [-0.26, 0.4, 0.32] @arm_base_link
10:12:22 [비전] ROI 밖 책: (-0.104, -0.673, -0.341) @arm_base_link
10:12:22 [비전] ROI 밖 책: (-0.398, 0.475, 0.222) @arm_base_link
10:12:22 [비전] ROI 밖 책 2권 제외 (남은 0권). ROI [-0.4, -0.2, 0.0] ~ [-0.26, 0.4, 0.32] @arm_base_link
10:12:22 [비전] ROI 밖 책: (-0.104, -0.673, -0.341) @arm_base_link
10:12:22 [비전] ROI 밖 책: (-0.398, 0.475, 0.222) @arm_base_link
10:12:22 [비전] ROI 밖 책 2권 제외 (남은 0권). ROI [-0.4, -0.2, 0.0] ~ [-0.26, 0.4, 0.32] @arm_base_link
10:12:23 [비전] ROI 밖 책: (-0.104, -0.673, -0.341) @arm_base_link
10:12:23 [비전] ROI 밖 책: (-0.396, 0.475, 0.224) @arm_base_link
10:12:23 [비전] ROI 밖 책 2권 제외 (남은 0권). ROI [-0.4, -0.2, 0.0] ~ [-0.26, 0.4, 0.32] @arm_base_link
10:12:23 [비전] ROI 밖 책: (-0.104, -0.670, -0.341) @arm_base_link
10:12:23 [비전] ROI 밖 책: (-0.399, 0.476, 0.222) @arm_base_link
10:12:23 [비전] ROI 밖 책 2권 제외 (남은 0권). ROI [-0.4, -0.2, 0.0] ~ [-0.26, 0.4, 0.32] @arm_base_link
10:12:24 [비전] ROI 밖 책: (-0.104, -0.670, -0.341) @arm_base_link
10:12:24 [비전] ROI 밖 책: (-0.398, 0.475, 0.222) @arm_base_link
10:12:24 [비전] ROI 밖 책 2권 제외 (남은 0권). ROI [-0.4, -0.2, 0.0] ~ [-0.26, 0.4, 0.32] @arm_base_link
10:12:24 [비전] ROI 밖 책: (-0.101, -0.670, -0.341) @arm_base_link
10:12:24 [비전] ROI 밖 책: (-0.399, 0.476, 0.224) @arm_base_link
10:12:24 [비전] ROI 밖 책 2권 제외 (남은 0권). ROI [-0.4, -0.2, 0.0] ~ [-0.26, 0.4, 0.32] @arm_base_link
10:12:25 [비전] ROI 밖 책: (-0.104, -0.673, -0.341) @arm_base_link
10:12:25 [비전] ROI 밖 책: (-0.396, 0.475, 0.224) @arm_base_link
10:12:25 [비전] ROI 밖 책 2권 제외 (남은 0권). ROI [-0.4, -0.2, 0.0] ~ [-0.26, 0.4, 0.32] @arm_base_link
10:12:25 [비전] ROI 밖 책: (-0.107, -0.670, -0.341) @arm_base_link
10:12:25 [비전] ROI 밖 책: (-0.396, 0.476, 0.225) @arm_base_link
10:12:25 [비전] ROI 밖 책 2권 제외 (남은 0권). ROI [-0.4, -0.2, 0.0] ~ [-0.26, 0.4, 0.32] @arm_base_link
10:12:26 [비전] ROI 밖 책: (-0.104, -0.670, -0.341) @arm_base_link
10:12:26 [비전] ROI 밖 책: (-0.399, 0.476, 0.224) @arm_base_link
10:12:26 [비전] ROI 밖 책 2권 제외 (남은 0권). ROI [-0.4, -0.2, 0.0] ~ [-0.26, 0.4, 0.32] @arm_base_link
10:12:26 [비전] ROI 밖 책: (-0.104, -0.673, -0.341) @arm_base_link
10:12:26 [비전] ROI 밖 책: (-0.398, 0.475, 0.222) @arm_base_link
10:12:26 [비전] ROI 밖 책 2권 제외 (남은 0권). ROI [-0.4, -0.2, 0.0] ~ [-0.26, 0.4, 0.32] @arm_base_link
10:12:27 [비전] ROI 밖 책: (-0.104, -0.670, -0.341) @arm_base_link
10:12:27 [비전] ROI 밖 책: (-0.398, 0.475, 0.222) @arm_base_link
10:12:27 [비전] ROI 밖 책 2권 제외 (남은 0권). ROI [-0.4, -0.2, 0.0] ~ [-0.26, 0.4, 0.32] @arm_base_link
10:12:27 [조작] PlaceBook 실패 job=job_ab1c0c5031fc code=411(NOT_READY) phase=DETECTING_BOOK 책 관측 자세에서 30s 동안 책 좌표 없음
13:06:09 [조작] PlaceBook /place_book executor=sim profile=default tray_slots=6 status=/robot/status perception_bridge=True
13:06:09 [시뮬] 관측 자세 손목(관절 7) -59.2° → +30.8° 로 돌림 [SIM_HOME_J7_DEG=+90] (홈은 그대로)
13:06:09 [시뮬] 관측 자세 이동 [0.0, 0.0, 0.1] m: 손 [-0.389, 0.079, 0.573] → [-0.389, 0.079, 0.673], 관절 [2.811, -0.514, 0.102, -2.213, 0.051, 1.701, 0.538] → [2.094, -0.576, 0.563, -1.891, 0.3, 1.397, 0.278] (한계 여유 0.873) [SIM_HOME_SHIFT] (홈은
13:06:35 [FSM] FSM transition completed: PLANNING -> NAV_TO_RETURN
13:06:35 [FSM] Navigation succeeded: Navigation waypoint is already satisfied in simulation.
13:06:35 [FSM] FSM transition completed: NAV_TO_RETURN -> RECEIVE_TRAY
13:06:35 [FSM] FSM transition completed: RECEIVE_TRAY -> SELECT_BOOK
13:06:35 [FSM] FSM transition completed: SELECT_BOOK -> NAV_TO_SHELF
13:07:13 [시뮬] [주행] 도착 (-0.548, +1.225)
13:07:17 [시뮬] [주행] 회전 끝 — **실측** yaw +0.00° (목표 +0.00°)
13:07:18 [FSM] Navigation succeeded: Navigation completed.
13:07:18 [FSM] FSM transition completed: NAV_TO_SHELF -> DETECT_TARGET_SLOT
13:07:18 [조작] 베이스 회전 명령 전송 (목표 yaw +0°, 서가 거리 0.444)
13:07:18 [시뮬] [주행] 도착 (-0.548, +1.225)
13:07:18 [시뮬] 서가 앞면 0.443 m → 목표 0.444 m (앞뒤 -0.001), 서가 중심 팔기준 x -0.417 → 옆으로 -0.417: 차체를 0.417 m 옮긴다
13:07:23 [조작] 베이스 회전 완료
13:07:23 [시뮬] 서가 앞면 실측 0.444 m (목표 0.444), 서가 x 범위 팔기준 -0.71~+0.71
13:07:23 [시뮬] [스윕] 시작 자세 q=[2.811, -0.514, 0.102, -2.213, 0.051, 1.701, -1.033]
13:07:24 [시뮬] [스윕] 판 1.042 (팔기준 z 0.712, 앞면 0.444) 정지점 5/5 여유 0.171 rad 최대변화 0.06 길이 3.95
13:07:24 [시뮬] [스윕] 판 0.498 (팔기준 z 0.168, 앞면 0.444) 정지점 5/5 여유 0.225 rad 최대변화 0.05 길이 2.52
13:07:24 [시뮬] 스윕 시작: 판 [1.042, 0.498], 정지점 10개, 정지 1.2s
13:07:24 [시뮬] [판목록] 레벨 실측 [0.4976, 1.0417, 1.5812, 2.0582, 2.52] · 쓰는 값 [0.497, 0.498, 1.042] · 차이 [-0.3, -0.4, +0.6] mm  (그림자 — 판단은 상수 그대로)
13:07:34 [비전] ROI 밖 책: (0.022, 0.572, 0.394) @arm_base_link
13:07:34 [비전] ROI 밖 책: (-0.625, 0.536, 0.833) @arm_base_link
13:07:34 [비전] ROI 밖 책: (0.062, 0.574, 0.394) @arm_base_link
13:07:34 [비전] ROI 밖 책: (-0.203, 0.535, 0.402) @arm_base_link
13:07:34 [비전] ROI 밖 책: (-0.071, 0.552, 0.395) @arm_base_link
13:07:34 [비전] ROI 밖 책: (-0.045, 0.529, 0.393) @arm_base_link
13:07:34 [비전] ROI 밖 책: (-0.229, 0.522, 0.360) @arm_base_link
13:07:34 [비전] ROI 밖 책 7권 제외 (남은 0권). ROI [-0.4, -0.2, 0.0] ~ [-0.26, 0.4, 0.32] @arm_base_link
13:07:34 [비전] Empty center pixel=(276, 259), shelf_front_z=1.528m; Depth L/C/R=0.432/6.085/2.624m; center-left=5.653m, center-right=3.461m; contrast=PASS
13:07:34 [비전] Empty shelf target: xyz=(-0.562, 1.650, 0.917)
13:07:34 [비전] ROI 밖 책: (0.047, 0.541, 0.394) @arm_base_link
13:07:34 [비전] ROI 밖 책: (-0.058, 0.532, 0.395) @arm_base_link
13:07:34 [비전] ROI 밖 책: (0.318, 0.563, 0.364) @arm_base_link
13:07:34 [비전] ROI 밖 책: (0.117, 0.532, 0.394) @arm_base_link
13:07:34 [비전] ROI 밖 책: (0.332, 0.575, 0.379) @arm_base_link
13:07:34 [비전] ROI 밖 책 5권 제외 (남은 0권). ROI [-0.4, -0.2, 0.0] ~ [-0.26, 0.4, 0.32] @arm_base_link
13:07:37 [비전] ROI 밖 책: (0.489, 0.578, 0.392) @arm_base_link
13:07:37 [비전] ROI 밖 책: (0.332, 0.551, 0.373) @arm_base_link
13:07:37 [비전] ROI 밖 책: (0.368, 0.536, 0.396) @arm_base_link
13:07:37 [비전] ROI 밖 책: (0.195, 0.577, 0.398) @arm_base_link
13:07:37 [비전] ROI 밖 책: (0.407, 0.535, 0.395) @arm_base_link
13:07:37 [비전] ROI 밖 책: (0.179, 0.532, 0.397) @arm_base_link
13:07:37 [비전] ROI 밖 책: (0.460, 0.541, 0.394) @arm_base_link
13:07:37 [비전] ROI 밖 책: (0.134, 0.548, 0.393) @arm_base_link
13:07:37 [비전] ROI 밖 책: (0.095, 0.536, 0.396) @arm_base_link
13:07:37 [비전] ROI 밖 책 9권 제외 (남은 0권). ROI [-0.4, -0.2, 0.0] ~ [-0.26, 0.4, 0.32] @arm_base_link
13:07:39 [비전] ROI 밖 책: (0.335, 0.542, 0.387) @arm_base_link
13:07:39 [비전] ROI 밖 책: (0.499, 0.573, 0.394) @arm_base_link
13:07:39 [비전] ROI 밖 책: (0.375, 0.536, 0.396) @arm_base_link
13:07:39 [비전] ROI 밖 책: (0.473, 0.537, 0.394) @arm_base_link
13:07:39 [비전] ROI 밖 책: (0.414, 0.529, 0.394) @arm_base_link
13:07:39 [비전] ROI 밖 책: (0.436, 0.571, 0.395) @arm_base_link
13:07:39 [비전] ROI 밖 책: (0.441, 0.529, 0.394) @arm_base_link
13:07:39 [비전] ROI 밖 책: (0.465, 0.575, 0.394) @arm_base_link
13:07:39 [비전] ROI 밖 책 8권 제외 (남은 0권). ROI [-0.4, -0.2, 0.0] ~ [-0.26, 0.4, 0.32] @arm_base_link
13:07:41 [비전] ROI 밖 책: (0.512, 0.617, 0.394) @arm_base_link
13:07:41 [비전] ROI 밖 책: (0.430, 0.584, 0.394) @arm_base_link
13:07:41 [비전] ROI 밖 책: (0.210, 0.536, 0.827) @arm_base_link
13:07:41 [비전] ROI 밖 책: (0.384, 0.542, 0.396) @arm_base_link
13:07:41 [비전] ROI 밖 책: (0.589, 0.620, 0.393) @arm_base_link
13:07:41 [비전] ROI 밖 책: (-0.033, 0.578, 0.392) @arm_base_link
13:07:41 [비전] ROI 밖 책: (0.052, 0.576, 0.394) @arm_base_link
13:07:41 [비전] ROI 밖 책 7권 제외 (남은 0권). ROI [-0.4, -0.2, 0.0] ~ [-0.26, 0.4, 0.32] @arm_base_link
13:07:41 [비전] Empty center pixel=(286, 550), shelf_front_z=0.617m; Depth L/C/R=0.676/1.387/0.558m; center-left=0.711m, center-right=0.829m; contrast=PASS
13:07:41 [비전] Empty shelf target: xyz=(0.283, 0.624, 0.345)
13:07:45 [비전] ROI 밖 책: (-1.030, 0.184, -0.341) @arm_base_link
13:07:45 [비전] ROI 밖 책: (0.122, 0.509, 0.344) @arm_base_link
13:07:45 [비전] ROI 밖 책 2권 제외 (남은 1권). ROI [-0.4, -0.2, 0.0] ~ [-0.26, 0.4, 0.32] @arm_base_link
13:07:45 [비전] Book picked(best): xyz=(-0.364, -0.020, 0.214), center=(308, 598), conf=0.88, depth=patch, yaw=0.000 rad (후보 1권)
13:07:45 [비전] Empty center pixel=(156, 337), shelf_front_z=0.831m; Depth L/C/R=0.904/1.041/0.757m; center-left=0.137m, center-right=0.285m; contrast=PASS
13:07:45 [비전] Empty shelf target: xyz=(-0.780, 0.504, 0.188)
13:07:48 [비전] ROI 밖 책: (0.133, 0.511, 0.340) @arm_base_link
13:07:48 [비전] ROI 밖 책: (-0.713, 0.091, -0.001) @arm_base_link
13:07:48 [비전] ROI 밖 책: (0.172, 0.512, 0.342) @arm_base_link
13:07:48 [비전] ROI 밖 책 3권 제외 (남은 1권). ROI [-0.4, -0.2, 0.0] ~ [-0.26, 0.4, 0.32] @arm_base_link
13:07:48 [비전] Book picked(best): xyz=(-0.361, -0.019, 0.214), center=(177, 593), conf=0.87, depth=patch, yaw=0.000 rad (후보 1권)
13:07:48 [비전] Empty center pixel=(97, 359), shelf_front_z=0.862m; Depth L/C/R=0.913/1.015/0.810m; center-left=0.102m, center-right=0.205m; contrast=PASS
13:07:48 [비전] Empty shelf target: xyz=(-0.782, 0.485, 0.114)
13:07:50 [비전] ROI 밖 책: (0.561, 0.183, -0.342) @arm_base_link
13:07:50 [비전] ROI 밖 책: (-0.427, 0.033, 0.156) @arm_base_link
13:07:50 [비전] ROI 밖 책: (0.176, 0.512, 0.339) @arm_base_link
13:07:50 [비전] ROI 밖 책 3권 제외 (남은 1권). ROI [-0.4, -0.2, 0.0] ~ [-0.26, 0.4, 0.32] @arm_base_link
13:07:50 [비전] Book picked(best): xyz=(-0.311, -0.026, 0.194), center=(85, 603), conf=0.92, depth=patch, yaw=0.000 rad (후보 1권)
13:07:50 [비전] Empty center pixel=(432, 275), shelf_front_z=0.734m; Depth L/C/R=0.720/2.016/0.748m; center-left=1.296m, center-right=1.268m; contrast=PASS
13:07:50 [비전] Empty shelf target: xyz=(0.259, 0.523, 0.356)
13:07:52 [비전] ROI 밖 책: (0.594, 0.180, -0.341) @arm_base_link
13:07:52 [비전] ROI 밖 책: (0.338, 0.510, 0.343) @arm_base_link
13:07:52 [비전] ROI 밖 책 2권 제외 (남은 0권). ROI [-0.4, -0.2, 0.0] ~ [-0.26, 0.4, 0.32] @arm_base_link
13:07:52 [비전] Empty center pixel=(359, 274), shelf_front_z=0.718m; Depth L/C/R=0.697/2.043/0.738m; center-left=1.346m, center-right=1.305m; contrast=PASS
13:07:52 [비전] Empty shelf target: xyz=(0.262, 0.511, 0.367)
13:07:54 [비전] ROI 밖 책: (0.674, 0.183, -0.341) @arm_base_link
13:07:54 [비전] ROI 밖 책: (-0.318, 0.522, 0.349) @arm_base_link
13:07:54 [비전] ROI 밖 책 2권 제외 (남은 0권). ROI [-0.4, -0.2, 0.0] ~ [-0.26, 0.4, 0.32] @arm_base_link
13:07:54 [비전] Empty center pixel=(294, 273), shelf_front_z=0.748m; Depth L/C/R=0.784/2.052/0.713m; center-left=1.268m, center-right=1.339m; contrast=PASS
13:07:54 [비전] Empty shelf target: xyz=(0.288, 0.539, 0.352)
13:08:02 [FSM] Empty slot detected: frame_id=arm_base_link, x=-0.350, y=0.544, z=0.340, confidence=1.00, candidate_count=7
13:08:02 [FSM] FSM transition completed: DETECT_TARGET_SLOT -> PLACE_BOOK
13:08:02 [FSM] Book-placement goal was accepted.
13:08:02 [조작] 빈칸 관측 버림 (서가 밖): (-0.780, 0.504, 0.188) 서가 x -0.66~0.66 y 0.41~0.80 z -0.33~2.19
13:08:02 [조작] 빈칸 관측 버림 (서가 밖): (-0.782, 0.485, 0.114) 서가 x -0.66~0.66 y 0.41~0.80 z -0.33~2.19
13:08:02 [조작] 빈칸 선택: 책 사이 틈 관측 (0.273, 0.523, 0.356) → 칸 중심 y 0.544, z 0.340 (판 높이로 스냅); 꽂기 전 차체를 옆으로 +0.623 m 옮겨 틈을 x -0.35 에 둔다
13:08:02 [조작] 빈 슬롯 스캔 완료: (-0.35, 0.5439, 0.3399), 삽입깊이 0.300m
13:08:02 [조작] 베이스 회전 명령 전송 (목표 yaw +0°, 서가 거리 0.444)
13:08:02 [시뮬] 작업 job_c9e02e09b588:scan SUCCEEDED {'phase': 'scan_done', 'message': '서가 스캔 완료', 'placement_verified': False, 'sim_steps': 2039, 'render_steps': 2039} (37.5s)
13:08:02 [시뮬] 서가 앞면 0.444 m → 목표 0.444 m (앞뒤 -0.000), 서가 중심 팔기준 x +0.623 → 옆으로 +0.623: 차체를 0.623 m 옮긴다
13:08:10 [비전] ROI 밖 책: (-0.133, -0.670, -0.341) @arm_base_link
13:08:10 [비전] ROI 밖 책: (-0.232, 0.505, 0.206) @arm_base_link
13:08:10 [비전] ROI 밖 책: (0.485, 0.249, -0.341) @arm_base_link
13:08:10 [비전] ROI 밖 책: (-0.450, 0.154, 0.211) @arm_base_link
13:08:10 [비전] ROI 밖 책: (-0.531, 0.505, 0.207) @arm_base_link
13:08:10 [비전] ROI 밖 책 5권 제외 (남은 4권). ROI [-0.4, -0.2, 0.0] ~ [-0.26, 0.4, 0.32] @arm_base_link
13:08:10 [비전] Book picked(best): xyz=(-0.357, -0.002, 0.212), center=(262, 314), conf=0.84, depth=patch, yaw=0.000 rad (후보 4권)
13:08:10 [조작] 베이스 회전 완료
13:08:10 [시뮬] 서가 앞면 실측 0.444 m (목표 0.444), 서가 x 범위 팔기준 -1.33~+0.08
13:08:11 [비전] ROI 밖 책: (-0.129, -0.670, -0.341) @arm_base_link
13:08:11 [비전] ROI 밖 책: (-0.231, 0.505, 0.206) @arm_base_link
13:08:11 [비전] ROI 밖 책: (-0.531, 0.505, 0.207) @arm_base_link
13:08:11 [비전] ROI 밖 책: (0.485, 0.302, -0.341) @arm_base_link
13:08:11 [비전] ROI 밖 책: (-0.451, 0.153, 0.211) @arm_base_link
13:08:11 [비전] ROI 밖 책 5권 제외 (남은 3권). ROI [-0.4, -0.2, 0.0] ~ [-0.26, 0.4, 0.32] @arm_base_link
13:08:11 [비전] Book picked(best): xyz=(-0.360, -0.003, 0.212), center=(261, 312), conf=0.83, depth=patch, yaw=0.000 rad (후보 3권)
13:08:11 [조작] 책 좌표 정함 (-0.3589, -0.0023, +0.2118) — 관측 2개 · 책 1권 · 고른 책 2개 (x 흔들림 3 mm) → 축마다 중앙값
13:08:11 [조작] 작업 job_c9e02e09b588 book=book_003 트레이 칸 0 파지 [-0.35885441255417666, -0.0022815367834904815, 0.1359297504268383] (vision) → (-0.35, 0.5438500024676323, 0.3399) 삽입 속도 0.030 m/s
13:08:27 [시뮬] [JUDGE] 손 안 어긋남(406) **판별불가** — 키네마틱 파지는 매 스텝 책을 손에 맞춰 다시 써 넣는다. 이 신호는 마찰 파지(SIM_GRASP_KINEMATIC=0)에서만 의미가 있다
13:08:36 [시뮬] [JUDGE] rise=16.9cm(ok) width=13.6mm = 지령 13.6mm (책 반두께 17.6) → **판별불가** [키네마틱 파지라 빈손이어도 같은 값이 나온다]
13:10:37 [FSM] FSM transition completed: PLACE_BOOK -> UPDATE_DATA
13:10:37 [FSM] FSM transition completed: UPDATE_DATA -> NEXT_BOOK
13:10:37 [FSM] FSM transition completed: NEXT_BOOK -> SELECT_BOOK
13:10:37 [FSM] FSM transition completed: SELECT_BOOK -> NAV_TO_SHELF
13:10:37 [FSM] Navigation succeeded: Navigation waypoint is already satisfied in simulation.
13:10:37 [FSM] FSM transition completed: NAV_TO_SHELF -> DETECT_TARGET_SLOT
13:10:37 [조작] PlaceBook 성공 job=job_c9e02e09b588 code=0(OK) phase= 배치 확인
13:10:37 [조작] 베이스 회전 명령 전송 (목표 yaw +0°, 서가 거리 0.444)
13:10:37 [시뮬] [JUDGE] width_hold=판별불가[키네마틱] (13.6 → 최소 13.6 mm, 한쪽 기준)
13:10:37 [시뮬] 작업 job_c9e02e09b588 SUCCEEDED {'phase': 'verify', 'message': '배치 확인', 'placement_verified': True, 'checks': {'upright': True, 'depth': True, 'spine': True, 'x': True, 'floor': True, 'skew': True, 'no_jam': True}, 'fallen
13:10:37 [시뮬] 서가 앞면 0.444 m → 목표 0.444 m (앞뒤 +0.000), 서가 중심 팔기준 x -0.623 → 옆으로 -0.623: 차체를 0.623 m 옮긴다
13:10:44 [조작] 베이스 회전 완료
13:10:44 [시뮬] 서가 앞면 실측 0.444 m (목표 0.444), 서가 x 범위 팔기준 -0.71~+0.71
13:10:44 [시뮬] [재측정] 스윕 없이 빈칸만 다시 재고 관측 자세로 돌아간다 — 서가 /World/bookshelves_main/shelf_brown__book_shelf_01 · 판 [1.042, 0.498] · 빈칸 4개 · 관측 자세까지 Δ최대 1.311 rad
13:10:50 [FSM] Empty slot detected: frame_id=arm_base_link, x=-0.350, y=0.544, z=0.884, confidence=1.00, candidate_count=7
13:10:50 [FSM] FSM transition completed: DETECT_TARGET_SLOT -> PLACE_BOOK
13:10:50 [FSM] Book-placement goal was accepted.
13:10:50 [조작] 빈칸 관측 버림 (서가 밖): (-0.780, 0.504, 0.188) 서가 x -0.66~0.66 y 0.41~0.80 z -0.33~2.19
13:10:50 [조작] 빈칸 관측 버림 (서가 밖): (-0.782, 0.485, 0.114) 서가 x -0.66~0.66 y 0.41~0.80 z -0.33~2.19
13:10:50 [조작] 빈칸 선택: 책 사이 틈 관측 (-0.401, 0.523, 0.356) → 칸 중심 y 0.544, z 0.884 (판 높이로 스냅); 꽂기 전 차체를 옆으로 -0.051 m 옮겨 틈을 x -0.35 에 둔다
13:10:50 [조작] 빈 슬롯 스캔 완료: (-0.35, 0.5439, 0.8839), 삽입깊이 0.300m
13:10:50 [조작] 베이스 회전 명령 전송 (목표 yaw +0°, 서가 거리 0.444)
13:10:50 [시뮬] 작업 job_c9e02e09b588:scan SUCCEEDED {'phase': 'scan_done', 'message': '서가 스캔 완료', 'placement_verified': False, 'sim_steps': 324, 'render_steps': 324} (6.3s)
13:10:50 [시뮬] 서가 앞면 0.444 m → 목표 0.444 m (앞뒤 -0.000), 서가 중심 팔기준 x -0.051 → 옆으로 -0.051: 차체를 0.051 m 옮긴다
13:10:51 [비전] ROI 밖 책: (-0.101, -0.701, -0.341) @arm_base_link
13:10:51 [비전] ROI 밖 책 1권 제외 (남은 1권). ROI [-0.4, -0.2, 0.0] ~ [-0.26, 0.4, 0.32] @arm_base_link
13:10:51 [비전] Book picked(best): xyz=(-0.342, -0.104, 0.212), center=(189, 325), conf=0.67, depth=patch, yaw=0.000 rad (후보 1권)
13:10:51 [조작] 베이스 회전 완료
13:10:51 [시뮬] 서가 앞면 실측 0.444 m (목표 0.444), 서가 x 범위 팔기준 -0.66~+0.76
13:10:52 [비전] ROI 밖 책: (-0.107, -0.714, -0.341) @arm_base_link
13:10:52 [비전] ROI 밖 책 1권 제외 (남은 1권). ROI [-0.4, -0.2, 0.0] ~ [-0.26, 0.4, 0.32] @arm_base_link
13:10:52 [비전] Book picked(best): xyz=(-0.342, -0.104, 0.212), center=(189, 325), conf=0.70, depth=patch, yaw=0.000 rad (후보 1권)
13:10:52 [조작] 책 좌표 정함 (-0.3421, -0.1039, +0.2122) — 관측 2개 · 책 1권 · 고른 책 2개 (x 흔들림 0 mm) → 축마다 중앙값
13:10:52 [조작] 작업 job_c9e02e09b588 book=book_004 트레이 칸 1 파지 [-0.3421045404517678, -0.10385358326972585, 0.1363736070411342] (vision) → (-0.35, 0.5438500024676323, 0.8839) 삽입 속도 0.030 m/s
13:11:11 [시뮬] [JUDGE] 손 안 어긋남(406) **판별불가** — 키네마틱 파지는 매 스텝 책을 손에 맞춰 다시 써 넣는다. 이 신호는 마찰 파지(SIM_GRASP_KINEMATIC=0)에서만 의미가 있다
13:11:19 [시뮬] [JUDGE] rise=16.9cm(ok) width=17.6mm = 지령 17.6mm (책 반두께 21.6) → **판별불가** [키네마틱 파지라 빈손이어도 같은 값이 나온다]
13:13:15 [FSM] FSM transition completed: PLACE_BOOK -> UPDATE_DATA
13:13:15 [FSM] FSM transition completed: UPDATE_DATA -> NEXT_BOOK
13:13:15 [FSM] FSM transition completed: NEXT_BOOK -> SELECT_BOOK
13:13:15 [FSM] FSM transition completed: SELECT_BOOK -> NAV_TO_SHELF
13:13:15 [조작] PlaceBook 성공 job=job_c9e02e09b588 code=0(OK) phase= 배치 확인
13:13:15 [시뮬] [JUDGE] width_hold=판별불가[키네마틱] (17.6 → 최소 17.6 mm, 한쪽 기준)
13:13:15 [시뮬] 작업 job_c9e02e09b588 SUCCEEDED {'phase': 'verify', 'message': '배치 확인', 'placement_verified': True, 'checks': {'upright': True, 'depth': True, 'spine': True, 'x': True, 'floor': True, 'skew': True, 'no_jam': True}, 'fallen
13:13:49 [시뮬] [주행] 도착 (+2.535, -3.019)
13:13:52 [시뮬] [주행] 회전 끝 — **실측** yaw +0.00° (목표 +0.00°)
13:13:53 [FSM] Navigation succeeded: Navigation completed.
13:13:53 [FSM] FSM transition completed: NAV_TO_SHELF -> DETECT_TARGET_SLOT
13:13:53 [조작] 베이스 회전 명령 전송 (목표 yaw +0°, 서가 거리 0.444)
13:13:53 [시뮬] [주행] 도착 (+2.535, -3.019)
13:13:53 [시뮬] 서가 앞면 0.443 m → 목표 0.444 m (앞뒤 -0.001), 서가 중심 팔기준 x -0.261 → 옆으로 -0.261: 차체를 0.261 m 옮긴다
13:13:56 [조작] 베이스 회전 완료
13:13:56 [시뮬] 서가 앞면 실측 0.444 m (목표 0.444), 서가 x 범위 팔기준 -0.71~+0.71
13:13:56 [시뮬] [재측정] 스윕 없이 빈칸만 다시 재고 관측 자세로 돌아간다 — 서가 /World/bookshelves_main/shelf_brown__book_shelf_11 · 판 [1.042, 0.498] · 빈칸 2개 · 관측 자세까지 Δ최대 1.541 rad
13:14:03 [시뮬] 작업 job_c9e02e09b588:scan SUCCEEDED {'phase': 'scan_done', 'message': '서가 스캔 완료', 'placement_verified': False, 'sim_steps': 380, 'render_steps': 380} (7.5s)
13:14:03 [시뮬] [스윕] 시작 자세 q=[2.0937, -0.5756, 0.5627, -1.8915, 0.2999, 1.3974, 0.2783]
13:14:03 [시뮬] [스윕] 판 1.042 (팔기준 z 0.712, 앞면 0.444) 정지점 5/5 여유 0.518 rad 최대변화 0.06 길이 2.68
13:14:03 [시뮬] [스윕] 판 0.498 (팔기준 z 0.168, 앞면 0.444) 정지점 5/5 여유 0.221 rad 최대변화 0.05 길이 2.45
13:14:03 [시뮬] 스윕 시작: 판 [1.042, 0.498], 정지점 10개, 정지 1.2s
13:14:03 [시뮬] [판목록] 레벨 실측 [0.4976, 1.0417, 1.5812, 2.0582, 2.52] · 쓰는 값 [0.497, 0.498, 1.042] · 차이 [-0.3, -0.4, +0.6] mm  (그림자 — 판단은 상수 그대로)
13:14:08 [비전] ROI 밖 책: (-0.627, 0.507, 0.833) @arm_base_link
13:14:08 [비전] ROI 밖 책 1권 제외 (남은 0권). ROI [-0.4, -0.2, 0.0] ~ [-0.26, 0.4, 0.32] @arm_base_link
13:14:08 [비전] Empty center pixel=(263, 198), shelf_front_z=2.394m; Depth L/C/R=2.393/4.410/2.396m; center-left=2.017m, center-right=2.014m; contrast=PASS
13:14:08 [비전] Empty shelf target: xyz=(-0.780, 2.612, 1.385)
13:14:10 [비전] ROI 밖 책: (0.320, 0.559, 0.397) @arm_base_link
13:14:10 [비전] ROI 밖 책: (0.237, 0.554, 0.420) @arm_base_link
13:14:10 [비전] ROI 밖 책: (0.022, 0.547, 0.396) @arm_base_link
13:14:10 [비전] ROI 밖 책: (0.095, 0.532, 0.396) @arm_base_link
13:14:10 [비전] ROI 밖 책 4권 제외 (남은 0권). ROI [-0.4, -0.2, 0.0] ~ [-0.26, 0.4, 0.32] @arm_base_link
13:14:12 [비전] ROI 밖 책: (0.460, 0.547, 0.394) @arm_base_link
13:14:12 [비전] ROI 밖 책: (0.500, 0.560, 0.394) @arm_base_link
13:14:12 [비전] ROI 밖 책: (0.094, 0.532, 0.396) @arm_base_link
13:14:12 [비전] ROI 밖 책: (0.259, 0.522, 0.397) @arm_base_link
13:14:12 [비전] ROI 밖 책: (0.428, 0.537, 0.395) @arm_base_link
13:14:12 [비전] ROI 밖 책: (0.346, 0.537, 0.396) @arm_base_link
13:14:12 [비전] ROI 밖 책: (0.134, 0.533, 0.391) @arm_base_link
13:14:12 [비전] ROI 밖 책: (0.366, 0.580, 0.395) @arm_base_link
13:14:12 [비전] ROI 밖 책: (0.522, 0.559, 0.396) @arm_base_link
13:14:12 [비전] ROI 밖 책: (0.385, 0.549, 0.395) @arm_base_link
13:14:12 [비전] ROI 밖 책: (0.449, 0.540, 0.393) @arm_base_link
13:14:12 [비전] ROI 밖 책: (0.297, 0.521, 0.395) @arm_base_link
13:14:12 [비전] ROI 밖 책 12권 제외 (남은 0권). ROI [-0.4, -0.2, 0.0] ~ [-0.26, 0.4, 0.32] @arm_base_link
13:14:15 [비전] ROI 밖 책: (0.428, 0.536, 0.395) @arm_base_link
13:14:15 [비전] ROI 밖 책: (0.267, 0.534, 0.392) @arm_base_link
13:14:15 [비전] ROI 밖 책: (0.492, 0.546, 0.394) @arm_base_link
13:14:15 [비전] ROI 밖 책: (0.377, 0.528, 0.395) @arm_base_link
13:14:15 [비전] ROI 밖 책: (0.299, 0.524, 0.396) @arm_base_link
13:14:15 [비전] ROI 밖 책: (0.458, 0.543, 0.394) @arm_base_link
13:14:15 [비전] ROI 밖 책: (0.490, 0.537, 0.393) @arm_base_link
13:14:15 [비전] ROI 밖 책: (0.045, 0.550, 0.394) @arm_base_link
13:14:15 [비전] ROI 밖 책: (-0.018, 0.546, 0.394) @arm_base_link
13:14:15 [비전] ROI 밖 책: (0.443, 0.530, 0.395) @arm_base_link
13:14:15 [비전] ROI 밖 책: (0.576, 0.549, 0.394) @arm_base_link
13:14:15 [비전] ROI 밖 책: (0.339, 0.523, 0.396) @arm_base_link
13:14:15 [비전] ROI 밖 책 12권 제외 (남은 0권). ROI [-0.4, -0.2, 0.0] ~ [-0.26, 0.4, 0.32] @arm_base_link
13:14:15 [비전] Empty center pixel=(300, 296), shelf_front_z=0.519m; Depth L/C/R=0.553/2.480/0.485m; center-left=1.927m, center-right=1.996m; contrast=PASS
13:14:15 [비전] Empty shelf target: xyz=(0.142, 0.612, 0.842)
13:14:17 [비전] ROI 밖 책: (0.246, 0.519, 0.394) @arm_base_link
13:14:17 [비전] ROI 밖 책: (0.268, 0.521, 0.394) @arm_base_link
13:14:17 [비전] ROI 밖 책: (0.497, 0.550, 0.393) @arm_base_link
13:14:17 [비전] ROI 밖 책: (0.481, 0.542, 0.393) @arm_base_link
13:14:17 [비전] ROI 밖 책: (0.581, 0.576, 0.394) @arm_base_link
13:14:17 [비전] ROI 밖 책: (0.606, 0.556, 0.407) @arm_base_link
13:14:17 [비전] ROI 밖 책: (0.595, 0.530, 0.395) @arm_base_link
13:14:17 [비전] ROI 밖 책: (0.049, 0.550, 0.394) @arm_base_link
13:14:17 [비전] ROI 밖 책: (0.430, 0.546, 0.394) @arm_base_link
13:14:17 [비전] ROI 밖 책: (0.461, 0.532, 0.394) @arm_base_link
13:14:17 [비전] ROI 밖 책: (0.382, 0.527, 0.395) @arm_base_link
13:14:17 [비전] ROI 밖 책 11권 제외 (남은 0권). ROI [-0.4, -0.2, 0.0] ~ [-0.26, 0.4, 0.32] @arm_base_link
13:14:17 [비전] Empty center pixel=(182, 290), shelf_front_z=0.452m; Depth L/C/R=0.492/4.634/0.412m; center-left=4.142m, center-right=4.222m; contrast=PASS
13:14:17 [비전] Empty shelf target: xyz=(0.153, 0.547, 0.856)
13:14:21 [비전] ROI 밖 책: (0.122, 0.481, 0.339) @arm_base_link
13:14:21 [비전] ROI 밖 책: (0.166, 0.483, 0.335) @arm_base_link
13:14:21 [비전] ROI 밖 책: (-1.016, 0.178, -0.340) @arm_base_link
13:14:21 [비전] ROI 밖 책: (0.302, 0.479, 0.321) @arm_base_link
13:14:21 [비전] ROI 밖 책: (0.081, 0.477, 0.339) @arm_base_link
13:14:21 [비전] ROI 밖 책 5권 제외 (남은 0권). ROI [-0.4, -0.2, 0.0] ~ [-0.26, 0.4, 0.32] @arm_base_link
13:14:21 [비전] Empty center pixel=(157, 335), shelf_front_z=0.849m; Depth L/C/R=0.942/1.087/0.756m; center-left=0.145m, center-right=0.331m; contrast=PASS
13:14:21 [비전] Empty shelf target: xyz=(-0.786, 0.519, 0.173)
13:14:24 [비전] ROI 밖 책: (0.367, 0.477, 0.328) @arm_base_link
13:14:24 [비전] ROI 밖 책: (0.167, 0.484, 0.345) @arm_base_link
13:14:24 [비전] ROI 밖 책: (0.323, 0.477, 0.330) @arm_base_link
13:14:24 [비전] ROI 밖 책: (0.275, 0.482, 0.319) @arm_base_link
13:14:24 [비전] ROI 밖 책: (0.129, 0.483, 0.337) @arm_base_link
13:14:24 [비전] ROI 밖 책: (-0.714, 0.091, -0.001) @arm_base_link
13:14:24 [비전] ROI 밖 책: (0.301, 0.477, 0.322) @arm_base_link
13:14:24 [비전] ROI 밖 책: (0.464, 0.475, 0.345) @arm_base_link
13:14:24 [비전] ROI 밖 책 8권 제외 (남은 0권). ROI [-0.4, -0.2, 0.0] ~ [-0.26, 0.4, 0.32] @arm_base_link
13:14:24 [비전] Empty center pixel=(354, 279), shelf_front_z=0.705m; Depth L/C/R=0.707/1.999/0.702m; center-left=1.292m, center-right=1.297m; contrast=PASS
13:14:24 [비전] Empty shelf target: xyz=(-0.101, 0.492, 0.366)
13:14:26 [비전] ROI 밖 책: (0.368, 0.476, 0.334) @arm_base_link
13:14:26 [비전] ROI 밖 책: (0.331, 0.478, 0.332) @arm_base_link
13:14:26 [비전] ROI 밖 책: (0.171, 0.483, 0.350) @arm_base_link
13:14:26 [비전] ROI 밖 책: (0.281, 0.480, 0.328) @arm_base_link
13:14:26 [비전] ROI 밖 책: (0.923, 0.492, -0.312) @arm_base_link
13:14:26 [비전] ROI 밖 책: (0.129, 0.485, 0.349) @arm_base_link
13:14:26 [비전] ROI 밖 책 6권 제외 (남은 0권). ROI [-0.4, -0.2, 0.0] ~ [-0.26, 0.4, 0.32] @arm_base_link
13:14:26 [비전] Empty center pixel=(286, 280), shelf_front_z=0.704m; Depth L/C/R=0.716/1.990/0.692m; center-left=1.274m, center-right=1.298m; contrast=PASS
13:14:26 [비전] Empty shelf target: xyz=(-0.076, 0.490, 0.364)
13:14:28 [비전] ROI 밖 책: (0.339, 0.479, 0.326) @arm_base_link
13:14:28 [비전] ROI 밖 책: (0.375, 0.475, 0.325) @arm_base_link
13:14:28 [비전] ROI 밖 책: (0.557, 0.038, -0.341) @arm_base_link
13:14:28 [비전] ROI 밖 책: (0.443, 0.471, 0.356) @arm_base_link
13:14:28 [비전] ROI 밖 책: (0.482, 0.478, 0.351) @arm_base_link
13:14:28 [비전] ROI 밖 책: (0.572, 0.088, -0.341) @arm_base_link
13:14:28 [비전] ROI 밖 책 6권 제외 (남은 0권). ROI [-0.4, -0.2, 0.0] ~ [-0.26, 0.4, 0.32] @arm_base_link
13:14:28 [비전] Empty center pixel=(214, 280), shelf_front_z=0.717m; Depth L/C/R=0.742/1.973/0.693m; center-left=1.231m, center-right=1.280m; contrast=PASS
13:14:28 [비전] Empty shelf target: xyz=(-0.066, 0.501, 0.357)
13:14:30 [비전] ROI 밖 책: (0.484, 0.489, 0.362) @arm_base_link
13:14:30 [비전] ROI 밖 책: (0.557, 0.488, 0.365) @arm_base_link
13:14:30 [비전] ROI 밖 책: (0.591, 0.477, 0.345) @arm_base_link
13:14:30 [비전] ROI 밖 책: (0.453, 0.473, 0.343) @arm_base_link
13:14:30 [비전] ROI 밖 책 4권 제외 (남은 0권). ROI [-0.4, -0.2, 0.0] ~ [-0.26, 0.4, 0.32] @arm_base_link
13:14:30 [비전] Empty center pixel=(140, 279), shelf_front_z=0.717m; Depth L/C/R=0.745/0.698/0.690m; center-left=-0.047m, center-right=0.008m; contrast=CHECK
13:14:37 [FSM] Empty slot detected: frame_id=arm_base_link, x=-0.350, y=0.544, z=0.340, confidence=1.00, candidate_count=7
13:14:37 [FSM] FSM transition completed: DETECT_TARGET_SLOT -> PLACE_BOOK
13:14:37 [FSM] Book-placement goal was accepted.
13:14:37 [조작] 빈칸 관측 버림 (서가 밖): (-0.780, 2.612, 1.385) 서가 x -0.66~0.66 y 0.41~0.80 z -0.33~2.19
13:14:37 [조작] 빈칸 관측 버림 (서가 밖): (-0.786, 0.519, 0.173) 서가 x -0.66~0.66 y 0.41~0.80 z -0.33~2.19
13:14:37 [조작] 빈칸 선택: 책 사이 틈 관측 (-0.090, 0.501, 0.357) → 칸 중심 y 0.544, z 0.340 (판 높이로 스냅); 꽂기 전 차체를 옆으로 +0.260 m 옮겨 틈을 x -0.35 에 둔다
13:14:37 [조작] 빈 슬롯 스캔 완료: (-0.35, 0.5439, 0.3399), 삽입깊이 0.300m
13:14:37 [조작] 베이스 회전 명령 전송 (목표 yaw +0°, 서가 거리 0.444)
13:14:37 [시뮬] 작업 job_c9e02e09b588:scan SUCCEEDED {'phase': 'scan_done', 'message': '서가 스캔 완료', 'placement_verified': False, 'sim_steps': 1829, 'render_steps': 1829} (34.3s)
13:14:38 [시뮬] 서가 앞면 0.444 m → 목표 0.444 m (앞뒤 +0.000), 서가 중심 팔기준 x +0.260 → 옆으로 +0.260: 차체를 0.260 m 옮긴다
13:14:40 [비전] ROI 밖 책: (-0.136, -0.673, -0.341) @arm_base_link
13:14:40 [비전] ROI 밖 책 1권 제외 (남은 0권). ROI [-0.4, -0.2, 0.0] ~ [-0.26, 0.4, 0.32] @arm_base_link
13:14:40 [조작] 베이스 회전 완료
13:14:40 [시뮬] 서가 앞면 실측 0.444 m (목표 0.444), 서가 x 범위 팔기준 -0.97~+0.45
13:14:41 [비전] ROI 밖 책: (-0.126, -0.667, -0.341) @arm_base_link
13:14:41 [비전] ROI 밖 책 1권 제외 (남은 0권). ROI [-0.4, -0.2, 0.0] ~ [-0.26, 0.4, 0.32] @arm_base_link
13:14:41 [비전] ROI 밖 책: (-0.120, -0.676, -0.341) @arm_base_link
13:14:41 [비전] ROI 밖 책 1권 제외 (남은 0권). ROI [-0.4, -0.2, 0.0] ~ [-0.26, 0.4, 0.32] @arm_base_link
13:14:42 [비전] ROI 밖 책: (-0.114, -0.676, -0.341) @arm_base_link
13:14:42 [비전] ROI 밖 책: (-0.155, 0.477, 0.220) @arm_base_link
13:14:42 [비전] ROI 밖 책 2권 제외 (남은 0권). ROI [-0.4, -0.2, 0.0] ~ [-0.26, 0.4, 0.32] @arm_base_link
13:14:42 [비전] ROI 밖 책: (-0.114, -0.673, -0.341) @arm_base_link
13:14:42 [비전] ROI 밖 책 1권 제외 (남은 0권). ROI [-0.4, -0.2, 0.0] ~ [-0.26, 0.4, 0.32] @arm_base_link
13:14:43 [비전] ROI 밖 책: (-0.120, -0.673, -0.341) @arm_base_link
13:14:43 [비전] ROI 밖 책: (-0.156, 0.477, 0.220) @arm_base_link
13:14:43 [비전] ROI 밖 책 2권 제외 (남은 0권). ROI [-0.4, -0.2, 0.0] ~ [-0.26, 0.4, 0.32] @arm_base_link
13:14:43 [비전] ROI 밖 책: (-0.111, -0.673, -0.341) @arm_base_link
13:14:43 [비전] ROI 밖 책 1권 제외 (남은 0권). ROI [-0.4, -0.2, 0.0] ~ [-0.26, 0.4, 0.32] @arm_base_link
13:14:45 [비전] ROI 밖 책: (-0.117, -0.673, -0.341) @arm_base_link
13:14:45 [비전] ROI 밖 책: (0.478, 0.346, -0.341) @arm_base_link
13:14:45 [비전] ROI 밖 책 2권 제외 (남은 0권). ROI [-0.4, -0.2, 0.0] ~ [-0.26, 0.4, 0.32] @arm_base_link
13:14:45 [비전] ROI 밖 책: (-0.126, -0.670, -0.341) @arm_base_link
13:14:45 [비전] ROI 밖 책 1권 제외 (남은 0권). ROI [-0.4, -0.2, 0.0] ~ [-0.26, 0.4, 0.32] @arm_base_link
13:14:46 [비전] ROI 밖 책: (-0.123, -0.673, -0.341) @arm_base_link
13:14:46 [비전] ROI 밖 책 1권 제외 (남은 0권). ROI [-0.4, -0.2, 0.0] ~ [-0.26, 0.4, 0.32] @arm_base_link
13:14:46 [비전] ROI 밖 책: (-0.129, -0.670, -0.341) @arm_base_link
13:14:46 [비전] ROI 밖 책 1권 제외 (남은 1권). ROI [-0.4, -0.2, 0.0] ~ [-0.26, 0.4, 0.32] @arm_base_link
13:14:46 [비전] Book picked(best): xyz=(-0.368, -0.187, 0.187), center=(140, 307), conf=0.57, depth=patch, yaw=0.000 rad (후보 1권)
13:14:47 [비전] ROI 밖 책: (-0.117, -0.670, -0.341) @arm_base_link
13:14:47 [비전] ROI 밖 책 1권 제외 (남은 1권). ROI [-0.4, -0.2, 0.0] ~ [-0.26, 0.4, 0.32] @arm_base_link
13:14:47 [비전] Book picked(best): xyz=(-0.370, -0.188, 0.160), center=(149, 307), conf=0.56, depth=patch, yaw=0.000 rad (후보 1권)
13:14:47 [조작] 책 좌표 정함 (-0.3690, -0.1874, +0.1738) — 관측 2개 · 책 1권 · 고른 책 2개 (x 흔들림 1 mm) → 축마다 중앙값
13:14:47 [조작] 작업 job_c9e02e09b588 book=book_001 트레이 칸 2 파지 [-0.36899635147001353, -0.18735945565087628, 0.09791096209748207] (vision) → (-0.35, 0.5438500024676323, 0.3399) 삽입 속도 0.030 m/s
13:15:03 [시뮬] [JUDGE] 손 안 어긋남(406) **판별불가** — 키네마틱 파지는 매 스텝 책을 손에 맞춰 다시 써 넣는다. 이 신호는 마찰 파지(SIM_GRASP_KINEMATIC=0)에서만 의미가 있다
13:15:11 [시뮬] [JUDGE] rise=16.9cm(ok) width=15.1mm = 지령 15.1mm (책 반두께 19.1) → **판별불가** [키네마틱 파지라 빈손이어도 같은 값이 나온다]
13:17:10 [FSM] FSM transition completed: PLACE_BOOK -> UPDATE_DATA
13:17:10 [FSM] FSM transition completed: UPDATE_DATA -> NEXT_BOOK
13:17:10 [FSM] FSM transition completed: NEXT_BOOK -> SELECT_BOOK
13:17:10 [FSM] FSM transition completed: SELECT_BOOK -> NAV_TO_SHELF
13:17:10 [FSM] Navigation succeeded: Navigation waypoint is already satisfied in simulation.
13:17:10 [FSM] FSM transition completed: NAV_TO_SHELF -> DETECT_TARGET_SLOT
13:17:10 [조작] PlaceBook 성공 job=job_c9e02e09b588 code=0(OK) phase= 배치 확인
13:17:10 [조작] 베이스 회전 명령 전송 (목표 yaw +0°, 서가 거리 0.444)
13:17:10 [시뮬] [JUDGE] width_hold=판별불가[키네마틱] (15.1 → 최소 15.1 mm, 한쪽 기준)
13:17:10 [시뮬] 작업 job_c9e02e09b588 SUCCEEDED {'phase': 'verify', 'message': '배치 확인', 'placement_verified': True, 'checks': {'upright': True, 'depth': True, 'spine': True, 'x': True, 'floor': True, 'skew': True, 'no_jam': True}, 'fallen
13:17:10 [시뮬] 서가 앞면 0.444 m → 목표 0.444 m (앞뒤 +0.000), 서가 중심 팔기준 x -0.260 → 옆으로 -0.260: 차체를 0.260 m 옮긴다
13:17:12 [조작] 베이스 회전 완료
13:17:12 [시뮬] 서가 앞면 실측 0.444 m (목표 0.444), 서가 x 범위 팔기준 -0.71~+0.71
13:17:12 [시뮬] [재측정] 스윕 없이 빈칸만 다시 재고 관측 자세로 돌아간다 — 서가 /World/bookshelves_main/shelf_brown__book_shelf_11 · 판 [1.042, 0.498] · 빈칸 3개 · 관측 자세까지 Δ최대 1.311 rad
13:17:19 [FSM] Empty slot detected: frame_id=arm_base_link, x=-0.350, y=0.544, z=0.884, confidence=1.00, candidate_count=7
13:17:19 [FSM] FSM transition completed: DETECT_TARGET_SLOT -> PLACE_BOOK
13:17:19 [FSM] Book-placement goal was accepted.
13:17:19 [조작] 빈칸 관측 버림 (서가 밖): (-0.780, 2.612, 1.385) 서가 x -0.66~0.66 y 0.41~0.80 z -0.33~2.19
13:17:19 [조작] 빈칸 관측 버림 (서가 밖): (-0.786, 0.519, 0.173) 서가 x -0.66~0.66 y 0.41~0.80 z -0.33~2.19
13:17:19 [조작] 빈칸 선택: 책 사이 틈 관측 (0.139, 0.501, 0.357) → 칸 중심 y 0.544, z 0.884 (판 높이로 스냅); 꽂기 전 차체를 옆으로 +0.489 m 옮겨 틈을 x -0.35 에 둔다
13:17:19 [조작] 빈 슬롯 스캔 완료: (-0.35, 0.5439, 0.8839), 삽입깊이 0.300m
13:17:19 [조작] 베이스 회전 명령 전송 (목표 yaw +0°, 서가 거리 0.444)
13:17:19 [시뮬] 작업 job_c9e02e09b588:scan SUCCEEDED {'phase': 'scan_done', 'message': '서가 스캔 완료', 'placement_verified': False, 'sim_steps': 324, 'render_steps': 324} (6.3s)
13:17:19 [시뮬] 서가 앞면 0.444 m → 목표 0.444 m (앞뒤 -0.000), 서가 중심 팔기준 x +0.489 → 옆으로 +0.489: 차체를 0.489 m 옮긴다
13:17:23 [비전] ROI 밖 책: (-0.101, -0.698, -0.341) @arm_base_link
13:17:23 [비전] ROI 밖 책: (-0.399, 0.476, 0.224) @arm_base_link
13:17:23 [비전] ROI 밖 책 2권 제외 (남은 0권). ROI [-0.4, -0.2, 0.0] ~ [-0.26, 0.4, 0.32] @arm_base_link
13:17:23 [조작] 베이스 회전 완료
13:17:23 [시뮬] 서가 앞면 실측 0.444 m (목표 0.444), 서가 x 범위 팔기준 -1.20~+0.22
13:17:24 [비전] ROI 밖 책: (-0.101, -0.698, -0.341) @arm_base_link
13:17:24 [비전] ROI 밖 책: (-0.399, 0.476, 0.224) @arm_base_link
13:17:24 [비전] ROI 밖 책 2권 제외 (남은 0권). ROI [-0.4, -0.2, 0.0] ~ [-0.26, 0.4, 0.32] @arm_base_link
13:17:24 [비전] ROI 밖 책: (-0.101, -0.695, -0.341) @arm_base_link
13:17:24 [비전] ROI 밖 책: (-0.399, 0.476, 0.224) @arm_base_link
13:17:24 [비전] ROI 밖 책 2권 제외 (남은 0권). ROI [-0.4, -0.2, 0.0] ~ [-0.26, 0.4, 0.32] @arm_base_link
13:17:25 [비전] ROI 밖 책: (-0.101, -0.692, -0.341) @arm_base_link
13:17:25 [비전] ROI 밖 책: (-0.398, 0.475, 0.224) @arm_base_link
13:17:25 [비전] ROI 밖 책: (-0.450, 0.151, 0.212) @arm_base_link
13:17:25 [비전] ROI 밖 책 3권 제외 (남은 0권). ROI [-0.4, -0.2, 0.0] ~ [-0.26, 0.4, 0.32] @arm_base_link
13:17:26 [비전] ROI 밖 책: (-0.101, -0.695, -0.341) @arm_base_link
13:17:26 [비전] ROI 밖 책: (-0.398, 0.475, 0.222) @arm_base_link
13:17:26 [비전] ROI 밖 책: (-0.450, 0.153, 0.212) @arm_base_link
13:17:26 [비전] ROI 밖 책 3권 제외 (남은 1권). ROI [-0.4, -0.2, 0.0] ~ [-0.26, 0.4, 0.32] @arm_base_link
13:17:26 [비전] Book picked(best): xyz=(-0.335, 0.151, 0.213), center=(371, 330), conf=0.64, depth=patch, yaw=0.000 rad (후보 1권)
13:17:26 [비전] ROI 밖 책: (-0.101, -0.698, -0.341) @arm_base_link
13:17:26 [비전] ROI 밖 책: (-0.398, 0.475, 0.222) @arm_base_link
13:17:26 [비전] ROI 밖 책: (-0.450, 0.153, 0.212) @arm_base_link
13:17:26 [비전] ROI 밖 책 3권 제외 (남은 1권). ROI [-0.4, -0.2, 0.0] ~ [-0.26, 0.4, 0.32] @arm_base_link
13:17:26 [비전] Book picked(best): xyz=(-0.335, 0.151, 0.213), center=(371, 330), conf=0.69, depth=patch, yaw=0.000 rad (후보 1권)
13:17:26 [조작] 책 좌표 정함 (-0.3349, +0.1512, +0.2128) — 관측 2개 · 책 1권 · 고른 책 2개 (x 흔들림 0 mm) → 축마다 중앙값
13:17:26 [조작] 작업 job_c9e02e09b588 book=book_002 트레이 칸 3 파지 [-0.33491451361414043, 0.15115865365526862, 0.13695721570697383] (vision) → (-0.35, 0.5438500024676323, 0.8839) 삽입 속도 0.030 m/s
13:17:48 [시뮬] [JUDGE] 손 안 어긋남(406) **판별불가** — 키네마틱 파지는 매 스텝 책을 손에 맞춰 다시 써 넣는다. 이 신호는 마찰 파지(SIM_GRASP_KINEMATIC=0)에서만 의미가 있다
13:17:55 [시뮬] [JUDGE] rise=16.9cm(ok) width=12.8mm = 지령 12.8mm (책 반두께 16.8) → **판별불가** [키네마틱 파지라 빈손이어도 같은 값이 나온다]
13:19:55 [FSM] FSM transition completed: PLACE_BOOK -> UPDATE_DATA
13:19:55 [FSM] FSM transition completed: UPDATE_DATA -> NEXT_BOOK
13:19:55 [FSM] FSM transition completed: NEXT_BOOK -> RETURN_HOME
13:19:55 [조작] PlaceBook 성공 job=job_c9e02e09b588 code=0(OK) phase= 배치 확인
13:19:55 [시뮬] [JUDGE] width_hold=판별불가[키네마틱] (12.8 → 최소 12.8 mm, 한쪽 기준)
13:19:55 [시뮬] 작업 job_c9e02e09b588 SUCCEEDED {'phase': 'verify', 'message': '배치 확인', 'placement_verified': True, 'checks': {'upright': True, 'depth': True, 'spine': True, 'x': True, 'floor': True, 'skew': True, 'no_jam': True}, 'fallen
13:20:06 [시뮬] [주행] 회전 끝 — **실측** yaw +90.00° (목표 +90.00°)
13:20:09 [FSM] Navigation succeeded: Navigation completed.
13:20:09 [FSM] FSM transition completed: RETURN_HOME -> COMPLETED
13:20:09 [FSM] FSM transition completed: COMPLETED -> IDLE
13:20:09 [시뮬] [주행] 도착 (+4.986, -5.607)
