00:00.194  blend            | Read blend: "/home/rokey/book_dataset/assets/shelf/shelf_filled_render.blend"
/home/rokey/book_dataset/render_book_dataset.py:663: DeprecationWarning: 'Material.use_nodes' is expected to be removed in Blender 6.0
  material.use_nodes = True
00:00.858  render           | Saved: '/home/rokey/book_dataset/dataset_shelf/shelf_filled/images/000000.png'
00:00.893  render           | Saved: '/home/rokey/book_dataset/dataset_shelf/shelf_filled/mask/000000.png'
00:00.919  render           | Saved: '/home/rokey/book_dataset/dataset_shelf/shelf_filled/depth/000000.png'
00:01.010  render           | Saved: '/home/rokey/book_dataset/dataset_shelf/shelf_filled/images/000001.png'
00:01.034  render           | Saved: '/home/rokey/book_dataset/dataset_shelf/shelf_filled/mask/000001.png'
00:01.054  render           | Saved: '/home/rokey/book_dataset/dataset_shelf/shelf_filled/depth/000001.png'
00:01.142  render           | Saved: '/home/rokey/book_dataset/dataset_shelf/shelf_filled/images/000002.png'
00:01.166  render           | Saved: '/home/rokey/book_dataset/dataset_shelf/shelf_filled/mask/000002.png'
00:01.186  render           | Saved: '/home/rokey/book_dataset/dataset_shelf/shelf_filled/depth/000002.png'
00:01.263  render           | Saved: '/home/rokey/book_dataset/dataset_shelf/shelf_filled/images/000003.png'
00:01.287  render           | Saved: '/home/rokey/book_dataset/dataset_shelf/shelf_filled/mask/000003.png'
00:01.308  render           | Saved: '/home/rokey/book_dataset/dataset_shelf/shelf_filled/depth/000003.png'
00:01.393  render           | Saved: '/home/rokey/book_dataset/dataset_shelf/shelf_filled/images/000004.png'
00:01.416  render           | Saved: '/home/rokey/book_dataset/dataset_shelf/shelf_filled/mask/000004.png'
00:01.438  render           | Saved: '/home/rokey/book_dataset/dataset_shelf/shelf_filled/depth/000004.png'
00:01.517  render           | Saved: '/home/rokey/book_dataset/dataset_shelf/shelf_filled/images/000005.png'
00:01.542  render           | Saved: '/home/rokey/book_dataset/dataset_shelf/shelf_filled/mask/000005.png'
00:01.562  render           | Saved: '/home/rokey/book_dataset/dataset_shelf/shelf_filled/depth/000005.png'
00:01.638  render           | Saved: '/home/rokey/book_dataset/dataset_shelf/shelf_filled/images/000006.png'
00:01.665  render           | Saved: '/home/rokey/book_dataset/dataset_shelf/shelf_filled/mask/000006.png'
00:01.685  render           | Saved: '/home/rokey/book_dataset/dataset_shelf/shelf_filled/depth/000006.png'
00:01.770  render           | Saved: '/home/rokey/book_dataset/dataset_shelf/shelf_filled/images/000007.png'
00:01.794  render           | Saved: '/home/rokey/book_dataset/dataset_shelf/shelf_filled/mask/000007.png'
00:01.815  render           | Saved: '/home/rokey/book_dataset/dataset_shelf/shelf_filled/depth/000007.png'
00:01.899  render           | Saved: '/home/rokey/book_dataset/dataset_shelf/shelf_filled/images/000008.png'
00:01.923  render           | Saved: '/home/rokey/book_dataset/dataset_shelf/shelf_filled/mask/000008.png'
00:01.944  render           | Saved: '/home/rokey/book_dataset/dataset_shelf/shelf_filled/depth/000008.png'
00:02.030  render           | Saved: '/home/rokey/book_dataset/dataset_shelf/shelf_filled/images/000009.png'
00:02.053  render           | Saved: '/home/rokey/book_dataset/dataset_shelf/shelf_filled/mask/000009.png'
00:02.074  render           | Saved: '/home/rokey/book_dataset/dataset_shelf/shelf_filled/depth/000009.png'
00:02.146  render           | Saved: '/home/rokey/book_dataset/dataset_shelf/shelf_filled/images/000010.png'
00:02.168  render           | Saved: '/home/rokey/book_dataset/dataset_shelf/shelf_filled/mask/000010.png'
00:02.188  render           | Saved: '/home/rokey/book_dataset/dataset_shelf/shelf_filled/depth/000010.png'
00:02.265  render           | Saved: '/home/rokey/book_dataset/dataset_shelf/shelf_filled/images/000011.png'
00:02.289  render           | Saved: '/home/rokey/book_dataset/dataset_shelf/shelf_filled/mask/000011.png'
00:02.309  render           | Saved: '/home/rokey/book_dataset/dataset_shelf/shelf_filled/depth/000011.png'
00:02.385  render           | Saved: '/home/rokey/book_dataset/dataset_shelf/shelf_filled/images/000012.png'
00:02.410  render           | Saved: '/home/rokey/book_dataset/dataset_shelf/shelf_filled/mask/000012.png'
00:02.429  render           | Saved: '/home/rokey/book_dataset/dataset_shelf/shelf_filled/depth/000012.png'
00:02.506  render           | Saved: '/home/rokey/book_dataset/dataset_shelf/shelf_filled/images/000013.png'
00:02.532  render           | Saved: '/home/rokey/book_dataset/dataset_shelf/shelf_filled/mask/000013.png'
00:02.551  render           | Saved: '/home/rokey/book_dataset/dataset_shelf/shelf_filled/depth/000013.png'
00:02.636  render           | Saved: '/home/rokey/book_dataset/dataset_shelf/shelf_filled/images/000014.png'
00:02.660  render           | Saved: '/home/rokey/book_dataset/dataset_shelf/shelf_filled/mask/000014.png'
00:02.680  render           | Saved: '/home/rokey/book_dataset/dataset_shelf/shelf_filled/depth/000014.png'
00:02.756  render           | Saved: '/home/rokey/book_dataset/dataset_shelf/shelf_filled/images/000015.png'
00:02.780  render           | Saved: '/home/rokey/book_dataset/dataset_shelf/shelf_filled/mask/000015.png'
00:02.800  render           | Saved: '/home/rokey/book_dataset/dataset_shelf/shelf_filled/depth/000015.png'
00:02.877  render           | Saved: '/home/rokey/book_dataset/dataset_shelf/shelf_filled/images/000016.png'
00:02.902  render           | Saved: '/home/rokey/book_dataset/dataset_shelf/shelf_filled/mask/000016.png'
00:02.922  render           | Saved: '/home/rokey/book_dataset/dataset_shelf/shelf_filled/depth/000016.png'
00:02.997  render           | Saved: '/home/rokey/book_dataset/dataset_shelf/shelf_filled/images/000017.png'
00:03.020  render           | Saved: '/home/rokey/book_dataset/dataset_shelf/shelf_filled/mask/000017.png'
00:03.041  render           | Saved: '/home/rokey/book_dataset/dataset_shelf/shelf_filled/depth/000017.png'
00:03.116  render           | Saved: '/home/rokey/book_dataset/dataset_shelf/shelf_filled/images/000018.png'
00:03.139  render           | Saved: '/home/rokey/book_dataset/dataset_shelf/shelf_filled/mask/000018.png'
00:03.159  render           | Saved: '/home/rokey/book_dataset/dataset_shelf/shelf_filled/depth/000018.png'
00:03.234  render           | Saved: '/home/rokey/book_dataset/dataset_shelf/shelf_filled/images/000019.png'
00:03.259  render           | Saved: '/home/rokey/book_dataset/dataset_shelf/shelf_filled/mask/000019.png'
00:03.278  render           | Saved: '/home/rokey/book_dataset/dataset_shelf/shelf_filled/depth/000019.png'
00:03.362  render           | Saved: '/home/rokey/book_dataset/dataset_shelf/shelf_filled/images/000020.png'
00:03.385  render           | Saved: '/home/rokey/book_dataset/dataset_shelf/shelf_filled/mask/000020.png'
00:03.406  render           | Saved: '/home/rokey/book_dataset/dataset_shelf/shelf_filled/depth/000020.png'
00:03.495  render           | Saved: '/home/rokey/book_dataset/dataset_shelf/shelf_filled/images/000021.png'
00:03.519  render           | Saved: '/home/rokey/book_dataset/dataset_shelf/shelf_filled/mask/000021.png'
00:03.539  render           | Saved: '/home/rokey/book_dataset/dataset_shelf/shelf_filled/depth/000021.png'
00:03.617  render           | Saved: '/home/rokey/book_dataset/dataset_shelf/shelf_filled/images/000022.png'
00:03.646  render           | Saved: '/home/rokey/book_dataset/dataset_shelf/shelf_filled/mask/000022.png'
00:03.667  render           | Saved: '/home/rokey/book_dataset/dataset_shelf/shelf_filled/depth/000022.png'
00:03.744  render           | Saved: '/home/rokey/book_dataset/dataset_shelf/shelf_filled/images/000023.png'
00:03.767  render           | Saved: '/home/rokey/book_dataset/dataset_shelf/shelf_filled/mask/000023.png'
00:03.787  render           | Saved: '/home/rokey/book_dataset/dataset_shelf/shelf_filled/depth/000023.png'
00:03.862  render           | Saved: '/home/rokey/book_dataset/dataset_shelf/shelf_filled/images/000024.png'
00:03.886  render           | Saved: '/home/rokey/book_dataset/dataset_shelf/shelf_filled/mask/000024.png'
00:03.905  render           | Saved: '/home/rokey/book_dataset/dataset_shelf/shelf_filled/depth/000024.png'
00:03.985  render           | Saved: '/home/rokey/book_dataset/dataset_shelf/shelf_filled/images/000025.png'
00:04.008  render           | Saved: '/home/rokey/book_dataset/dataset_shelf/shelf_filled/mask/000025.png'
00:04.028  render           | Saved: '/home/rokey/book_dataset/dataset_shelf/shelf_filled/depth/000025.png'
00:04.111  render           | Saved: '/home/rokey/book_dataset/dataset_shelf/shelf_filled/images/000026.png'
00:04.135  render           | Saved: '/home/rokey/book_dataset/dataset_shelf/shelf_filled/mask/000026.png'
00:04.154  render           | Saved: '/home/rokey/book_dataset/dataset_shelf/shelf_filled/depth/000026.png'
00:04.241  render           | Saved: '/home/rokey/book_dataset/dataset_shelf/shelf_filled/images/000027.png'
00:04.266  render           | Saved: '/home/rokey/book_dataset/dataset_shelf/shelf_filled/mask/000027.png'
00:04.286  render           | Saved: '/home/rokey/book_dataset/dataset_shelf/shelf_filled/depth/000027.png'
00:04.372  render           | Saved: '/home/rokey/book_dataset/dataset_shelf/shelf_filled/images/000028.png'
00:04.397  render           | Saved: '/home/rokey/book_dataset/dataset_shelf/shelf_filled/mask/000028.png'
00:04.418  render           | Saved: '/home/rokey/book_dataset/dataset_shelf/shelf_filled/depth/000028.png'
00:04.504  render           | Saved: '/home/rokey/book_dataset/dataset_shelf/shelf_filled/images/000029.png'
00:04.528  render           | Saved: '/home/rokey/book_dataset/dataset_shelf/shelf_filled/mask/000029.png'
00:04.549  render           | Saved: '/home/rokey/book_dataset/dataset_shelf/shelf_filled/depth/000029.png'
00:04.634  render           | Saved: '/home/rokey/book_dataset/dataset_shelf/shelf_filled/images/000030.png'
00:04.657  render           | Saved: '/home/rokey/book_dataset/dataset_shelf/shelf_filled/mask/000030.png'
00:04.677  render           | Saved: '/home/rokey/book_dataset/dataset_shelf/shelf_filled/depth/000030.png'
00:04.751  render           | Saved: '/home/rokey/book_dataset/dataset_shelf/shelf_filled/images/000031.png'
00:04.774  render           | Saved: '/home/rokey/book_dataset/dataset_shelf/shelf_filled/mask/000031.png'
00:04.793  render           | Saved: '/home/rokey/book_dataset/dataset_shelf/shelf_filled/depth/000031.png'
00:04.869  render           | Saved: '/home/rokey/book_dataset/dataset_shelf/shelf_filled/images/000032.png'
00:04.893  render           | Saved: '/home/rokey/book_dataset/dataset_shelf/shelf_filled/mask/000032.png'
00:04.913  render           | Saved: '/home/rokey/book_dataset/dataset_shelf/shelf_filled/depth/000032.png'
00:04.998  render           | Saved: '/home/rokey/book_dataset/dataset_shelf/shelf_filled/images/000033.png'
00:05.023  render           | Saved: '/home/rokey/book_dataset/dataset_shelf/shelf_filled/mask/000033.png'
00:05.043  render           | Saved: '/home/rokey/book_dataset/dataset_shelf/shelf_filled/depth/000033.png'
00:05.128  render           | Saved: '/home/rokey/book_dataset/dataset_shelf/shelf_filled/images/000034.png'
00:05.153  render           | Saved: '/home/rokey/book_dataset/dataset_shelf/shelf_filled/mask/000034.png'
00:05.173  render           | Saved: '/home/rokey/book_dataset/dataset_shelf/shelf_filled/depth/000034.png'
00:05.251  render           | Saved: '/home/rokey/book_dataset/dataset_shelf/shelf_filled/images/000035.png'
00:05.274  render           | Saved: '/home/rokey/book_dataset/dataset_shelf/shelf_filled/mask/000035.png'
00:05.294  render           | Saved: '/home/rokey/book_dataset/dataset_shelf/shelf_filled/depth/000035.png'
00:05.370  render           | Saved: '/home/rokey/book_dataset/dataset_shelf/shelf_filled/images/000036.png'
00:05.394  render           | Saved: '/home/rokey/book_dataset/dataset_shelf/shelf_filled/mask/000036.png'
00:05.413  render           | Saved: '/home/rokey/book_dataset/dataset_shelf/shelf_filled/depth/000036.png'
00:05.498  render           | Saved: '/home/rokey/book_dataset/dataset_shelf/shelf_filled/images/000037.png'
00:05.523  render           | Saved: '/home/rokey/book_dataset/dataset_shelf/shelf_filled/mask/000037.png'
00:05.543  render           | Saved: '/home/rokey/book_dataset/dataset_shelf/shelf_filled/depth/000037.png'
00:05.618  render           | Saved: '/home/rokey/book_dataset/dataset_shelf/shelf_filled/images/000038.png'
00:05.641  render           | Saved: '/home/rokey/book_dataset/dataset_shelf/shelf_filled/mask/000038.png'
00:05.661  render           | Saved: '/home/rokey/book_dataset/dataset_shelf/shelf_filled/depth/000038.png'
00:05.746  render           | Saved: '/home/rokey/book_dataset/dataset_shelf/shelf_filled/images/000039.png'
00:05.772  render           | Saved: '/home/rokey/book_dataset/dataset_shelf/shelf_filled/mask/000039.png'
00:05.792  render           | Saved: '/home/rokey/book_dataset/dataset_shelf/shelf_filled/depth/000039.png'
00:05.874  render           | Saved: '/home/rokey/book_dataset/dataset_shelf/shelf_filled/images/000040.png'
00:05.901  render           | Saved: '/home/rokey/book_dataset/dataset_shelf/shelf_filled/mask/000040.png'
00:05.920  render           | Saved: '/home/rokey/book_dataset/dataset_shelf/shelf_filled/depth/000040.png'
00:05.996  render           | Saved: '/home/rokey/book_dataset/dataset_shelf/shelf_filled/images/000041.png'
00:06.020  render           | Saved: '/home/rokey/book_dataset/dataset_shelf/shelf_filled/mask/000041.png'
00:06.040  render           | Saved: '/home/rokey/book_dataset/dataset_shelf/shelf_filled/depth/000041.png'
00:06.123  render           | Saved: '/home/rokey/book_dataset/dataset_shelf/shelf_filled/images/000042.png'
00:06.147  render           | Saved: '/home/rokey/book_dataset/dataset_shelf/shelf_filled/mask/000042.png'
00:06.166  render           | Saved: '/home/rokey/book_dataset/dataset_shelf/shelf_filled/depth/000042.png'
00:06.246  render           | Saved: '/home/rokey/book_dataset/dataset_shelf/shelf_filled/images/000043.png'
00:06.275  render           | Saved: '/home/rokey/book_dataset/dataset_shelf/shelf_filled/mask/000043.png'
00:06.295  render           | Saved: '/home/rokey/book_dataset/dataset_shelf/shelf_filled/depth/000043.png'
00:06.382  render           | Saved: '/home/rokey/book_dataset/dataset_shelf/shelf_filled/images/000044.png'
00:06.405  render           | Saved: '/home/rokey/book_dataset/dataset_shelf/shelf_filled/mask/000044.png'
00:06.426  render           | Saved: '/home/rokey/book_dataset/dataset_shelf/shelf_filled/depth/000044.png'
00:06.502  render           | Saved: '/home/rokey/book_dataset/dataset_shelf/shelf_filled/images/000045.png'
00:06.525  render           | Saved: '/home/rokey/book_dataset/dataset_shelf/shelf_filled/mask/000045.png'
00:06.545  render           | Saved: '/home/rokey/book_dataset/dataset_shelf/shelf_filled/depth/000045.png'
00:06.633  render           | Saved: '/home/rokey/book_dataset/dataset_shelf/shelf_filled/images/000046.png'
00:06.660  render           | Saved: '/home/rokey/book_dataset/dataset_shelf/shelf_filled/mask/000046.png'
00:06.680  render           | Saved: '/home/rokey/book_dataset/dataset_shelf/shelf_filled/depth/000046.png'
00:06.766  render           | Saved: '/home/rokey/book_dataset/dataset_shelf/shelf_filled/images/000047.png'
00:06.790  render           | Saved: '/home/rokey/book_dataset/dataset_shelf/shelf_filled/mask/000047.png'
00:06.812  render           | Saved: '/home/rokey/book_dataset/dataset_shelf/shelf_filled/depth/000047.png'
00:06.895  render           | Saved: '/home/rokey/book_dataset/dataset_shelf/shelf_filled/images/000048.png'
00:06.920  render           | Saved: '/home/rokey/book_dataset/dataset_shelf/shelf_filled/mask/000048.png'
00:06.941  render           | Saved: '/home/rokey/book_dataset/dataset_shelf/shelf_filled/depth/000048.png'
00:07.029  render           | Saved: '/home/rokey/book_dataset/dataset_shelf/shelf_filled/images/000049.png'
00:07.056  render           | Saved: '/home/rokey/book_dataset/dataset_shelf/shelf_filled/mask/000049.png'
00:07.077  render           | Saved: '/home/rokey/book_dataset/dataset_shelf/shelf_filled/depth/000049.png'
00:07.153  render           | Saved: '/home/rokey/book_dataset/dataset_shelf/shelf_filled/images/000050.png'
00:07.175  render           | Saved: '/home/rokey/book_dataset/dataset_shelf/shelf_filled/mask/000050.png'
00:07.194  render           | Saved: '/home/rokey/book_dataset/dataset_shelf/shelf_filled/depth/000050.png'
00:07.278  render           | Saved: '/home/rokey/book_dataset/dataset_shelf/shelf_filled/images/000051.png'
00:07.301  render           | Saved: '/home/rokey/book_dataset/dataset_shelf/shelf_filled/mask/000051.png'
00:07.322  render           | Saved: '/home/rokey/book_dataset/dataset_shelf/shelf_filled/depth/000051.png'
00:07.410  render           | Saved: '/home/rokey/book_dataset/dataset_shelf/shelf_filled/images/000052.png'
00:07.439  render           | Saved: '/home/rokey/book_dataset/dataset_shelf/shelf_filled/mask/000052.png'
00:07.459  render           | Saved: '/home/rokey/book_dataset/dataset_shelf/shelf_filled/depth/000052.png'
00:07.544  render           | Saved: '/home/rokey/book_dataset/dataset_shelf/shelf_filled/images/000053.png'
00:07.569  render           | Saved: '/home/rokey/book_dataset/dataset_shelf/shelf_filled/mask/000053.png'
00:07.590  render           | Saved: '/home/rokey/book_dataset/dataset_shelf/shelf_filled/depth/000053.png'
00:07.667  render           | Saved: '/home/rokey/book_dataset/dataset_shelf/shelf_filled/images/000054.png'
00:07.693  render           | Saved: '/home/rokey/book_dataset/dataset_shelf/shelf_filled/mask/000054.png'
00:07.713  render           | Saved: '/home/rokey/book_dataset/dataset_shelf/shelf_filled/depth/000054.png'
00:07.793  render           | Saved: '/home/rokey/book_dataset/dataset_shelf/shelf_filled/images/000055.png'
00:07.820  render           | Saved: '/home/rokey/book_dataset/dataset_shelf/shelf_filled/mask/000055.png'
00:07.841  render           | Saved: '/home/rokey/book_dataset/dataset_shelf/shelf_filled/depth/000055.png'
00:07.927  render           | Saved: '/home/rokey/book_dataset/dataset_shelf/shelf_filled/images/000056.png'
00:07.951  render           | Saved: '/home/rokey/book_dataset/dataset_shelf/shelf_filled/mask/000056.png'
00:07.971  render           | Saved: '/home/rokey/book_dataset/dataset_shelf/shelf_filled/depth/000056.png'
00:08.049  render           | Saved: '/home/rokey/book_dataset/dataset_shelf/shelf_filled/images/000057.png'
00:08.074  render           | Saved: '/home/rokey/book_dataset/dataset_shelf/shelf_filled/mask/000057.png'
00:08.094  render           | Saved: '/home/rokey/book_dataset/dataset_shelf/shelf_filled/depth/000057.png'
00:08.181  render           | Saved: '/home/rokey/book_dataset/dataset_shelf/shelf_filled/images/000058.png'
00:08.205  render           | Saved: '/home/rokey/book_dataset/dataset_shelf/shelf_filled/mask/000058.png'
00:08.226  render           | Saved: '/home/rokey/book_dataset/dataset_shelf/shelf_filled/depth/000058.png'
00:08.303  render           | Saved: '/home/rokey/book_dataset/dataset_shelf/shelf_filled/images/000059.png'
00:08.326  render           | Saved: '/home/rokey/book_dataset/dataset_shelf/shelf_filled/mask/000059.png'
00:08.345  render           | Saved: '/home/rokey/book_dataset/dataset_shelf/shelf_filled/depth/000059.png'
00:08.427  render           | Saved: '/home/rokey/book_dataset/dataset_shelf/shelf_filled/images/000060.png'
00:08.451  render           | Saved: '/home/rokey/book_dataset/dataset_shelf/shelf_filled/mask/000060.png'
00:08.472  render           | Saved: '/home/rokey/book_dataset/dataset_shelf/shelf_filled/depth/000060.png'
00:08.559  render           | Saved: '/home/rokey/book_dataset/dataset_shelf/shelf_filled/images/000061.png'
00:08.581  render           | Saved: '/home/rokey/book_dataset/dataset_shelf/shelf_filled/mask/000061.png'
00:08.601  render           | Saved: '/home/rokey/book_dataset/dataset_shelf/shelf_filled/depth/000061.png'
00:08.677  render           | Saved: '/home/rokey/book_dataset/dataset_shelf/shelf_filled/images/000062.png'
00:08.700  render           | Saved: '/home/rokey/book_dataset/dataset_shelf/shelf_filled/mask/000062.png'
00:08.720  render           | Saved: '/home/rokey/book_dataset/dataset_shelf/shelf_filled/depth/000062.png'
00:08.804  render           | Saved: '/home/rokey/book_dataset/dataset_shelf/shelf_filled/images/000063.png'
00:08.828  render           | Saved: '/home/rokey/book_dataset/dataset_shelf/shelf_filled/mask/000063.png'
00:08.852  render           | Saved: '/home/rokey/book_dataset/dataset_shelf/shelf_filled/depth/000063.png'
00:08.934  render           | Saved: '/home/rokey/book_dataset/dataset_shelf/shelf_filled/images/000064.png'
00:08.957  render           | Saved: '/home/rokey/book_dataset/dataset_shelf/shelf_filled/mask/000064.png'
00:08.977  render           | Saved: '/home/rokey/book_dataset/dataset_shelf/shelf_filled/depth/000064.png'
00:09.055  render           | Saved: '/home/rokey/book_dataset/dataset_shelf/shelf_filled/images/000065.png'
00:09.078  render           | Saved: '/home/rokey/book_dataset/dataset_shelf/shelf_filled/mask/000065.png'
00:09.097  render           | Saved: '/home/rokey/book_dataset/dataset_shelf/shelf_filled/depth/000065.png'
00:09.182  render           | Saved: '/home/rokey/book_dataset/dataset_shelf/shelf_filled/images/000066.png'
00:09.206  render           | Saved: '/home/rokey/book_dataset/dataset_shelf/shelf_filled/mask/000066.png'
00:09.227  render           | Saved: '/home/rokey/book_dataset/dataset_shelf/shelf_filled/depth/000066.png'
00:09.305  render           | Saved: '/home/rokey/book_dataset/dataset_shelf/shelf_filled/images/000067.png'
00:09.331  render           | Saved: '/home/rokey/book_dataset/dataset_shelf/shelf_filled/mask/000067.png'
00:09.351  render           | Saved: '/home/rokey/book_dataset/dataset_shelf/shelf_filled/depth/000067.png'
00:09.429  render           | Saved: '/home/rokey/book_dataset/dataset_shelf/shelf_filled/images/000068.png'
00:09.453  render           | Saved: '/home/rokey/book_dataset/dataset_shelf/shelf_filled/mask/000068.png'
00:09.473  render           | Saved: '/home/rokey/book_dataset/dataset_shelf/shelf_filled/depth/000068.png'
00:09.550  render           | Saved: '/home/rokey/book_dataset/dataset_shelf/shelf_filled/images/000069.png'
00:09.574  render           | Saved: '/home/rokey/book_dataset/dataset_shelf/shelf_filled/mask/000069.png'
00:09.593  render           | Saved: '/home/rokey/book_dataset/dataset_shelf/shelf_filled/depth/000069.png'
00:09.678  render           | Saved: '/home/rokey/book_dataset/dataset_shelf/shelf_filled/images/000070.png'
00:09.702  render           | Saved: '/home/rokey/book_dataset/dataset_shelf/shelf_filled/mask/000070.png'
00:09.722  render           | Saved: '/home/rokey/book_dataset/dataset_shelf/shelf_filled/depth/000070.png'
00:09.806  render           | Saved: '/home/rokey/book_dataset/dataset_shelf/shelf_filled/images/000071.png'
00:09.830  render           | Saved: '/home/rokey/book_dataset/dataset_shelf/shelf_filled/mask/000071.png'
00:09.849  render           | Saved: '/home/rokey/book_dataset/dataset_shelf/shelf_filled/depth/000071.png'
00:09.938  render           | Saved: '/home/rokey/book_dataset/dataset_shelf/shelf_filled/images/000072.png'
00:09.967  render           | Saved: '/home/rokey/book_dataset/dataset_shelf/shelf_filled/mask/000072.png'
00:09.987  render           | Saved: '/home/rokey/book_dataset/dataset_shelf/shelf_filled/depth/000072.png'
00:10.064  render           | Saved: '/home/rokey/book_dataset/dataset_shelf/shelf_filled/images/000073.png'
00:10.087  render           | Saved: '/home/rokey/book_dataset/dataset_shelf/shelf_filled/mask/000073.png'
00:10.107  render           | Saved: '/home/rokey/book_dataset/dataset_shelf/shelf_filled/depth/000073.png'
00:10.194  render           | Saved: '/home/rokey/book_dataset/dataset_shelf/shelf_filled/images/000074.png'
00:10.221  render           | Saved: '/home/rokey/book_dataset/dataset_shelf/shelf_filled/mask/000074.png'
00:10.242  render           | Saved: '/home/rokey/book_dataset/dataset_shelf/shelf_filled/depth/000074.png'
00:10.327  render           | Saved: '/home/rokey/book_dataset/dataset_shelf/shelf_filled/images/000075.png'
00:10.353  render           | Saved: '/home/rokey/book_dataset/dataset_shelf/shelf_filled/mask/000075.png'
00:10.375  render           | Saved: '/home/rokey/book_dataset/dataset_shelf/shelf_filled/depth/000075.png'
00:10.452  render           | Saved: '/home/rokey/book_dataset/dataset_shelf/shelf_filled/images/000076.png'
00:10.476  render           | Saved: '/home/rokey/book_dataset/dataset_shelf/shelf_filled/mask/000076.png'
00:10.496  render           | Saved: '/home/rokey/book_dataset/dataset_shelf/shelf_filled/depth/000076.png'
00:10.582  render           | Saved: '/home/rokey/book_dataset/dataset_shelf/shelf_filled/images/000077.png'
00:10.609  render           | Saved: '/home/rokey/book_dataset/dataset_shelf/shelf_filled/mask/000077.png'
00:10.629  render           | Saved: '/home/rokey/book_dataset/dataset_shelf/shelf_filled/depth/000077.png'
00:10.716  render           | Saved: '/home/rokey/book_dataset/dataset_shelf/shelf_filled/images/000078.png'
00:10.741  render           | Saved: '/home/rokey/book_dataset/dataset_shelf/shelf_filled/mask/000078.png'
00:10.762  render           | Saved: '/home/rokey/book_dataset/dataset_shelf/shelf_filled/depth/000078.png'
00:10.849  render           | Saved: '/home/rokey/book_dataset/dataset_shelf/shelf_filled/images/000079.png'
00:10.876  render           | Saved: '/home/rokey/book_dataset/dataset_shelf/shelf_filled/mask/000079.png'
00:10.896  render           | Saved: '/home/rokey/book_dataset/dataset_shelf/shelf_filled/depth/000079.png'
00:10.975  render           | Saved: '/home/rokey/book_dataset/dataset_shelf/shelf_filled/images/000080.png'
00:10.998  render           | Saved: '/home/rokey/book_dataset/dataset_shelf/shelf_filled/mask/000080.png'
00:11.019  render           | Saved: '/home/rokey/book_dataset/dataset_shelf/shelf_filled/depth/000080.png'
00:11.103  render           | Saved: '/home/rokey/book_dataset/dataset_shelf/shelf_filled/images/000081.png'
00:11.128  render           | Saved: '/home/rokey/book_dataset/dataset_shelf/shelf_filled/mask/000081.png'
00:11.148  render           | Saved: '/home/rokey/book_dataset/dataset_shelf/shelf_filled/depth/000081.png'
00:11.234  render           | Saved: '/home/rokey/book_dataset/dataset_shelf/shelf_filled/images/000082.png'
00:11.259  render           | Saved: '/home/rokey/book_dataset/dataset_shelf/shelf_filled/mask/000082.png'
00:11.279  render           | Saved: '/home/rokey/book_dataset/dataset_shelf/shelf_filled/depth/000082.png'
00:11.359  render           | Saved: '/home/rokey/book_dataset/dataset_shelf/shelf_filled/images/000083.png'
00:11.385  render           | Saved: '/home/rokey/book_dataset/dataset_shelf/shelf_filled/mask/000083.png'
00:11.404  render           | Saved: '/home/rokey/book_dataset/dataset_shelf/shelf_filled/depth/000083.png'
00:11.492  render           | Saved: '/home/rokey/book_dataset/dataset_shelf/shelf_filled/images/000084.png'
00:11.516  render           | Saved: '/home/rokey/book_dataset/dataset_shelf/shelf_filled/mask/000084.png'
00:11.535  render           | Saved: '/home/rokey/book_dataset/dataset_shelf/shelf_filled/depth/000084.png'
00:11.611  render           | Saved: '/home/rokey/book_dataset/dataset_shelf/shelf_filled/images/000085.png'
00:11.634  render           | Saved: '/home/rokey/book_dataset/dataset_shelf/shelf_filled/mask/000085.png'
00:11.654  render           | Saved: '/home/rokey/book_dataset/dataset_shelf/shelf_filled/depth/000085.png'
00:11.735  render           | Saved: '/home/rokey/book_dataset/dataset_shelf/shelf_filled/images/000086.png'
00:11.762  render           | Saved: '/home/rokey/book_dataset/dataset_shelf/shelf_filled/mask/000086.png'
00:11.781  render           | Saved: '/home/rokey/book_dataset/dataset_shelf/shelf_filled/depth/000086.png'
00:11.864  render           | Saved: '/home/rokey/book_dataset/dataset_shelf/shelf_filled/images/000087.png'
00:11.890  render           | Saved: '/home/rokey/book_dataset/dataset_shelf/shelf_filled/mask/000087.png'
00:11.910  render           | Saved: '/home/rokey/book_dataset/dataset_shelf/shelf_filled/depth/000087.png'
00:11.997  render           | Saved: '/home/rokey/book_dataset/dataset_shelf/shelf_filled/images/000088.png'
00:12.022  render           | Saved: '/home/rokey/book_dataset/dataset_shelf/shelf_filled/mask/000088.png'
00:12.042  render           | Saved: '/home/rokey/book_dataset/dataset_shelf/shelf_filled/depth/000088.png'
00:12.130  render           | Saved: '/home/rokey/book_dataset/dataset_shelf/shelf_filled/images/000089.png'
00:12.159  render           | Saved: '/home/rokey/book_dataset/dataset_shelf/shelf_filled/mask/000089.png'
00:12.179  render           | Saved: '/home/rokey/book_dataset/dataset_shelf/shelf_filled/depth/000089.png'
00:12.268  render           | Saved: '/home/rokey/book_dataset/dataset_shelf/shelf_filled/images/000090.png'
00:12.292  render           | Saved: '/home/rokey/book_dataset/dataset_shelf/shelf_filled/mask/000090.png'
00:12.311  render           | Saved: '/home/rokey/book_dataset/dataset_shelf/shelf_filled/depth/000090.png'
00:12.399  render           | Saved: '/home/rokey/book_dataset/dataset_shelf/shelf_filled/images/000091.png'
00:12.423  render           | Saved: '/home/rokey/book_dataset/dataset_shelf/shelf_filled/mask/000091.png'
00:12.444  render           | Saved: '/home/rokey/book_dataset/dataset_shelf/shelf_filled/depth/000091.png'
00:12.529  render           | Saved: '/home/rokey/book_dataset/dataset_shelf/shelf_filled/images/000092.png'
00:12.552  render           | Saved: '/home/rokey/book_dataset/dataset_shelf/shelf_filled/mask/000092.png'
00:12.572  render           | Saved: '/home/rokey/book_dataset/dataset_shelf/shelf_filled/depth/000092.png'
00:12.650  render           | Saved: '/home/rokey/book_dataset/dataset_shelf/shelf_filled/images/000093.png'
00:12.675  render           | Saved: '/home/rokey/book_dataset/dataset_shelf/shelf_filled/mask/000093.png'
00:12.695  render           | Saved: '/home/rokey/book_dataset/dataset_shelf/shelf_filled/depth/000093.png'
00:12.770  render           | Saved: '/home/rokey/book_dataset/dataset_shelf/shelf_filled/images/000094.png'
00:12.793  render           | Saved: '/home/rokey/book_dataset/dataset_shelf/shelf_filled/mask/000094.png'
00:12.814  render           | Saved: '/home/rokey/book_dataset/dataset_shelf/shelf_filled/depth/000094.png'
00:12.901  render           | Saved: '/home/rokey/book_dataset/dataset_shelf/shelf_filled/images/000095.png'
00:12.925  render           | Saved: '/home/rokey/book_dataset/dataset_shelf/shelf_filled/mask/000095.png'
00:12.946  render           | Saved: '/home/rokey/book_dataset/dataset_shelf/shelf_filled/depth/000095.png'
00:13.021  render           | Saved: '/home/rokey/book_dataset/dataset_shelf/shelf_filled/images/000096.png'
00:13.045  render           | Saved: '/home/rokey/book_dataset/dataset_shelf/shelf_filled/mask/000096.png'
00:13.065  render           | Saved: '/home/rokey/book_dataset/dataset_shelf/shelf_filled/depth/000096.png'
00:13.144  render           | Saved: '/home/rokey/book_dataset/dataset_shelf/shelf_filled/images/000097.png'
00:13.169  render           | Saved: '/home/rokey/book_dataset/dataset_shelf/shelf_filled/mask/000097.png'
00:13.189  render           | Saved: '/home/rokey/book_dataset/dataset_shelf/shelf_filled/depth/000097.png'
00:13.277  render           | Saved: '/home/rokey/book_dataset/dataset_shelf/shelf_filled/images/000098.png'
00:13.307  render           | Saved: '/home/rokey/book_dataset/dataset_shelf/shelf_filled/mask/000098.png'
00:13.327  render           | Saved: '/home/rokey/book_dataset/dataset_shelf/shelf_filled/depth/000098.png'
00:13.404  render           | Saved: '/home/rokey/book_dataset/dataset_shelf/shelf_filled/images/000099.png'
00:13.432  render           | Saved: '/home/rokey/book_dataset/dataset_shelf/shelf_filled/mask/000099.png'
00:13.452  render           | Saved: '/home/rokey/book_dataset/dataset_shelf/shelf_filled/depth/000099.png'
00:13.538  render           | Saved: '/home/rokey/book_dataset/dataset_shelf/shelf_filled/images/000100.png'
00:13.563  render           | Saved: '/home/rokey/book_dataset/dataset_shelf/shelf_filled/mask/000100.png'
00:13.584  render           | Saved: '/home/rokey/book_dataset/dataset_shelf/shelf_filled/depth/000100.png'
00:13.661  render           | Saved: '/home/rokey/book_dataset/dataset_shelf/shelf_filled/images/000101.png'
00:13.685  render           | Saved: '/home/rokey/book_dataset/dataset_shelf/shelf_filled/mask/000101.png'
00:13.705  render           | Saved: '/home/rokey/book_dataset/dataset_shelf/shelf_filled/depth/000101.png'
00:13.794  render           | Saved: '/home/rokey/book_dataset/dataset_shelf/shelf_filled/images/000102.png'
00:13.817  render           | Saved: '/home/rokey/book_dataset/dataset_shelf/shelf_filled/mask/000102.png'
00:13.837  render           | Saved: '/home/rokey/book_dataset/dataset_shelf/shelf_filled/depth/000102.png'
00:13.909  render           | Saved: '/home/rokey/book_dataset/dataset_shelf/shelf_filled/images/000103.png'
00:13.933  render           | Saved: '/home/rokey/book_dataset/dataset_shelf/shelf_filled/mask/000103.png'
00:13.953  render           | Saved: '/home/rokey/book_dataset/dataset_shelf/shelf_filled/depth/000103.png'
00:14.028  render           | Saved: '/home/rokey/book_dataset/dataset_shelf/shelf_filled/images/000104.png'
00:14.053  render           | Saved: '/home/rokey/book_dataset/dataset_shelf/shelf_filled/mask/000104.png'
00:14.074  render           | Saved: '/home/rokey/book_dataset/dataset_shelf/shelf_filled/depth/000104.png'
00:14.151  render           | Saved: '/home/rokey/book_dataset/dataset_shelf/shelf_filled/images/000105.png'
00:14.176  render           | Saved: '/home/rokey/book_dataset/dataset_shelf/shelf_filled/mask/000105.png'
00:14.196  render           | Saved: '/home/rokey/book_dataset/dataset_shelf/shelf_filled/depth/000105.png'
00:14.272  render           | Saved: '/home/rokey/book_dataset/dataset_shelf/shelf_filled/images/000106.png'
00:14.297  render           | Saved: '/home/rokey/book_dataset/dataset_shelf/shelf_filled/mask/000106.png'
00:14.316  render           | Saved: '/home/rokey/book_dataset/dataset_shelf/shelf_filled/depth/000106.png'
00:14.395  render           | Saved: '/home/rokey/book_dataset/dataset_shelf/shelf_filled/images/000107.png'
00:14.420  render           | Saved: '/home/rokey/book_dataset/dataset_shelf/shelf_filled/mask/000107.png'
00:14.440  render           | Saved: '/home/rokey/book_dataset/dataset_shelf/shelf_filled/depth/000107.png'
00:14.516  render           | Saved: '/home/rokey/book_dataset/dataset_shelf/shelf_filled/images/000108.png'
00:14.539  render           | Saved: '/home/rokey/book_dataset/dataset_shelf/shelf_filled/mask/000108.png'
00:14.560  render           | Saved: '/home/rokey/book_dataset/dataset_shelf/shelf_filled/depth/000108.png'
00:14.638  render           | Saved: '/home/rokey/book_dataset/dataset_shelf/shelf_filled/images/000109.png'
00:14.665  render           | Saved: '/home/rokey/book_dataset/dataset_shelf/shelf_filled/mask/000109.png'
00:14.685  render           | Saved: '/home/rokey/book_dataset/dataset_shelf/shelf_filled/depth/000109.png'
00:14.771  render           | Saved: '/home/rokey/book_dataset/dataset_shelf/shelf_filled/images/000110.png'
00:14.796  render           | Saved: '/home/rokey/book_dataset/dataset_shelf/shelf_filled/mask/000110.png'
00:14.816  render           | Saved: '/home/rokey/book_dataset/dataset_shelf/shelf_filled/depth/000110.png'
00:14.893  render           | Saved: '/home/rokey/book_dataset/dataset_shelf/shelf_filled/images/000111.png'
00:14.919  render           | Saved: '/home/rokey/book_dataset/dataset_shelf/shelf_filled/mask/000111.png'
00:14.938  render           | Saved: '/home/rokey/book_dataset/dataset_shelf/shelf_filled/depth/000111.png'
00:15.025  render           | Saved: '/home/rokey/book_dataset/dataset_shelf/shelf_filled/images/000112.png'
00:15.051  render           | Saved: '/home/rokey/book_dataset/dataset_shelf/shelf_filled/mask/000112.png'
00:15.071  render           | Saved: '/home/rokey/book_dataset/dataset_shelf/shelf_filled/depth/000112.png'
00:15.155  render           | Saved: '/home/rokey/book_dataset/dataset_shelf/shelf_filled/images/000113.png'
00:15.178  render           | Saved: '/home/rokey/book_dataset/dataset_shelf/shelf_filled/mask/000113.png'
00:15.200  render           | Saved: '/home/rokey/book_dataset/dataset_shelf/shelf_filled/depth/000113.png'
00:15.272  render           | Saved: '/home/rokey/book_dataset/dataset_shelf/shelf_filled/images/000114.png'
00:15.295  render           | Saved: '/home/rokey/book_dataset/dataset_shelf/shelf_filled/mask/000114.png'
00:15.316  render           | Saved: '/home/rokey/book_dataset/dataset_shelf/shelf_filled/depth/000114.png'
00:15.399  render           | Saved: '/home/rokey/book_dataset/dataset_shelf/shelf_filled/images/000115.png'
00:15.423  render           | Saved: '/home/rokey/book_dataset/dataset_shelf/shelf_filled/mask/000115.png'
00:15.441  render           | Saved: '/home/rokey/book_dataset/dataset_shelf/shelf_filled/depth/000115.png'
00:15.519  render           | Saved: '/home/rokey/book_dataset/dataset_shelf/shelf_filled/images/000116.png'
00:15.543  render           | Saved: '/home/rokey/book_dataset/dataset_shelf/shelf_filled/mask/000116.png'
00:15.563  render           | Saved: '/home/rokey/book_dataset/dataset_shelf/shelf_filled/depth/000116.png'
00:15.654  render           | Saved: '/home/rokey/book_dataset/dataset_shelf/shelf_filled/images/000117.png'
00:15.683  render           | Saved: '/home/rokey/book_dataset/dataset_shelf/shelf_filled/mask/000117.png'
00:15.703  render           | Saved: '/home/rokey/book_dataset/dataset_shelf/shelf_filled/depth/000117.png'
00:15.778  render           | Saved: '/home/rokey/book_dataset/dataset_shelf/shelf_filled/images/000118.png'
00:15.801  render           | Saved: '/home/rokey/book_dataset/dataset_shelf/shelf_filled/mask/000118.png'
00:15.823  render           | Saved: '/home/rokey/book_dataset/dataset_shelf/shelf_filled/depth/000118.png'
00:15.899  render           | Saved: '/home/rokey/book_dataset/dataset_shelf/shelf_filled/images/000119.png'
00:15.925  render           | Saved: '/home/rokey/book_dataset/dataset_shelf/shelf_filled/mask/000119.png'
00:15.945  render           | Saved: '/home/rokey/book_dataset/dataset_shelf/shelf_filled/depth/000119.png'
00:16.023  render           | Saved: '/home/rokey/book_dataset/dataset_shelf/shelf_filled/images/000120.png'
00:16.049  render           | Saved: '/home/rokey/book_dataset/dataset_shelf/shelf_filled/mask/000120.png'
00:16.069  render           | Saved: '/home/rokey/book_dataset/dataset_shelf/shelf_filled/depth/000120.png'
00:16.152  render           | Saved: '/home/rokey/book_dataset/dataset_shelf/shelf_filled/images/000121.png'
00:16.176  render           | Saved: '/home/rokey/book_dataset/dataset_shelf/shelf_filled/mask/000121.png'
00:16.197  render           | Saved: '/home/rokey/book_dataset/dataset_shelf/shelf_filled/depth/000121.png'
00:16.283  render           | Saved: '/home/rokey/book_dataset/dataset_shelf/shelf_filled/images/000122.png'
00:16.309  render           | Saved: '/home/rokey/book_dataset/dataset_shelf/shelf_filled/mask/000122.png'
00:16.330  render           | Saved: '/home/rokey/book_dataset/dataset_shelf/shelf_filled/depth/000122.png'
00:16.410  render           | Saved: '/home/rokey/book_dataset/dataset_shelf/shelf_filled/images/000123.png'
00:16.435  render           | Saved: '/home/rokey/book_dataset/dataset_shelf/shelf_filled/mask/000123.png'
00:16.455  render           | Saved: '/home/rokey/book_dataset/dataset_shelf/shelf_filled/depth/000123.png'
00:16.531  render           | Saved: '/home/rokey/book_dataset/dataset_shelf/shelf_filled/images/000124.png'
00:16.558  render           | Saved: '/home/rokey/book_dataset/dataset_shelf/shelf_filled/mask/000124.png'
00:16.579  render           | Saved: '/home/rokey/book_dataset/dataset_shelf/shelf_filled/depth/000124.png'
00:16.664  render           | Saved: '/home/rokey/book_dataset/dataset_shelf/shelf_filled/images/000125.png'
00:16.691  render           | Saved: '/home/rokey/book_dataset/dataset_shelf/shelf_filled/mask/000125.png'
00:16.712  render           | Saved: '/home/rokey/book_dataset/dataset_shelf/shelf_filled/depth/000125.png'
00:16.792  render           | Saved: '/home/rokey/book_dataset/dataset_shelf/shelf_filled/images/000126.png'
00:16.819  render           | Saved: '/home/rokey/book_dataset/dataset_shelf/shelf_filled/mask/000126.png'
00:16.840  render           | Saved: '/home/rokey/book_dataset/dataset_shelf/shelf_filled/depth/000126.png'
00:16.917  render           | Saved: '/home/rokey/book_dataset/dataset_shelf/shelf_filled/images/000127.png'
00:16.945  render           | Saved: '/home/rokey/book_dataset/dataset_shelf/shelf_filled/mask/000127.png'
00:16.965  render           | Saved: '/home/rokey/book_dataset/dataset_shelf/shelf_filled/depth/000127.png'
00:17.051  render           | Saved: '/home/rokey/book_dataset/dataset_shelf/shelf_filled/images/000128.png'
00:17.075  render           | Saved: '/home/rokey/book_dataset/dataset_shelf/shelf_filled/mask/000128.png'
00:17.095  render           | Saved: '/home/rokey/book_dataset/dataset_shelf/shelf_filled/depth/000128.png'
00:17.174  render           | Saved: '/home/rokey/book_dataset/dataset_shelf/shelf_filled/images/000129.png'
00:17.198  render           | Saved: '/home/rokey/book_dataset/dataset_shelf/shelf_filled/mask/000129.png'
00:17.218  render           | Saved: '/home/rokey/book_dataset/dataset_shelf/shelf_filled/depth/000129.png'
00:17.301  render           | Saved: '/home/rokey/book_dataset/dataset_shelf/shelf_filled/images/000130.png'
00:17.325  render           | Saved: '/home/rokey/book_dataset/dataset_shelf/shelf_filled/mask/000130.png'
00:17.346  render           | Saved: '/home/rokey/book_dataset/dataset_shelf/shelf_filled/depth/000130.png'
00:17.424  render           | Saved: '/home/rokey/book_dataset/dataset_shelf/shelf_filled/images/000131.png'
00:17.450  render           | Saved: '/home/rokey/book_dataset/dataset_shelf/shelf_filled/mask/000131.png'
00:17.469  render           | Saved: '/home/rokey/book_dataset/dataset_shelf/shelf_filled/depth/000131.png'
00:17.555  render           | Saved: '/home/rokey/book_dataset/dataset_shelf/shelf_filled/images/000132.png'
00:17.582  render           | Saved: '/home/rokey/book_dataset/dataset_shelf/shelf_filled/mask/000132.png'
00:17.602  render           | Saved: '/home/rokey/book_dataset/dataset_shelf/shelf_filled/depth/000132.png'
00:17.688  render           | Saved: '/home/rokey/book_dataset/dataset_shelf/shelf_filled/images/000133.png'
00:17.712  render           | Saved: '/home/rokey/book_dataset/dataset_shelf/shelf_filled/mask/000133.png'
00:17.732  render           | Saved: '/home/rokey/book_dataset/dataset_shelf/shelf_filled/depth/000133.png'
00:17.808  render           | Saved: '/home/rokey/book_dataset/dataset_shelf/shelf_filled/images/000134.png'
00:17.832  render           | Saved: '/home/rokey/book_dataset/dataset_shelf/shelf_filled/mask/000134.png'
00:17.851  render           | Saved: '/home/rokey/book_dataset/dataset_shelf/shelf_filled/depth/000134.png'
00:17.937  render           | Saved: '/home/rokey/book_dataset/dataset_shelf/shelf_filled/images/000135.png'
00:17.961  render           | Saved: '/home/rokey/book_dataset/dataset_shelf/shelf_filled/mask/000135.png'
00:17.980  render           | Saved: '/home/rokey/book_dataset/dataset_shelf/shelf_filled/depth/000135.png'
00:18.068  render           | Saved: '/home/rokey/book_dataset/dataset_shelf/shelf_filled/images/000136.png'
00:18.096  render           | Saved: '/home/rokey/book_dataset/dataset_shelf/shelf_filled/mask/000136.png'
00:18.116  render           | Saved: '/home/rokey/book_dataset/dataset_shelf/shelf_filled/depth/000136.png'
00:18.195  render           | Saved: '/home/rokey/book_dataset/dataset_shelf/shelf_filled/images/000137.png'
00:18.218  render           | Saved: '/home/rokey/book_dataset/dataset_shelf/shelf_filled/mask/000137.png'
00:18.238  render           | Saved: '/home/rokey/book_dataset/dataset_shelf/shelf_filled/depth/000137.png'
00:18.312  render           | Saved: '/home/rokey/book_dataset/dataset_shelf/shelf_filled/images/000138.png'
00:18.337  render           | Saved: '/home/rokey/book_dataset/dataset_shelf/shelf_filled/mask/000138.png'
00:18.357  render           | Saved: '/home/rokey/book_dataset/dataset_shelf/shelf_filled/depth/000138.png'
00:18.442  render           | Saved: '/home/rokey/book_dataset/dataset_shelf/shelf_filled/images/000139.png'
00:18.467  render           | Saved: '/home/rokey/book_dataset/dataset_shelf/shelf_filled/mask/000139.png'
00:18.487  render           | Saved: '/home/rokey/book_dataset/dataset_shelf/shelf_filled/depth/000139.png'
00:18.574  render           | Saved: '/home/rokey/book_dataset/dataset_shelf/shelf_filled/images/000140.png'
00:18.600  render           | Saved: '/home/rokey/book_dataset/dataset_shelf/shelf_filled/mask/000140.png'
00:18.620  render           | Saved: '/home/rokey/book_dataset/dataset_shelf/shelf_filled/depth/000140.png'
00:18.696  render           | Saved: '/home/rokey/book_dataset/dataset_shelf/shelf_filled/images/000141.png'
00:18.720  render           | Saved: '/home/rokey/book_dataset/dataset_shelf/shelf_filled/mask/000141.png'
00:18.742  render           | Saved: '/home/rokey/book_dataset/dataset_shelf/shelf_filled/depth/000141.png'
00:18.820  render           | Saved: '/home/rokey/book_dataset/dataset_shelf/shelf_filled/images/000142.png'
00:18.845  render           | Saved: '/home/rokey/book_dataset/dataset_shelf/shelf_filled/mask/000142.png'
00:18.865  render           | Saved: '/home/rokey/book_dataset/dataset_shelf/shelf_filled/depth/000142.png'
00:18.939  render           | Saved: '/home/rokey/book_dataset/dataset_shelf/shelf_filled/images/000143.png'
00:18.963  render           | Saved: '/home/rokey/book_dataset/dataset_shelf/shelf_filled/mask/000143.png'
00:18.983  render           | Saved: '/home/rokey/book_dataset/dataset_shelf/shelf_filled/depth/000143.png'
00:19.057  render           | Saved: '/home/rokey/book_dataset/dataset_shelf/shelf_filled/images/000144.png'
00:19.081  render           | Saved: '/home/rokey/book_dataset/dataset_shelf/shelf_filled/mask/000144.png'
00:19.099  render           | Saved: '/home/rokey/book_dataset/dataset_shelf/shelf_filled/depth/000144.png'
00:19.184  render           | Saved: '/home/rokey/book_dataset/dataset_shelf/shelf_filled/images/000145.png'
00:19.207  render           | Saved: '/home/rokey/book_dataset/dataset_shelf/shelf_filled/mask/000145.png'
00:19.227  render           | Saved: '/home/rokey/book_dataset/dataset_shelf/shelf_filled/depth/000145.png'
00:19.314  render           | Saved: '/home/rokey/book_dataset/dataset_shelf/shelf_filled/images/000146.png'
00:19.339  render           | Saved: '/home/rokey/book_dataset/dataset_shelf/shelf_filled/mask/000146.png'
00:19.359  render           | Saved: '/home/rokey/book_dataset/dataset_shelf/shelf_filled/depth/000146.png'
00:19.443  render           | Saved: '/home/rokey/book_dataset/dataset_shelf/shelf_filled/images/000147.png'
00:19.466  render           | Saved: '/home/rokey/book_dataset/dataset_shelf/shelf_filled/mask/000147.png'
00:19.487  render           | Saved: '/home/rokey/book_dataset/dataset_shelf/shelf_filled/depth/000147.png'
00:19.565  render           | Saved: '/home/rokey/book_dataset/dataset_shelf/shelf_filled/images/000148.png'
00:19.591  render           | Saved: '/home/rokey/book_dataset/dataset_shelf/shelf_filled/mask/000148.png'
00:19.611  render           | Saved: '/home/rokey/book_dataset/dataset_shelf/shelf_filled/depth/000148.png'
00:19.687  render           | Saved: '/home/rokey/book_dataset/dataset_shelf/shelf_filled/images/000149.png'
00:19.711  render           | Saved: '/home/rokey/book_dataset/dataset_shelf/shelf_filled/mask/000149.png'
00:19.732  render           | Saved: '/home/rokey/book_dataset/dataset_shelf/shelf_filled/depth/000149.png'
00:19.807  render           | Saved: '/home/rokey/book_dataset/dataset_shelf/shelf_filled/images/000150.png'
00:19.831  render           | Saved: '/home/rokey/book_dataset/dataset_shelf/shelf_filled/mask/000150.png'
00:19.851  render           | Saved: '/home/rokey/book_dataset/dataset_shelf/shelf_filled/depth/000150.png'
00:19.926  render           | Saved: '/home/rokey/book_dataset/dataset_shelf/shelf_filled/images/000151.png'
00:19.950  render           | Saved: '/home/rokey/book_dataset/dataset_shelf/shelf_filled/mask/000151.png'
00:19.969  render           | Saved: '/home/rokey/book_dataset/dataset_shelf/shelf_filled/depth/000151.png'
00:20.056  render           | Saved: '/home/rokey/book_dataset/dataset_shelf/shelf_filled/images/000152.png'
00:20.081  render           | Saved: '/home/rokey/book_dataset/dataset_shelf/shelf_filled/mask/000152.png'
00:20.101  render           | Saved: '/home/rokey/book_dataset/dataset_shelf/shelf_filled/depth/000152.png'
00:20.188  render           | Saved: '/home/rokey/book_dataset/dataset_shelf/shelf_filled/images/000153.png'
00:20.211  render           | Saved: '/home/rokey/book_dataset/dataset_shelf/shelf_filled/mask/000153.png'
00:20.230  render           | Saved: '/home/rokey/book_dataset/dataset_shelf/shelf_filled/depth/000153.png'
00:20.304  render           | Saved: '/home/rokey/book_dataset/dataset_shelf/shelf_filled/images/000154.png'
00:20.328  render           | Saved: '/home/rokey/book_dataset/dataset_shelf/shelf_filled/mask/000154.png'
00:20.348  render           | Saved: '/home/rokey/book_dataset/dataset_shelf/shelf_filled/depth/000154.png'
00:20.434  render           | Saved: '/home/rokey/book_dataset/dataset_shelf/shelf_filled/images/000155.png'
00:20.459  render           | Saved: '/home/rokey/book_dataset/dataset_shelf/shelf_filled/mask/000155.png'
00:20.479  render           | Saved: '/home/rokey/book_dataset/dataset_shelf/shelf_filled/depth/000155.png'
00:20.554  render           | Saved: '/home/rokey/book_dataset/dataset_shelf/shelf_filled/images/000156.png'
00:20.578  render           | Saved: '/home/rokey/book_dataset/dataset_shelf/shelf_filled/mask/000156.png'
00:20.597  render           | Saved: '/home/rokey/book_dataset/dataset_shelf/shelf_filled/depth/000156.png'
00:20.673  render           | Saved: '/home/rokey/book_dataset/dataset_shelf/shelf_filled/images/000157.png'
00:20.697  render           | Saved: '/home/rokey/book_dataset/dataset_shelf/shelf_filled/mask/000157.png'
00:20.717  render           | Saved: '/home/rokey/book_dataset/dataset_shelf/shelf_filled/depth/000157.png'
00:20.804  render           | Saved: '/home/rokey/book_dataset/dataset_shelf/shelf_filled/images/000158.png'
00:20.830  render           | Saved: '/home/rokey/book_dataset/dataset_shelf/shelf_filled/mask/000158.png'
00:20.850  render           | Saved: '/home/rokey/book_dataset/dataset_shelf/shelf_filled/depth/000158.png'
00:20.926  render           | Saved: '/home/rokey/book_dataset/dataset_shelf/shelf_filled/images/000159.png'
00:20.951  render           | Saved: '/home/rokey/book_dataset/dataset_shelf/shelf_filled/mask/000159.png'
00:20.971  render           | Saved: '/home/rokey/book_dataset/dataset_shelf/shelf_filled/depth/000159.png'
00:21.060  render           | Saved: '/home/rokey/book_dataset/dataset_shelf/shelf_filled/images/000160.png'
00:21.087  render           | Saved: '/home/rokey/book_dataset/dataset_shelf/shelf_filled/mask/000160.png'
00:21.108  render           | Saved: '/home/rokey/book_dataset/dataset_shelf/shelf_filled/depth/000160.png'
00:21.186  render           | Saved: '/home/rokey/book_dataset/dataset_shelf/shelf_filled/images/000161.png'
00:21.209  render           | Saved: '/home/rokey/book_dataset/dataset_shelf/shelf_filled/mask/000161.png'
00:21.228  render           | Saved: '/home/rokey/book_dataset/dataset_shelf/shelf_filled/depth/000161.png'
00:21.313  render           | Saved: '/home/rokey/book_dataset/dataset_shelf/shelf_filled/images/000162.png'
00:21.337  render           | Saved: '/home/rokey/book_dataset/dataset_shelf/shelf_filled/mask/000162.png'
00:21.356  render           | Saved: '/home/rokey/book_dataset/dataset_shelf/shelf_filled/depth/000162.png'
00:21.443  render           | Saved: '/home/rokey/book_dataset/dataset_shelf/shelf_filled/images/000163.png'
00:21.467  render           | Saved: '/home/rokey/book_dataset/dataset_shelf/shelf_filled/mask/000163.png'
00:21.488  render           | Saved: '/home/rokey/book_dataset/dataset_shelf/shelf_filled/depth/000163.png'
00:21.574  render           | Saved: '/home/rokey/book_dataset/dataset_shelf/shelf_filled/images/000164.png'
00:21.603  render           | Saved: '/home/rokey/book_dataset/dataset_shelf/shelf_filled/mask/000164.png'
00:21.623  render           | Saved: '/home/rokey/book_dataset/dataset_shelf/shelf_filled/depth/000164.png'
00:21.700  render           | Saved: '/home/rokey/book_dataset/dataset_shelf/shelf_filled/images/000165.png'
00:21.725  render           | Saved: '/home/rokey/book_dataset/dataset_shelf/shelf_filled/mask/000165.png'
00:21.745  render           | Saved: '/home/rokey/book_dataset/dataset_shelf/shelf_filled/depth/000165.png'
00:21.828  render           | Saved: '/home/rokey/book_dataset/dataset_shelf/shelf_filled/images/000166.png'
00:21.855  render           | Saved: '/home/rokey/book_dataset/dataset_shelf/shelf_filled/mask/000166.png'
00:21.875  render           | Saved: '/home/rokey/book_dataset/dataset_shelf/shelf_filled/depth/000166.png'
00:21.955  render           | Saved: '/home/rokey/book_dataset/dataset_shelf/shelf_filled/images/000167.png'
00:21.980  render           | Saved: '/home/rokey/book_dataset/dataset_shelf/shelf_filled/mask/000167.png'
00:22.001  render           | Saved: '/home/rokey/book_dataset/dataset_shelf/shelf_filled/depth/000167.png'
00:22.076  render           | Saved: '/home/rokey/book_dataset/dataset_shelf/shelf_filled/images/000168.png'
00:22.099  render           | Saved: '/home/rokey/book_dataset/dataset_shelf/shelf_filled/mask/000168.png'
00:22.119  render           | Saved: '/home/rokey/book_dataset/dataset_shelf/shelf_filled/depth/000168.png'
00:22.207  render           | Saved: '/home/rokey/book_dataset/dataset_shelf/shelf_filled/images/000169.png'
00:22.231  render           | Saved: '/home/rokey/book_dataset/dataset_shelf/shelf_filled/mask/000169.png'
00:22.254  render           | Saved: '/home/rokey/book_dataset/dataset_shelf/shelf_filled/depth/000169.png'
00:22.334  render           | Saved: '/home/rokey/book_dataset/dataset_shelf/shelf_filled/images/000170.png'
00:22.360  render           | Saved: '/home/rokey/book_dataset/dataset_shelf/shelf_filled/mask/000170.png'
00:22.379  render           | Saved: '/home/rokey/book_dataset/dataset_shelf/shelf_filled/depth/000170.png'
00:22.459  render           | Saved: '/home/rokey/book_dataset/dataset_shelf/shelf_filled/images/000171.png'
00:22.486  render           | Saved: '/home/rokey/book_dataset/dataset_shelf/shelf_filled/mask/000171.png'
00:22.507  render           | Saved: '/home/rokey/book_dataset/dataset_shelf/shelf_filled/depth/000171.png'
00:22.588  render           | Saved: '/home/rokey/book_dataset/dataset_shelf/shelf_filled/images/000172.png'
00:22.618  render           | Saved: '/home/rokey/book_dataset/dataset_shelf/shelf_filled/mask/000172.png'
00:22.638  render           | Saved: '/home/rokey/book_dataset/dataset_shelf/shelf_filled/depth/000172.png'
00:22.716  render           | Saved: '/home/rokey/book_dataset/dataset_shelf/shelf_filled/images/000173.png'
00:22.740  render           | Saved: '/home/rokey/book_dataset/dataset_shelf/shelf_filled/mask/000173.png'
00:22.760  render           | Saved: '/home/rokey/book_dataset/dataset_shelf/shelf_filled/depth/000173.png'
00:22.835  render           | Saved: '/home/rokey/book_dataset/dataset_shelf/shelf_filled/images/000174.png'
00:22.858  render           | Saved: '/home/rokey/book_dataset/dataset_shelf/shelf_filled/mask/000174.png'
00:22.878  render           | Saved: '/home/rokey/book_dataset/dataset_shelf/shelf_filled/depth/000174.png'
00:22.963  render           | Saved: '/home/rokey/book_dataset/dataset_shelf/shelf_filled/images/000175.png'
00:22.987  render           | Saved: '/home/rokey/book_dataset/dataset_shelf/shelf_filled/mask/000175.png'
00:23.008  render           | Saved: '/home/rokey/book_dataset/dataset_shelf/shelf_filled/depth/000175.png'
00:23.095  render           | Saved: '/home/rokey/book_dataset/dataset_shelf/shelf_filled/images/000176.png'
00:23.119  render           | Saved: '/home/rokey/book_dataset/dataset_shelf/shelf_filled/mask/000176.png'
00:23.139  render           | Saved: '/home/rokey/book_dataset/dataset_shelf/shelf_filled/depth/000176.png'
00:23.217  render           | Saved: '/home/rokey/book_dataset/dataset_shelf/shelf_filled/images/000177.png'
00:23.239  render           | Saved: '/home/rokey/book_dataset/dataset_shelf/shelf_filled/mask/000177.png'
00:23.259  render           | Saved: '/home/rokey/book_dataset/dataset_shelf/shelf_filled/depth/000177.png'
00:23.344  render           | Saved: '/home/rokey/book_dataset/dataset_shelf/shelf_filled/images/000178.png'
00:23.369  render           | Saved: '/home/rokey/book_dataset/dataset_shelf/shelf_filled/mask/000178.png'
00:23.389  render           | Saved: '/home/rokey/book_dataset/dataset_shelf/shelf_filled/depth/000178.png'
00:23.465  render           | Saved: '/home/rokey/book_dataset/dataset_shelf/shelf_filled/images/000179.png'
00:23.489  render           | Saved: '/home/rokey/book_dataset/dataset_shelf/shelf_filled/mask/000179.png'
00:23.508  render           | Saved: '/home/rokey/book_dataset/dataset_shelf/shelf_filled/depth/000179.png'
00:23.593  render           | Saved: '/home/rokey/book_dataset/dataset_shelf/shelf_filled/images/000180.png'
00:23.616  render           | Saved: '/home/rokey/book_dataset/dataset_shelf/shelf_filled/mask/000180.png'
00:23.637  render           | Saved: '/home/rokey/book_dataset/dataset_shelf/shelf_filled/depth/000180.png'
00:23.713  render           | Saved: '/home/rokey/book_dataset/dataset_shelf/shelf_filled/images/000181.png'
00:23.737  render           | Saved: '/home/rokey/book_dataset/dataset_shelf/shelf_filled/mask/000181.png'
00:23.757  render           | Saved: '/home/rokey/book_dataset/dataset_shelf/shelf_filled/depth/000181.png'
00:23.844  render           | Saved: '/home/rokey/book_dataset/dataset_shelf/shelf_filled/images/000182.png'
00:23.869  render           | Saved: '/home/rokey/book_dataset/dataset_shelf/shelf_filled/mask/000182.png'
00:23.890  render           | Saved: '/home/rokey/book_dataset/dataset_shelf/shelf_filled/depth/000182.png'
00:23.968  render           | Saved: '/home/rokey/book_dataset/dataset_shelf/shelf_filled/images/000183.png'
00:23.994  render           | Saved: '/home/rokey/book_dataset/dataset_shelf/shelf_filled/mask/000183.png'
00:24.014  render           | Saved: '/home/rokey/book_dataset/dataset_shelf/shelf_filled/depth/000183.png'
00:24.092  render           | Saved: '/home/rokey/book_dataset/dataset_shelf/shelf_filled/images/000184.png'
00:24.116  render           | Saved: '/home/rokey/book_dataset/dataset_shelf/shelf_filled/mask/000184.png'
00:24.136  render           | Saved: '/home/rokey/book_dataset/dataset_shelf/shelf_filled/depth/000184.png'
00:24.211  render           | Saved: '/home/rokey/book_dataset/dataset_shelf/shelf_filled/images/000185.png'
00:24.236  render           | Saved: '/home/rokey/book_dataset/dataset_shelf/shelf_filled/mask/000185.png'
00:24.256  render           | Saved: '/home/rokey/book_dataset/dataset_shelf/shelf_filled/depth/000185.png'
00:24.333  render           | Saved: '/home/rokey/book_dataset/dataset_shelf/shelf_filled/images/000186.png'
00:24.357  render           | Saved: '/home/rokey/book_dataset/dataset_shelf/shelf_filled/mask/000186.png'
00:24.376  render           | Saved: '/home/rokey/book_dataset/dataset_shelf/shelf_filled/depth/000186.png'
00:24.454  render           | Saved: '/home/rokey/book_dataset/dataset_shelf/shelf_filled/images/000187.png'
00:24.479  render           | Saved: '/home/rokey/book_dataset/dataset_shelf/shelf_filled/mask/000187.png'
00:24.499  render           | Saved: '/home/rokey/book_dataset/dataset_shelf/shelf_filled/depth/000187.png'
00:24.577  render           | Saved: '/home/rokey/book_dataset/dataset_shelf/shelf_filled/images/000188.png'
00:24.600  render           | Saved: '/home/rokey/book_dataset/dataset_shelf/shelf_filled/mask/000188.png'
00:24.620  render           | Saved: '/home/rokey/book_dataset/dataset_shelf/shelf_filled/depth/000188.png'
00:24.706  render           | Saved: '/home/rokey/book_dataset/dataset_shelf/shelf_filled/images/000189.png'
00:24.730  render           | Saved: '/home/rokey/book_dataset/dataset_shelf/shelf_filled/mask/000189.png'
00:24.749  render           | Saved: '/home/rokey/book_dataset/dataset_shelf/shelf_filled/depth/000189.png'
00:24.827  render           | Saved: '/home/rokey/book_dataset/dataset_shelf/shelf_filled/images/000190.png'
00:24.851  render           | Saved: '/home/rokey/book_dataset/dataset_shelf/shelf_filled/mask/000190.png'
00:24.874  render           | Saved: '/home/rokey/book_dataset/dataset_shelf/shelf_filled/depth/000190.png'
00:24.950  render           | Saved: '/home/rokey/book_dataset/dataset_shelf/shelf_filled/images/000191.png'
00:24.975  render           | Saved: '/home/rokey/book_dataset/dataset_shelf/shelf_filled/mask/000191.png'
00:24.994  render           | Saved: '/home/rokey/book_dataset/dataset_shelf/shelf_filled/depth/000191.png'
00:25.079  render           | Saved: '/home/rokey/book_dataset/dataset_shelf/shelf_filled/images/000192.png'
00:25.102  render           | Saved: '/home/rokey/book_dataset/dataset_shelf/shelf_filled/mask/000192.png'
00:25.123  render           | Saved: '/home/rokey/book_dataset/dataset_shelf/shelf_filled/depth/000192.png'
00:25.197  render           | Saved: '/home/rokey/book_dataset/dataset_shelf/shelf_filled/images/000193.png'
00:25.221  render           | Saved: '/home/rokey/book_dataset/dataset_shelf/shelf_filled/mask/000193.png'
00:25.242  render           | Saved: '/home/rokey/book_dataset/dataset_shelf/shelf_filled/depth/000193.png'
00:25.318  render           | Saved: '/home/rokey/book_dataset/dataset_shelf/shelf_filled/images/000194.png'
00:25.343  render           | Saved: '/home/rokey/book_dataset/dataset_shelf/shelf_filled/mask/000194.png'
00:25.362  render           | Saved: '/home/rokey/book_dataset/dataset_shelf/shelf_filled/depth/000194.png'
00:25.450  render           | Saved: '/home/rokey/book_dataset/dataset_shelf/shelf_filled/images/000195.png'
00:25.475  render           | Saved: '/home/rokey/book_dataset/dataset_shelf/shelf_filled/mask/000195.png'
00:25.495  render           | Saved: '/home/rokey/book_dataset/dataset_shelf/shelf_filled/depth/000195.png'
00:25.582  render           | Saved: '/home/rokey/book_dataset/dataset_shelf/shelf_filled/images/000196.png'
00:25.606  render           | Saved: '/home/rokey/book_dataset/dataset_shelf/shelf_filled/mask/000196.png'
00:25.626  render           | Saved: '/home/rokey/book_dataset/dataset_shelf/shelf_filled/depth/000196.png'
00:25.712  render           | Saved: '/home/rokey/book_dataset/dataset_shelf/shelf_filled/images/000197.png'
00:25.735  render           | Saved: '/home/rokey/book_dataset/dataset_shelf/shelf_filled/mask/000197.png'
00:25.756  render           | Saved: '/home/rokey/book_dataset/dataset_shelf/shelf_filled/depth/000197.png'
00:25.843  render           | Saved: '/home/rokey/book_dataset/dataset_shelf/shelf_filled/images/000198.png'
00:25.869  render           | Saved: '/home/rokey/book_dataset/dataset_shelf/shelf_filled/mask/000198.png'
00:25.889  render           | Saved: '/home/rokey/book_dataset/dataset_shelf/shelf_filled/depth/000198.png'
00:25.968  render           | Saved: '/home/rokey/book_dataset/dataset_shelf/shelf_filled/images/000199.png'
00:25.992  render           | Saved: '/home/rokey/book_dataset/dataset_shelf/shelf_filled/mask/000199.png'
00:26.011  render           | Saved: '/home/rokey/book_dataset/dataset_shelf/shelf_filled/depth/000199.png'
00:26.097  render           | Saved: '/home/rokey/book_dataset/dataset_shelf/shelf_filled/images/000200.png'
00:26.121  render           | Saved: '/home/rokey/book_dataset/dataset_shelf/shelf_filled/mask/000200.png'
00:26.143  render           | Saved: '/home/rokey/book_dataset/dataset_shelf/shelf_filled/depth/000200.png'
00:26.221  render           | Saved: '/home/rokey/book_dataset/dataset_shelf/shelf_filled/images/000201.png'
00:26.246  render           | Saved: '/home/rokey/book_dataset/dataset_shelf/shelf_filled/mask/000201.png'
00:26.266  render           | Saved: '/home/rokey/book_dataset/dataset_shelf/shelf_filled/depth/000201.png'
00:26.351  render           | Saved: '/home/rokey/book_dataset/dataset_shelf/shelf_filled/images/000202.png'
00:26.374  render           | Saved: '/home/rokey/book_dataset/dataset_shelf/shelf_filled/mask/000202.png'
00:26.393  render           | Saved: '/home/rokey/book_dataset/dataset_shelf/shelf_filled/depth/000202.png'
00:26.470  render           | Saved: '/home/rokey/book_dataset/dataset_shelf/shelf_filled/images/000203.png'
00:26.497  render           | Saved: '/home/rokey/book_dataset/dataset_shelf/shelf_filled/mask/000203.png'
00:26.516  render           | Saved: '/home/rokey/book_dataset/dataset_shelf/shelf_filled/depth/000203.png'
00:26.602  render           | Saved: '/home/rokey/book_dataset/dataset_shelf/shelf_filled/images/000204.png'
00:26.630  render           | Saved: '/home/rokey/book_dataset/dataset_shelf/shelf_filled/mask/000204.png'
00:26.650  render           | Saved: '/home/rokey/book_dataset/dataset_shelf/shelf_filled/depth/000204.png'
00:26.727  render           | Saved: '/home/rokey/book_dataset/dataset_shelf/shelf_filled/images/000205.png'
00:26.752  render           | Saved: '/home/rokey/book_dataset/dataset_shelf/shelf_filled/mask/000205.png'
00:26.773  render           | Saved: '/home/rokey/book_dataset/dataset_shelf/shelf_filled/depth/000205.png'
00:26.857  render           | Saved: '/home/rokey/book_dataset/dataset_shelf/shelf_filled/images/000206.png'
00:26.880  render           | Saved: '/home/rokey/book_dataset/dataset_shelf/shelf_filled/mask/000206.png'
00:26.903  render           | Saved: '/home/rokey/book_dataset/dataset_shelf/shelf_filled/depth/000206.png'
00:26.980  render           | Saved: '/home/rokey/book_dataset/dataset_shelf/shelf_filled/images/000207.png'
00:27.007  render           | Saved: '/home/rokey/book_dataset/dataset_shelf/shelf_filled/mask/000207.png'
00:27.027  render           | Saved: '/home/rokey/book_dataset/dataset_shelf/shelf_filled/depth/000207.png'
00:27.116  render           | Saved: '/home/rokey/book_dataset/dataset_shelf/shelf_filled/images/000208.png'
00:27.142  render           | Saved: '/home/rokey/book_dataset/dataset_shelf/shelf_filled/mask/000208.png'
00:27.162  render           | Saved: '/home/rokey/book_dataset/dataset_shelf/shelf_filled/depth/000208.png'
00:27.249  render           | Saved: '/home/rokey/book_dataset/dataset_shelf/shelf_filled/images/000209.png'
00:27.274  render           | Saved: '/home/rokey/book_dataset/dataset_shelf/shelf_filled/mask/000209.png'
00:27.294  render           | Saved: '/home/rokey/book_dataset/dataset_shelf/shelf_filled/depth/000209.png'
00:27.382  render           | Saved: '/home/rokey/book_dataset/dataset_shelf/shelf_filled/images/000210.png'
00:27.408  render           | Saved: '/home/rokey/book_dataset/dataset_shelf/shelf_filled/mask/000210.png'
00:27.429  render           | Saved: '/home/rokey/book_dataset/dataset_shelf/shelf_filled/depth/000210.png'
00:27.517  render           | Saved: '/home/rokey/book_dataset/dataset_shelf/shelf_filled/images/000211.png'
00:27.541  render           | Saved: '/home/rokey/book_dataset/dataset_shelf/shelf_filled/mask/000211.png'
00:27.561  render           | Saved: '/home/rokey/book_dataset/dataset_shelf/shelf_filled/depth/000211.png'
00:27.647  render           | Saved: '/home/rokey/book_dataset/dataset_shelf/shelf_filled/images/000212.png'
00:27.675  render           | Saved: '/home/rokey/book_dataset/dataset_shelf/shelf_filled/mask/000212.png'
00:27.696  render           | Saved: '/home/rokey/book_dataset/dataset_shelf/shelf_filled/depth/000212.png'
00:27.783  render           | Saved: '/home/rokey/book_dataset/dataset_shelf/shelf_filled/images/000213.png'
00:27.807  render           | Saved: '/home/rokey/book_dataset/dataset_shelf/shelf_filled/mask/000213.png'
00:27.828  render           | Saved: '/home/rokey/book_dataset/dataset_shelf/shelf_filled/depth/000213.png'
00:27.913  render           | Saved: '/home/rokey/book_dataset/dataset_shelf/shelf_filled/images/000214.png'
00:27.936  render           | Saved: '/home/rokey/book_dataset/dataset_shelf/shelf_filled/mask/000214.png'
00:27.956  render           | Saved: '/home/rokey/book_dataset/dataset_shelf/shelf_filled/depth/000214.png'
00:28.041  render           | Saved: '/home/rokey/book_dataset/dataset_shelf/shelf_filled/images/000215.png'
00:28.065  render           | Saved: '/home/rokey/book_dataset/dataset_shelf/shelf_filled/mask/000215.png'
00:28.085  render           | Saved: '/home/rokey/book_dataset/dataset_shelf/shelf_filled/depth/000215.png'
00:28.172  render           | Saved: '/home/rokey/book_dataset/dataset_shelf/shelf_filled/images/000216.png'
00:28.197  render           | Saved: '/home/rokey/book_dataset/dataset_shelf/shelf_filled/mask/000216.png'
00:28.217  render           | Saved: '/home/rokey/book_dataset/dataset_shelf/shelf_filled/depth/000216.png'
00:28.302  render           | Saved: '/home/rokey/book_dataset/dataset_shelf/shelf_filled/images/000217.png'
00:28.328  render           | Saved: '/home/rokey/book_dataset/dataset_shelf/shelf_filled/mask/000217.png'
00:28.349  render           | Saved: '/home/rokey/book_dataset/dataset_shelf/shelf_filled/depth/000217.png'
00:28.435  render           | Saved: '/home/rokey/book_dataset/dataset_shelf/shelf_filled/images/000218.png'
00:28.460  render           | Saved: '/home/rokey/book_dataset/dataset_shelf/shelf_filled/mask/000218.png'
00:28.480  render           | Saved: '/home/rokey/book_dataset/dataset_shelf/shelf_filled/depth/000218.png'
00:28.567  render           | Saved: '/home/rokey/book_dataset/dataset_shelf/shelf_filled/images/000219.png'
00:28.592  render           | Saved: '/home/rokey/book_dataset/dataset_shelf/shelf_filled/mask/000219.png'
00:28.613  render           | Saved: '/home/rokey/book_dataset/dataset_shelf/shelf_filled/depth/000219.png'
00:28.689  render           | Saved: '/home/rokey/book_dataset/dataset_shelf/shelf_filled/images/000220.png'
00:28.714  render           | Saved: '/home/rokey/book_dataset/dataset_shelf/shelf_filled/mask/000220.png'
00:28.733  render           | Saved: '/home/rokey/book_dataset/dataset_shelf/shelf_filled/depth/000220.png'
00:28.810  render           | Saved: '/home/rokey/book_dataset/dataset_shelf/shelf_filled/images/000221.png'
00:28.836  render           | Saved: '/home/rokey/book_dataset/dataset_shelf/shelf_filled/mask/000221.png'
00:28.855  render           | Saved: '/home/rokey/book_dataset/dataset_shelf/shelf_filled/depth/000221.png'
00:28.943  render           | Saved: '/home/rokey/book_dataset/dataset_shelf/shelf_filled/images/000222.png'
00:28.966  render           | Saved: '/home/rokey/book_dataset/dataset_shelf/shelf_filled/mask/000222.png'
00:28.986  render           | Saved: '/home/rokey/book_dataset/dataset_shelf/shelf_filled/depth/000222.png'
00:29.065  render           | Saved: '/home/rokey/book_dataset/dataset_shelf/shelf_filled/images/000223.png'
00:29.089  render           | Saved: '/home/rokey/book_dataset/dataset_shelf/shelf_filled/mask/000223.png'
00:29.108  render           | Saved: '/home/rokey/book_dataset/dataset_shelf/shelf_filled/depth/000223.png'
00:29.194  render           | Saved: '/home/rokey/book_dataset/dataset_shelf/shelf_filled/images/000224.png'
00:29.217  render           | Saved: '/home/rokey/book_dataset/dataset_shelf/shelf_filled/mask/000224.png'
00:29.237  render           | Saved: '/home/rokey/book_dataset/dataset_shelf/shelf_filled/depth/000224.png'
00:29.314  render           | Saved: '/home/rokey/book_dataset/dataset_shelf/shelf_filled/images/000225.png'
00:29.337  render           | Saved: '/home/rokey/book_dataset/dataset_shelf/shelf_filled/mask/000225.png'
00:29.358  render           | Saved: '/home/rokey/book_dataset/dataset_shelf/shelf_filled/depth/000225.png'
00:29.450  render           | Saved: '/home/rokey/book_dataset/dataset_shelf/shelf_filled/images/000226.png'
00:29.478  render           | Saved: '/home/rokey/book_dataset/dataset_shelf/shelf_filled/mask/000226.png'
00:29.499  render           | Saved: '/home/rokey/book_dataset/dataset_shelf/shelf_filled/depth/000226.png'
00:29.575  render           | Saved: '/home/rokey/book_dataset/dataset_shelf/shelf_filled/images/000227.png'
00:29.598  render           | Saved: '/home/rokey/book_dataset/dataset_shelf/shelf_filled/mask/000227.png'
00:29.616  render           | Saved: '/home/rokey/book_dataset/dataset_shelf/shelf_filled/depth/000227.png'
00:29.692  render           | Saved: '/home/rokey/book_dataset/dataset_shelf/shelf_filled/images/000228.png'
00:29.716  render           | Saved: '/home/rokey/book_dataset/dataset_shelf/shelf_filled/mask/000228.png'
00:29.737  render           | Saved: '/home/rokey/book_dataset/dataset_shelf/shelf_filled/depth/000228.png'
00:29.822  render           | Saved: '/home/rokey/book_dataset/dataset_shelf/shelf_filled/images/000229.png'
00:29.848  render           | Saved: '/home/rokey/book_dataset/dataset_shelf/shelf_filled/mask/000229.png'
00:29.868  render           | Saved: '/home/rokey/book_dataset/dataset_shelf/shelf_filled/depth/000229.png'
00:29.953  render           | Saved: '/home/rokey/book_dataset/dataset_shelf/shelf_filled/images/000230.png'
00:29.977  render           | Saved: '/home/rokey/book_dataset/dataset_shelf/shelf_filled/mask/000230.png'
00:29.997  render           | Saved: '/home/rokey/book_dataset/dataset_shelf/shelf_filled/depth/000230.png'
00:30.070  render           | Saved: '/home/rokey/book_dataset/dataset_shelf/shelf_filled/images/000231.png'
00:30.095  render           | Saved: '/home/rokey/book_dataset/dataset_shelf/shelf_filled/mask/000231.png'
00:30.115  render           | Saved: '/home/rokey/book_dataset/dataset_shelf/shelf_filled/depth/000231.png'
00:30.193  render           | Saved: '/home/rokey/book_dataset/dataset_shelf/shelf_filled/images/000232.png'
00:30.217  render           | Saved: '/home/rokey/book_dataset/dataset_shelf/shelf_filled/mask/000232.png'
00:30.237  render           | Saved: '/home/rokey/book_dataset/dataset_shelf/shelf_filled/depth/000232.png'
00:30.311  render           | Saved: '/home/rokey/book_dataset/dataset_shelf/shelf_filled/images/000233.png'
00:30.335  render           | Saved: '/home/rokey/book_dataset/dataset_shelf/shelf_filled/mask/000233.png'
00:30.355  render           | Saved: '/home/rokey/book_dataset/dataset_shelf/shelf_filled/depth/000233.png'
00:30.445  render           | Saved: '/home/rokey/book_dataset/dataset_shelf/shelf_filled/images/000234.png'
00:30.469  render           | Saved: '/home/rokey/book_dataset/dataset_shelf/shelf_filled/mask/000234.png'
00:30.490  render           | Saved: '/home/rokey/book_dataset/dataset_shelf/shelf_filled/depth/000234.png'
00:30.567  render           | Saved: '/home/rokey/book_dataset/dataset_shelf/shelf_filled/images/000235.png'
00:30.591  render           | Saved: '/home/rokey/book_dataset/dataset_shelf/shelf_filled/mask/000235.png'
00:30.610  render           | Saved: '/home/rokey/book_dataset/dataset_shelf/shelf_filled/depth/000235.png'
00:30.687  render           | Saved: '/home/rokey/book_dataset/dataset_shelf/shelf_filled/images/000236.png'
00:30.711  render           | Saved: '/home/rokey/book_dataset/dataset_shelf/shelf_filled/mask/000236.png'
00:30.731  render           | Saved: '/home/rokey/book_dataset/dataset_shelf/shelf_filled/depth/000236.png'
00:30.824  render           | Saved: '/home/rokey/book_dataset/dataset_shelf/shelf_filled/images/000237.png'
00:30.852  render           | Saved: '/home/rokey/book_dataset/dataset_shelf/shelf_filled/mask/000237.png'
00:30.873  render           | Saved: '/home/rokey/book_dataset/dataset_shelf/shelf_filled/depth/000237.png'
00:30.949  render           | Saved: '/home/rokey/book_dataset/dataset_shelf/shelf_filled/images/000238.png'
00:30.974  render           | Saved: '/home/rokey/book_dataset/dataset_shelf/shelf_filled/mask/000238.png'
00:30.994  render           | Saved: '/home/rokey/book_dataset/dataset_shelf/shelf_filled/depth/000238.png'
00:31.071  render           | Saved: '/home/rokey/book_dataset/dataset_shelf/shelf_filled/images/000239.png'
00:31.095  render           | Saved: '/home/rokey/book_dataset/dataset_shelf/shelf_filled/mask/000239.png'
00:31.115  render           | Saved: '/home/rokey/book_dataset/dataset_shelf/shelf_filled/depth/000239.png'
00:31.192  render           | Saved: '/home/rokey/book_dataset/dataset_shelf/shelf_filled/images/000240.png'
00:31.214  render           | Saved: '/home/rokey/book_dataset/dataset_shelf/shelf_filled/mask/000240.png'
00:31.236  render           | Saved: '/home/rokey/book_dataset/dataset_shelf/shelf_filled/depth/000240.png'
00:31.311  render           | Saved: '/home/rokey/book_dataset/dataset_shelf/shelf_filled/images/000241.png'
00:31.337  render           | Saved: '/home/rokey/book_dataset/dataset_shelf/shelf_filled/mask/000241.png'
00:31.357  render           | Saved: '/home/rokey/book_dataset/dataset_shelf/shelf_filled/depth/000241.png'
00:31.442  render           | Saved: '/home/rokey/book_dataset/dataset_shelf/shelf_filled/images/000242.png'
00:31.466  render           | Saved: '/home/rokey/book_dataset/dataset_shelf/shelf_filled/mask/000242.png'
00:31.488  render           | Saved: '/home/rokey/book_dataset/dataset_shelf/shelf_filled/depth/000242.png'
00:31.564  render           | Saved: '/home/rokey/book_dataset/dataset_shelf/shelf_filled/images/000243.png'
00:31.589  render           | Saved: '/home/rokey/book_dataset/dataset_shelf/shelf_filled/mask/000243.png'
00:31.609  render           | Saved: '/home/rokey/book_dataset/dataset_shelf/shelf_filled/depth/000243.png'
00:31.694  render           | Saved: '/home/rokey/book_dataset/dataset_shelf/shelf_filled/images/000244.png'
00:31.719  render           | Saved: '/home/rokey/book_dataset/dataset_shelf/shelf_filled/mask/000244.png'
00:31.740  render           | Saved: '/home/rokey/book_dataset/dataset_shelf/shelf_filled/depth/000244.png'
00:31.817  render           | Saved: '/home/rokey/book_dataset/dataset_shelf/shelf_filled/images/000245.png'
00:31.841  render           | Saved: '/home/rokey/book_dataset/dataset_shelf/shelf_filled/mask/000245.png'
00:31.860  render           | Saved: '/home/rokey/book_dataset/dataset_shelf/shelf_filled/depth/000245.png'
00:31.947  render           | Saved: '/home/rokey/book_dataset/dataset_shelf/shelf_filled/images/000246.png'
00:31.972  render           | Saved: '/home/rokey/book_dataset/dataset_shelf/shelf_filled/mask/000246.png'
00:31.993  render           | Saved: '/home/rokey/book_dataset/dataset_shelf/shelf_filled/depth/000246.png'
00:32.073  render           | Saved: '/home/rokey/book_dataset/dataset_shelf/shelf_filled/images/000247.png'
00:32.096  render           | Saved: '/home/rokey/book_dataset/dataset_shelf/shelf_filled/mask/000247.png'
00:32.115  render           | Saved: '/home/rokey/book_dataset/dataset_shelf/shelf_filled/depth/000247.png'
00:32.203  render           | Saved: '/home/rokey/book_dataset/dataset_shelf/shelf_filled/images/000248.png'
00:32.227  render           | Saved: '/home/rokey/book_dataset/dataset_shelf/shelf_filled/mask/000248.png'
00:32.247  render           | Saved: '/home/rokey/book_dataset/dataset_shelf/shelf_filled/depth/000248.png'
00:32.331  render           | Saved: '/home/rokey/book_dataset/dataset_shelf/shelf_filled/images/000249.png'
00:32.357  render           | Saved: '/home/rokey/book_dataset/dataset_shelf/shelf_filled/mask/000249.png'
00:32.377  render           | Saved: '/home/rokey/book_dataset/dataset_shelf/shelf_filled/depth/000249.png'
00:32.455  render           | Saved: '/home/rokey/book_dataset/dataset_shelf/shelf_filled/images/000250.png'
00:32.480  render           | Saved: '/home/rokey/book_dataset/dataset_shelf/shelf_filled/mask/000250.png'
00:32.501  render           | Saved: '/home/rokey/book_dataset/dataset_shelf/shelf_filled/depth/000250.png'
00:32.579  render           | Saved: '/home/rokey/book_dataset/dataset_shelf/shelf_filled/images/000251.png'
00:32.603  render           | Saved: '/home/rokey/book_dataset/dataset_shelf/shelf_filled/mask/000251.png'
00:32.624  render           | Saved: '/home/rokey/book_dataset/dataset_shelf/shelf_filled/depth/000251.png'
00:32.700  render           | Saved: '/home/rokey/book_dataset/dataset_shelf/shelf_filled/images/000252.png'
00:32.729  render           | Saved: '/home/rokey/book_dataset/dataset_shelf/shelf_filled/mask/000252.png'
00:32.750  render           | Saved: '/home/rokey/book_dataset/dataset_shelf/shelf_filled/depth/000252.png'
00:32.839  render           | Saved: '/home/rokey/book_dataset/dataset_shelf/shelf_filled/images/000253.png'
00:32.865  render           | Saved: '/home/rokey/book_dataset/dataset_shelf/shelf_filled/mask/000253.png'
00:32.885  render           | Saved: '/home/rokey/book_dataset/dataset_shelf/shelf_filled/depth/000253.png'
00:32.961  render           | Saved: '/home/rokey/book_dataset/dataset_shelf/shelf_filled/images/000254.png'
00:32.986  render           | Saved: '/home/rokey/book_dataset/dataset_shelf/shelf_filled/mask/000254.png'
00:33.006  render           | Saved: '/home/rokey/book_dataset/dataset_shelf/shelf_filled/depth/000254.png'
00:33.082  render           | Saved: '/home/rokey/book_dataset/dataset_shelf/shelf_filled/images/000255.png'
00:33.106  render           | Saved: '/home/rokey/book_dataset/dataset_shelf/shelf_filled/mask/000255.png'
00:33.126  render           | Saved: '/home/rokey/book_dataset/dataset_shelf/shelf_filled/depth/000255.png'
00:33.200  render           | Saved: '/home/rokey/book_dataset/dataset_shelf/shelf_filled/images/000256.png'
00:33.223  render           | Saved: '/home/rokey/book_dataset/dataset_shelf/shelf_filled/mask/000256.png'
00:33.242  render           | Saved: '/home/rokey/book_dataset/dataset_shelf/shelf_filled/depth/000256.png'
00:33.328  render           | Saved: '/home/rokey/book_dataset/dataset_shelf/shelf_filled/images/000257.png'
00:33.352  render           | Saved: '/home/rokey/book_dataset/dataset_shelf/shelf_filled/mask/000257.png'
00:33.372  render           | Saved: '/home/rokey/book_dataset/dataset_shelf/shelf_filled/depth/000257.png'
00:33.450  render           | Saved: '/home/rokey/book_dataset/dataset_shelf/shelf_filled/images/000258.png'
00:33.473  render           | Saved: '/home/rokey/book_dataset/dataset_shelf/shelf_filled/mask/000258.png'
00:33.495  render           | Saved: '/home/rokey/book_dataset/dataset_shelf/shelf_filled/depth/000258.png'
00:33.585  render           | Saved: '/home/rokey/book_dataset/dataset_shelf/shelf_filled/images/000259.png'
00:33.609  render           | Saved: '/home/rokey/book_dataset/dataset_shelf/shelf_filled/mask/000259.png'
00:33.630  render           | Saved: '/home/rokey/book_dataset/dataset_shelf/shelf_filled/depth/000259.png'
00:33.714  render           | Saved: '/home/rokey/book_dataset/dataset_shelf/shelf_filled/images/000260.png'
00:33.740  render           | Saved: '/home/rokey/book_dataset/dataset_shelf/shelf_filled/mask/000260.png'
00:33.761  render           | Saved: '/home/rokey/book_dataset/dataset_shelf/shelf_filled/depth/000260.png'
00:33.839  render           | Saved: '/home/rokey/book_dataset/dataset_shelf/shelf_filled/images/000261.png'
00:33.864  render           | Saved: '/home/rokey/book_dataset/dataset_shelf/shelf_filled/mask/000261.png'
00:33.884  render           | Saved: '/home/rokey/book_dataset/dataset_shelf/shelf_filled/depth/000261.png'
00:33.974  render           | Saved: '/home/rokey/book_dataset/dataset_shelf/shelf_filled/images/000262.png'
00:33.997  render           | Saved: '/home/rokey/book_dataset/dataset_shelf/shelf_filled/mask/000262.png'
00:34.018  render           | Saved: '/home/rokey/book_dataset/dataset_shelf/shelf_filled/depth/000262.png'
00:34.093  render           | Saved: '/home/rokey/book_dataset/dataset_shelf/shelf_filled/images/000263.png'
00:34.117  render           | Saved: '/home/rokey/book_dataset/dataset_shelf/shelf_filled/mask/000263.png'
00:34.136  render           | Saved: '/home/rokey/book_dataset/dataset_shelf/shelf_filled/depth/000263.png'
00:34.212  render           | Saved: '/home/rokey/book_dataset/dataset_shelf/shelf_filled/images/000264.png'
00:34.235  render           | Saved: '/home/rokey/book_dataset/dataset_shelf/shelf_filled/mask/000264.png'
00:34.254  render           | Saved: '/home/rokey/book_dataset/dataset_shelf/shelf_filled/depth/000264.png'
00:34.328  render           | Saved: '/home/rokey/book_dataset/dataset_shelf/shelf_filled/images/000265.png'
00:34.352  render           | Saved: '/home/rokey/book_dataset/dataset_shelf/shelf_filled/mask/000265.png'
00:34.375  render           | Saved: '/home/rokey/book_dataset/dataset_shelf/shelf_filled/depth/000265.png'
00:34.454  render           | Saved: '/home/rokey/book_dataset/dataset_shelf/shelf_filled/images/000266.png'
00:34.478  render           | Saved: '/home/rokey/book_dataset/dataset_shelf/shelf_filled/mask/000266.png'
00:34.499  render           | Saved: '/home/rokey/book_dataset/dataset_shelf/shelf_filled/depth/000266.png'
00:34.578  render           | Saved: '/home/rokey/book_dataset/dataset_shelf/shelf_filled/images/000267.png'
00:34.602  render           | Saved: '/home/rokey/book_dataset/dataset_shelf/shelf_filled/mask/000267.png'
00:34.623  render           | Saved: '/home/rokey/book_dataset/dataset_shelf/shelf_filled/depth/000267.png'
00:34.701  render           | Saved: '/home/rokey/book_dataset/dataset_shelf/shelf_filled/images/000268.png'
00:34.725  render           | Saved: '/home/rokey/book_dataset/dataset_shelf/shelf_filled/mask/000268.png'
00:34.745  render           | Saved: '/home/rokey/book_dataset/dataset_shelf/shelf_filled/depth/000268.png'
00:34.831  render           | Saved: '/home/rokey/book_dataset/dataset_shelf/shelf_filled/images/000269.png'
00:34.856  render           | Saved: '/home/rokey/book_dataset/dataset_shelf/shelf_filled/mask/000269.png'
00:34.876  render           | Saved: '/home/rokey/book_dataset/dataset_shelf/shelf_filled/depth/000269.png'
00:34.960  render           | Saved: '/home/rokey/book_dataset/dataset_shelf/shelf_filled/images/000270.png'
00:34.983  render           | Saved: '/home/rokey/book_dataset/dataset_shelf/shelf_filled/mask/000270.png'
00:35.003  render           | Saved: '/home/rokey/book_dataset/dataset_shelf/shelf_filled/depth/000270.png'
00:35.092  render           | Saved: '/home/rokey/book_dataset/dataset_shelf/shelf_filled/images/000271.png'
00:35.121  render           | Saved: '/home/rokey/book_dataset/dataset_shelf/shelf_filled/mask/000271.png'
00:35.141  render           | Saved: '/home/rokey/book_dataset/dataset_shelf/shelf_filled/depth/000271.png'
00:35.229  render           | Saved: '/home/rokey/book_dataset/dataset_shelf/shelf_filled/images/000272.png'
00:35.253  render           | Saved: '/home/rokey/book_dataset/dataset_shelf/shelf_filled/mask/000272.png'
00:35.274  render           | Saved: '/home/rokey/book_dataset/dataset_shelf/shelf_filled/depth/000272.png'
00:35.351  render           | Saved: '/home/rokey/book_dataset/dataset_shelf/shelf_filled/images/000273.png'
00:35.375  render           | Saved: '/home/rokey/book_dataset/dataset_shelf/shelf_filled/mask/000273.png'
00:35.396  render           | Saved: '/home/rokey/book_dataset/dataset_shelf/shelf_filled/depth/000273.png'
00:35.482  render           | Saved: '/home/rokey/book_dataset/dataset_shelf/shelf_filled/images/000274.png'
00:35.506  render           | Saved: '/home/rokey/book_dataset/dataset_shelf/shelf_filled/mask/000274.png'
00:35.527  render           | Saved: '/home/rokey/book_dataset/dataset_shelf/shelf_filled/depth/000274.png'
00:35.604  render           | Saved: '/home/rokey/book_dataset/dataset_shelf/shelf_filled/images/000275.png'
00:35.628  render           | Saved: '/home/rokey/book_dataset/dataset_shelf/shelf_filled/mask/000275.png'
00:35.648  render           | Saved: '/home/rokey/book_dataset/dataset_shelf/shelf_filled/depth/000275.png'
00:35.737  render           | Saved: '/home/rokey/book_dataset/dataset_shelf/shelf_filled/images/000276.png'
00:35.763  render           | Saved: '/home/rokey/book_dataset/dataset_shelf/shelf_filled/mask/000276.png'
00:35.782  render           | Saved: '/home/rokey/book_dataset/dataset_shelf/shelf_filled/depth/000276.png'
00:35.863  render           | Saved: '/home/rokey/book_dataset/dataset_shelf/shelf_filled/images/000277.png'
00:35.889  render           | Saved: '/home/rokey/book_dataset/dataset_shelf/shelf_filled/mask/000277.png'
00:35.909  render           | Saved: '/home/rokey/book_dataset/dataset_shelf/shelf_filled/depth/000277.png'
00:35.988  render           | Saved: '/home/rokey/book_dataset/dataset_shelf/shelf_filled/images/000278.png'
00:36.012  render           | Saved: '/home/rokey/book_dataset/dataset_shelf/shelf_filled/mask/000278.png'
00:36.032  render           | Saved: '/home/rokey/book_dataset/dataset_shelf/shelf_filled/depth/000278.png'
00:36.107  render           | Saved: '/home/rokey/book_dataset/dataset_shelf/shelf_filled/images/000279.png'
00:36.132  render           | Saved: '/home/rokey/book_dataset/dataset_shelf/shelf_filled/mask/000279.png'
00:36.151  render           | Saved: '/home/rokey/book_dataset/dataset_shelf/shelf_filled/depth/000279.png'
00:36.229  render           | Saved: '/home/rokey/book_dataset/dataset_shelf/shelf_filled/images/000280.png'
00:36.251  render           | Saved: '/home/rokey/book_dataset/dataset_shelf/shelf_filled/mask/000280.png'
00:36.270  render           | Saved: '/home/rokey/book_dataset/dataset_shelf/shelf_filled/depth/000280.png'
00:36.359  render           | Saved: '/home/rokey/book_dataset/dataset_shelf/shelf_filled/images/000281.png'
00:36.384  render           | Saved: '/home/rokey/book_dataset/dataset_shelf/shelf_filled/mask/000281.png'
00:36.405  render           | Saved: '/home/rokey/book_dataset/dataset_shelf/shelf_filled/depth/000281.png'
00:36.483  render           | Saved: '/home/rokey/book_dataset/dataset_shelf/shelf_filled/images/000282.png'
00:36.509  render           | Saved: '/home/rokey/book_dataset/dataset_shelf/shelf_filled/mask/000282.png'
00:36.528  render           | Saved: '/home/rokey/book_dataset/dataset_shelf/shelf_filled/depth/000282.png'
00:36.610  render           | Saved: '/home/rokey/book_dataset/dataset_shelf/shelf_filled/images/000283.png'
00:36.639  render           | Saved: '/home/rokey/book_dataset/dataset_shelf/shelf_filled/mask/000283.png'
00:36.659  render           | Saved: '/home/rokey/book_dataset/dataset_shelf/shelf_filled/depth/000283.png'
00:36.745  render           | Saved: '/home/rokey/book_dataset/dataset_shelf/shelf_filled/images/000284.png'
00:36.769  render           | Saved: '/home/rokey/book_dataset/dataset_shelf/shelf_filled/mask/000284.png'
00:36.789  render           | Saved: '/home/rokey/book_dataset/dataset_shelf/shelf_filled/depth/000284.png'
00:36.882  render           | Saved: '/home/rokey/book_dataset/dataset_shelf/shelf_filled/images/000285.png'
00:36.907  render           | Saved: '/home/rokey/book_dataset/dataset_shelf/shelf_filled/mask/000285.png'
00:36.928  render           | Saved: '/home/rokey/book_dataset/dataset_shelf/shelf_filled/depth/000285.png'
00:37.007  render           | Saved: '/home/rokey/book_dataset/dataset_shelf/shelf_filled/images/000286.png'
00:37.032  render           | Saved: '/home/rokey/book_dataset/dataset_shelf/shelf_filled/mask/000286.png'
00:37.051  render           | Saved: '/home/rokey/book_dataset/dataset_shelf/shelf_filled/depth/000286.png'
00:37.138  render           | Saved: '/home/rokey/book_dataset/dataset_shelf/shelf_filled/images/000287.png'
00:37.164  render           | Saved: '/home/rokey/book_dataset/dataset_shelf/shelf_filled/mask/000287.png'
00:37.185  render           | Saved: '/home/rokey/book_dataset/dataset_shelf/shelf_filled/depth/000287.png'
00:37.271  render           | Saved: '/home/rokey/book_dataset/dataset_shelf/shelf_filled/images/000288.png'
00:37.296  render           | Saved: '/home/rokey/book_dataset/dataset_shelf/shelf_filled/mask/000288.png'
00:37.316  render           | Saved: '/home/rokey/book_dataset/dataset_shelf/shelf_filled/depth/000288.png'
00:37.402  render           | Saved: '/home/rokey/book_dataset/dataset_shelf/shelf_filled/images/000289.png'
00:37.425  render           | Saved: '/home/rokey/book_dataset/dataset_shelf/shelf_filled/mask/000289.png'
00:37.444  render           | Saved: '/home/rokey/book_dataset/dataset_shelf/shelf_filled/depth/000289.png'
00:37.530  render           | Saved: '/home/rokey/book_dataset/dataset_shelf/shelf_filled/images/000290.png'
00:37.555  render           | Saved: '/home/rokey/book_dataset/dataset_shelf/shelf_filled/mask/000290.png'
00:37.578  render           | Saved: '/home/rokey/book_dataset/dataset_shelf/shelf_filled/depth/000290.png'
00:37.665  render           | Saved: '/home/rokey/book_dataset/dataset_shelf/shelf_filled/images/000291.png'
00:37.688  render           | Saved: '/home/rokey/book_dataset/dataset_shelf/shelf_filled/mask/000291.png'
00:37.709  render           | Saved: '/home/rokey/book_dataset/dataset_shelf/shelf_filled/depth/000291.png'
00:37.795  render           | Saved: '/home/rokey/book_dataset/dataset_shelf/shelf_filled/images/000292.png'
00:37.819  render           | Saved: '/home/rokey/book_dataset/dataset_shelf/shelf_filled/mask/000292.png'
00:37.841  render           | Saved: '/home/rokey/book_dataset/dataset_shelf/shelf_filled/depth/000292.png'
00:37.915  render           | Saved: '/home/rokey/book_dataset/dataset_shelf/shelf_filled/images/000293.png'
00:37.939  render           | Saved: '/home/rokey/book_dataset/dataset_shelf/shelf_filled/mask/000293.png'
00:37.958  render           | Saved: '/home/rokey/book_dataset/dataset_shelf/shelf_filled/depth/000293.png'
00:38.046  render           | Saved: '/home/rokey/book_dataset/dataset_shelf/shelf_filled/images/000294.png'
00:38.070  render           | Saved: '/home/rokey/book_dataset/dataset_shelf/shelf_filled/mask/000294.png'
00:38.091  render           | Saved: '/home/rokey/book_dataset/dataset_shelf/shelf_filled/depth/000294.png'
00:38.180  render           | Saved: '/home/rokey/book_dataset/dataset_shelf/shelf_filled/images/000295.png'
00:38.208  render           | Saved: '/home/rokey/book_dataset/dataset_shelf/shelf_filled/mask/000295.png'
00:38.228  render           | Saved: '/home/rokey/book_dataset/dataset_shelf/shelf_filled/depth/000295.png'
00:38.304  render           | Saved: '/home/rokey/book_dataset/dataset_shelf/shelf_filled/images/000296.png'
00:38.328  render           | Saved: '/home/rokey/book_dataset/dataset_shelf/shelf_filled/mask/000296.png'
00:38.347  render           | Saved: '/home/rokey/book_dataset/dataset_shelf/shelf_filled/depth/000296.png'
00:38.437  render           | Saved: '/home/rokey/book_dataset/dataset_shelf/shelf_filled/images/000297.png'
00:38.464  render           | Saved: '/home/rokey/book_dataset/dataset_shelf/shelf_filled/mask/000297.png'
00:38.484  render           | Saved: '/home/rokey/book_dataset/dataset_shelf/shelf_filled/depth/000297.png'
00:38.568  render           | Saved: '/home/rokey/book_dataset/dataset_shelf/shelf_filled/images/000298.png'
00:38.592  render           | Saved: '/home/rokey/book_dataset/dataset_shelf/shelf_filled/mask/000298.png'
00:38.612  render           | Saved: '/home/rokey/book_dataset/dataset_shelf/shelf_filled/depth/000298.png'
00:38.690  render           | Saved: '/home/rokey/book_dataset/dataset_shelf/shelf_filled/images/000299.png'
00:38.713  render           | Saved: '/home/rokey/book_dataset/dataset_shelf/shelf_filled/mask/000299.png'
00:38.732  render           | Saved: '/home/rokey/book_dataset/dataset_shelf/shelf_filled/depth/000299.png'
00:38.810  render           | Saved: '/home/rokey/book_dataset/dataset_shelf/shelf_filled/images/000300.png'
00:38.835  render           | Saved: '/home/rokey/book_dataset/dataset_shelf/shelf_filled/mask/000300.png'
00:38.855  render           | Saved: '/home/rokey/book_dataset/dataset_shelf/shelf_filled/depth/000300.png'
00:38.943  render           | Saved: '/home/rokey/book_dataset/dataset_shelf/shelf_filled/images/000301.png'
00:38.970  render           | Saved: '/home/rokey/book_dataset/dataset_shelf/shelf_filled/mask/000301.png'
00:38.991  render           | Saved: '/home/rokey/book_dataset/dataset_shelf/shelf_filled/depth/000301.png'
00:39.078  render           | Saved: '/home/rokey/book_dataset/dataset_shelf/shelf_filled/images/000302.png'
00:39.102  render           | Saved: '/home/rokey/book_dataset/dataset_shelf/shelf_filled/mask/000302.png'
00:39.122  render           | Saved: '/home/rokey/book_dataset/dataset_shelf/shelf_filled/depth/000302.png'
00:39.202  render           | Saved: '/home/rokey/book_dataset/dataset_shelf/shelf_filled/images/000303.png'
00:39.228  render           | Saved: '/home/rokey/book_dataset/dataset_shelf/shelf_filled/mask/000303.png'
00:39.250  render           | Saved: '/home/rokey/book_dataset/dataset_shelf/shelf_filled/depth/000303.png'
00:39.337  render           | Saved: '/home/rokey/book_dataset/dataset_shelf/shelf_filled/images/000304.png'
00:39.361  render           | Saved: '/home/rokey/book_dataset/dataset_shelf/shelf_filled/mask/000304.png'
00:39.382  render           | Saved: '/home/rokey/book_dataset/dataset_shelf/shelf_filled/depth/000304.png'
00:39.471  render           | Saved: '/home/rokey/book_dataset/dataset_shelf/shelf_filled/images/000305.png'
00:39.498  render           | Saved: '/home/rokey/book_dataset/dataset_shelf/shelf_filled/mask/000305.png'
00:39.517  render           | Saved: '/home/rokey/book_dataset/dataset_shelf/shelf_filled/depth/000305.png'
00:39.604  render           | Saved: '/home/rokey/book_dataset/dataset_shelf/shelf_filled/images/000306.png'
00:39.628  render           | Saved: '/home/rokey/book_dataset/dataset_shelf/shelf_filled/mask/000306.png'
00:39.647  render           | Saved: '/home/rokey/book_dataset/dataset_shelf/shelf_filled/depth/000306.png'
00:39.725  render           | Saved: '/home/rokey/book_dataset/dataset_shelf/shelf_filled/images/000307.png'
00:39.750  render           | Saved: '/home/rokey/book_dataset/dataset_shelf/shelf_filled/mask/000307.png'
00:39.769  render           | Saved: '/home/rokey/book_dataset/dataset_shelf/shelf_filled/depth/000307.png'
00:39.856  render           | Saved: '/home/rokey/book_dataset/dataset_shelf/shelf_filled/images/000308.png'
00:39.881  render           | Saved: '/home/rokey/book_dataset/dataset_shelf/shelf_filled/mask/000308.png'
00:39.902  render           | Saved: '/home/rokey/book_dataset/dataset_shelf/shelf_filled/depth/000308.png'
00:39.978  render           | Saved: '/home/rokey/book_dataset/dataset_shelf/shelf_filled/images/000309.png'
00:40.000  render           | Saved: '/home/rokey/book_dataset/dataset_shelf/shelf_filled/mask/000309.png'
00:40.020  render           | Saved: '/home/rokey/book_dataset/dataset_shelf/shelf_filled/depth/000309.png'
00:40.105  render           | Saved: '/home/rokey/book_dataset/dataset_shelf/shelf_filled/images/000310.png'
00:40.130  render           | Saved: '/home/rokey/book_dataset/dataset_shelf/shelf_filled/mask/000310.png'
00:40.150  render           | Saved: '/home/rokey/book_dataset/dataset_shelf/shelf_filled/depth/000310.png'
00:40.225  render           | Saved: '/home/rokey/book_dataset/dataset_shelf/shelf_filled/images/000311.png'
00:40.248  render           | Saved: '/home/rokey/book_dataset/dataset_shelf/shelf_filled/mask/000311.png'
00:40.267  render           | Saved: '/home/rokey/book_dataset/dataset_shelf/shelf_filled/depth/000311.png'
00:40.344  render           | Saved: '/home/rokey/book_dataset/dataset_shelf/shelf_filled/images/000312.png'
00:40.366  render           | Saved: '/home/rokey/book_dataset/dataset_shelf/shelf_filled/mask/000312.png'
00:40.386  render           | Saved: '/home/rokey/book_dataset/dataset_shelf/shelf_filled/depth/000312.png'
00:40.473  render           | Saved: '/home/rokey/book_dataset/dataset_shelf/shelf_filled/images/000313.png'
00:40.500  render           | Saved: '/home/rokey/book_dataset/dataset_shelf/shelf_filled/mask/000313.png'
00:40.521  render           | Saved: '/home/rokey/book_dataset/dataset_shelf/shelf_filled/depth/000313.png'
00:40.607  render           | Saved: '/home/rokey/book_dataset/dataset_shelf/shelf_filled/images/000314.png'
00:40.630  render           | Saved: '/home/rokey/book_dataset/dataset_shelf/shelf_filled/mask/000314.png'
00:40.652  render           | Saved: '/home/rokey/book_dataset/dataset_shelf/shelf_filled/depth/000314.png'
00:40.728  render           | Saved: '/home/rokey/book_dataset/dataset_shelf/shelf_filled/images/000315.png'
00:40.753  render           | Saved: '/home/rokey/book_dataset/dataset_shelf/shelf_filled/mask/000315.png'
00:40.773  render           | Saved: '/home/rokey/book_dataset/dataset_shelf/shelf_filled/depth/000315.png'
00:40.861  render           | Saved: '/home/rokey/book_dataset/dataset_shelf/shelf_filled/images/000316.png'
00:40.886  render           | Saved: '/home/rokey/book_dataset/dataset_shelf/shelf_filled/mask/000316.png'
00:40.906  render           | Saved: '/home/rokey/book_dataset/dataset_shelf/shelf_filled/depth/000316.png'
00:40.992  render           | Saved: '/home/rokey/book_dataset/dataset_shelf/shelf_filled/images/000317.png'
00:41.020  render           | Saved: '/home/rokey/book_dataset/dataset_shelf/shelf_filled/mask/000317.png'
00:41.041  render           | Saved: '/home/rokey/book_dataset/dataset_shelf/shelf_filled/depth/000317.png'
00:41.114  render           | Saved: '/home/rokey/book_dataset/dataset_shelf/shelf_filled/images/000318.png'
00:41.137  render           | Saved: '/home/rokey/book_dataset/dataset_shelf/shelf_filled/mask/000318.png'
00:41.156  render           | Saved: '/home/rokey/book_dataset/dataset_shelf/shelf_filled/depth/000318.png'
00:41.242  render           | Saved: '/home/rokey/book_dataset/dataset_shelf/shelf_filled/images/000319.png'
00:41.266  render           | Saved: '/home/rokey/book_dataset/dataset_shelf/shelf_filled/mask/000319.png'
00:41.285  render           | Saved: '/home/rokey/book_dataset/dataset_shelf/shelf_filled/depth/000319.png'
00:41.371  render           | Saved: '/home/rokey/book_dataset/dataset_shelf/shelf_filled/images/000320.png'
00:41.397  render           | Saved: '/home/rokey/book_dataset/dataset_shelf/shelf_filled/mask/000320.png'
00:41.417  render           | Saved: '/home/rokey/book_dataset/dataset_shelf/shelf_filled/depth/000320.png'
00:41.505  render           | Saved: '/home/rokey/book_dataset/dataset_shelf/shelf_filled/images/000321.png'
00:41.532  render           | Saved: '/home/rokey/book_dataset/dataset_shelf/shelf_filled/mask/000321.png'
00:41.552  render           | Saved: '/home/rokey/book_dataset/dataset_shelf/shelf_filled/depth/000321.png'
00:41.628  render           | Saved: '/home/rokey/book_dataset/dataset_shelf/shelf_filled/images/000322.png'
00:41.651  render           | Saved: '/home/rokey/book_dataset/dataset_shelf/shelf_filled/mask/000322.png'
00:41.673  render           | Saved: '/home/rokey/book_dataset/dataset_shelf/shelf_filled/depth/000322.png'
00:41.748  render           | Saved: '/home/rokey/book_dataset/dataset_shelf/shelf_filled/images/000323.png'
00:41.771  render           | Saved: '/home/rokey/book_dataset/dataset_shelf/shelf_filled/mask/000323.png'
00:41.791  render           | Saved: '/home/rokey/book_dataset/dataset_shelf/shelf_filled/depth/000323.png'
00:41.871  render           | Saved: '/home/rokey/book_dataset/dataset_shelf/shelf_filled/images/000324.png'
00:41.897  render           | Saved: '/home/rokey/book_dataset/dataset_shelf/shelf_filled/mask/000324.png'
00:41.917  render           | Saved: '/home/rokey/book_dataset/dataset_shelf/shelf_filled/depth/000324.png'
00:41.999  render           | Saved: '/home/rokey/book_dataset/dataset_shelf/shelf_filled/images/000325.png'
00:42.022  render           | Saved: '/home/rokey/book_dataset/dataset_shelf/shelf_filled/mask/000325.png'
00:42.042  render           | Saved: '/home/rokey/book_dataset/dataset_shelf/shelf_filled/depth/000325.png'
00:42.117  render           | Saved: '/home/rokey/book_dataset/dataset_shelf/shelf_filled/images/000326.png'
00:42.140  render           | Saved: '/home/rokey/book_dataset/dataset_shelf/shelf_filled/mask/000326.png'
00:42.161  render           | Saved: '/home/rokey/book_dataset/dataset_shelf/shelf_filled/depth/000326.png'
00:42.236  render           | Saved: '/home/rokey/book_dataset/dataset_shelf/shelf_filled/images/000327.png'
00:42.260  render           | Saved: '/home/rokey/book_dataset/dataset_shelf/shelf_filled/mask/000327.png'
00:42.279  render           | Saved: '/home/rokey/book_dataset/dataset_shelf/shelf_filled/depth/000327.png'
00:42.366  render           | Saved: '/home/rokey/book_dataset/dataset_shelf/shelf_filled/images/000328.png'
00:42.390  render           | Saved: '/home/rokey/book_dataset/dataset_shelf/shelf_filled/mask/000328.png'
00:42.411  render           | Saved: '/home/rokey/book_dataset/dataset_shelf/shelf_filled/depth/000328.png'
00:42.498  render           | Saved: '/home/rokey/book_dataset/dataset_shelf/shelf_filled/images/000329.png'
00:42.525  render           | Saved: '/home/rokey/book_dataset/dataset_shelf/shelf_filled/mask/000329.png'
00:42.546  render           | Saved: '/home/rokey/book_dataset/dataset_shelf/shelf_filled/depth/000329.png'
00:42.622  render           | Saved: '/home/rokey/book_dataset/dataset_shelf/shelf_filled/images/000330.png'
00:42.647  render           | Saved: '/home/rokey/book_dataset/dataset_shelf/shelf_filled/mask/000330.png'
00:42.666  render           | Saved: '/home/rokey/book_dataset/dataset_shelf/shelf_filled/depth/000330.png'
00:42.753  render           | Saved: '/home/rokey/book_dataset/dataset_shelf/shelf_filled/images/000331.png'
00:42.781  render           | Saved: '/home/rokey/book_dataset/dataset_shelf/shelf_filled/mask/000331.png'
00:42.801  render           | Saved: '/home/rokey/book_dataset/dataset_shelf/shelf_filled/depth/000331.png'
00:42.886  render           | Saved: '/home/rokey/book_dataset/dataset_shelf/shelf_filled/images/000332.png'
00:42.910  render           | Saved: '/home/rokey/book_dataset/dataset_shelf/shelf_filled/mask/000332.png'
00:42.931  render           | Saved: '/home/rokey/book_dataset/dataset_shelf/shelf_filled/depth/000332.png'
00:43.018  render           | Saved: '/home/rokey/book_dataset/dataset_shelf/shelf_filled/images/000333.png'
00:43.043  render           | Saved: '/home/rokey/book_dataset/dataset_shelf/shelf_filled/mask/000333.png'
00:43.064  render           | Saved: '/home/rokey/book_dataset/dataset_shelf/shelf_filled/depth/000333.png'
00:43.142  render           | Saved: '/home/rokey/book_dataset/dataset_shelf/shelf_filled/images/000334.png'
00:43.165  render           | Saved: '/home/rokey/book_dataset/dataset_shelf/shelf_filled/mask/000334.png'
00:43.186  render           | Saved: '/home/rokey/book_dataset/dataset_shelf/shelf_filled/depth/000334.png'
00:43.273  render           | Saved: '/home/rokey/book_dataset/dataset_shelf/shelf_filled/images/000335.png'
00:43.297  render           | Saved: '/home/rokey/book_dataset/dataset_shelf/shelf_filled/mask/000335.png'
00:43.317  render           | Saved: '/home/rokey/book_dataset/dataset_shelf/shelf_filled/depth/000335.png'
00:43.403  render           | Saved: '/home/rokey/book_dataset/dataset_shelf/shelf_filled/images/000336.png'
00:43.426  render           | Saved: '/home/rokey/book_dataset/dataset_shelf/shelf_filled/mask/000336.png'
00:43.445  render           | Saved: '/home/rokey/book_dataset/dataset_shelf/shelf_filled/depth/000336.png'
00:43.521  render           | Saved: '/home/rokey/book_dataset/dataset_shelf/shelf_filled/images/000337.png'
00:43.546  render           | Saved: '/home/rokey/book_dataset/dataset_shelf/shelf_filled/mask/000337.png'
00:43.566  render           | Saved: '/home/rokey/book_dataset/dataset_shelf/shelf_filled/depth/000337.png'
00:43.653  render           | Saved: '/home/rokey/book_dataset/dataset_shelf/shelf_filled/images/000338.png'
00:43.680  render           | Saved: '/home/rokey/book_dataset/dataset_shelf/shelf_filled/mask/000338.png'
00:43.702  render           | Saved: '/home/rokey/book_dataset/dataset_shelf/shelf_filled/depth/000338.png'
00:43.794  render           | Saved: '/home/rokey/book_dataset/dataset_shelf/shelf_filled/images/000339.png'
00:43.821  render           | Saved: '/home/rokey/book_dataset/dataset_shelf/shelf_filled/mask/000339.png'
00:43.842  render           | Saved: '/home/rokey/book_dataset/dataset_shelf/shelf_filled/depth/000339.png'
00:43.917  render           | Saved: '/home/rokey/book_dataset/dataset_shelf/shelf_filled/images/000340.png'
00:43.941  render           | Saved: '/home/rokey/book_dataset/dataset_shelf/shelf_filled/mask/000340.png'
00:43.961  render           | Saved: '/home/rokey/book_dataset/dataset_shelf/shelf_filled/depth/000340.png'
00:44.039  render           | Saved: '/home/rokey/book_dataset/dataset_shelf/shelf_filled/images/000341.png'
00:44.065  render           | Saved: '/home/rokey/book_dataset/dataset_shelf/shelf_filled/mask/000341.png'
00:44.085  render           | Saved: '/home/rokey/book_dataset/dataset_shelf/shelf_filled/depth/000341.png'
00:44.174  render           | Saved: '/home/rokey/book_dataset/dataset_shelf/shelf_filled/images/000342.png'
00:44.201  render           | Saved: '/home/rokey/book_dataset/dataset_shelf/shelf_filled/mask/000342.png'
00:44.224  render           | Saved: '/home/rokey/book_dataset/dataset_shelf/shelf_filled/depth/000342.png'
00:44.309  render           | Saved: '/home/rokey/book_dataset/dataset_shelf/shelf_filled/images/000343.png'
00:44.332  render           | Saved: '/home/rokey/book_dataset/dataset_shelf/shelf_filled/mask/000343.png'
00:44.355  render           | Saved: '/home/rokey/book_dataset/dataset_shelf/shelf_filled/depth/000343.png'
00:44.433  render           | Saved: '/home/rokey/book_dataset/dataset_shelf/shelf_filled/images/000344.png'
00:44.457  render           | Saved: '/home/rokey/book_dataset/dataset_shelf/shelf_filled/mask/000344.png'
00:44.477  render           | Saved: '/home/rokey/book_dataset/dataset_shelf/shelf_filled/depth/000344.png'
00:44.561  render           | Saved: '/home/rokey/book_dataset/dataset_shelf/shelf_filled/images/000345.png'
00:44.586  render           | Saved: '/home/rokey/book_dataset/dataset_shelf/shelf_filled/mask/000345.png'
00:44.607  render           | Saved: '/home/rokey/book_dataset/dataset_shelf/shelf_filled/depth/000345.png'
00:44.688  render           | Saved: '/home/rokey/book_dataset/dataset_shelf/shelf_filled/images/000346.png'
00:44.715  render           | Saved: '/home/rokey/book_dataset/dataset_shelf/shelf_filled/mask/000346.png'
00:44.736  render           | Saved: '/home/rokey/book_dataset/dataset_shelf/shelf_filled/depth/000346.png'
00:44.811  render           | Saved: '/home/rokey/book_dataset/dataset_shelf/shelf_filled/images/000347.png'
00:44.833  render           | Saved: '/home/rokey/book_dataset/dataset_shelf/shelf_filled/mask/000347.png'
00:44.853  render           | Saved: '/home/rokey/book_dataset/dataset_shelf/shelf_filled/depth/000347.png'
00:44.928  render           | Saved: '/home/rokey/book_dataset/dataset_shelf/shelf_filled/images/000348.png'
00:44.951  render           | Saved: '/home/rokey/book_dataset/dataset_shelf/shelf_filled/mask/000348.png'
00:44.971  render           | Saved: '/home/rokey/book_dataset/dataset_shelf/shelf_filled/depth/000348.png'
00:45.049  render           | Saved: '/home/rokey/book_dataset/dataset_shelf/shelf_filled/images/000349.png'
00:45.073  render           | Saved: '/home/rokey/book_dataset/dataset_shelf/shelf_filled/mask/000349.png'
00:45.093  render           | Saved: '/home/rokey/book_dataset/dataset_shelf/shelf_filled/depth/000349.png'
00:45.169  render           | Saved: '/home/rokey/book_dataset/dataset_shelf/shelf_filled/images/000350.png'
00:45.193  render           | Saved: '/home/rokey/book_dataset/dataset_shelf/shelf_filled/mask/000350.png'
00:45.214  render           | Saved: '/home/rokey/book_dataset/dataset_shelf/shelf_filled/depth/000350.png'
00:45.300  render           | Saved: '/home/rokey/book_dataset/dataset_shelf/shelf_filled/images/000351.png'
00:45.324  render           | Saved: '/home/rokey/book_dataset/dataset_shelf/shelf_filled/mask/000351.png'
00:45.345  render           | Saved: '/home/rokey/book_dataset/dataset_shelf/shelf_filled/depth/000351.png'
00:45.431  render           | Saved: '/home/rokey/book_dataset/dataset_shelf/shelf_filled/images/000352.png'
00:45.456  render           | Saved: '/home/rokey/book_dataset/dataset_shelf/shelf_filled/mask/000352.png'
00:45.477  render           | Saved: '/home/rokey/book_dataset/dataset_shelf/shelf_filled/depth/000352.png'
00:45.555  render           | Saved: '/home/rokey/book_dataset/dataset_shelf/shelf_filled/images/000353.png'
00:45.580  render           | Saved: '/home/rokey/book_dataset/dataset_shelf/shelf_filled/mask/000353.png'
00:45.600  render           | Saved: '/home/rokey/book_dataset/dataset_shelf/shelf_filled/depth/000353.png'
00:45.678  render           | Saved: '/home/rokey/book_dataset/dataset_shelf/shelf_filled/images/000354.png'
00:45.700  render           | Saved: '/home/rokey/book_dataset/dataset_shelf/shelf_filled/mask/000354.png'
00:45.719  render           | Saved: '/home/rokey/book_dataset/dataset_shelf/shelf_filled/depth/000354.png'
00:45.799  render           | Saved: '/home/rokey/book_dataset/dataset_shelf/shelf_filled/images/000355.png'
00:45.827  render           | Saved: '/home/rokey/book_dataset/dataset_shelf/shelf_filled/mask/000355.png'
00:45.847  render           | Saved: '/home/rokey/book_dataset/dataset_shelf/shelf_filled/depth/000355.png'
00:45.923  render           | Saved: '/home/rokey/book_dataset/dataset_shelf/shelf_filled/images/000356.png'
00:45.949  render           | Saved: '/home/rokey/book_dataset/dataset_shelf/shelf_filled/mask/000356.png'
00:45.968  render           | Saved: '/home/rokey/book_dataset/dataset_shelf/shelf_filled/depth/000356.png'
00:46.049  render           | Saved: '/home/rokey/book_dataset/dataset_shelf/shelf_filled/images/000357.png'
00:46.074  render           | Saved: '/home/rokey/book_dataset/dataset_shelf/shelf_filled/mask/000357.png'
00:46.094  render           | Saved: '/home/rokey/book_dataset/dataset_shelf/shelf_filled/depth/000357.png'
00:46.183  render           | Saved: '/home/rokey/book_dataset/dataset_shelf/shelf_filled/images/000358.png'
00:46.208  render           | Saved: '/home/rokey/book_dataset/dataset_shelf/shelf_filled/mask/000358.png'
00:46.227  render           | Saved: '/home/rokey/book_dataset/dataset_shelf/shelf_filled/depth/000358.png'
00:46.314  render           | Saved: '/home/rokey/book_dataset/dataset_shelf/shelf_filled/images/000359.png'
00:46.341  render           | Saved: '/home/rokey/book_dataset/dataset_shelf/shelf_filled/mask/000359.png'
00:46.360  render           | Saved: '/home/rokey/book_dataset/dataset_shelf/shelf_filled/depth/000359.png'
00:46.436  render           | Saved: '/home/rokey/book_dataset/dataset_shelf/shelf_filled/images/000360.png'
00:46.459  render           | Saved: '/home/rokey/book_dataset/dataset_shelf/shelf_filled/mask/000360.png'
00:46.479  render           | Saved: '/home/rokey/book_dataset/dataset_shelf/shelf_filled/depth/000360.png'
00:46.564  render           | Saved: '/home/rokey/book_dataset/dataset_shelf/shelf_filled/images/000361.png'
00:46.587  render           | Saved: '/home/rokey/book_dataset/dataset_shelf/shelf_filled/mask/000361.png'
00:46.607  render           | Saved: '/home/rokey/book_dataset/dataset_shelf/shelf_filled/depth/000361.png'
00:46.691  render           | Saved: '/home/rokey/book_dataset/dataset_shelf/shelf_filled/images/000362.png'
00:46.715  render           | Saved: '/home/rokey/book_dataset/dataset_shelf/shelf_filled/mask/000362.png'
00:46.735  render           | Saved: '/home/rokey/book_dataset/dataset_shelf/shelf_filled/depth/000362.png'
00:46.820  render           | Saved: '/home/rokey/book_dataset/dataset_shelf/shelf_filled/images/000363.png'
00:46.843  render           | Saved: '/home/rokey/book_dataset/dataset_shelf/shelf_filled/mask/000363.png'
00:46.863  render           | Saved: '/home/rokey/book_dataset/dataset_shelf/shelf_filled/depth/000363.png'
00:46.946  render           | Saved: '/home/rokey/book_dataset/dataset_shelf/shelf_filled/images/000364.png'
00:46.972  render           | Saved: '/home/rokey/book_dataset/dataset_shelf/shelf_filled/mask/000364.png'
00:46.992  render           | Saved: '/home/rokey/book_dataset/dataset_shelf/shelf_filled/depth/000364.png'
00:47.080  render           | Saved: '/home/rokey/book_dataset/dataset_shelf/shelf_filled/images/000365.png'
00:47.107  render           | Saved: '/home/rokey/book_dataset/dataset_shelf/shelf_filled/mask/000365.png'
00:47.128  render           | Saved: '/home/rokey/book_dataset/dataset_shelf/shelf_filled/depth/000365.png'
00:47.214  render           | Saved: '/home/rokey/book_dataset/dataset_shelf/shelf_filled/images/000366.png'
00:47.238  render           | Saved: '/home/rokey/book_dataset/dataset_shelf/shelf_filled/mask/000366.png'
00:47.259  render           | Saved: '/home/rokey/book_dataset/dataset_shelf/shelf_filled/depth/000366.png'
00:47.336  render           | Saved: '/home/rokey/book_dataset/dataset_shelf/shelf_filled/images/000367.png'
00:47.359  render           | Saved: '/home/rokey/book_dataset/dataset_shelf/shelf_filled/mask/000367.png'
00:47.381  render           | Saved: '/home/rokey/book_dataset/dataset_shelf/shelf_filled/depth/000367.png'
00:47.461  render           | Saved: '/home/rokey/book_dataset/dataset_shelf/shelf_filled/images/000368.png'
00:47.488  render           | Saved: '/home/rokey/book_dataset/dataset_shelf/shelf_filled/mask/000368.png'
00:47.508  render           | Saved: '/home/rokey/book_dataset/dataset_shelf/shelf_filled/depth/000368.png'
00:47.589  render           | Saved: '/home/rokey/book_dataset/dataset_shelf/shelf_filled/images/000369.png'
00:47.613  render           | Saved: '/home/rokey/book_dataset/dataset_shelf/shelf_filled/mask/000369.png'
00:47.633  render           | Saved: '/home/rokey/book_dataset/dataset_shelf/shelf_filled/depth/000369.png'
00:47.718  render           | Saved: '/home/rokey/book_dataset/dataset_shelf/shelf_filled/images/000370.png'
00:47.742  render           | Saved: '/home/rokey/book_dataset/dataset_shelf/shelf_filled/mask/000370.png'
00:47.762  render           | Saved: '/home/rokey/book_dataset/dataset_shelf/shelf_filled/depth/000370.png'
00:47.843  render           | Saved: '/home/rokey/book_dataset/dataset_shelf/shelf_filled/images/000371.png'
00:47.867  render           | Saved: '/home/rokey/book_dataset/dataset_shelf/shelf_filled/mask/000371.png'
00:47.887  render           | Saved: '/home/rokey/book_dataset/dataset_shelf/shelf_filled/depth/000371.png'
00:47.963  render           | Saved: '/home/rokey/book_dataset/dataset_shelf/shelf_filled/images/000372.png'
00:47.986  render           | Saved: '/home/rokey/book_dataset/dataset_shelf/shelf_filled/mask/000372.png'
00:48.007  render           | Saved: '/home/rokey/book_dataset/dataset_shelf/shelf_filled/depth/000372.png'
00:48.082  render           | Saved: '/home/rokey/book_dataset/dataset_shelf/shelf_filled/images/000373.png'
00:48.105  render           | Saved: '/home/rokey/book_dataset/dataset_shelf/shelf_filled/mask/000373.png'
00:48.125  render           | Saved: '/home/rokey/book_dataset/dataset_shelf/shelf_filled/depth/000373.png'
00:48.201  render           | Saved: '/home/rokey/book_dataset/dataset_shelf/shelf_filled/images/000374.png'
00:48.224  render           | Saved: '/home/rokey/book_dataset/dataset_shelf/shelf_filled/mask/000374.png'
00:48.244  render           | Saved: '/home/rokey/book_dataset/dataset_shelf/shelf_filled/depth/000374.png'
00:48.318  render           | Saved: '/home/rokey/book_dataset/dataset_shelf/shelf_filled/images/000375.png'
00:48.341  render           | Saved: '/home/rokey/book_dataset/dataset_shelf/shelf_filled/mask/000375.png'
00:48.361  render           | Saved: '/home/rokey/book_dataset/dataset_shelf/shelf_filled/depth/000375.png'
00:48.445  render           | Saved: '/home/rokey/book_dataset/dataset_shelf/shelf_filled/images/000376.png'
00:48.469  render           | Saved: '/home/rokey/book_dataset/dataset_shelf/shelf_filled/mask/000376.png'
00:48.490  render           | Saved: '/home/rokey/book_dataset/dataset_shelf/shelf_filled/depth/000376.png'
00:48.568  render           | Saved: '/home/rokey/book_dataset/dataset_shelf/shelf_filled/images/000377.png'
00:48.592  render           | Saved: '/home/rokey/book_dataset/dataset_shelf/shelf_filled/mask/000377.png'
00:48.612  render           | Saved: '/home/rokey/book_dataset/dataset_shelf/shelf_filled/depth/000377.png'
00:48.698  render           | Saved: '/home/rokey/book_dataset/dataset_shelf/shelf_filled/images/000378.png'
00:48.722  render           | Saved: '/home/rokey/book_dataset/dataset_shelf/shelf_filled/mask/000378.png'
00:48.743  render           | Saved: '/home/rokey/book_dataset/dataset_shelf/shelf_filled/depth/000378.png'
00:48.827  render           | Saved: '/home/rokey/book_dataset/dataset_shelf/shelf_filled/images/000379.png'
00:48.851  render           | Saved: '/home/rokey/book_dataset/dataset_shelf/shelf_filled/mask/000379.png'
00:48.875  render           | Saved: '/home/rokey/book_dataset/dataset_shelf/shelf_filled/depth/000379.png'
00:48.952  render           | Saved: '/home/rokey/book_dataset/dataset_shelf/shelf_filled/images/000380.png'
00:48.976  render           | Saved: '/home/rokey/book_dataset/dataset_shelf/shelf_filled/mask/000380.png'
00:48.995  render           | Saved: '/home/rokey/book_dataset/dataset_shelf/shelf_filled/depth/000380.png'
00:49.081  render           | Saved: '/home/rokey/book_dataset/dataset_shelf/shelf_filled/images/000381.png'
00:49.106  render           | Saved: '/home/rokey/book_dataset/dataset_shelf/shelf_filled/mask/000381.png'
00:49.127  render           | Saved: '/home/rokey/book_dataset/dataset_shelf/shelf_filled/depth/000381.png'
00:49.212  render           | Saved: '/home/rokey/book_dataset/dataset_shelf/shelf_filled/images/000382.png'
00:49.236  render           | Saved: '/home/rokey/book_dataset/dataset_shelf/shelf_filled/mask/000382.png'
00:49.256  render           | Saved: '/home/rokey/book_dataset/dataset_shelf/shelf_filled/depth/000382.png'
00:49.331  render           | Saved: '/home/rokey/book_dataset/dataset_shelf/shelf_filled/images/000383.png'
00:49.356  render           | Saved: '/home/rokey/book_dataset/dataset_shelf/shelf_filled/mask/000383.png'
00:49.376  render           | Saved: '/home/rokey/book_dataset/dataset_shelf/shelf_filled/depth/000383.png'
00:49.455  render           | Saved: '/home/rokey/book_dataset/dataset_shelf/shelf_filled/images/000384.png'
00:49.478  render           | Saved: '/home/rokey/book_dataset/dataset_shelf/shelf_filled/mask/000384.png'
00:49.498  render           | Saved: '/home/rokey/book_dataset/dataset_shelf/shelf_filled/depth/000384.png'
00:49.585  render           | Saved: '/home/rokey/book_dataset/dataset_shelf/shelf_filled/images/000385.png'
00:49.610  render           | Saved: '/home/rokey/book_dataset/dataset_shelf/shelf_filled/mask/000385.png'
00:49.629  render           | Saved: '/home/rokey/book_dataset/dataset_shelf/shelf_filled/depth/000385.png'
00:49.705  render           | Saved: '/home/rokey/book_dataset/dataset_shelf/shelf_filled/images/000386.png'
00:49.729  render           | Saved: '/home/rokey/book_dataset/dataset_shelf/shelf_filled/mask/000386.png'
00:49.749  render           | Saved: '/home/rokey/book_dataset/dataset_shelf/shelf_filled/depth/000386.png'
00:49.825  render           | Saved: '/home/rokey/book_dataset/dataset_shelf/shelf_filled/images/000387.png'
00:49.848  render           | Saved: '/home/rokey/book_dataset/dataset_shelf/shelf_filled/mask/000387.png'
00:49.868  render           | Saved: '/home/rokey/book_dataset/dataset_shelf/shelf_filled/depth/000387.png'
00:49.951  render           | Saved: '/home/rokey/book_dataset/dataset_shelf/shelf_filled/images/000388.png'
00:49.975  render           | Saved: '/home/rokey/book_dataset/dataset_shelf/shelf_filled/mask/000388.png'
00:49.994  render           | Saved: '/home/rokey/book_dataset/dataset_shelf/shelf_filled/depth/000388.png'
00:50.085  render           | Saved: '/home/rokey/book_dataset/dataset_shelf/shelf_filled/images/000389.png'
00:50.111  render           | Saved: '/home/rokey/book_dataset/dataset_shelf/shelf_filled/mask/000389.png'
00:50.132  render           | Saved: '/home/rokey/book_dataset/dataset_shelf/shelf_filled/depth/000389.png'
00:50.209  render           | Saved: '/home/rokey/book_dataset/dataset_shelf/shelf_filled/images/000390.png'
00:50.234  render           | Saved: '/home/rokey/book_dataset/dataset_shelf/shelf_filled/mask/000390.png'
00:50.254  render           | Saved: '/home/rokey/book_dataset/dataset_shelf/shelf_filled/depth/000390.png'
00:50.331  render           | Saved: '/home/rokey/book_dataset/dataset_shelf/shelf_filled/images/000391.png'
00:50.354  render           | Saved: '/home/rokey/book_dataset/dataset_shelf/shelf_filled/mask/000391.png'
00:50.375  render           | Saved: '/home/rokey/book_dataset/dataset_shelf/shelf_filled/depth/000391.png'
00:50.461  render           | Saved: '/home/rokey/book_dataset/dataset_shelf/shelf_filled/images/000392.png'
00:50.485  render           | Saved: '/home/rokey/book_dataset/dataset_shelf/shelf_filled/mask/000392.png'
00:50.506  render           | Saved: '/home/rokey/book_dataset/dataset_shelf/shelf_filled/depth/000392.png'
00:50.584  render           | Saved: '/home/rokey/book_dataset/dataset_shelf/shelf_filled/images/000393.png'
00:50.608  render           | Saved: '/home/rokey/book_dataset/dataset_shelf/shelf_filled/mask/000393.png'
00:50.628  render           | Saved: '/home/rokey/book_dataset/dataset_shelf/shelf_filled/depth/000393.png'
00:50.706  render           | Saved: '/home/rokey/book_dataset/dataset_shelf/shelf_filled/images/000394.png'
00:50.731  render           | Saved: '/home/rokey/book_dataset/dataset_shelf/shelf_filled/mask/000394.png'
00:50.751  render           | Saved: '/home/rokey/book_dataset/dataset_shelf/shelf_filled/depth/000394.png'
00:50.834  render           | Saved: '/home/rokey/book_dataset/dataset_shelf/shelf_filled/images/000395.png'
00:50.859  render           | Saved: '/home/rokey/book_dataset/dataset_shelf/shelf_filled/mask/000395.png'
00:50.878  render           | Saved: '/home/rokey/book_dataset/dataset_shelf/shelf_filled/depth/000395.png'
00:50.955  render           | Saved: '/home/rokey/book_dataset/dataset_shelf/shelf_filled/images/000396.png'
00:50.980  render           | Saved: '/home/rokey/book_dataset/dataset_shelf/shelf_filled/mask/000396.png'
00:51.000  render           | Saved: '/home/rokey/book_dataset/dataset_shelf/shelf_filled/depth/000396.png'
00:51.077  render           | Saved: '/home/rokey/book_dataset/dataset_shelf/shelf_filled/images/000397.png'
00:51.101  render           | Saved: '/home/rokey/book_dataset/dataset_shelf/shelf_filled/mask/000397.png'
00:51.122  render           | Saved: '/home/rokey/book_dataset/dataset_shelf/shelf_filled/depth/000397.png'
00:51.211  render           | Saved: '/home/rokey/book_dataset/dataset_shelf/shelf_filled/images/000398.png'
00:51.239  render           | Saved: '/home/rokey/book_dataset/dataset_shelf/shelf_filled/mask/000398.png'
00:51.261  render           | Saved: '/home/rokey/book_dataset/dataset_shelf/shelf_filled/depth/000398.png'
00:51.341  render           | Saved: '/home/rokey/book_dataset/dataset_shelf/shelf_filled/images/000399.png'
00:51.367  render           | Saved: '/home/rokey/book_dataset/dataset_shelf/shelf_filled/mask/000399.png'
00:51.386  render           | Saved: '/home/rokey/book_dataset/dataset_shelf/shelf_filled/depth/000399.png'
00:51.465  render           | Saved: '/home/rokey/book_dataset/dataset_shelf/shelf_filled/images/000400.png'
00:51.489  render           | Saved: '/home/rokey/book_dataset/dataset_shelf/shelf_filled/mask/000400.png'
00:51.509  render           | Saved: '/home/rokey/book_dataset/dataset_shelf/shelf_filled/depth/000400.png'
00:51.599  render           | Saved: '/home/rokey/book_dataset/dataset_shelf/shelf_filled/images/000401.png'
00:51.624  render           | Saved: '/home/rokey/book_dataset/dataset_shelf/shelf_filled/mask/000401.png'
00:51.644  render           | Saved: '/home/rokey/book_dataset/dataset_shelf/shelf_filled/depth/000401.png'
00:51.732  render           | Saved: '/home/rokey/book_dataset/dataset_shelf/shelf_filled/images/000402.png'
00:51.755  render           | Saved: '/home/rokey/book_dataset/dataset_shelf/shelf_filled/mask/000402.png'
00:51.776  render           | Saved: '/home/rokey/book_dataset/dataset_shelf/shelf_filled/depth/000402.png'
00:51.864  render           | Saved: '/home/rokey/book_dataset/dataset_shelf/shelf_filled/images/000403.png'
00:51.888  render           | Saved: '/home/rokey/book_dataset/dataset_shelf/shelf_filled/mask/000403.png'
00:51.908  render           | Saved: '/home/rokey/book_dataset/dataset_shelf/shelf_filled/depth/000403.png'
00:51.995  render           | Saved: '/home/rokey/book_dataset/dataset_shelf/shelf_filled/images/000404.png'
00:52.020  render           | Saved: '/home/rokey/book_dataset/dataset_shelf/shelf_filled/mask/000404.png'
00:52.040  render           | Saved: '/home/rokey/book_dataset/dataset_shelf/shelf_filled/depth/000404.png'
00:52.127  render           | Saved: '/home/rokey/book_dataset/dataset_shelf/shelf_filled/images/000405.png'
00:52.151  render           | Saved: '/home/rokey/book_dataset/dataset_shelf/shelf_filled/mask/000405.png'
00:52.170  render           | Saved: '/home/rokey/book_dataset/dataset_shelf/shelf_filled/depth/000405.png'
00:52.247  render           | Saved: '/home/rokey/book_dataset/dataset_shelf/shelf_filled/images/000406.png'
00:52.271  render           | Saved: '/home/rokey/book_dataset/dataset_shelf/shelf_filled/mask/000406.png'
00:52.291  render           | Saved: '/home/rokey/book_dataset/dataset_shelf/shelf_filled/depth/000406.png'
00:52.377  render           | Saved: '/home/rokey/book_dataset/dataset_shelf/shelf_filled/images/000407.png'
00:52.401  render           | Saved: '/home/rokey/book_dataset/dataset_shelf/shelf_filled/mask/000407.png'
00:52.423  render           | Saved: '/home/rokey/book_dataset/dataset_shelf/shelf_filled/depth/000407.png'
00:52.500  render           | Saved: '/home/rokey/book_dataset/dataset_shelf/shelf_filled/images/000408.png'
00:52.524  render           | Saved: '/home/rokey/book_dataset/dataset_shelf/shelf_filled/mask/000408.png'
00:52.543  render           | Saved: '/home/rokey/book_dataset/dataset_shelf/shelf_filled/depth/000408.png'
00:52.629  render           | Saved: '/home/rokey/book_dataset/dataset_shelf/shelf_filled/images/000409.png'
00:52.652  render           | Saved: '/home/rokey/book_dataset/dataset_shelf/shelf_filled/mask/000409.png'
00:52.673  render           | Saved: '/home/rokey/book_dataset/dataset_shelf/shelf_filled/depth/000409.png'
00:52.761  render           | Saved: '/home/rokey/book_dataset/dataset_shelf/shelf_filled/images/000410.png'
00:52.787  render           | Saved: '/home/rokey/book_dataset/dataset_shelf/shelf_filled/mask/000410.png'
00:52.808  render           | Saved: '/home/rokey/book_dataset/dataset_shelf/shelf_filled/depth/000410.png'
00:52.897  render           | Saved: '/home/rokey/book_dataset/dataset_shelf/shelf_filled/images/000411.png'
00:52.921  render           | Saved: '/home/rokey/book_dataset/dataset_shelf/shelf_filled/mask/000411.png'
00:52.942  render           | Saved: '/home/rokey/book_dataset/dataset_shelf/shelf_filled/depth/000411.png'
00:53.017  render           | Saved: '/home/rokey/book_dataset/dataset_shelf/shelf_filled/images/000412.png'
00:53.040  render           | Saved: '/home/rokey/book_dataset/dataset_shelf/shelf_filled/mask/000412.png'
00:53.060  render           | Saved: '/home/rokey/book_dataset/dataset_shelf/shelf_filled/depth/000412.png'
00:53.146  render           | Saved: '/home/rokey/book_dataset/dataset_shelf/shelf_filled/images/000413.png'
00:53.174  render           | Saved: '/home/rokey/book_dataset/dataset_shelf/shelf_filled/mask/000413.png'
00:53.195  render           | Saved: '/home/rokey/book_dataset/dataset_shelf/shelf_filled/depth/000413.png'
00:53.272  render           | Saved: '/home/rokey/book_dataset/dataset_shelf/shelf_filled/images/000414.png'
00:53.297  render           | Saved: '/home/rokey/book_dataset/dataset_shelf/shelf_filled/mask/000414.png'
00:53.316  render           | Saved: '/home/rokey/book_dataset/dataset_shelf/shelf_filled/depth/000414.png'
00:53.402  render           | Saved: '/home/rokey/book_dataset/dataset_shelf/shelf_filled/images/000415.png'
00:53.426  render           | Saved: '/home/rokey/book_dataset/dataset_shelf/shelf_filled/mask/000415.png'
00:53.446  render           | Saved: '/home/rokey/book_dataset/dataset_shelf/shelf_filled/depth/000415.png'
00:53.532  render           | Saved: '/home/rokey/book_dataset/dataset_shelf/shelf_filled/images/000416.png'
00:53.558  render           | Saved: '/home/rokey/book_dataset/dataset_shelf/shelf_filled/mask/000416.png'
00:53.579  render           | Saved: '/home/rokey/book_dataset/dataset_shelf/shelf_filled/depth/000416.png'
00:53.657  render           | Saved: '/home/rokey/book_dataset/dataset_shelf/shelf_filled/images/000417.png'
00:53.681  render           | Saved: '/home/rokey/book_dataset/dataset_shelf/shelf_filled/mask/000417.png'
00:53.702  render           | Saved: '/home/rokey/book_dataset/dataset_shelf/shelf_filled/depth/000417.png'
00:53.779  render           | Saved: '/home/rokey/book_dataset/dataset_shelf/shelf_filled/images/000418.png'
00:53.803  render           | Saved: '/home/rokey/book_dataset/dataset_shelf/shelf_filled/mask/000418.png'
00:53.823  render           | Saved: '/home/rokey/book_dataset/dataset_shelf/shelf_filled/depth/000418.png'
00:53.909  render           | Saved: '/home/rokey/book_dataset/dataset_shelf/shelf_filled/images/000419.png'
00:53.933  render           | Saved: '/home/rokey/book_dataset/dataset_shelf/shelf_filled/mask/000419.png'
00:53.953  render           | Saved: '/home/rokey/book_dataset/dataset_shelf/shelf_filled/depth/000419.png'
00:54.044  render           | Saved: '/home/rokey/book_dataset/dataset_shelf/shelf_filled/images/000420.png'
00:54.070  render           | Saved: '/home/rokey/book_dataset/dataset_shelf/shelf_filled/mask/000420.png'
00:54.090  render           | Saved: '/home/rokey/book_dataset/dataset_shelf/shelf_filled/depth/000420.png'
00:54.166  render           | Saved: '/home/rokey/book_dataset/dataset_shelf/shelf_filled/images/000421.png'
00:54.191  render           | Saved: '/home/rokey/book_dataset/dataset_shelf/shelf_filled/mask/000421.png'
00:54.211  render           | Saved: '/home/rokey/book_dataset/dataset_shelf/shelf_filled/depth/000421.png'
00:54.298  render           | Saved: '/home/rokey/book_dataset/dataset_shelf/shelf_filled/images/000422.png'
00:54.322  render           | Saved: '/home/rokey/book_dataset/dataset_shelf/shelf_filled/mask/000422.png'
00:54.343  render           | Saved: '/home/rokey/book_dataset/dataset_shelf/shelf_filled/depth/000422.png'
00:54.418  render           | Saved: '/home/rokey/book_dataset/dataset_shelf/shelf_filled/images/000423.png'
00:54.441  render           | Saved: '/home/rokey/book_dataset/dataset_shelf/shelf_filled/mask/000423.png'
00:54.461  render           | Saved: '/home/rokey/book_dataset/dataset_shelf/shelf_filled/depth/000423.png'
00:54.541  render           | Saved: '/home/rokey/book_dataset/dataset_shelf/shelf_filled/images/000424.png'
00:54.566  render           | Saved: '/home/rokey/book_dataset/dataset_shelf/shelf_filled/mask/000424.png'
00:54.586  render           | Saved: '/home/rokey/book_dataset/dataset_shelf/shelf_filled/depth/000424.png'
00:54.662  render           | Saved: '/home/rokey/book_dataset/dataset_shelf/shelf_filled/images/000425.png'
00:54.687  render           | Saved: '/home/rokey/book_dataset/dataset_shelf/shelf_filled/mask/000425.png'
00:54.707  render           | Saved: '/home/rokey/book_dataset/dataset_shelf/shelf_filled/depth/000425.png'
00:54.784  render           | Saved: '/home/rokey/book_dataset/dataset_shelf/shelf_filled/images/000426.png'
00:54.808  render           | Saved: '/home/rokey/book_dataset/dataset_shelf/shelf_filled/mask/000426.png'
00:54.828  render           | Saved: '/home/rokey/book_dataset/dataset_shelf/shelf_filled/depth/000426.png'
00:54.912  render           | Saved: '/home/rokey/book_dataset/dataset_shelf/shelf_filled/images/000427.png'
00:54.936  render           | Saved: '/home/rokey/book_dataset/dataset_shelf/shelf_filled/mask/000427.png'
00:54.957  render           | Saved: '/home/rokey/book_dataset/dataset_shelf/shelf_filled/depth/000427.png'
00:55.043  render           | Saved: '/home/rokey/book_dataset/dataset_shelf/shelf_filled/images/000428.png'
00:55.067  render           | Saved: '/home/rokey/book_dataset/dataset_shelf/shelf_filled/mask/000428.png'
00:55.086  render           | Saved: '/home/rokey/book_dataset/dataset_shelf/shelf_filled/depth/000428.png'
00:55.170  render           | Saved: '/home/rokey/book_dataset/dataset_shelf/shelf_filled/images/000429.png'
00:55.195  render           | Saved: '/home/rokey/book_dataset/dataset_shelf/shelf_filled/mask/000429.png'
00:55.216  render           | Saved: '/home/rokey/book_dataset/dataset_shelf/shelf_filled/depth/000429.png'
00:55.300  render           | Saved: '/home/rokey/book_dataset/dataset_shelf/shelf_filled/images/000430.png'
00:55.326  render           | Saved: '/home/rokey/book_dataset/dataset_shelf/shelf_filled/mask/000430.png'
00:55.346  render           | Saved: '/home/rokey/book_dataset/dataset_shelf/shelf_filled/depth/000430.png'
00:55.419  render           | Saved: '/home/rokey/book_dataset/dataset_shelf/shelf_filled/images/000431.png'
00:55.443  render           | Saved: '/home/rokey/book_dataset/dataset_shelf/shelf_filled/mask/000431.png'
00:55.463  render           | Saved: '/home/rokey/book_dataset/dataset_shelf/shelf_filled/depth/000431.png'
00:55.539  render           | Saved: '/home/rokey/book_dataset/dataset_shelf/shelf_filled/images/000432.png'
00:55.563  render           | Saved: '/home/rokey/book_dataset/dataset_shelf/shelf_filled/mask/000432.png'
00:55.583  render           | Saved: '/home/rokey/book_dataset/dataset_shelf/shelf_filled/depth/000432.png'
00:55.657  render           | Saved: '/home/rokey/book_dataset/dataset_shelf/shelf_filled/images/000433.png'
00:55.681  render           | Saved: '/home/rokey/book_dataset/dataset_shelf/shelf_filled/mask/000433.png'
00:55.701  render           | Saved: '/home/rokey/book_dataset/dataset_shelf/shelf_filled/depth/000433.png'
00:55.780  render           | Saved: '/home/rokey/book_dataset/dataset_shelf/shelf_filled/images/000434.png'
00:55.806  render           | Saved: '/home/rokey/book_dataset/dataset_shelf/shelf_filled/mask/000434.png'
00:55.826  render           | Saved: '/home/rokey/book_dataset/dataset_shelf/shelf_filled/depth/000434.png'
00:55.904  render           | Saved: '/home/rokey/book_dataset/dataset_shelf/shelf_filled/images/000435.png'
00:55.927  render           | Saved: '/home/rokey/book_dataset/dataset_shelf/shelf_filled/mask/000435.png'
00:55.947  render           | Saved: '/home/rokey/book_dataset/dataset_shelf/shelf_filled/depth/000435.png'
00:56.025  render           | Saved: '/home/rokey/book_dataset/dataset_shelf/shelf_filled/images/000436.png'
00:56.050  render           | Saved: '/home/rokey/book_dataset/dataset_shelf/shelf_filled/mask/000436.png'
00:56.070  render           | Saved: '/home/rokey/book_dataset/dataset_shelf/shelf_filled/depth/000436.png'
00:56.158  render           | Saved: '/home/rokey/book_dataset/dataset_shelf/shelf_filled/images/000437.png'
00:56.182  render           | Saved: '/home/rokey/book_dataset/dataset_shelf/shelf_filled/mask/000437.png'
00:56.202  render           | Saved: '/home/rokey/book_dataset/dataset_shelf/shelf_filled/depth/000437.png'
00:56.279  render           | Saved: '/home/rokey/book_dataset/dataset_shelf/shelf_filled/images/000438.png'
00:56.302  render           | Saved: '/home/rokey/book_dataset/dataset_shelf/shelf_filled/mask/000438.png'
00:56.323  render           | Saved: '/home/rokey/book_dataset/dataset_shelf/shelf_filled/depth/000438.png'
00:56.402  render           | Saved: '/home/rokey/book_dataset/dataset_shelf/shelf_filled/images/000439.png'
00:56.428  render           | Saved: '/home/rokey/book_dataset/dataset_shelf/shelf_filled/mask/000439.png'
00:56.448  render           | Saved: '/home/rokey/book_dataset/dataset_shelf/shelf_filled/depth/000439.png'
00:56.527  render           | Saved: '/home/rokey/book_dataset/dataset_shelf/shelf_filled/images/000440.png'
00:56.553  render           | Saved: '/home/rokey/book_dataset/dataset_shelf/shelf_filled/mask/000440.png'
00:56.573  render           | Saved: '/home/rokey/book_dataset/dataset_shelf/shelf_filled/depth/000440.png'
00:56.651  render           | Saved: '/home/rokey/book_dataset/dataset_shelf/shelf_filled/images/000441.png'
00:56.674  render           | Saved: '/home/rokey/book_dataset/dataset_shelf/shelf_filled/mask/000441.png'
00:56.694  render           | Saved: '/home/rokey/book_dataset/dataset_shelf/shelf_filled/depth/000441.png'
00:56.777  render           | Saved: '/home/rokey/book_dataset/dataset_shelf/shelf_filled/images/000442.png'
00:56.801  render           | Saved: '/home/rokey/book_dataset/dataset_shelf/shelf_filled/mask/000442.png'
00:56.822  render           | Saved: '/home/rokey/book_dataset/dataset_shelf/shelf_filled/depth/000442.png'
00:56.899  render           | Saved: '/home/rokey/book_dataset/dataset_shelf/shelf_filled/images/000443.png'
00:56.925  render           | Saved: '/home/rokey/book_dataset/dataset_shelf/shelf_filled/mask/000443.png'
00:56.944  render           | Saved: '/home/rokey/book_dataset/dataset_shelf/shelf_filled/depth/000443.png'
00:57.031  render           | Saved: '/home/rokey/book_dataset/dataset_shelf/shelf_filled/images/000444.png'
00:57.056  render           | Saved: '/home/rokey/book_dataset/dataset_shelf/shelf_filled/mask/000444.png'
00:57.077  render           | Saved: '/home/rokey/book_dataset/dataset_shelf/shelf_filled/depth/000444.png'
00:57.154  render           | Saved: '/home/rokey/book_dataset/dataset_shelf/shelf_filled/images/000445.png'
00:57.181  render           | Saved: '/home/rokey/book_dataset/dataset_shelf/shelf_filled/mask/000445.png'
00:57.201  render           | Saved: '/home/rokey/book_dataset/dataset_shelf/shelf_filled/depth/000445.png'
00:57.278  render           | Saved: '/home/rokey/book_dataset/dataset_shelf/shelf_filled/images/000446.png'
00:57.303  render           | Saved: '/home/rokey/book_dataset/dataset_shelf/shelf_filled/mask/000446.png'
00:57.322  render           | Saved: '/home/rokey/book_dataset/dataset_shelf/shelf_filled/depth/000446.png'
00:57.399  render           | Saved: '/home/rokey/book_dataset/dataset_shelf/shelf_filled/images/000447.png'
00:57.423  render           | Saved: '/home/rokey/book_dataset/dataset_shelf/shelf_filled/mask/000447.png'
00:57.443  render           | Saved: '/home/rokey/book_dataset/dataset_shelf/shelf_filled/depth/000447.png'
00:57.527  render           | Saved: '/home/rokey/book_dataset/dataset_shelf/shelf_filled/images/000448.png'
00:57.550  render           | Saved: '/home/rokey/book_dataset/dataset_shelf/shelf_filled/mask/000448.png'
00:57.571  render           | Saved: '/home/rokey/book_dataset/dataset_shelf/shelf_filled/depth/000448.png'
00:57.656  render           | Saved: '/home/rokey/book_dataset/dataset_shelf/shelf_filled/images/000449.png'
00:57.680  render           | Saved: '/home/rokey/book_dataset/dataset_shelf/shelf_filled/mask/000449.png'
00:57.700  render           | Saved: '/home/rokey/book_dataset/dataset_shelf/shelf_filled/depth/000449.png'
00:57.778  render           | Saved: '/home/rokey/book_dataset/dataset_shelf/shelf_filled/images/000450.png'
00:57.802  render           | Saved: '/home/rokey/book_dataset/dataset_shelf/shelf_filled/mask/000450.png'
00:57.823  render           | Saved: '/home/rokey/book_dataset/dataset_shelf/shelf_filled/depth/000450.png'
00:57.906  render           | Saved: '/home/rokey/book_dataset/dataset_shelf/shelf_filled/images/000451.png'
00:57.930  render           | Saved: '/home/rokey/book_dataset/dataset_shelf/shelf_filled/mask/000451.png'
00:57.950  render           | Saved: '/home/rokey/book_dataset/dataset_shelf/shelf_filled/depth/000451.png'
00:58.027  render           | Saved: '/home/rokey/book_dataset/dataset_shelf/shelf_filled/images/000452.png'
00:58.050  render           | Saved: '/home/rokey/book_dataset/dataset_shelf/shelf_filled/mask/000452.png'
00:58.070  render           | Saved: '/home/rokey/book_dataset/dataset_shelf/shelf_filled/depth/000452.png'
00:58.147  render           | Saved: '/home/rokey/book_dataset/dataset_shelf/shelf_filled/images/000453.png'
00:58.171  render           | Saved: '/home/rokey/book_dataset/dataset_shelf/shelf_filled/mask/000453.png'
00:58.193  render           | Saved: '/home/rokey/book_dataset/dataset_shelf/shelf_filled/depth/000453.png'
00:58.278  render           | Saved: '/home/rokey/book_dataset/dataset_shelf/shelf_filled/images/000454.png'
00:58.301  render           | Saved: '/home/rokey/book_dataset/dataset_shelf/shelf_filled/mask/000454.png'
00:58.323  render           | Saved: '/home/rokey/book_dataset/dataset_shelf/shelf_filled/depth/000454.png'
00:58.409  render           | Saved: '/home/rokey/book_dataset/dataset_shelf/shelf_filled/images/000455.png'
00:58.433  render           | Saved: '/home/rokey/book_dataset/dataset_shelf/shelf_filled/mask/000455.png'
00:58.453  render           | Saved: '/home/rokey/book_dataset/dataset_shelf/shelf_filled/depth/000455.png'
00:58.540  render           | Saved: '/home/rokey/book_dataset/dataset_shelf/shelf_filled/images/000456.png'
00:58.566  render           | Saved: '/home/rokey/book_dataset/dataset_shelf/shelf_filled/mask/000456.png'
00:58.587  render           | Saved: '/home/rokey/book_dataset/dataset_shelf/shelf_filled/depth/000456.png'
00:58.667  render           | Saved: '/home/rokey/book_dataset/dataset_shelf/shelf_filled/images/000457.png'
00:58.692  render           | Saved: '/home/rokey/book_dataset/dataset_shelf/shelf_filled/mask/000457.png'
00:58.712  render           | Saved: '/home/rokey/book_dataset/dataset_shelf/shelf_filled/depth/000457.png'
00:58.789  render           | Saved: '/home/rokey/book_dataset/dataset_shelf/shelf_filled/images/000458.png'
00:58.813  render           | Saved: '/home/rokey/book_dataset/dataset_shelf/shelf_filled/mask/000458.png'
00:58.833  render           | Saved: '/home/rokey/book_dataset/dataset_shelf/shelf_filled/depth/000458.png'
00:58.912  render           | Saved: '/home/rokey/book_dataset/dataset_shelf/shelf_filled/images/000459.png'
00:58.936  render           | Saved: '/home/rokey/book_dataset/dataset_shelf/shelf_filled/mask/000459.png'
00:58.957  render           | Saved: '/home/rokey/book_dataset/dataset_shelf/shelf_filled/depth/000459.png'
00:59.046  render           | Saved: '/home/rokey/book_dataset/dataset_shelf/shelf_filled/images/000460.png'
00:59.071  render           | Saved: '/home/rokey/book_dataset/dataset_shelf/shelf_filled/mask/000460.png'
00:59.091  render           | Saved: '/home/rokey/book_dataset/dataset_shelf/shelf_filled/depth/000460.png'
00:59.180  render           | Saved: '/home/rokey/book_dataset/dataset_shelf/shelf_filled/images/000461.png'
00:59.205  render           | Saved: '/home/rokey/book_dataset/dataset_shelf/shelf_filled/mask/000461.png'
00:59.227  render           | Saved: '/home/rokey/book_dataset/dataset_shelf/shelf_filled/depth/000461.png'
00:59.303  render           | Saved: '/home/rokey/book_dataset/dataset_shelf/shelf_filled/images/000462.png'
00:59.328  render           | Saved: '/home/rokey/book_dataset/dataset_shelf/shelf_filled/mask/000462.png'
00:59.348  render           | Saved: '/home/rokey/book_dataset/dataset_shelf/shelf_filled/depth/000462.png'
00:59.424  render           | Saved: '/home/rokey/book_dataset/dataset_shelf/shelf_filled/images/000463.png'
00:59.447  render           | Saved: '/home/rokey/book_dataset/dataset_shelf/shelf_filled/mask/000463.png'
00:59.466  render           | Saved: '/home/rokey/book_dataset/dataset_shelf/shelf_filled/depth/000463.png'
00:59.552  render           | Saved: '/home/rokey/book_dataset/dataset_shelf/shelf_filled/images/000464.png'
00:59.577  render           | Saved: '/home/rokey/book_dataset/dataset_shelf/shelf_filled/mask/000464.png'
00:59.598  render           | Saved: '/home/rokey/book_dataset/dataset_shelf/shelf_filled/depth/000464.png'
00:59.675  render           | Saved: '/home/rokey/book_dataset/dataset_shelf/shelf_filled/images/000465.png'
00:59.699  render           | Saved: '/home/rokey/book_dataset/dataset_shelf/shelf_filled/mask/000465.png'
00:59.720  render           | Saved: '/home/rokey/book_dataset/dataset_shelf/shelf_filled/depth/000465.png'
00:59.794  render           | Saved: '/home/rokey/book_dataset/dataset_shelf/shelf_filled/images/000466.png'
00:59.818  render           | Saved: '/home/rokey/book_dataset/dataset_shelf/shelf_filled/mask/000466.png'
00:59.839  render           | Saved: '/home/rokey/book_dataset/dataset_shelf/shelf_filled/depth/000466.png'
00:59.916  render           | Saved: '/home/rokey/book_dataset/dataset_shelf/shelf_filled/images/000467.png'
00:59.941  render           | Saved: '/home/rokey/book_dataset/dataset_shelf/shelf_filled/mask/000467.png'
00:59.961  render           | Saved: '/home/rokey/book_dataset/dataset_shelf/shelf_filled/depth/000467.png'
01:00.038  render           | Saved: '/home/rokey/book_dataset/dataset_shelf/shelf_filled/images/000468.png'
01:00.061  render           | Saved: '/home/rokey/book_dataset/dataset_shelf/shelf_filled/mask/000468.png'
01:00.081  render           | Saved: '/home/rokey/book_dataset/dataset_shelf/shelf_filled/depth/000468.png'
01:00.166  render           | Saved: '/home/rokey/book_dataset/dataset_shelf/shelf_filled/images/000469.png'
01:00.191  render           | Saved: '/home/rokey/book_dataset/dataset_shelf/shelf_filled/mask/000469.png'
01:00.211  render           | Saved: '/home/rokey/book_dataset/dataset_shelf/shelf_filled/depth/000469.png'
01:00.300  render           | Saved: '/home/rokey/book_dataset/dataset_shelf/shelf_filled/images/000470.png'
01:00.327  render           | Saved: '/home/rokey/book_dataset/dataset_shelf/shelf_filled/mask/000470.png'
01:00.348  render           | Saved: '/home/rokey/book_dataset/dataset_shelf/shelf_filled/depth/000470.png'
01:00.424  render           | Saved: '/home/rokey/book_dataset/dataset_shelf/shelf_filled/images/000471.png'
01:00.447  render           | Saved: '/home/rokey/book_dataset/dataset_shelf/shelf_filled/mask/000471.png'
01:00.466  render           | Saved: '/home/rokey/book_dataset/dataset_shelf/shelf_filled/depth/000471.png'
01:00.542  render           | Saved: '/home/rokey/book_dataset/dataset_shelf/shelf_filled/images/000472.png'
01:00.567  render           | Saved: '/home/rokey/book_dataset/dataset_shelf/shelf_filled/mask/000472.png'
01:00.585  render           | Saved: '/home/rokey/book_dataset/dataset_shelf/shelf_filled/depth/000472.png'
01:00.664  render           | Saved: '/home/rokey/book_dataset/dataset_shelf/shelf_filled/images/000473.png'
01:00.691  render           | Saved: '/home/rokey/book_dataset/dataset_shelf/shelf_filled/mask/000473.png'
01:00.711  render           | Saved: '/home/rokey/book_dataset/dataset_shelf/shelf_filled/depth/000473.png'
01:00.788  render           | Saved: '/home/rokey/book_dataset/dataset_shelf/shelf_filled/images/000474.png'
01:00.813  render           | Saved: '/home/rokey/book_dataset/dataset_shelf/shelf_filled/mask/000474.png'
01:00.833  render           | Saved: '/home/rokey/book_dataset/dataset_shelf/shelf_filled/depth/000474.png'
01:00.907  render           | Saved: '/home/rokey/book_dataset/dataset_shelf/shelf_filled/images/000475.png'
01:00.930  render           | Saved: '/home/rokey/book_dataset/dataset_shelf/shelf_filled/mask/000475.png'
01:00.951  render           | Saved: '/home/rokey/book_dataset/dataset_shelf/shelf_filled/depth/000475.png'
01:01.036  render           | Saved: '/home/rokey/book_dataset/dataset_shelf/shelf_filled/images/000476.png'
01:01.061  render           | Saved: '/home/rokey/book_dataset/dataset_shelf/shelf_filled/mask/000476.png'
01:01.081  render           | Saved: '/home/rokey/book_dataset/dataset_shelf/shelf_filled/depth/000476.png'
01:01.156  render           | Saved: '/home/rokey/book_dataset/dataset_shelf/shelf_filled/images/000477.png'
01:01.180  render           | Saved: '/home/rokey/book_dataset/dataset_shelf/shelf_filled/mask/000477.png'
01:01.201  render           | Saved: '/home/rokey/book_dataset/dataset_shelf/shelf_filled/depth/000477.png'
01:01.282  render           | Saved: '/home/rokey/book_dataset/dataset_shelf/shelf_filled/images/000478.png'
01:01.307  render           | Saved: '/home/rokey/book_dataset/dataset_shelf/shelf_filled/mask/000478.png'
01:01.326  render           | Saved: '/home/rokey/book_dataset/dataset_shelf/shelf_filled/depth/000478.png'
01:01.414  render           | Saved: '/home/rokey/book_dataset/dataset_shelf/shelf_filled/images/000479.png'
01:01.438  render           | Saved: '/home/rokey/book_dataset/dataset_shelf/shelf_filled/mask/000479.png'
01:01.459  render           | Saved: '/home/rokey/book_dataset/dataset_shelf/shelf_filled/depth/000479.png'
01:01.548  render           | Saved: '/home/rokey/book_dataset/dataset_shelf/shelf_filled/images/000480.png'
01:01.572  render           | Saved: '/home/rokey/book_dataset/dataset_shelf/shelf_filled/mask/000480.png'
01:01.593  render           | Saved: '/home/rokey/book_dataset/dataset_shelf/shelf_filled/depth/000480.png'
01:01.682  render           | Saved: '/home/rokey/book_dataset/dataset_shelf/shelf_filled/images/000481.png'
01:01.706  render           | Saved: '/home/rokey/book_dataset/dataset_shelf/shelf_filled/mask/000481.png'
01:01.727  render           | Saved: '/home/rokey/book_dataset/dataset_shelf/shelf_filled/depth/000481.png'
01:01.811  render           | Saved: '/home/rokey/book_dataset/dataset_shelf/shelf_filled/images/000482.png'
01:01.839  render           | Saved: '/home/rokey/book_dataset/dataset_shelf/shelf_filled/mask/000482.png'
01:01.859  render           | Saved: '/home/rokey/book_dataset/dataset_shelf/shelf_filled/depth/000482.png'
01:01.949  render           | Saved: '/home/rokey/book_dataset/dataset_shelf/shelf_filled/images/000483.png'
01:01.973  render           | Saved: '/home/rokey/book_dataset/dataset_shelf/shelf_filled/mask/000483.png'
01:01.994  render           | Saved: '/home/rokey/book_dataset/dataset_shelf/shelf_filled/depth/000483.png'
01:02.073  render           | Saved: '/home/rokey/book_dataset/dataset_shelf/shelf_filled/images/000484.png'
01:02.097  render           | Saved: '/home/rokey/book_dataset/dataset_shelf/shelf_filled/mask/000484.png'
01:02.116  render           | Saved: '/home/rokey/book_dataset/dataset_shelf/shelf_filled/depth/000484.png'
01:02.195  render           | Saved: '/home/rokey/book_dataset/dataset_shelf/shelf_filled/images/000485.png'
01:02.221  render           | Saved: '/home/rokey/book_dataset/dataset_shelf/shelf_filled/mask/000485.png'
01:02.242  render           | Saved: '/home/rokey/book_dataset/dataset_shelf/shelf_filled/depth/000485.png'
01:02.326  render           | Saved: '/home/rokey/book_dataset/dataset_shelf/shelf_filled/images/000486.png'
01:02.351  render           | Saved: '/home/rokey/book_dataset/dataset_shelf/shelf_filled/mask/000486.png'
01:02.371  render           | Saved: '/home/rokey/book_dataset/dataset_shelf/shelf_filled/depth/000486.png'
01:02.459  render           | Saved: '/home/rokey/book_dataset/dataset_shelf/shelf_filled/images/000487.png'
01:02.481  render           | Saved: '/home/rokey/book_dataset/dataset_shelf/shelf_filled/mask/000487.png'
01:02.502  render           | Saved: '/home/rokey/book_dataset/dataset_shelf/shelf_filled/depth/000487.png'
01:02.580  render           | Saved: '/home/rokey/book_dataset/dataset_shelf/shelf_filled/images/000488.png'
01:02.606  render           | Saved: '/home/rokey/book_dataset/dataset_shelf/shelf_filled/mask/000488.png'
01:02.625  render           | Saved: '/home/rokey/book_dataset/dataset_shelf/shelf_filled/depth/000488.png'
01:02.702  render           | Saved: '/home/rokey/book_dataset/dataset_shelf/shelf_filled/images/000489.png'
01:02.729  render           | Saved: '/home/rokey/book_dataset/dataset_shelf/shelf_filled/mask/000489.png'
01:02.750  render           | Saved: '/home/rokey/book_dataset/dataset_shelf/shelf_filled/depth/000489.png'
01:02.826  render           | Saved: '/home/rokey/book_dataset/dataset_shelf/shelf_filled/images/000490.png'
01:02.850  render           | Saved: '/home/rokey/book_dataset/dataset_shelf/shelf_filled/mask/000490.png'
01:02.872  render           | Saved: '/home/rokey/book_dataset/dataset_shelf/shelf_filled/depth/000490.png'
01:02.949  render           | Saved: '/home/rokey/book_dataset/dataset_shelf/shelf_filled/images/000491.png'
01:02.974  render           | Saved: '/home/rokey/book_dataset/dataset_shelf/shelf_filled/mask/000491.png'
01:02.994  render           | Saved: '/home/rokey/book_dataset/dataset_shelf/shelf_filled/depth/000491.png'
01:03.082  render           | Saved: '/home/rokey/book_dataset/dataset_shelf/shelf_filled/images/000492.png'
01:03.107  render           | Saved: '/home/rokey/book_dataset/dataset_shelf/shelf_filled/mask/000492.png'
01:03.127  render           | Saved: '/home/rokey/book_dataset/dataset_shelf/shelf_filled/depth/000492.png'
01:03.216  render           | Saved: '/home/rokey/book_dataset/dataset_shelf/shelf_filled/images/000493.png'
01:03.239  render           | Saved: '/home/rokey/book_dataset/dataset_shelf/shelf_filled/mask/000493.png'
01:03.259  render           | Saved: '/home/rokey/book_dataset/dataset_shelf/shelf_filled/depth/000493.png'
01:03.345  render           | Saved: '/home/rokey/book_dataset/dataset_shelf/shelf_filled/images/000494.png'
01:03.369  render           | Saved: '/home/rokey/book_dataset/dataset_shelf/shelf_filled/mask/000494.png'
01:03.389  render           | Saved: '/home/rokey/book_dataset/dataset_shelf/shelf_filled/depth/000494.png'
01:03.478  render           | Saved: '/home/rokey/book_dataset/dataset_shelf/shelf_filled/images/000495.png'
01:03.505  render           | Saved: '/home/rokey/book_dataset/dataset_shelf/shelf_filled/mask/000495.png'
01:03.525  render           | Saved: '/home/rokey/book_dataset/dataset_shelf/shelf_filled/depth/000495.png'
01:03.602  render           | Saved: '/home/rokey/book_dataset/dataset_shelf/shelf_filled/images/000496.png'
01:03.628  render           | Saved: '/home/rokey/book_dataset/dataset_shelf/shelf_filled/mask/000496.png'
01:03.648  render           | Saved: '/home/rokey/book_dataset/dataset_shelf/shelf_filled/depth/000496.png'
01:03.734  render           | Saved: '/home/rokey/book_dataset/dataset_shelf/shelf_filled/images/000497.png'
01:03.758  render           | Saved: '/home/rokey/book_dataset/dataset_shelf/shelf_filled/mask/000497.png'
01:03.779  render           | Saved: '/home/rokey/book_dataset/dataset_shelf/shelf_filled/depth/000497.png'
01:03.856  render           | Saved: '/home/rokey/book_dataset/dataset_shelf/shelf_filled/images/000498.png'
01:03.880  render           | Saved: '/home/rokey/book_dataset/dataset_shelf/shelf_filled/mask/000498.png'
01:03.900  render           | Saved: '/home/rokey/book_dataset/dataset_shelf/shelf_filled/depth/000498.png'
01:03.987  render           | Saved: '/home/rokey/book_dataset/dataset_shelf/shelf_filled/images/000499.png'
01:04.011  render           | Saved: '/home/rokey/book_dataset/dataset_shelf/shelf_filled/mask/000499.png'
01:04.032  render           | Saved: '/home/rokey/book_dataset/dataset_shelf/shelf_filled/depth/000499.png'
01:04.108  render           | Saved: '/home/rokey/book_dataset/dataset_shelf/shelf_filled/images/000500.png'
01:04.131  render           | Saved: '/home/rokey/book_dataset/dataset_shelf/shelf_filled/mask/000500.png'
01:04.153  render           | Saved: '/home/rokey/book_dataset/dataset_shelf/shelf_filled/depth/000500.png'
01:04.239  render           | Saved: '/home/rokey/book_dataset/dataset_shelf/shelf_filled/images/000501.png'
01:04.263  render           | Saved: '/home/rokey/book_dataset/dataset_shelf/shelf_filled/mask/000501.png'
01:04.284  render           | Saved: '/home/rokey/book_dataset/dataset_shelf/shelf_filled/depth/000501.png'
01:04.368  render           | Saved: '/home/rokey/book_dataset/dataset_shelf/shelf_filled/images/000502.png'
01:04.391  render           | Saved: '/home/rokey/book_dataset/dataset_shelf/shelf_filled/mask/000502.png'
01:04.411  render           | Saved: '/home/rokey/book_dataset/dataset_shelf/shelf_filled/depth/000502.png'
01:04.497  render           | Saved: '/home/rokey/book_dataset/dataset_shelf/shelf_filled/images/000503.png'
01:04.523  render           | Saved: '/home/rokey/book_dataset/dataset_shelf/shelf_filled/mask/000503.png'
01:04.543  render           | Saved: '/home/rokey/book_dataset/dataset_shelf/shelf_filled/depth/000503.png'
01:04.630  render           | Saved: '/home/rokey/book_dataset/dataset_shelf/shelf_filled/images/000504.png'
01:04.654  render           | Saved: '/home/rokey/book_dataset/dataset_shelf/shelf_filled/mask/000504.png'
01:04.675  render           | Saved: '/home/rokey/book_dataset/dataset_shelf/shelf_filled/depth/000504.png'
01:04.760  render           | Saved: '/home/rokey/book_dataset/dataset_shelf/shelf_filled/images/000505.png'
01:04.784  render           | Saved: '/home/rokey/book_dataset/dataset_shelf/shelf_filled/mask/000505.png'
01:04.806  render           | Saved: '/home/rokey/book_dataset/dataset_shelf/shelf_filled/depth/000505.png'
01:04.883  render           | Saved: '/home/rokey/book_dataset/dataset_shelf/shelf_filled/images/000506.png'
01:04.908  render           | Saved: '/home/rokey/book_dataset/dataset_shelf/shelf_filled/mask/000506.png'
01:04.929  render           | Saved: '/home/rokey/book_dataset/dataset_shelf/shelf_filled/depth/000506.png'
01:05.013  render           | Saved: '/home/rokey/book_dataset/dataset_shelf/shelf_filled/images/000507.png'
01:05.037  render           | Saved: '/home/rokey/book_dataset/dataset_shelf/shelf_filled/mask/000507.png'
01:05.058  render           | Saved: '/home/rokey/book_dataset/dataset_shelf/shelf_filled/depth/000507.png'
01:05.143  render           | Saved: '/home/rokey/book_dataset/dataset_shelf/shelf_filled/images/000508.png'
01:05.169  render           | Saved: '/home/rokey/book_dataset/dataset_shelf/shelf_filled/mask/000508.png'
01:05.189  render           | Saved: '/home/rokey/book_dataset/dataset_shelf/shelf_filled/depth/000508.png'
01:05.267  render           | Saved: '/home/rokey/book_dataset/dataset_shelf/shelf_filled/images/000509.png'
01:05.292  render           | Saved: '/home/rokey/book_dataset/dataset_shelf/shelf_filled/mask/000509.png'
01:05.312  render           | Saved: '/home/rokey/book_dataset/dataset_shelf/shelf_filled/depth/000509.png'
01:05.397  render           | Saved: '/home/rokey/book_dataset/dataset_shelf/shelf_filled/images/000510.png'
01:05.422  render           | Saved: '/home/rokey/book_dataset/dataset_shelf/shelf_filled/mask/000510.png'
01:05.442  render           | Saved: '/home/rokey/book_dataset/dataset_shelf/shelf_filled/depth/000510.png'
01:05.517  render           | Saved: '/home/rokey/book_dataset/dataset_shelf/shelf_filled/images/000511.png'
01:05.541  render           | Saved: '/home/rokey/book_dataset/dataset_shelf/shelf_filled/mask/000511.png'
01:05.560  render           | Saved: '/home/rokey/book_dataset/dataset_shelf/shelf_filled/depth/000511.png'
01:05.640  render           | Saved: '/home/rokey/book_dataset/dataset_shelf/shelf_filled/images/000512.png'
01:05.664  render           | Saved: '/home/rokey/book_dataset/dataset_shelf/shelf_filled/mask/000512.png'
01:05.685  render           | Saved: '/home/rokey/book_dataset/dataset_shelf/shelf_filled/depth/000512.png'
01:05.763  render           | Saved: '/home/rokey/book_dataset/dataset_shelf/shelf_filled/images/000513.png'
01:05.787  render           | Saved: '/home/rokey/book_dataset/dataset_shelf/shelf_filled/mask/000513.png'
01:05.808  render           | Saved: '/home/rokey/book_dataset/dataset_shelf/shelf_filled/depth/000513.png'
01:05.895  render           | Saved: '/home/rokey/book_dataset/dataset_shelf/shelf_filled/images/000514.png'
01:05.919  render           | Saved: '/home/rokey/book_dataset/dataset_shelf/shelf_filled/mask/000514.png'
01:05.941  render           | Saved: '/home/rokey/book_dataset/dataset_shelf/shelf_filled/depth/000514.png'
01:06.032  render           | Saved: '/home/rokey/book_dataset/dataset_shelf/shelf_filled/images/000515.png'
01:06.059  render           | Saved: '/home/rokey/book_dataset/dataset_shelf/shelf_filled/mask/000515.png'
01:06.080  render           | Saved: '/home/rokey/book_dataset/dataset_shelf/shelf_filled/depth/000515.png'
01:06.158  render           | Saved: '/home/rokey/book_dataset/dataset_shelf/shelf_filled/images/000516.png'
01:06.186  render           | Saved: '/home/rokey/book_dataset/dataset_shelf/shelf_filled/mask/000516.png'
01:06.206  render           | Saved: '/home/rokey/book_dataset/dataset_shelf/shelf_filled/depth/000516.png'
01:06.294  render           | Saved: '/home/rokey/book_dataset/dataset_shelf/shelf_filled/images/000517.png'
01:06.318  render           | Saved: '/home/rokey/book_dataset/dataset_shelf/shelf_filled/mask/000517.png'
01:06.339  render           | Saved: '/home/rokey/book_dataset/dataset_shelf/shelf_filled/depth/000517.png'
01:06.417  render           | Saved: '/home/rokey/book_dataset/dataset_shelf/shelf_filled/images/000518.png'
01:06.441  render           | Saved: '/home/rokey/book_dataset/dataset_shelf/shelf_filled/mask/000518.png'
01:06.461  render           | Saved: '/home/rokey/book_dataset/dataset_shelf/shelf_filled/depth/000518.png'
01:06.536  render           | Saved: '/home/rokey/book_dataset/dataset_shelf/shelf_filled/images/000519.png'
01:06.560  render           | Saved: '/home/rokey/book_dataset/dataset_shelf/shelf_filled/mask/000519.png'
01:06.581  render           | Saved: '/home/rokey/book_dataset/dataset_shelf/shelf_filled/depth/000519.png'
01:06.667  render           | Saved: '/home/rokey/book_dataset/dataset_shelf/shelf_filled/images/000520.png'
01:06.692  render           | Saved: '/home/rokey/book_dataset/dataset_shelf/shelf_filled/mask/000520.png'
01:06.713  render           | Saved: '/home/rokey/book_dataset/dataset_shelf/shelf_filled/depth/000520.png'
01:06.801  render           | Saved: '/home/rokey/book_dataset/dataset_shelf/shelf_filled/images/000521.png'
01:06.826  render           | Saved: '/home/rokey/book_dataset/dataset_shelf/shelf_filled/mask/000521.png'
01:06.845  render           | Saved: '/home/rokey/book_dataset/dataset_shelf/shelf_filled/depth/000521.png'
01:06.933  render           | Saved: '/home/rokey/book_dataset/dataset_shelf/shelf_filled/images/000522.png'
01:06.962  render           | Saved: '/home/rokey/book_dataset/dataset_shelf/shelf_filled/mask/000522.png'
01:06.983  render           | Saved: '/home/rokey/book_dataset/dataset_shelf/shelf_filled/depth/000522.png'
01:07.062  render           | Saved: '/home/rokey/book_dataset/dataset_shelf/shelf_filled/images/000523.png'
01:07.086  render           | Saved: '/home/rokey/book_dataset/dataset_shelf/shelf_filled/mask/000523.png'
01:07.105  render           | Saved: '/home/rokey/book_dataset/dataset_shelf/shelf_filled/depth/000523.png'
01:07.197  render           | Saved: '/home/rokey/book_dataset/dataset_shelf/shelf_filled/images/000524.png'
01:07.222  render           | Saved: '/home/rokey/book_dataset/dataset_shelf/shelf_filled/mask/000524.png'
01:07.241  render           | Saved: '/home/rokey/book_dataset/dataset_shelf/shelf_filled/depth/000524.png'
01:07.328  render           | Saved: '/home/rokey/book_dataset/dataset_shelf/shelf_filled/images/000525.png'
01:07.352  render           | Saved: '/home/rokey/book_dataset/dataset_shelf/shelf_filled/mask/000525.png'
01:07.373  render           | Saved: '/home/rokey/book_dataset/dataset_shelf/shelf_filled/depth/000525.png'
01:07.460  render           | Saved: '/home/rokey/book_dataset/dataset_shelf/shelf_filled/images/000526.png'
01:07.482  render           | Saved: '/home/rokey/book_dataset/dataset_shelf/shelf_filled/mask/000526.png'
01:07.502  render           | Saved: '/home/rokey/book_dataset/dataset_shelf/shelf_filled/depth/000526.png'
01:07.595  render           | Saved: '/home/rokey/book_dataset/dataset_shelf/shelf_filled/images/000527.png'
01:07.620  render           | Saved: '/home/rokey/book_dataset/dataset_shelf/shelf_filled/mask/000527.png'
01:07.640  render           | Saved: '/home/rokey/book_dataset/dataset_shelf/shelf_filled/depth/000527.png'
01:07.718  render           | Saved: '/home/rokey/book_dataset/dataset_shelf/shelf_filled/images/000528.png'
01:07.743  render           | Saved: '/home/rokey/book_dataset/dataset_shelf/shelf_filled/mask/000528.png'
01:07.762  render           | Saved: '/home/rokey/book_dataset/dataset_shelf/shelf_filled/depth/000528.png'
01:07.841  render           | Saved: '/home/rokey/book_dataset/dataset_shelf/shelf_filled/images/000529.png'
01:07.866  render           | Saved: '/home/rokey/book_dataset/dataset_shelf/shelf_filled/mask/000529.png'
01:07.886  render           | Saved: '/home/rokey/book_dataset/dataset_shelf/shelf_filled/depth/000529.png'
01:07.972  render           | Saved: '/home/rokey/book_dataset/dataset_shelf/shelf_filled/images/000530.png'
01:07.997  render           | Saved: '/home/rokey/book_dataset/dataset_shelf/shelf_filled/mask/000530.png'
01:08.018  render           | Saved: '/home/rokey/book_dataset/dataset_shelf/shelf_filled/depth/000530.png'
01:08.101  render           | Saved: '/home/rokey/book_dataset/dataset_shelf/shelf_filled/images/000531.png'
01:08.124  render           | Saved: '/home/rokey/book_dataset/dataset_shelf/shelf_filled/mask/000531.png'
01:08.144  render           | Saved: '/home/rokey/book_dataset/dataset_shelf/shelf_filled/depth/000531.png'
01:08.221  render           | Saved: '/home/rokey/book_dataset/dataset_shelf/shelf_filled/images/000532.png'
01:08.246  render           | Saved: '/home/rokey/book_dataset/dataset_shelf/shelf_filled/mask/000532.png'
01:08.267  render           | Saved: '/home/rokey/book_dataset/dataset_shelf/shelf_filled/depth/000532.png'
01:08.354  render           | Saved: '/home/rokey/book_dataset/dataset_shelf/shelf_filled/images/000533.png'
01:08.379  render           | Saved: '/home/rokey/book_dataset/dataset_shelf/shelf_filled/mask/000533.png'
01:08.399  render           | Saved: '/home/rokey/book_dataset/dataset_shelf/shelf_filled/depth/000533.png'
01:08.478  render           | Saved: '/home/rokey/book_dataset/dataset_shelf/shelf_filled/images/000534.png'
01:08.504  render           | Saved: '/home/rokey/book_dataset/dataset_shelf/shelf_filled/mask/000534.png'
01:08.523  render           | Saved: '/home/rokey/book_dataset/dataset_shelf/shelf_filled/depth/000534.png'
01:08.610  render           | Saved: '/home/rokey/book_dataset/dataset_shelf/shelf_filled/images/000535.png'
01:08.633  render           | Saved: '/home/rokey/book_dataset/dataset_shelf/shelf_filled/mask/000535.png'
01:08.653  render           | Saved: '/home/rokey/book_dataset/dataset_shelf/shelf_filled/depth/000535.png'
01:08.737  render           | Saved: '/home/rokey/book_dataset/dataset_shelf/shelf_filled/images/000536.png'
01:08.761  render           | Saved: '/home/rokey/book_dataset/dataset_shelf/shelf_filled/mask/000536.png'
01:08.782  render           | Saved: '/home/rokey/book_dataset/dataset_shelf/shelf_filled/depth/000536.png'
01:08.861  render           | Saved: '/home/rokey/book_dataset/dataset_shelf/shelf_filled/images/000537.png'
01:08.884  render           | Saved: '/home/rokey/book_dataset/dataset_shelf/shelf_filled/mask/000537.png'
01:08.904  render           | Saved: '/home/rokey/book_dataset/dataset_shelf/shelf_filled/depth/000537.png'
01:08.993  render           | Saved: '/home/rokey/book_dataset/dataset_shelf/shelf_filled/images/000538.png'
01:09.017  render           | Saved: '/home/rokey/book_dataset/dataset_shelf/shelf_filled/mask/000538.png'
01:09.037  render           | Saved: '/home/rokey/book_dataset/dataset_shelf/shelf_filled/depth/000538.png'
01:09.122  render           | Saved: '/home/rokey/book_dataset/dataset_shelf/shelf_filled/images/000539.png'
01:09.147  render           | Saved: '/home/rokey/book_dataset/dataset_shelf/shelf_filled/mask/000539.png'
01:09.167  render           | Saved: '/home/rokey/book_dataset/dataset_shelf/shelf_filled/depth/000539.png'
01:09.259  render           | Saved: '/home/rokey/book_dataset/dataset_shelf/shelf_filled/images/000540.png'
01:09.289  render           | Saved: '/home/rokey/book_dataset/dataset_shelf/shelf_filled/mask/000540.png'
01:09.310  render           | Saved: '/home/rokey/book_dataset/dataset_shelf/shelf_filled/depth/000540.png'
01:09.394  render           | Saved: '/home/rokey/book_dataset/dataset_shelf/shelf_filled/images/000541.png'
01:09.418  render           | Saved: '/home/rokey/book_dataset/dataset_shelf/shelf_filled/mask/000541.png'
01:09.438  render           | Saved: '/home/rokey/book_dataset/dataset_shelf/shelf_filled/depth/000541.png'
01:09.528  render           | Saved: '/home/rokey/book_dataset/dataset_shelf/shelf_filled/images/000542.png'
01:09.556  render           | Saved: '/home/rokey/book_dataset/dataset_shelf/shelf_filled/mask/000542.png'
01:09.577  render           | Saved: '/home/rokey/book_dataset/dataset_shelf/shelf_filled/depth/000542.png'
01:09.655  render           | Saved: '/home/rokey/book_dataset/dataset_shelf/shelf_filled/images/000543.png'
01:09.679  render           | Saved: '/home/rokey/book_dataset/dataset_shelf/shelf_filled/mask/000543.png'
01:09.699  render           | Saved: '/home/rokey/book_dataset/dataset_shelf/shelf_filled/depth/000543.png'
01:09.777  render           | Saved: '/home/rokey/book_dataset/dataset_shelf/shelf_filled/images/000544.png'
01:09.801  render           | Saved: '/home/rokey/book_dataset/dataset_shelf/shelf_filled/mask/000544.png'
01:09.820  render           | Saved: '/home/rokey/book_dataset/dataset_shelf/shelf_filled/depth/000544.png'
01:09.906  render           | Saved: '/home/rokey/book_dataset/dataset_shelf/shelf_filled/images/000545.png'
01:09.929  render           | Saved: '/home/rokey/book_dataset/dataset_shelf/shelf_filled/mask/000545.png'
01:09.949  render           | Saved: '/home/rokey/book_dataset/dataset_shelf/shelf_filled/depth/000545.png'
01:10.027  render           | Saved: '/home/rokey/book_dataset/dataset_shelf/shelf_filled/images/000546.png'
01:10.051  render           | Saved: '/home/rokey/book_dataset/dataset_shelf/shelf_filled/mask/000546.png'
01:10.071  render           | Saved: '/home/rokey/book_dataset/dataset_shelf/shelf_filled/depth/000546.png'
01:10.157  render           | Saved: '/home/rokey/book_dataset/dataset_shelf/shelf_filled/images/000547.png'
01:10.183  render           | Saved: '/home/rokey/book_dataset/dataset_shelf/shelf_filled/mask/000547.png'
01:10.203  render           | Saved: '/home/rokey/book_dataset/dataset_shelf/shelf_filled/depth/000547.png'
01:10.289  render           | Saved: '/home/rokey/book_dataset/dataset_shelf/shelf_filled/images/000548.png'
01:10.314  render           | Saved: '/home/rokey/book_dataset/dataset_shelf/shelf_filled/mask/000548.png'
01:10.335  render           | Saved: '/home/rokey/book_dataset/dataset_shelf/shelf_filled/depth/000548.png'
01:10.425  render           | Saved: '/home/rokey/book_dataset/dataset_shelf/shelf_filled/images/000549.png'
01:10.449  render           | Saved: '/home/rokey/book_dataset/dataset_shelf/shelf_filled/mask/000549.png'
01:10.470  render           | Saved: '/home/rokey/book_dataset/dataset_shelf/shelf_filled/depth/000549.png'
01:10.557  render           | Saved: '/home/rokey/book_dataset/dataset_shelf/shelf_filled/images/000550.png'
01:10.582  render           | Saved: '/home/rokey/book_dataset/dataset_shelf/shelf_filled/mask/000550.png'
01:10.602  render           | Saved: '/home/rokey/book_dataset/dataset_shelf/shelf_filled/depth/000550.png'
01:10.689  render           | Saved: '/home/rokey/book_dataset/dataset_shelf/shelf_filled/images/000551.png'
01:10.713  render           | Saved: '/home/rokey/book_dataset/dataset_shelf/shelf_filled/mask/000551.png'
01:10.733  render           | Saved: '/home/rokey/book_dataset/dataset_shelf/shelf_filled/depth/000551.png'
01:10.820  render           | Saved: '/home/rokey/book_dataset/dataset_shelf/shelf_filled/images/000552.png'
01:10.844  render           | Saved: '/home/rokey/book_dataset/dataset_shelf/shelf_filled/mask/000552.png'
01:10.863  render           | Saved: '/home/rokey/book_dataset/dataset_shelf/shelf_filled/depth/000552.png'
01:10.953  render           | Saved: '/home/rokey/book_dataset/dataset_shelf/shelf_filled/images/000553.png'
01:10.982  render           | Saved: '/home/rokey/book_dataset/dataset_shelf/shelf_filled/mask/000553.png'
01:11.002  render           | Saved: '/home/rokey/book_dataset/dataset_shelf/shelf_filled/depth/000553.png'
01:11.092  render           | Saved: '/home/rokey/book_dataset/dataset_shelf/shelf_filled/images/000554.png'
01:11.117  render           | Saved: '/home/rokey/book_dataset/dataset_shelf/shelf_filled/mask/000554.png'
01:11.138  render           | Saved: '/home/rokey/book_dataset/dataset_shelf/shelf_filled/depth/000554.png'
01:11.228  render           | Saved: '/home/rokey/book_dataset/dataset_shelf/shelf_filled/images/000555.png'
01:11.255  render           | Saved: '/home/rokey/book_dataset/dataset_shelf/shelf_filled/mask/000555.png'
01:11.276  render           | Saved: '/home/rokey/book_dataset/dataset_shelf/shelf_filled/depth/000555.png'
01:11.356  render           | Saved: '/home/rokey/book_dataset/dataset_shelf/shelf_filled/images/000556.png'
01:11.380  render           | Saved: '/home/rokey/book_dataset/dataset_shelf/shelf_filled/mask/000556.png'
01:11.400  render           | Saved: '/home/rokey/book_dataset/dataset_shelf/shelf_filled/depth/000556.png'
01:11.483  render           | Saved: '/home/rokey/book_dataset/dataset_shelf/shelf_filled/images/000557.png'
01:11.506  render           | Saved: '/home/rokey/book_dataset/dataset_shelf/shelf_filled/mask/000557.png'
01:11.527  render           | Saved: '/home/rokey/book_dataset/dataset_shelf/shelf_filled/depth/000557.png'
01:11.615  render           | Saved: '/home/rokey/book_dataset/dataset_shelf/shelf_filled/images/000558.png'
01:11.642  render           | Saved: '/home/rokey/book_dataset/dataset_shelf/shelf_filled/mask/000558.png'
01:11.663  render           | Saved: '/home/rokey/book_dataset/dataset_shelf/shelf_filled/depth/000558.png'
01:11.739  render           | Saved: '/home/rokey/book_dataset/dataset_shelf/shelf_filled/images/000559.png'
01:11.764  render           | Saved: '/home/rokey/book_dataset/dataset_shelf/shelf_filled/mask/000559.png'
01:11.784  render           | Saved: '/home/rokey/book_dataset/dataset_shelf/shelf_filled/depth/000559.png'
01:11.872  render           | Saved: '/home/rokey/book_dataset/dataset_shelf/shelf_filled/images/000560.png'
01:11.898  render           | Saved: '/home/rokey/book_dataset/dataset_shelf/shelf_filled/mask/000560.png'
01:11.918  render           | Saved: '/home/rokey/book_dataset/dataset_shelf/shelf_filled/depth/000560.png'
01:12.006  render           | Saved: '/home/rokey/book_dataset/dataset_shelf/shelf_filled/images/000561.png'
01:12.029  render           | Saved: '/home/rokey/book_dataset/dataset_shelf/shelf_filled/mask/000561.png'
01:12.052  render           | Saved: '/home/rokey/book_dataset/dataset_shelf/shelf_filled/depth/000561.png'
01:12.128  render           | Saved: '/home/rokey/book_dataset/dataset_shelf/shelf_filled/images/000562.png'
01:12.150  render           | Saved: '/home/rokey/book_dataset/dataset_shelf/shelf_filled/mask/000562.png'
01:12.170  render           | Saved: '/home/rokey/book_dataset/dataset_shelf/shelf_filled/depth/000562.png'
01:12.251  render           | Saved: '/home/rokey/book_dataset/dataset_shelf/shelf_filled/images/000563.png'
01:12.280  render           | Saved: '/home/rokey/book_dataset/dataset_shelf/shelf_filled/mask/000563.png'
01:12.300  render           | Saved: '/home/rokey/book_dataset/dataset_shelf/shelf_filled/depth/000563.png'
01:12.379  render           | Saved: '/home/rokey/book_dataset/dataset_shelf/shelf_filled/images/000564.png'
01:12.405  render           | Saved: '/home/rokey/book_dataset/dataset_shelf/shelf_filled/mask/000564.png'
01:12.425  render           | Saved: '/home/rokey/book_dataset/dataset_shelf/shelf_filled/depth/000564.png'
01:12.505  render           | Saved: '/home/rokey/book_dataset/dataset_shelf/shelf_filled/images/000565.png'
01:12.529  render           | Saved: '/home/rokey/book_dataset/dataset_shelf/shelf_filled/mask/000565.png'
01:12.549  render           | Saved: '/home/rokey/book_dataset/dataset_shelf/shelf_filled/depth/000565.png'
01:12.637  render           | Saved: '/home/rokey/book_dataset/dataset_shelf/shelf_filled/images/000566.png'
01:12.662  render           | Saved: '/home/rokey/book_dataset/dataset_shelf/shelf_filled/mask/000566.png'
01:12.681  render           | Saved: '/home/rokey/book_dataset/dataset_shelf/shelf_filled/depth/000566.png'
01:12.766  render           | Saved: '/home/rokey/book_dataset/dataset_shelf/shelf_filled/images/000567.png'
01:12.791  render           | Saved: '/home/rokey/book_dataset/dataset_shelf/shelf_filled/mask/000567.png'
01:12.812  render           | Saved: '/home/rokey/book_dataset/dataset_shelf/shelf_filled/depth/000567.png'
01:12.888  render           | Saved: '/home/rokey/book_dataset/dataset_shelf/shelf_filled/images/000568.png'
01:12.911  render           | Saved: '/home/rokey/book_dataset/dataset_shelf/shelf_filled/mask/000568.png'
01:12.931  render           | Saved: '/home/rokey/book_dataset/dataset_shelf/shelf_filled/depth/000568.png'
01:13.015  render           | Saved: '/home/rokey/book_dataset/dataset_shelf/shelf_filled/images/000569.png'
01:13.040  render           | Saved: '/home/rokey/book_dataset/dataset_shelf/shelf_filled/mask/000569.png'
01:13.060  render           | Saved: '/home/rokey/book_dataset/dataset_shelf/shelf_filled/depth/000569.png'
01:13.144  render           | Saved: '/home/rokey/book_dataset/dataset_shelf/shelf_filled/images/000570.png'
01:13.168  render           | Saved: '/home/rokey/book_dataset/dataset_shelf/shelf_filled/mask/000570.png'
01:13.189  render           | Saved: '/home/rokey/book_dataset/dataset_shelf/shelf_filled/depth/000570.png'
01:13.277  render           | Saved: '/home/rokey/book_dataset/dataset_shelf/shelf_filled/images/000571.png'
01:13.300  render           | Saved: '/home/rokey/book_dataset/dataset_shelf/shelf_filled/mask/000571.png'
01:13.321  render           | Saved: '/home/rokey/book_dataset/dataset_shelf/shelf_filled/depth/000571.png'
01:13.398  render           | Saved: '/home/rokey/book_dataset/dataset_shelf/shelf_filled/images/000572.png'
01:13.423  render           | Saved: '/home/rokey/book_dataset/dataset_shelf/shelf_filled/mask/000572.png'
01:13.442  render           | Saved: '/home/rokey/book_dataset/dataset_shelf/shelf_filled/depth/000572.png'
01:13.519  render           | Saved: '/home/rokey/book_dataset/dataset_shelf/shelf_filled/images/000573.png'
01:13.543  render           | Saved: '/home/rokey/book_dataset/dataset_shelf/shelf_filled/mask/000573.png'
01:13.563  render           | Saved: '/home/rokey/book_dataset/dataset_shelf/shelf_filled/depth/000573.png'
01:13.641  render           | Saved: '/home/rokey/book_dataset/dataset_shelf/shelf_filled/images/000574.png'
01:13.667  render           | Saved: '/home/rokey/book_dataset/dataset_shelf/shelf_filled/mask/000574.png'
01:13.689  render           | Saved: '/home/rokey/book_dataset/dataset_shelf/shelf_filled/depth/000574.png'
01:13.766  render           | Saved: '/home/rokey/book_dataset/dataset_shelf/shelf_filled/images/000575.png'
01:13.789  render           | Saved: '/home/rokey/book_dataset/dataset_shelf/shelf_filled/mask/000575.png'
01:13.810  render           | Saved: '/home/rokey/book_dataset/dataset_shelf/shelf_filled/depth/000575.png'
01:13.886  render           | Saved: '/home/rokey/book_dataset/dataset_shelf/shelf_filled/images/000576.png'
01:13.909  render           | Saved: '/home/rokey/book_dataset/dataset_shelf/shelf_filled/mask/000576.png'
01:13.928  render           | Saved: '/home/rokey/book_dataset/dataset_shelf/shelf_filled/depth/000576.png'
01:14.014  render           | Saved: '/home/rokey/book_dataset/dataset_shelf/shelf_filled/images/000577.png'
01:14.038  render           | Saved: '/home/rokey/book_dataset/dataset_shelf/shelf_filled/mask/000577.png'
01:14.058  render           | Saved: '/home/rokey/book_dataset/dataset_shelf/shelf_filled/depth/000577.png'
01:14.146  render           | Saved: '/home/rokey/book_dataset/dataset_shelf/shelf_filled/images/000578.png'
01:14.172  render           | Saved: '/home/rokey/book_dataset/dataset_shelf/shelf_filled/mask/000578.png'
01:14.193  render           | Saved: '/home/rokey/book_dataset/dataset_shelf/shelf_filled/depth/000578.png'
01:14.279  render           | Saved: '/home/rokey/book_dataset/dataset_shelf/shelf_filled/images/000579.png'
01:14.303  render           | Saved: '/home/rokey/book_dataset/dataset_shelf/shelf_filled/mask/000579.png'
01:14.323  render           | Saved: '/home/rokey/book_dataset/dataset_shelf/shelf_filled/depth/000579.png'
01:14.410  render           | Saved: '/home/rokey/book_dataset/dataset_shelf/shelf_filled/images/000580.png'
01:14.436  render           | Saved: '/home/rokey/book_dataset/dataset_shelf/shelf_filled/mask/000580.png'
01:14.456  render           | Saved: '/home/rokey/book_dataset/dataset_shelf/shelf_filled/depth/000580.png'
01:14.533  render           | Saved: '/home/rokey/book_dataset/dataset_shelf/shelf_filled/images/000581.png'
01:14.557  render           | Saved: '/home/rokey/book_dataset/dataset_shelf/shelf_filled/mask/000581.png'
01:14.576  render           | Saved: '/home/rokey/book_dataset/dataset_shelf/shelf_filled/depth/000581.png'
01:14.663  render           | Saved: '/home/rokey/book_dataset/dataset_shelf/shelf_filled/images/000582.png'
01:14.686  render           | Saved: '/home/rokey/book_dataset/dataset_shelf/shelf_filled/mask/000582.png'
01:14.707  render           | Saved: '/home/rokey/book_dataset/dataset_shelf/shelf_filled/depth/000582.png'
01:14.796  render           | Saved: '/home/rokey/book_dataset/dataset_shelf/shelf_filled/images/000583.png'
01:14.822  render           | Saved: '/home/rokey/book_dataset/dataset_shelf/shelf_filled/mask/000583.png'
01:14.843  render           | Saved: '/home/rokey/book_dataset/dataset_shelf/shelf_filled/depth/000583.png'
01:14.921  render           | Saved: '/home/rokey/book_dataset/dataset_shelf/shelf_filled/images/000584.png'
01:14.947  render           | Saved: '/home/rokey/book_dataset/dataset_shelf/shelf_filled/mask/000584.png'
01:14.967  render           | Saved: '/home/rokey/book_dataset/dataset_shelf/shelf_filled/depth/000584.png'
01:15.056  render           | Saved: '/home/rokey/book_dataset/dataset_shelf/shelf_filled/images/000585.png'
01:15.080  render           | Saved: '/home/rokey/book_dataset/dataset_shelf/shelf_filled/mask/000585.png'
01:15.101  render           | Saved: '/home/rokey/book_dataset/dataset_shelf/shelf_filled/depth/000585.png'
01:15.179  render           | Saved: '/home/rokey/book_dataset/dataset_shelf/shelf_filled/images/000586.png'
01:15.204  render           | Saved: '/home/rokey/book_dataset/dataset_shelf/shelf_filled/mask/000586.png'
01:15.226  render           | Saved: '/home/rokey/book_dataset/dataset_shelf/shelf_filled/depth/000586.png'
01:15.302  render           | Saved: '/home/rokey/book_dataset/dataset_shelf/shelf_filled/images/000587.png'
01:15.327  render           | Saved: '/home/rokey/book_dataset/dataset_shelf/shelf_filled/mask/000587.png'
01:15.347  render           | Saved: '/home/rokey/book_dataset/dataset_shelf/shelf_filled/depth/000587.png'
01:15.424  render           | Saved: '/home/rokey/book_dataset/dataset_shelf/shelf_filled/images/000588.png'
01:15.447  render           | Saved: '/home/rokey/book_dataset/dataset_shelf/shelf_filled/mask/000588.png'
01:15.467  render           | Saved: '/home/rokey/book_dataset/dataset_shelf/shelf_filled/depth/000588.png'
01:15.543  render           | Saved: '/home/rokey/book_dataset/dataset_shelf/shelf_filled/images/000589.png'
01:15.566  render           | Saved: '/home/rokey/book_dataset/dataset_shelf/shelf_filled/mask/000589.png'
01:15.586  render           | Saved: '/home/rokey/book_dataset/dataset_shelf/shelf_filled/depth/000589.png'
01:15.672  render           | Saved: '/home/rokey/book_dataset/dataset_shelf/shelf_filled/images/000590.png'
01:15.696  render           | Saved: '/home/rokey/book_dataset/dataset_shelf/shelf_filled/mask/000590.png'
01:15.717  render           | Saved: '/home/rokey/book_dataset/dataset_shelf/shelf_filled/depth/000590.png'
01:15.793  render           | Saved: '/home/rokey/book_dataset/dataset_shelf/shelf_filled/images/000591.png'
01:15.817  render           | Saved: '/home/rokey/book_dataset/dataset_shelf/shelf_filled/mask/000591.png'
01:15.838  render           | Saved: '/home/rokey/book_dataset/dataset_shelf/shelf_filled/depth/000591.png'
01:15.914  render           | Saved: '/home/rokey/book_dataset/dataset_shelf/shelf_filled/images/000592.png'
01:15.938  render           | Saved: '/home/rokey/book_dataset/dataset_shelf/shelf_filled/mask/000592.png'
01:15.958  render           | Saved: '/home/rokey/book_dataset/dataset_shelf/shelf_filled/depth/000592.png'
01:16.046  render           | Saved: '/home/rokey/book_dataset/dataset_shelf/shelf_filled/images/000593.png'
01:16.068  render           | Saved: '/home/rokey/book_dataset/dataset_shelf/shelf_filled/mask/000593.png'
01:16.088  render           | Saved: '/home/rokey/book_dataset/dataset_shelf/shelf_filled/depth/000593.png'
01:16.167  render           | Saved: '/home/rokey/book_dataset/dataset_shelf/shelf_filled/images/000594.png'
01:16.192  render           | Saved: '/home/rokey/book_dataset/dataset_shelf/shelf_filled/mask/000594.png'
01:16.211  render           | Saved: '/home/rokey/book_dataset/dataset_shelf/shelf_filled/depth/000594.png'
01:16.288  render           | Saved: '/home/rokey/book_dataset/dataset_shelf/shelf_filled/images/000595.png'
01:16.313  render           | Saved: '/home/rokey/book_dataset/dataset_shelf/shelf_filled/mask/000595.png'
01:16.333  render           | Saved: '/home/rokey/book_dataset/dataset_shelf/shelf_filled/depth/000595.png'
01:16.411  render           | Saved: '/home/rokey/book_dataset/dataset_shelf/shelf_filled/images/000596.png'
01:16.435  render           | Saved: '/home/rokey/book_dataset/dataset_shelf/shelf_filled/mask/000596.png'
01:16.456  render           | Saved: '/home/rokey/book_dataset/dataset_shelf/shelf_filled/depth/000596.png'
01:16.535  render           | Saved: '/home/rokey/book_dataset/dataset_shelf/shelf_filled/images/000597.png'
01:16.558  render           | Saved: '/home/rokey/book_dataset/dataset_shelf/shelf_filled/mask/000597.png'
01:16.579  render           | Saved: '/home/rokey/book_dataset/dataset_shelf/shelf_filled/depth/000597.png'
01:16.657  render           | Saved: '/home/rokey/book_dataset/dataset_shelf/shelf_filled/images/000598.png'
01:16.681  render           | Saved: '/home/rokey/book_dataset/dataset_shelf/shelf_filled/mask/000598.png'
01:16.701  render           | Saved: '/home/rokey/book_dataset/dataset_shelf/shelf_filled/depth/000598.png'
01:16.780  render           | Saved: '/home/rokey/book_dataset/dataset_shelf/shelf_filled/images/000599.png'
01:16.803  render           | Saved: '/home/rokey/book_dataset/dataset_shelf/shelf_filled/mask/000599.png'
01:16.824  render           | Saved: '/home/rokey/book_dataset/dataset_shelf/shelf_filled/depth/000599.png'
   hfov         90.50 deg  (lens 17.84 mm, sensor 36.0 mm)
   distance     자동 1.05 ~ 2.974 m (책 1.800 m, 화각 90.5도, 화면 점유 30%~85%)
   floor        ds_floor  50.0 m  z=0.000
   backdrop     ds_walls  반경 4.2 m  높이 8.3 m
   depth        16bit PNG (mm), 배경은 65535

   blender      5.2.0 LTS
   engine       BLENDER_EEVEE   samples 32
   note         EEVEE 는 GPU 컨텍스트가 필요하다. 헤드리스에서 실패하면 --engine CYCLES 로 바꾸거나 blender --gpu-backend vulkan 을 쓴다
   book         book_shelf_filled  dims 1.412 x 0.305 x 1.800 m
   resolution   640 x 480
   K            fx 317.2  cx 320.0  cy 240.0
   out          /home/rokey/book_dataset/dataset_shelf/shelf_filled
   projection   ours 320.9,333.9  blender 320.9,333.9  error 0.00px  ok
   [10/600] rendered 10  skipped 0  retry 1
   [20/600] rendered 20  skipped 0  retry 7
   [30/600] rendered 30  skipped 0  retry 10
   [40/600] rendered 40  skipped 0  retry 18
   [50/600] rendered 50  skipped 0  retry 25
   [60/600] rendered 60  skipped 0  retry 26
   [70/600] rendered 70  skipped 0  retry 29
   [80/600] rendered 80  skipped 0  retry 31
   [90/600] rendered 90  skipped 0  retry 36
   [100/600] rendered 100  skipped 0  retry 36
   [110/600] rendered 110  skipped 0  retry 40
   [120/600] rendered 120  skipped 0  retry 41
   [130/600] rendered 130  skipped 0  retry 42
   [140/600] rendered 140  skipped 0  retry 47
   [150/600] rendered 150  skipped 0  retry 49
   [160/600] rendered 160  skipped 0  retry 55
   [170/600] rendered 170  skipped 0  retry 60
   [180/600] rendered 180  skipped 0  retry 63
   [190/600] rendered 190  skipped 0  retry 65
   [200/600] rendered 200  skipped 0  retry 70
   [210/600] rendered 210  skipped 0  retry 73
   [220/600] rendered 220  skipped 0  retry 76
   [230/600] rendered 230  skipped 0  retry 79
   [240/600] rendered 240  skipped 0  retry 85
   [250/600] rendered 250  skipped 0  retry 89
   [260/600] rendered 260  skipped 0  retry 92
   [270/600] rendered 270  skipped 0  retry 98
   [280/600] rendered 280  skipped 0  retry 106
   [290/600] rendered 290  skipped 0  retry 110
   [300/600] rendered 300  skipped 0  retry 110
   [310/600] rendered 310  skipped 0  retry 111
   [320/600] rendered 320  skipped 0  retry 112
   [330/600] rendered 330  skipped 0  retry 116
   [340/600] rendered 340  skipped 0  retry 118
   [350/600] rendered 350  skipped 0  retry 125
   [360/600] rendered 360  skipped 0  retry 129
   [370/600] rendered 370  skipped 0  retry 130
   [380/600] rendered 380  skipped 0  retry 132
   [390/600] rendered 390  skipped 0  retry 132
   [400/600] rendered 400  skipped 0  retry 134
   [410/600] rendered 410  skipped 0  retry 137
   [420/600] rendered 420  skipped 0  retry 143
   [430/600] rendered 430  skipped 0  retry 144
   [440/600] rendered 440  skipped 0  retry 150
   [450/600] rendered 450  skipped 0  retry 153
   [460/600] rendered 460  skipped 0  retry 154
   [470/600] rendered 470  skipped 0  retry 158
   [480/600] rendered 480  skipped 0  retry 162
   [490/600] rendered 490  skipped 0  retry 165
   [500/600] rendered 500  skipped 0  retry 169
   [510/600] rendered 510  skipped 0  retry 173
   [520/600] rendered 520  skipped 0  retry 178
   [530/600] rendered 530  skipped 0  retry 184
   [540/600] rendered 540  skipped 0  retry 189
   [550/600] rendered 550  skipped 0  retry 196
   [560/600] rendered 560  skipped 0  retry 201
   [570/600] rendered 570  skipped 0  retry 201
   [580/600] rendered 580  skipped 0  retry 204
   [590/600] rendered 590  skipped 0  retry 212
   [600/600] rendered 600  skipped 0  retry 218

   done  rendered 600  skipped 0  retry 218
   labels       /home/rokey/book_dataset/dataset_shelf/shelf_filled/labels
Blender 5.2.0 LTS (hash fbe6228777e7 built 2026-07-14 01:32:04)

Blender quit
