[INFO] [1789635018.730863685] [vision_manager]: Subscribed to rgb=/rgb, depth=/depth, camera_info=/camera_info, target_frame=wrist_camera_optical_frame
[INFO] [1789635020.423335396] [vision_manager]: Book detected: xyz=(-0.086, -0.179, 0.401), center=(252, 98)
[INFO] [1789635020.425471468] [vision_manager]: Book detected: xyz=(0.734, 0.005, 0.869), center=(588, 242)
[INFO] [1789635020.427469909] [vision_manager]: Book detected: xyz=(-0.114, -0.096, 0.516), center=(250, 181)
[INFO] [1789635020.429429255] [vision_manager]: Book detected: xyz=(0.641, 0.000, 0.869), center=(554, 240)
[INFO] [1789635020.431364793] [vision_manager]: Book detected: xyz=(-0.116, -0.021, 0.511), center=(248, 227)
[INFO] [1789635020.433101296] [vision_manager]: Book detected: xyz=(-0.091, 0.045, 0.401), center=(248, 276)
[INFO] [1789635020.434172200] [vision_manager]: No placeable empty shelf position found
[INFO] [1789635020.577234472] [vision_manager]: Book detected: xyz=(-0.087, -0.179, 0.401), center=(251, 98)
[INFO] [1789635020.578802777] [vision_manager]: Book detected: xyz=(0.734, 0.005, 0.869), center=(588, 242)
[INFO] [1789635020.580339380] [vision_manager]: Book detected: xyz=(0.636, 0.000, 0.869), center=(552, 240)
[INFO] [1789635020.582003241] [vision_manager]: Book detected: xyz=(-0.126, -0.094, 0.563), center=(249, 187)
[INFO] [1789635020.583638755] [vision_manager]: Book detected: xyz=(-0.126, -0.021, 0.556), center=(248, 228)
[INFO] [1789635020.585129093] [vision_manager]: Book detected: xyz=(-0.092, 0.047, 0.401), center=(247, 277)
[INFO] [1789635020.585984708] [vision_manager]: No placeable empty shelf position found
[INFO] [1789635020.695464075] [vision_manager]: Book detected: xyz=(-0.087, -0.179, 0.401), center=(251, 98)
[INFO] [1789635020.696571972] [vision_manager]: Book detected: xyz=(0.734, 0.005, 0.869), center=(588, 242)
[INFO] [1789635020.697548341] [vision_manager]: Book detected: xyz=(-0.124, -0.092, 0.563), center=(250, 188)
[INFO] [1789635020.698493273] [vision_manager]: Book detected: xyz=(0.627, 0.000, 0.869), center=(549, 240)
[INFO] [1789635020.699549675] [vision_manager]: Book detected: xyz=(-0.128, -0.020, 0.563), center=(248, 229)
[INFO] [1789635020.700596276] [vision_manager]: Book detected: xyz=(-0.091, 0.044, 0.400), center=(248, 275)
[INFO] [1789635020.701452840] [vision_manager]: No placeable empty shelf position found
[INFO] [1789635020.812397435] [vision_manager]: Book detected: xyz=(-0.086, -0.179, 0.401), center=(252, 98)
[INFO] [1789635020.813381601] [vision_manager]: Book detected: xyz=(0.734, 0.005, 0.869), center=(588, 242)
[INFO] [1789635020.814329031] [vision_manager]: Book detected: xyz=(0.627, 0.000, 0.869), center=(549, 240)
[INFO] [1789635020.815265938] [vision_manager]: Book detected: xyz=(-0.126, -0.094, 0.563), center=(249, 187)
[INFO] [1789635020.816203483] [vision_manager]: Book detected: xyz=(-0.091, -0.024, 0.402), center=(248, 221)
[INFO] [1789635020.817137534] [vision_manager]: Book detected: xyz=(-0.091, 0.045, 0.401), center=(248, 276)
[INFO] [1789635020.948402451] [vision_manager]: Book detected: xyz=(-0.086, -0.179, 0.401), center=(252, 98)
[INFO] [1789635020.949725506] [vision_manager]: Book detected: xyz=(0.734, 0.005, 0.869), center=(588, 242)
[INFO] [1789635020.950984454] [vision_manager]: Book detected: xyz=(-0.114, -0.096, 0.507), center=(249, 180)
[INFO] [1789635020.952258640] [vision_manager]: Book detected: xyz=(0.636, 0.000, 0.869), center=(552, 240)
[INFO] [1789635020.953509994] [vision_manager]: Book detected: xyz=(-0.116, -0.021, 0.511), center=(248, 227)
[INFO] [1789635020.954680900] [vision_manager]: Book detected: xyz=(-0.091, 0.045, 0.401), center=(248, 276)
[INFO] [1789635020.955476099] [vision_manager]: No placeable empty shelf position found
[INFO] [1789635021.099130072] [vision_manager]: Book detected: xyz=(-0.087, -0.179, 0.401), center=(251, 98)
[INFO] [1789635021.100428052] [vision_manager]: Book detected: xyz=(0.734, 0.005, 0.869), center=(588, 242)
[INFO] [1789635021.101685915] [vision_manager]: Book detected: xyz=(-0.114, -0.096, 0.507), center=(249, 180)
[INFO] [1789635021.102987967] [vision_manager]: Book detected: xyz=(0.636, 0.000, 0.869), center=(552, 240)
[INFO] [1789635021.104290348] [vision_manager]: Book detected: xyz=(-0.114, -0.021, 0.511), center=(249, 227)
[INFO] [1789635021.105554044] [vision_manager]: Book detected: xyz=(-0.091, 0.044, 0.400), center=(248, 275)
[INFO] [1789635021.106434536] [vision_manager]: No placeable empty shelf position found
[INFO] [1789635021.250862419] [vision_manager]: Book detected: xyz=(-0.087, -0.179, 0.401), center=(251, 98)
[INFO] [1789635021.252517848] [vision_manager]: Book detected: xyz=(0.734, 0.005, 0.869), center=(588, 242)
[INFO] [1789635021.254117146] [vision_manager]: Book detected: xyz=(-0.115, -0.096, 0.516), center=(249, 181)
[INFO] [1789635021.255596390] [vision_manager]: Book detected: xyz=(0.649, 0.000, 0.869), center=(557, 240)
[INFO] [1789635021.256693063] [vision_manager]: Book detected: xyz=(-0.124, -0.021, 0.556), center=(249, 228)
[INFO] [1789635021.257815771] [vision_manager]: Book detected: xyz=(-0.091, 0.045, 0.401), center=(248, 276)
[INFO] [1789635021.258568461] [vision_manager]: No placeable empty shelf position found
[INFO] [1789635021.394541455] [vision_manager]: Book detected: xyz=(-0.087, -0.178, 0.401), center=(251, 99)
[INFO] [1789635021.396707674] [vision_manager]: Book detected: xyz=(0.734, 0.005, 0.869), center=(588, 242)
[INFO] [1789635021.398634058] [vision_manager]: Book detected: xyz=(0.649, 0.000, 0.869), center=(557, 240)
[INFO] [1789635021.400579224] [vision_manager]: Book detected: xyz=(-0.115, -0.096, 0.516), center=(249, 181)
[INFO] [1789635021.402495882] [vision_manager]: Book detected: xyz=(-0.126, -0.021, 0.556), center=(248, 228)
[INFO] [1789635021.404400465] [vision_manager]: Book detected: xyz=(-0.091, 0.045, 0.401), center=(248, 276)
[INFO] [1789635021.405458835] [vision_manager]: No placeable empty shelf position found
[INFO] [1789635021.525474391] [vision_manager]: Book detected: xyz=(-0.087, -0.178, 0.401), center=(251, 99)
[INFO] [1789635021.526459172] [vision_manager]: Book detected: xyz=(0.734, 0.005, 0.869), center=(588, 242)
[INFO] [1789635021.527402413] [vision_manager]: Book detected: xyz=(0.647, 0.000, 0.869), center=(556, 240)
[INFO] [1789635021.528353948] [vision_manager]: Book detected: xyz=(-0.115, -0.096, 0.516), center=(249, 181)
[INFO] [1789635021.529292625] [vision_manager]: Book detected: xyz=(-0.126, -0.021, 0.556), center=(248, 228)
[INFO] [1789635021.530244500] [vision_manager]: Book detected: xyz=(-0.091, 0.045, 0.401), center=(248, 276)
[INFO] [1789635021.530820369] [vision_manager]: No placeable empty shelf position found
[INFO] [1789635021.651775626] [vision_manager]: Book detected: xyz=(-0.087, -0.178, 0.401), center=(251, 99)
[INFO] [1789635021.653102619] [vision_manager]: Book detected: xyz=(0.734, 0.005, 0.869), center=(588, 242)
[INFO] [1789635021.654381329] [vision_manager]: Book detected: xyz=(0.652, 0.000, 0.869), center=(558, 240)
[INFO] [1789635021.655656925] [vision_manager]: Book detected: xyz=(-0.115, -0.096, 0.516), center=(249, 181)
[INFO] [1789635021.656819714] [vision_manager]: Book detected: xyz=(-0.116, -0.021, 0.511), center=(248, 227)
[INFO] [1789635021.657903572] [vision_manager]: Book detected: xyz=(-0.091, 0.045, 0.401), center=(248, 276)
[INFO] [1789635021.658687737] [vision_manager]: No placeable empty shelf position found
[INFO] [1789635021.797502743] [vision_manager]: Book detected: xyz=(-0.087, -0.179, 0.401), center=(251, 98)
[INFO] [1789635021.799194759] [vision_manager]: Book detected: xyz=(0.734, 0.005, 0.869), center=(588, 242)
[INFO] [1789635021.848655276] [vision_manager]: Book detected: xyz=(0.638, 0.000, 0.869), center=(553, 240)
[INFO] [1789635021.849480890] [vision_manager]: Book detected: xyz=(-0.128, -0.094, 0.563), center=(248, 187)
[INFO] [1789635021.850282598] [vision_manager]: Book detected: xyz=(-0.126, -0.021, 0.556), center=(248, 228)
[INFO] [1789635021.850797774] [vision_manager]: No placeable empty shelf position found
[INFO] [1789635021.980360541] [vision_manager]: Book detected: xyz=(-0.088, -0.178, 0.401), center=(250, 99)
[INFO] [1789635021.981353162] [vision_manager]: Book detected: xyz=(0.734, 0.005, 0.869), center=(588, 242)
[INFO] [1789635021.982297604] [vision_manager]: Book detected: xyz=(0.633, 0.000, 0.869), center=(551, 240)
[INFO] [1789635021.983229807] [vision_manager]: Book detected: xyz=(-0.130, -0.096, 0.563), center=(247, 186)
[INFO] [1789635021.984104977] [vision_manager]: Book detected: xyz=(-0.091, -0.030, 0.400), center=(248, 216)
[INFO] [1789635022.109442627] [vision_manager]: Book detected: xyz=(-0.087, -0.178, 0.401), center=(251, 99)
[INFO] [1789635022.110797839] [vision_manager]: Book detected: xyz=(0.734, 0.005, 0.869), center=(588, 242)
[INFO] [1789635022.112077606] [vision_manager]: Book detected: xyz=(-0.128, -0.094, 0.563), center=(248, 187)
[INFO] [1789635022.113346640] [vision_manager]: Book detected: xyz=(0.619, 0.000, 0.869), center=(546, 240)
[INFO] [1789635022.229646018] [vision_manager]: Book detected: xyz=(-0.087, -0.178, 0.401), center=(251, 99)
[INFO] [1789635022.230623824] [vision_manager]: Book detected: xyz=(0.734, 0.005, 0.869), center=(588, 242)
[INFO] [1789635022.231581456] [vision_manager]: Book detected: xyz=(-0.110, -0.096, 0.491), center=(249, 178)
[INFO] [1789635022.232538095] [vision_manager]: Book detected: xyz=(0.622, 0.000, 0.869), center=(547, 240)
[INFO] [1789635022.233447063] [vision_manager]: Book detected: xyz=(-0.090, -0.030, 0.400), center=(249, 216)
[INFO] [1789635022.344120976] [vision_manager]: Book detected: xyz=(-0.087, -0.178, 0.401), center=(251, 99)
[INFO] [1789635022.345423132] [vision_manager]: Book detected: xyz=(0.734, 0.005, 0.869), center=(588, 242)
[INFO] [1789635022.346676009] [vision_manager]: Book detected: xyz=(-0.110, -0.096, 0.483), center=(248, 177)
[INFO] [1789635022.347934170] [vision_manager]: Book detected: xyz=(0.619, 0.000, 0.869), center=(546, 240)
[INFO] [1789635022.349211758] [vision_manager]: Book detected: xyz=(-0.091, -0.034, 0.400), center=(248, 213)
[INFO] [1789635022.466930911] [vision_manager]: Book detected: xyz=(-0.087, -0.178, 0.401), center=(251, 99)
[INFO] [1789635022.468445759] [vision_manager]: Book detected: xyz=(0.734, 0.005, 0.869), center=(588, 242)
[INFO] [1789635022.470724096] [vision_manager]: Book detected: xyz=(-0.113, -0.096, 0.499), center=(248, 179)
[INFO] [1789635022.472217038] [vision_manager]: Book detected: xyz=(0.614, 0.000, 0.869), center=(544, 240)
[INFO] [1789635022.474355930] [vision_manager]: Book detected: xyz=(-0.091, -0.030, 0.400), center=(248, 216)
[INFO] [1789635022.595719458] [vision_manager]: Book detected: xyz=(-0.088, -0.178, 0.401), center=(250, 99)
[INFO] [1789635022.597438766] [vision_manager]: Book detected: xyz=(0.734, 0.005, 0.869), center=(588, 242)
[INFO] [1789635022.599724854] [vision_manager]: Book detected: xyz=(-0.108, -0.096, 0.475), center=(248, 176)
[INFO] [1789635022.602306133] [vision_manager]: Book detected: xyz=(0.619, 0.000, 0.869), center=(546, 240)
[INFO] [1789635022.742270436] [vision_manager]: Book detected: xyz=(-0.087, -0.178, 0.401), center=(251, 99)
[INFO] [1789635022.743439161] [vision_manager]: Book detected: xyz=(0.734, 0.005, 0.869), center=(588, 242)
[INFO] [1789635022.744496532] [vision_manager]: Book detected: xyz=(-0.106, -0.096, 0.475), center=(249, 176)
[INFO] [1789635022.745710532] [vision_manager]: Book detected: xyz=(0.636, 0.000, 0.869), center=(552, 240)
[INFO] [1789635022.746656373] [vision_manager]: Book detected: xyz=(-0.130, -0.082, 0.563), center=(247, 194)
[INFO] [1789635022.894074467] [vision_manager]: Book detected: xyz=(-0.087, -0.179, 0.401), center=(251, 98)
[INFO] [1789635022.895400521] [vision_manager]: Book detected: xyz=(0.734, 0.005, 0.869), center=(588, 242)
[INFO] [1789635022.896659954] [vision_manager]: Book detected: xyz=(-0.106, -0.096, 0.468), center=(248, 175)
[INFO] [1789635022.898409276] [vision_manager]: Book detected: xyz=(0.633, 0.000, 0.869), center=(551, 240)
[INFO] [1789635023.071544032] [vision_manager]: Book detected: xyz=(-0.087, -0.179, 0.401), center=(251, 98)
[INFO] [1789635023.074070504] [vision_manager]: Book detected: xyz=(0.734, 0.005, 0.869), center=(588, 242)
[INFO] [1789635023.075447630] [vision_manager]: Book detected: xyz=(-0.103, -0.096, 0.454), center=(248, 173)
[INFO] [1789635023.076841741] [vision_manager]: Book detected: xyz=(0.633, 0.000, 0.869), center=(551, 240)
[INFO] [1789635023.251629004] [vision_manager]: Book detected: xyz=(-0.087, -0.179, 0.401), center=(251, 98)
[INFO] [1789635023.253701489] [vision_manager]: Book detected: xyz=(0.734, 0.005, 0.869), center=(588, 242)
[INFO] [1789635023.257098946] [vision_manager]: Book detected: xyz=(-0.106, -0.096, 0.468), center=(248, 175)
[INFO] [1789635023.259817857] [vision_manager]: Book detected: xyz=(0.633, 0.003, 0.869), center=(551, 241)
[INFO] [1789635023.426829819] [vision_manager]: Book detected: xyz=(-0.087, -0.179, 0.401), center=(251, 98)
[INFO] [1789635023.428364041] [vision_manager]: Book detected: xyz=(0.734, 0.005, 0.869), center=(588, 242)
[INFO] [1789635023.429756085] [vision_manager]: Book detected: xyz=(-0.110, -0.096, 0.483), center=(248, 177)
[INFO] [1789635023.431043348] [vision_manager]: Book detected: xyz=(0.641, 0.000, 0.869), center=(554, 240)
[INFO] [1789635023.432450889] [vision_manager]: Book detected: xyz=(-0.091, -0.034, 0.400), center=(248, 213)
[INFO] [1789635023.673226159] [vision_manager]: Book detected: xyz=(-0.087, -0.179, 0.401), center=(251, 98)
[INFO] [1789635023.674252439] [vision_manager]: Book detected: xyz=(0.734, 0.005, 0.869), center=(588, 242)
[INFO] [1789635023.675203674] [vision_manager]: Book detected: xyz=(-0.110, -0.096, 0.483), center=(248, 177)
[INFO] [1789635023.676187113] [vision_manager]: Book detected: xyz=(0.649, 0.000, 0.869), center=(557, 240)
[INFO] [1789635023.677127964] [vision_manager]: Book detected: xyz=(-0.091, -0.034, 0.400), center=(248, 213)
[INFO] [1789635023.678117326] [vision_manager]: Book detected: xyz=(-0.091, 0.043, 0.400), center=(248, 274)
[INFO] [1789635023.827464433] [vision_manager]: Book detected: xyz=(-0.087, -0.178, 0.401), center=(251, 99)
[INFO] [1789635023.828878505] [vision_manager]: Book detected: xyz=(0.734, 0.005, 0.869), center=(588, 242)
[INFO] [1789635023.830823255] [vision_manager]: Book detected: xyz=(-0.111, -0.096, 0.491), center=(248, 178)
[INFO] [1789635023.832785322] [vision_manager]: Book detected: xyz=(0.627, 0.000, 0.869), center=(549, 240)
[INFO] [1789635023.834139069] [vision_manager]: Book detected: xyz=(-0.091, 0.043, 0.400), center=(248, 274)
[INFO] [1789635023.835392468] [vision_manager]: Book detected: xyz=(-0.092, -0.040, 0.400), center=(247, 208)
[INFO] [1789635023.964335697] [vision_manager]: Book detected: xyz=(-0.087, -0.178, 0.401), center=(251, 99)
[INFO] [1789635023.965294933] [vision_manager]: Book detected: xyz=(0.734, 0.005, 0.869), center=(588, 242)
[INFO] [1789635023.966225232] [vision_manager]: Book detected: xyz=(-0.110, -0.096, 0.483), center=(248, 177)
[INFO] [1789635023.967122945] [vision_manager]: Book detected: xyz=(0.633, 0.000, 0.869), center=(551, 240)
[INFO] [1789635023.967998426] [vision_manager]: Book detected: xyz=(-0.091, -0.033, 0.400), center=(248, 214)
[INFO] [1789635023.968885245] [vision_manager]: Book detected: xyz=(-0.091, 0.043, 0.400), center=(248, 274)
[INFO] [1789635024.096270267] [vision_manager]: Book detected: xyz=(-0.087, -0.178, 0.401), center=(251, 99)
[INFO] [1789635024.097320590] [vision_manager]: Book detected: xyz=(0.734, 0.005, 0.869), center=(588, 242)
[INFO] [1789635024.098271673] [vision_manager]: Book detected: xyz=(-0.115, -0.096, 0.507), center=(248, 180)
[INFO] [1789635024.099153362] [vision_manager]: Book detected: xyz=(0.630, 0.000, 0.869), center=(550, 240)
[INFO] [1789635024.100021215] [vision_manager]: Book detected: xyz=(-0.091, 0.044, 0.400), center=(248, 275)
[INFO] [1789635024.100901503] [vision_manager]: Book detected: xyz=(-0.128, -0.005, 0.563), center=(248, 237)
[INFO] [1789635024.101520493] [vision_manager]: No placeable empty shelf position found
[INFO] [1789635024.243892112] [vision_manager]: Book detected: xyz=(-0.086, -0.179, 0.401), center=(252, 98)
[INFO] [1789635024.244856457] [vision_manager]: Book detected: xyz=(0.734, 0.005, 0.869), center=(588, 242)
[INFO] [1789635024.245777451] [vision_manager]: Book detected: xyz=(-0.112, -0.096, 0.499), center=(249, 179)
[INFO] [1789635024.246690065] [vision_manager]: Book detected: xyz=(0.636, 0.000, 0.869), center=(552, 240)
[INFO] [1789635024.247592090] [vision_manager]: Book detected: xyz=(-0.091, 0.043, 0.400), center=(248, 274)
[INFO] [1789635024.377626614] [vision_manager]: Book detected: xyz=(-0.087, -0.178, 0.401), center=(251, 99)
[INFO] [1789635024.378820717] [vision_manager]: Book detected: xyz=(0.734, 0.005, 0.869), center=(588, 242)
[INFO] [1789635024.379836983] [vision_manager]: Book detected: xyz=(-0.112, -0.096, 0.499), center=(249, 179)
[INFO] [1789635024.381388833] [vision_manager]: Book detected: xyz=(0.633, 0.000, 0.869), center=(551, 240)
[INFO] [1789635024.382805410] [vision_manager]: Book detected: xyz=(-0.116, -0.021, 0.511), center=(248, 227)
[INFO] [1789635024.384028262] [vision_manager]: Book detected: xyz=(-0.091, 0.044, 0.400), center=(248, 275)
[INFO] [1789635024.384657217] [vision_manager]: No placeable empty shelf position found
[INFO] [1789635024.526123765] [vision_manager]: Book detected: xyz=(-0.087, -0.178, 0.401), center=(251, 99)
[INFO] [1789635024.527113096] [vision_manager]: Book detected: xyz=(0.734, 0.005, 0.869), center=(588, 242)
[INFO] [1789635024.528032720] [vision_manager]: Book detected: xyz=(-0.112, -0.096, 0.499), center=(249, 179)
[INFO] [1789635024.528905932] [vision_manager]: Book detected: xyz=(0.649, 0.000, 0.869), center=(557, 240)
[INFO] [1789635024.529862198] [vision_manager]: Book detected: xyz=(-0.114, -0.021, 0.511), center=(249, 227)
[INFO] [1789635024.530720676] [vision_manager]: Book detected: xyz=(-0.091, 0.044, 0.400), center=(248, 275)
[INFO] [1789635024.531305004] [vision_manager]: No placeable empty shelf position found
[INFO] [1789635024.655039847] [vision_manager]: Book detected: xyz=(-0.087, -0.178, 0.401), center=(251, 99)
[INFO] [1789635024.656005449] [vision_manager]: Book detected: xyz=(0.734, 0.005, 0.869), center=(588, 242)
[INFO] [1789635024.656925051] [vision_manager]: Book detected: xyz=(-0.115, -0.096, 0.516), center=(249, 181)
[INFO] [1789635024.657826327] [vision_manager]: Book detected: xyz=(0.636, 0.000, 0.869), center=(552, 240)
[INFO] [1789635024.658734054] [vision_manager]: Book detected: xyz=(-0.116, -0.021, 0.511), center=(248, 227)
[INFO] [1789635024.659637182] [vision_manager]: Book detected: xyz=(-0.091, 0.043, 0.400), center=(248, 274)
[INFO] [1789635024.660274718] [vision_manager]: No placeable empty shelf position found
[INFO] [1789635024.801663457] [vision_manager]: Book detected: xyz=(-0.087, -0.178, 0.401), center=(251, 99)
[INFO] [1789635024.802620194] [vision_manager]: Book detected: xyz=(0.734, 0.005, 0.869), center=(588, 242)
[INFO] [1789635024.803532532] [vision_manager]: Book detected: xyz=(-0.115, -0.096, 0.516), center=(249, 181)
[INFO] [1789635024.804440148] [vision_manager]: Book detected: xyz=(0.641, 0.000, 0.869), center=(554, 240)
[INFO] [1789635024.805356098] [vision_manager]: Book detected: xyz=(-0.124, -0.021, 0.556), center=(249, 228)
[INFO] [1789635024.806279282] [vision_manager]: Book detected: xyz=(-0.091, 0.042, 0.400), center=(248, 273)
[INFO] [1789635024.806856498] [vision_manager]: No placeable empty shelf position found
[INFO] [1789635024.936575782] [vision_manager]: Book detected: xyz=(-0.086, -0.178, 0.401), center=(252, 99)
[INFO] [1789635024.937528886] [vision_manager]: Book detected: xyz=(0.734, 0.005, 0.869), center=(588, 242)
[INFO] [1789635024.938489218] [vision_manager]: Book detected: xyz=(-0.114, -0.096, 0.507), center=(249, 180)
[INFO] [1789635024.939468831] [vision_manager]: Book detected: xyz=(0.633, 0.000, 0.869), center=(551, 240)
[INFO] [1789635024.940769054] [vision_manager]: Book detected: xyz=(-0.091, 0.043, 0.400), center=(248, 274)
[INFO] [1789635024.942111772] [vision_manager]: Book detected: xyz=(-0.092, -0.052, 0.401), center=(247, 199)
[INFO] [1789635025.096481381] [vision_manager]: Book detected: xyz=(-0.086, -0.179, 0.401), center=(252, 98)
[INFO] [1789635025.097721227] [vision_manager]: Book detected: xyz=(0.734, 0.005, 0.869), center=(588, 242)
[INFO] [1789635025.098715931] [vision_manager]: Book detected: xyz=(-0.108, -0.096, 0.491), center=(250, 178)
[INFO] [1789635025.099662338] [vision_manager]: Book detected: xyz=(0.638, 0.000, 0.869), center=(553, 240)
[INFO] [1789635025.100573343] [vision_manager]: Book detected: xyz=(-0.114, -0.021, 0.511), center=(249, 227)
[INFO] [1789635025.101208456] [vision_manager]: No placeable empty shelf position found
[INFO] [1789635025.243775495] [vision_manager]: Book detected: xyz=(-0.086, -0.179, 0.401), center=(252, 98)
[INFO] [1789635025.244745517] [vision_manager]: Book detected: xyz=(0.734, 0.005, 0.869), center=(588, 242)
[INFO] [1789635025.245663593] [vision_manager]: Book detected: xyz=(-0.110, -0.096, 0.491), center=(249, 178)
[INFO] [1789635025.246541101] [vision_manager]: Book detected: xyz=(0.627, 0.000, 0.869), center=(549, 240)
[INFO] [1789635025.247432737] [vision_manager]: Book detected: xyz=(-0.090, -0.029, 0.401), center=(249, 217)
[INFO] [1789635025.248339075] [vision_manager]: Book detected: xyz=(-0.091, 0.043, 0.400), center=(248, 274)
[INFO] [1789635025.391671660] [vision_manager]: Book detected: xyz=(-0.087, -0.179, 0.401), center=(251, 98)
[INFO] [1789635025.392949799] [vision_manager]: Book detected: xyz=(0.734, 0.005, 0.869), center=(588, 242)
[INFO] [1789635025.394176833] [vision_manager]: Book detected: xyz=(-0.108, -0.096, 0.483), center=(249, 177)
[INFO] [1789635025.395413309] [vision_manager]: Book detected: xyz=(0.633, 0.000, 0.869), center=(551, 240)
[INFO] [1789635025.396633309] [vision_manager]: Book detected: xyz=(-0.130, -0.096, 0.563), center=(247, 186)
[INFO] [1789635025.521661807] [vision_manager]: Book detected: xyz=(-0.087, -0.180, 0.400), center=(251, 97)
[INFO] [1789635025.523156425] [vision_manager]: Book detected: xyz=(0.734, 0.005, 0.869), center=(588, 242)
[INFO] [1789635025.524526920] [vision_manager]: Book detected: xyz=(-0.110, -0.096, 0.491), center=(249, 178)
[INFO] [1789635025.525737568] [vision_manager]: Book detected: xyz=(0.630, 0.000, 0.869), center=(550, 240)
[INFO] [1789635025.526868054] [vision_manager]: Book detected: xyz=(-0.130, -0.087, 0.563), center=(247, 191)
[INFO] [1789635025.671869723] [vision_manager]: Book detected: xyz=(-0.087, -0.180, 0.400), center=(251, 97)
[INFO] [1789635025.673373254] [vision_manager]: Book detected: xyz=(0.734, 0.005, 0.869), center=(588, 242)
[INFO] [1789635025.674825674] [vision_manager]: Book detected: xyz=(-0.108, -0.096, 0.483), center=(249, 177)
[INFO] [1789635025.676276639] [vision_manager]: Book detected: xyz=(0.619, 0.000, 0.869), center=(546, 240)
[INFO] [1789635025.677713051] [vision_manager]: Book detected: xyz=(-0.127, -0.096, 0.554), center=(247, 185)
[INFO] [1789635025.802258882] [vision_manager]: Book detected: xyz=(-0.086, -0.180, 0.400), center=(252, 97)
[INFO] [1789635025.803129715] [vision_manager]: Book detected: xyz=(0.734, 0.005, 0.869), center=(588, 242)
[INFO] [1789635025.803939065] [vision_manager]: Book detected: xyz=(-0.103, -0.096, 0.461), center=(249, 174)
[INFO] [1789635025.804749666] [vision_manager]: Book detected: xyz=(0.630, 0.000, 0.869), center=(550, 240)
[INFO] [1789635025.805568773] [vision_manager]: Book detected: xyz=(-0.130, -0.082, 0.563), center=(247, 194)
[INFO] [1789635025.939199933] [vision_manager]: Book detected: xyz=(-0.087, -0.179, 0.401), center=(251, 98)
[INFO] [1789635025.940431201] [vision_manager]: Book detected: xyz=(0.734, 0.005, 0.869), center=(588, 242)
[INFO] [1789635025.941447165] [vision_manager]: Book detected: xyz=(-0.105, -0.096, 0.468), center=(249, 175)
[INFO] [1789635025.942969207] [vision_manager]: Book detected: xyz=(0.644, 0.000, 0.869), center=(555, 240)
[INFO] [1789635025.944391306] [vision_manager]: Book detected: xyz=(-0.130, -0.085, 0.563), center=(247, 192)
[INFO] [1789635026.057273662] [vision_manager]: Book detected: xyz=(-0.087, -0.180, 0.400), center=(251, 97)
[INFO] [1789635026.058429740] [vision_manager]: Book detected: xyz=(-0.108, -0.096, 0.483), center=(249, 177)
[INFO] [1789635026.059493696] [vision_manager]: Book detected: xyz=(0.734, 0.005, 0.869), center=(588, 242)
[INFO] [1789635026.060528210] [vision_manager]: Book detected: xyz=(0.616, 0.000, 0.869), center=(545, 240)
[INFO] [1789635026.061584207] [vision_manager]: Book detected: xyz=(-0.127, -0.096, 0.554), center=(247, 185)
[INFO] [1789635026.200757067] [vision_manager]: Book detected: xyz=(-0.087, -0.180, 0.400), center=(251, 97)
[INFO] [1789635026.202266133] [vision_manager]: Book detected: xyz=(-0.103, -0.096, 0.468), center=(250, 175)
[INFO] [1789635026.203373404] [vision_manager]: Book detected: xyz=(0.734, 0.005, 0.869), center=(588, 242)
[INFO] [1789635026.204419624] [vision_manager]: Book detected: xyz=(0.608, 0.000, 0.869), center=(542, 240)
[INFO] [1789635026.205470504] [vision_manager]: Book detected: xyz=(-0.090, -0.038, 0.400), center=(249, 210)
[INFO] [1789635026.338804894] [vision_manager]: Book detected: xyz=(-0.087, -0.180, 0.400), center=(251, 97)
[INFO] [1789635026.339910280] [vision_manager]: Book detected: xyz=(-0.107, -0.096, 0.483), center=(250, 177)
[INFO] [1789635026.340967357] [vision_manager]: Book detected: xyz=(0.734, 0.005, 0.869), center=(588, 242)
[INFO] [1789635026.342034599] [vision_manager]: Book detected: xyz=(0.611, 0.000, 0.869), center=(543, 240)
[INFO] [1789635026.343102057] [vision_manager]: Book detected: xyz=(-0.130, -0.089, 0.563), center=(247, 190)
[INFO] [1789635026.490293198] [vision_manager]: Book detected: xyz=(-0.087, -0.180, 0.400), center=(251, 97)
[INFO] [1789635026.491399172] [vision_manager]: Book detected: xyz=(-0.108, -0.096, 0.483), center=(249, 177)
[INFO] [1789635026.492562498] [vision_manager]: Book detected: xyz=(0.734, 0.005, 0.869), center=(588, 242)
[INFO] [1789635026.493827033] [vision_manager]: Book detected: xyz=(0.619, 0.000, 0.869), center=(546, 240)
[INFO] [1789635026.495390721] [vision_manager]: Book detected: xyz=(-0.130, -0.087, 0.563), center=(247, 191)
[INFO] [1789635026.496758186] [vision_manager]: Book detected: xyz=(-0.090, 0.042, 0.400), center=(249, 273)
[INFO] [1789635026.698605945] [vision_manager]: Book detected: xyz=(-0.087, -0.180, 0.400), center=(251, 97)
[INFO] [1789635026.700202251] [vision_manager]: Book detected: xyz=(-0.105, -0.096, 0.468), center=(249, 175)
[INFO] [1789635026.701847650] [vision_manager]: Book detected: xyz=(0.734, 0.005, 0.869), center=(588, 242)
[INFO] [1789635026.703602568] [vision_manager]: Book detected: xyz=(0.614, 0.000, 0.869), center=(544, 240)
[INFO] [1789635026.705638442] [vision_manager]: Book detected: xyz=(-0.130, -0.089, 0.563), center=(247, 190)
[INFO] [1789635026.706979619] [vision_manager]: Book detected: xyz=(-0.090, 0.043, 0.400), center=(249, 274)
[INFO] [1789635026.843566283] [vision_manager]: Book detected: xyz=(-0.086, -0.180, 0.400), center=(252, 97)
[INFO] [1789635026.844625905] [vision_manager]: Book detected: xyz=(-0.105, -0.096, 0.475), center=(250, 176)
[INFO] [1789635026.845641810] [vision_manager]: Book detected: xyz=(0.734, 0.005, 0.869), center=(588, 242)
[INFO] [1789635026.846650972] [vision_manager]: Book detected: xyz=(0.614, 0.000, 0.869), center=(544, 240)
[INFO] [1789635026.847783504] [vision_manager]: Book detected: xyz=(-0.123, -0.096, 0.544), center=(248, 184)
[INFO] [1789635026.849404182] [vision_manager]: Book detected: xyz=(-0.090, 0.043, 0.400), center=(249, 274)
[INFO] [1789635026.985013031] [vision_manager]: Book detected: xyz=(-0.087, -0.180, 0.400), center=(251, 97)
[INFO] [1789635026.986494740] [vision_manager]: Book detected: xyz=(-0.108, -0.096, 0.483), center=(249, 177)
[INFO] [1789635026.987841023] [vision_manager]: Book detected: xyz=(0.734, 0.005, 0.869), center=(588, 242)
[INFO] [1789635026.989130595] [vision_manager]: Book detected: xyz=(0.636, 0.000, 0.869), center=(552, 240)
[INFO] [1789635027.161809387] [vision_manager]: Book detected: xyz=(-0.087, -0.180, 0.400), center=(251, 97)
[INFO] [1789635027.163329922] [vision_manager]: Book detected: xyz=(0.734, 0.005, 0.869), center=(588, 242)
[INFO] [1789635027.164857112] [vision_manager]: Book detected: xyz=(-0.103, -0.096, 0.468), center=(250, 175)
[INFO] [1789635027.166975617] [vision_manager]: Book detected: xyz=(0.644, 0.000, 0.869), center=(555, 240)
[INFO] [1789635027.307564580] [vision_manager]: Book detected: xyz=(-0.087, -0.180, 0.400), center=(251, 97)
[INFO] [1789635027.308960332] [vision_manager]: Book detected: xyz=(-0.108, -0.096, 0.491), center=(250, 178)
[INFO] [1789635027.310191360] [vision_manager]: Book detected: xyz=(0.734, 0.005, 0.869), center=(588, 242)
[INFO] [1789635027.311417851] [vision_manager]: Book detected: xyz=(0.638, 0.000, 0.869), center=(553, 240)
[INFO] [1789635027.479333407] [vision_manager]: Book detected: xyz=(-0.086, -0.180, 0.400), center=(252, 97)
[INFO] [1789635027.480425338] [vision_manager]: Book detected: xyz=(-0.110, -0.096, 0.499), center=(250, 179)
[INFO] [1789635027.481565381] [vision_manager]: Book detected: xyz=(0.734, 0.005, 0.869), center=(588, 242)
[INFO] [1789635027.482839300] [vision_manager]: Book detected: xyz=(0.660, 0.000, 0.869), center=(561, 240)
[INFO] [1789635027.632527825] [vision_manager]: Book detected: xyz=(-0.087, -0.180, 0.400), center=(251, 97)
[INFO] [1789635027.633627636] [vision_manager]: Book detected: xyz=(-0.114, -0.096, 0.525), center=(251, 182)
[INFO] [1789635027.634683363] [vision_manager]: Book detected: xyz=(0.734, 0.005, 0.869), center=(588, 242)
[INFO] [1789635027.635714691] [vision_manager]: Book detected: xyz=(0.647, 0.000, 0.869), center=(556, 240)
[INFO] [1789635027.636739505] [vision_manager]: Book detected: xyz=(-0.126, -0.007, 0.563), center=(249, 236)
[INFO] [1789635027.637460897] [vision_manager]: No placeable empty shelf position found
[INFO] [1789635027.780230788] [vision_manager]: Book detected: xyz=(-0.087, -0.180, 0.400), center=(251, 97)
[INFO] [1789635027.781770724] [vision_manager]: Book detected: xyz=(-0.116, -0.096, 0.525), center=(250, 182)
[INFO] [1789635027.783234635] [vision_manager]: Book detected: xyz=(0.734, 0.005, 0.869), center=(588, 242)
[INFO] [1789635027.784918500] [vision_manager]: Book detected: xyz=(0.641, 0.000, 0.869), center=(554, 240)
[INFO] [1789635027.787161862] [vision_manager]: Book detected: xyz=(-0.128, -0.007, 0.563), center=(248, 236)
[INFO] [1789635027.788600971] [vision_manager]: No placeable empty shelf position found
[INFO] [1789635027.958488883] [vision_manager]: Book detected: xyz=(-0.088, -0.180, 0.400), center=(250, 97)
[INFO] [1789635027.959594437] [vision_manager]: Book detected: xyz=(-0.115, -0.096, 0.516), center=(249, 181)
[INFO] [1789635027.960642038] [vision_manager]: Book detected: xyz=(0.734, 0.005, 0.869), center=(588, 242)
[INFO] [1789635027.961711696] [vision_manager]: Book detected: xyz=(0.652, 0.000, 0.869), center=(558, 240)
[INFO] [1789635027.962763785] [vision_manager]: Book detected: xyz=(-0.128, -0.007, 0.563), center=(248, 236)
[INFO] [1789635027.963874199] [vision_manager]: Book detected: xyz=(-0.090, 0.039, 0.400), center=(249, 271)
[INFO] [1789635027.964653794] [vision_manager]: No placeable empty shelf position found
[INFO] [1789635028.257355781] [vision_manager]: Book detected: xyz=(-0.087, -0.179, 0.401), center=(251, 98)
[INFO] [1789635028.258465611] [vision_manager]: Book detected: xyz=(-0.114, -0.096, 0.507), center=(249, 180)
[INFO] [1789635028.259526435] [vision_manager]: Book detected: xyz=(0.734, 0.005, 0.869), center=(588, 242)
[INFO] [1789635028.260558070] [vision_manager]: Book detected: xyz=(0.644, 0.000, 0.869), center=(555, 240)
[INFO] [1789635028.261617821] [vision_manager]: Book detected: xyz=(-0.090, 0.039, 0.400), center=(249, 271)
[INFO] [1789635028.262627142] [vision_manager]: Book detected: xyz=(-0.128, -0.012, 0.563), center=(248, 233)
[INFO] [1789635028.263287954] [vision_manager]: No placeable empty shelf position found
[INFO] [1789635028.519281590] [vision_manager]: Book detected: xyz=(-0.088, -0.179, 0.401), center=(250, 98)
[INFO] [1789635028.522166383] [vision_manager]: Book detected: xyz=(-0.110, -0.096, 0.499), center=(250, 179)
[INFO] [1789635028.524768812] [vision_manager]: Book detected: xyz=(0.734, 0.005, 0.869), center=(588, 242)
[INFO] [1789635028.526615963] [vision_manager]: Book detected: xyz=(0.649, 0.000, 0.869), center=(557, 240)
[INFO] [1789635028.528205246] [vision_manager]: Book detected: xyz=(-0.090, -0.033, 0.400), center=(249, 214)
[INFO] [1789635028.529901490] [vision_manager]: Book detected: xyz=(-0.090, 0.038, 0.400), center=(249, 270)
[INFO] [1789635029.167159540] [vision_manager]: Book detected: xyz=(-0.087, -0.179, 0.401), center=(251, 98)
[INFO] [1789635029.168849694] [vision_manager]: Book detected: xyz=(-0.108, -0.096, 0.491), center=(250, 178)
[INFO] [1789635029.170825319] [vision_manager]: Book detected: xyz=(0.734, 0.005, 0.869), center=(588, 242)
[INFO] [1789635029.173284429] [vision_manager]: Book detected: xyz=(0.660, 0.000, 0.869), center=(561, 240)
[INFO] [1789635029.175950651] [vision_manager]: Book detected: xyz=(-0.106, -0.021, 0.472), center=(249, 226)
[INFO] [1789635029.177685151] [vision_manager]: Book detected: xyz=(-0.090, 0.040, 0.400), center=(249, 272)
[INFO] [1789635029.178823229] [vision_manager]: No placeable empty shelf position found
[INFO] [1789635029.477362380] [vision_manager]: Book detected: xyz=(-0.088, -0.179, 0.401), center=(250, 98)
[INFO] [1789635029.478497219] [vision_manager]: Book detected: xyz=(-0.114, -0.096, 0.507), center=(249, 180)
[INFO] [1789635029.479616682] [vision_manager]: Book detected: xyz=(0.737, 0.005, 0.869), center=(589, 242)
[INFO] [1789635029.480931152] [vision_manager]: Book detected: xyz=(0.658, 0.000, 0.869), center=(560, 240)
[INFO] [1789635029.482450357] [vision_manager]: Book detected: xyz=(-0.107, -0.021, 0.472), center=(248, 226)
[INFO] [1789635029.484218141] [vision_manager]: Book detected: xyz=(-0.091, 0.040, 0.400), center=(248, 272)
[INFO] [1789635029.484958579] [vision_manager]: No placeable empty shelf position found
[INFO] [1789635029.660855352] [vision_manager]: Book detected: xyz=(-0.088, -0.180, 0.400), center=(250, 97)
[INFO] [1789635029.666463593] [vision_manager]: Book detected: xyz=(-0.114, -0.096, 0.507), center=(249, 180)
[INFO] [1789635029.669721731] [vision_manager]: Book detected: xyz=(0.734, 0.005, 0.869), center=(588, 242)
[INFO] [1789635029.673698607] [vision_manager]: Book detected: xyz=(0.647, 0.000, 0.869), center=(556, 240)
[INFO] [1789635029.674844115] [vision_manager]: Book detected: xyz=(-0.090, -0.025, 0.401), center=(249, 220)
[INFO] [1789635029.675865442] [vision_manager]: Book detected: xyz=(-0.090, 0.043, 0.400), center=(249, 274)
[INFO] [1789635029.851757390] [vision_manager]: Book detected: xyz=(-0.088, -0.180, 0.400), center=(250, 97)
[INFO] [1789635029.853375775] [vision_manager]: Book detected: xyz=(-0.117, -0.096, 0.525), center=(249, 182)
[INFO] [1789635029.854329048] [vision_manager]: Book detected: xyz=(0.734, 0.005, 0.869), center=(588, 242)
[INFO] [1789635029.855197354] [vision_manager]: Book detected: xyz=(0.641, 0.000, 0.869), center=(554, 240)
[INFO] [1789635029.857725197] [vision_manager]: Book detected: xyz=(-0.092, -0.021, 0.411), center=(249, 224)
[INFO] [1789635029.858733507] [vision_manager]: Book detected: xyz=(-0.090, 0.037, 0.400), center=(249, 269)
[INFO] [1789635030.096613648] [vision_manager]: Book detected: xyz=(-0.088, -0.179, 0.401), center=(250, 98)
[INFO] [1789635030.102174615] [vision_manager]: Book detected: xyz=(-0.117, -0.096, 0.525), center=(249, 182)
[INFO] [1789635030.106785918] [vision_manager]: Book detected: xyz=(0.734, 0.005, 0.869), center=(588, 242)
[INFO] [1789635030.110930755] [vision_manager]: Book detected: xyz=(0.625, 0.000, 0.869), center=(548, 240)
[INFO] [1789635030.112647364] [vision_manager]: Book detected: xyz=(-0.090, -0.022, 0.403), center=(249, 223)
[INFO] [1789635030.113972426] [vision_manager]: Book detected: xyz=(-0.090, 0.042, 0.400), center=(249, 273)
[INFO] [1789635030.369168791] [vision_manager]: Book detected: xyz=(-0.088, -0.179, 0.401), center=(250, 98)
[INFO] [1789635030.370436423] [vision_manager]: Book detected: xyz=(0.734, 0.005, 0.869), center=(588, 242)
[INFO] [1789635030.371484235] [vision_manager]: Book detected: xyz=(-0.112, -0.096, 0.499), center=(249, 179)
[INFO] [1789635030.372810763] [vision_manager]: Book detected: xyz=(0.652, 0.000, 0.869), center=(558, 240)
[INFO] [1789635030.373883264] [vision_manager]: Book detected: xyz=(-0.092, -0.042, 0.400), center=(247, 207)
[INFO] [1789635030.374924905] [vision_manager]: Book detected: xyz=(-0.090, 0.043, 0.400), center=(249, 274)
[INFO] [1789635030.552497912] [vision_manager]: Book detected: xyz=(-0.088, -0.178, 0.401), center=(250, 99)
[INFO] [1789635030.554661933] [vision_manager]: Book detected: xyz=(0.734, 0.005, 0.869), center=(588, 242)
[INFO] [1789635030.556207343] [vision_manager]: Book detected: xyz=(-0.112, -0.096, 0.499), center=(249, 179)
[INFO] [1789635030.557591755] [vision_manager]: Book detected: xyz=(0.638, 0.000, 0.869), center=(553, 240)
[INFO] [1789635030.558902504] [vision_manager]: Book detected: xyz=(-0.114, -0.021, 0.511), center=(249, 227)
[INFO] [1789635030.560457326] [vision_manager]: Book detected: xyz=(-0.090, 0.045, 0.401), center=(249, 276)
[INFO] [1789635030.561364808] [vision_manager]: No placeable empty shelf position found
[INFO] [1789635030.758010880] [vision_manager]: Book detected: xyz=(-0.088, -0.178, 0.401), center=(250, 99)
[INFO] [1789635030.759951199] [vision_manager]: Book detected: xyz=(0.734, 0.005, 0.869), center=(588, 242)
[INFO] [1789635030.761501510] [vision_manager]: Book detected: xyz=(-0.112, -0.096, 0.499), center=(249, 179)
[INFO] [1789635030.763129477] [vision_manager]: Book detected: xyz=(0.647, 0.000, 0.869), center=(556, 240)
[INFO] [1789635030.764800274] [vision_manager]: Book detected: xyz=(-0.126, -0.021, 0.556), center=(248, 228)
[INFO] [1789635030.766300867] [vision_manager]: Book detected: xyz=(-0.090, 0.045, 0.401), center=(249, 276)
[INFO] [1789635030.767387913] [vision_manager]: No placeable empty shelf position found
[INFO] [1789635030.957012355] [vision_manager]: Book detected: xyz=(-0.087, -0.178, 0.401), center=(251, 99)
[INFO] [1789635030.958113437] [vision_manager]: Book detected: xyz=(0.737, 0.005, 0.869), center=(589, 242)
[INFO] [1789635030.959209270] [vision_manager]: Book detected: xyz=(-0.110, -0.096, 0.491), center=(249, 178)
[INFO] [1789635030.960363329] [vision_manager]: Book detected: xyz=(0.674, 0.000, 0.869), center=(566, 240)
[INFO] [1789635030.961467443] [vision_manager]: Book detected: xyz=(-0.092, -0.043, 0.400), center=(247, 206)
[INFO] [1789635030.962763103] [vision_manager]: Book detected: xyz=(-0.090, 0.047, 0.401), center=(249, 277)
[INFO] [1789635031.157303075] [vision_manager]: Book detected: xyz=(-0.087, -0.178, 0.401), center=(251, 99)
[INFO] [1789635031.160103919] [vision_manager]: Book detected: xyz=(0.734, 0.005, 0.869), center=(588, 242)
[INFO] [1789635031.162332333] [vision_manager]: Book detected: xyz=(-0.110, -0.096, 0.499), center=(250, 179)
[INFO] [1789635031.164424027] [vision_manager]: Book detected: xyz=(0.666, 0.000, 0.869), center=(563, 240)
[INFO] [1789635031.166489352] [vision_manager]: Book detected: xyz=(-0.092, -0.048, 0.401), center=(247, 202)
[INFO] [1789635031.168604848] [vision_manager]: Book detected: xyz=(-0.091, 0.045, 0.401), center=(248, 276)
[INFO] [1789635031.440798068] [vision_manager]: Book detected: xyz=(-0.087, -0.178, 0.401), center=(251, 99)
[INFO] [1789635031.442228175] [vision_manager]: Book detected: xyz=(0.734, 0.005, 0.869), center=(588, 242)
[INFO] [1789635031.443793446] [vision_manager]: Book detected: xyz=(-0.110, -0.096, 0.491), center=(249, 178)
[INFO] [1789635031.445252730] [vision_manager]: Book detected: xyz=(0.663, 0.000, 0.869), center=(562, 240)
[INFO] [1789635031.446657023] [vision_manager]: Book detected: xyz=(-0.092, -0.053, 0.402), center=(247, 198)
[INFO] [1789635031.448000323] [vision_manager]: Book detected: xyz=(-0.091, 0.045, 0.401), center=(248, 276)
[INFO] [1789635031.675409782] [vision_manager]: Book detected: xyz=(-0.087, -0.178, 0.401), center=(251, 99)
[INFO] [1789635031.677212298] [vision_manager]: Book detected: xyz=(0.734, 0.005, 0.869), center=(588, 242)
[INFO] [1789635031.678977150] [vision_manager]: Book detected: xyz=(-0.106, -0.096, 0.475), center=(249, 176)
[INFO] [1789635031.681792086] [vision_manager]: Book detected: xyz=(0.660, 0.000, 0.869), center=(561, 240)
[INFO] [1789635031.684180069] [vision_manager]: Book detected: xyz=(-0.092, -0.049, 0.401), center=(247, 201)
[INFO] [1789635031.686151885] [vision_manager]: Book detected: xyz=(-0.091, 0.047, 0.401), center=(248, 277)
[INFO] [1789635031.852826016] [vision_manager]: Book detected: xyz=(-0.087, -0.179, 0.401), center=(251, 98)
[INFO] [1789635031.854570326] [vision_manager]: Book detected: xyz=(0.734, 0.005, 0.869), center=(588, 242)
[INFO] [1789635031.856104361] [vision_manager]: Book detected: xyz=(-0.112, -0.096, 0.499), center=(249, 179)
[INFO] [1789635031.857748829] [vision_manager]: Book detected: xyz=(0.660, 0.000, 0.869), center=(561, 240)
[INFO] [1789635031.859333355] [vision_manager]: Book detected: xyz=(-0.092, -0.052, 0.401), center=(247, 199)
[INFO] [1789635031.860891082] [vision_manager]: Book detected: xyz=(-0.090, 0.045, 0.401), center=(249, 276)
[INFO] [1789635032.075396634] [vision_manager]: Book detected: xyz=(-0.086, -0.179, 0.401), center=(252, 98)
[INFO] [1789635032.076540000] [vision_manager]: Book detected: xyz=(0.734, 0.005, 0.869), center=(588, 242)
[INFO] [1789635032.077626349] [vision_manager]: Book detected: xyz=(-0.110, -0.096, 0.499), center=(250, 179)
[INFO] [1789635032.078759638] [vision_manager]: Book detected: xyz=(0.644, 0.000, 0.869), center=(555, 240)
[INFO] [1789635032.080631503] [vision_manager]: Book detected: xyz=(-0.090, -0.025, 0.401), center=(249, 220)
[INFO] [1789635032.083933273] [vision_manager]: Book detected: xyz=(-0.091, 0.044, 0.400), center=(248, 275)
[INFO] [1789635032.316676356] [vision_manager]: Book detected: xyz=(-0.087, -0.179, 0.401), center=(251, 98)
[INFO] [1789635032.324316280] [vision_manager]: Book detected: xyz=(0.734, 0.005, 0.869), center=(588, 242)
[INFO] [1789635032.326006711] [vision_manager]: Book detected: xyz=(-0.112, -0.096, 0.499), center=(249, 179)
[INFO] [1789635032.327862338] [vision_manager]: Book detected: xyz=(0.627, 0.000, 0.869), center=(549, 240)
[INFO] [1789635032.330656012] [vision_manager]: Book detected: xyz=(-0.090, -0.025, 0.401), center=(249, 220)
[INFO] [1789635032.332982695] [vision_manager]: Book detected: xyz=(-0.091, 0.045, 0.401), center=(248, 276)
[INFO] [1789635032.525634038] [vision_manager]: Book detected: xyz=(-0.087, -0.179, 0.401), center=(251, 98)
[INFO] [1789635032.526930649] [vision_manager]: Book detected: xyz=(0.734, 0.005, 0.869), center=(588, 242)
[INFO] [1789635032.528318118] [vision_manager]: Book detected: xyz=(-0.110, -0.096, 0.491), center=(249, 178)
[INFO] [1789635032.529854137] [vision_manager]: Book detected: xyz=(0.649, 0.000, 0.869), center=(557, 240)
[INFO] [1789635032.531290284] [vision_manager]: Book detected: xyz=(-0.090, -0.028, 0.401), center=(249, 218)
[INFO] [1789635032.532611153] [vision_manager]: Book detected: xyz=(-0.091, 0.045, 0.401), center=(248, 276)
[INFO] [1789635032.720490422] [vision_manager]: Book detected: xyz=(-0.086, -0.179, 0.401), center=(252, 98)
[INFO] [1789635032.721721171] [vision_manager]: Book detected: xyz=(0.734, 0.005, 0.869), center=(588, 242)
[INFO] [1789635032.723209777] [vision_manager]: Book detected: xyz=(-0.110, -0.096, 0.507), center=(251, 180)
[INFO] [1789635032.724634778] [vision_manager]: Book detected: xyz=(0.658, 0.000, 0.869), center=(560, 240)
[INFO] [1789635032.726039175] [vision_manager]: Book detected: xyz=(-0.098, -0.021, 0.439), center=(249, 225)
[INFO] [1789635032.727321783] [vision_manager]: Book detected: xyz=(-0.090, 0.044, 0.400), center=(249, 275)
[INFO] [1789635032.903929202] [vision_manager]: Book detected: xyz=(-0.086, -0.179, 0.401), center=(252, 98)
[INFO] [1789635032.905307843] [vision_manager]: Book detected: xyz=(-0.112, -0.096, 0.507), center=(250, 180)
[INFO] [1789635032.906707324] [vision_manager]: Book detected: xyz=(0.734, 0.005, 0.869), center=(588, 242)
[INFO] [1789635032.908190219] [vision_manager]: Book detected: xyz=(0.658, 0.000, 0.869), center=(560, 240)
[INFO] [1789635032.909645166] [vision_manager]: Book detected: xyz=(-0.106, -0.021, 0.472), center=(249, 226)
[INFO] [1789635032.911307942] [vision_manager]: Book detected: xyz=(-0.091, 0.043, 0.400), center=(248, 274)
[INFO] [1789635032.914444728] [vision_manager]: No placeable empty shelf position found
[INFO] [1789635033.077100680] [vision_manager]: Book detected: xyz=(-0.086, -0.179, 0.401), center=(252, 98)
[INFO] [1789635033.078563154] [vision_manager]: Book detected: xyz=(0.734, 0.005, 0.869), center=(588, 242)
[INFO] [1789635033.079848209] [vision_manager]: Book detected: xyz=(-0.114, -0.096, 0.516), center=(250, 181)
[INFO] [1789635033.081383277] [vision_manager]: Book detected: xyz=(0.644, 0.000, 0.869), center=(555, 240)
[INFO] [1789635033.082854858] [vision_manager]: Book detected: xyz=(-0.107, -0.021, 0.472), center=(248, 226)
[INFO] [1789635033.084510378] [vision_manager]: Book detected: xyz=(-0.091, 0.043, 0.400), center=(248, 274)
[INFO] [1789635033.085329417] [vision_manager]: No placeable empty shelf position found
[INFO] [1789635033.260841250] [vision_manager]: Book detected: xyz=(-0.086, -0.180, 0.400), center=(252, 97)
[INFO] [1789635033.263023374] [vision_manager]: Book detected: xyz=(0.734, 0.005, 0.869), center=(588, 242)
[INFO] [1789635033.268966306] [vision_manager]: Book detected: xyz=(-0.114, -0.096, 0.516), center=(250, 181)
[INFO] [1789635033.270541508] [vision_manager]: Book detected: xyz=(0.660, 0.000, 0.869), center=(561, 240)
[INFO] [1789635033.272127283] [vision_manager]: Book detected: xyz=(-0.106, -0.021, 0.472), center=(249, 226)
[INFO] [1789635033.273634483] [vision_manager]: Book detected: xyz=(-0.090, 0.044, 0.400), center=(249, 275)
[INFO] [1789635033.274444215] [vision_manager]: No placeable empty shelf position found
[INFO] [1789635033.436349656] [vision_manager]: Book detected: xyz=(-0.086, -0.179, 0.401), center=(252, 98)
[INFO] [1789635033.439539507] [vision_manager]: Book detected: xyz=(-0.112, -0.096, 0.516), center=(251, 181)
[INFO] [1789635033.442914156] [vision_manager]: Book detected: xyz=(0.734, 0.005, 0.869), center=(588, 242)
[INFO] [1789635033.447087083] [vision_manager]: Book detected: xyz=(0.658, 0.000, 0.869), center=(560, 240)
[INFO] [1789635033.449292281] [vision_manager]: Book detected: xyz=(-0.098, -0.021, 0.439), center=(249, 225)
[INFO] [1789635033.615755929] [vision_manager]: Book detected: xyz=(-0.087, -0.180, 0.400), center=(251, 97)
[INFO] [1789635033.618445588] [vision_manager]: Book detected: xyz=(-0.114, -0.096, 0.516), center=(250, 181)
[INFO] [1789635033.620499776] [vision_manager]: Book detected: xyz=(0.734, 0.005, 0.869), center=(588, 242)
[INFO] [1789635033.622480819] [vision_manager]: Book detected: xyz=(0.649, 0.000, 0.869), center=(557, 240)
[INFO] [1789635033.624357953] [vision_manager]: Book detected: xyz=(-0.106, -0.021, 0.472), center=(249, 226)
[INFO] [1789635033.625513522] [vision_manager]: No placeable empty shelf position found
[INFO] [1789635033.788853091] [vision_manager]: Book detected: xyz=(-0.086, -0.180, 0.400), center=(252, 97)
[INFO] [1789635033.790580607] [vision_manager]: Book detected: xyz=(-0.114, -0.096, 0.516), center=(250, 181)
[INFO] [1789635033.792182718] [vision_manager]: Book detected: xyz=(0.734, 0.005, 0.869), center=(588, 242)
[INFO] [1789635033.793787577] [vision_manager]: Book detected: xyz=(0.644, 0.000, 0.869), center=(555, 240)
[INFO] [1789635033.795405833] [vision_manager]: Book detected: xyz=(-0.100, -0.021, 0.439), center=(248, 225)
[INFO] [1789635033.797207410] [vision_manager]: Book detected: xyz=(-0.091, 0.042, 0.400), center=(248, 273)
[INFO] [1789635033.941229958] [vision_manager]: Book detected: xyz=(-0.086, -0.180, 0.400), center=(252, 97)
[INFO] [1789635033.942411688] [vision_manager]: Book detected: xyz=(-0.112, -0.096, 0.507), center=(250, 180)
[INFO] [1789635033.943209228] [vision_manager]: Book detected: xyz=(0.734, 0.005, 0.869), center=(588, 242)
[INFO] [1789635033.943944928] [vision_manager]: Book detected: xyz=(0.641, 0.000, 0.869), center=(554, 240)
[INFO] [1789635033.944676638] [vision_manager]: Book detected: xyz=(-0.092, -0.021, 0.411), center=(249, 224)
[INFO] [1789635033.945414741] [vision_manager]: Book detected: xyz=(-0.090, 0.043, 0.400), center=(249, 274)
[INFO] [1789635034.072947028] [vision_manager]: Book detected: xyz=(-0.087, -0.180, 0.400), center=(251, 97)
[INFO] [1789635034.073969506] [vision_manager]: Book detected: xyz=(-0.112, -0.096, 0.507), center=(250, 180)
[INFO] [1789635034.074950501] [vision_manager]: Book detected: xyz=(0.734, 0.005, 0.869), center=(588, 242)
[INFO] [1789635034.075889361] [vision_manager]: Book detected: xyz=(0.636, 0.000, 0.869), center=(552, 240)
[INFO] [1789635034.076829541] [vision_manager]: Book detected: xyz=(-0.098, -0.021, 0.439), center=(249, 225)
[INFO] [1789635034.077781799] [vision_manager]: Book detected: xyz=(-0.090, 0.044, 0.400), center=(249, 275)
[INFO] [1789635034.232183687] [vision_manager]: Book detected: xyz=(-0.087, -0.179, 0.401), center=(251, 98)
[INFO] [1789635034.233609881] [vision_manager]: Book detected: xyz=(0.734, 0.005, 0.869), center=(588, 242)
[INFO] [1789635034.234970543] [vision_manager]: Book detected: xyz=(-0.114, -0.096, 0.507), center=(249, 180)
[INFO] [1789635034.236345424] [vision_manager]: Book detected: xyz=(0.649, 0.000, 0.869), center=(557, 240)
[INFO] [1789635034.237694949] [vision_manager]: Book detected: xyz=(-0.107, -0.021, 0.472), center=(248, 226)
[INFO] [1789635034.238964209] [vision_manager]: Book detected: xyz=(-0.091, 0.047, 0.401), center=(248, 277)
[INFO] [1789635034.239693531] [vision_manager]: No placeable empty shelf position found
[INFO] [1789635034.418538672] [vision_manager]: Book detected: xyz=(-0.088, -0.179, 0.401), center=(250, 98)
[INFO] [1789635034.419749681] [vision_manager]: Book detected: xyz=(0.734, 0.005, 0.869), center=(588, 242)
[INFO] [1789635034.420944307] [vision_manager]: Book detected: xyz=(-0.114, -0.096, 0.507), center=(249, 180)
[INFO] [1789635034.425919777] [vision_manager]: Book detected: xyz=(0.638, 0.000, 0.869), center=(553, 240)
[INFO] [1789635034.427795664] [vision_manager]: Book detected: xyz=(-0.116, -0.021, 0.511), center=(248, 227)
[INFO] [1789635034.429031050] [vision_manager]: Book detected: xyz=(-0.091, 0.045, 0.401), center=(248, 276)
[INFO] [1789635034.429708021] [vision_manager]: No placeable empty shelf position found
[INFO] [1789635034.633375216] [vision_manager]: Book detected: xyz=(-0.087, -0.179, 0.401), center=(251, 98)
[INFO] [1789635034.634759279] [vision_manager]: Book detected: xyz=(0.734, 0.005, 0.869), center=(588, 242)
[INFO] [1789635034.636459250] [vision_manager]: Book detected: xyz=(-0.110, -0.096, 0.491), center=(249, 178)
[INFO] [1789635034.638180231] [vision_manager]: Book detected: xyz=(0.638, 0.000, 0.869), center=(553, 240)
[INFO] [1789635034.639501929] [vision_manager]: Book detected: xyz=(-0.130, -0.083, 0.563), center=(247, 193)
[INFO] [1789635034.641184286] [vision_manager]: Book detected: xyz=(-0.091, 0.045, 0.401), center=(248, 276)
[INFO] [1789635034.810627460] [vision_manager]: Book detected: xyz=(-0.088, -0.179, 0.401), center=(250, 98)
[INFO] [1789635034.814970812] [vision_manager]: Book detected: xyz=(0.734, 0.005, 0.869), center=(588, 242)
[INFO] [1789635034.817277938] [vision_manager]: Book detected: xyz=(-0.114, -0.096, 0.507), center=(249, 180)
[INFO] [1789635034.818439524] [vision_manager]: Book detected: xyz=(0.649, 0.000, 0.869), center=(557, 240)
[INFO] [1789635034.819458040] [vision_manager]: Book detected: xyz=(-0.124, -0.021, 0.556), center=(249, 228)
[INFO] [1789635034.820435502] [vision_manager]: Book detected: xyz=(-0.091, 0.047, 0.401), center=(248, 277)
[INFO] [1789635034.821078958] [vision_manager]: No placeable empty shelf position found
[INFO] [1789635035.007104627] [vision_manager]: Book detected: xyz=(-0.088, -0.179, 0.401), center=(250, 98)
[INFO] [1789635035.008615055] [vision_manager]: Book detected: xyz=(0.734, 0.005, 0.869), center=(588, 242)
[INFO] [1789635035.010752875] [vision_manager]: Book detected: xyz=(0.638, 0.000, 0.869), center=(553, 240)
[INFO] [1789635035.013416979] [vision_manager]: Book detected: xyz=(-0.115, -0.096, 0.507), center=(248, 180)
[INFO] [1789635035.014557259] [vision_manager]: Book detected: xyz=(-0.126, -0.021, 0.556), center=(248, 228)
[INFO] [1789635035.015591964] [vision_manager]: Book detected: xyz=(-0.091, 0.047, 0.401), center=(248, 277)
[INFO] [1789635035.016276200] [vision_manager]: No placeable empty shelf position found
[INFO] [1789635035.162861768] [vision_manager]: Book detected: xyz=(-0.088, -0.179, 0.401), center=(250, 98)
[INFO] [1789635035.164119305] [vision_manager]: Book detected: xyz=(0.734, 0.005, 0.869), center=(588, 242)
[INFO] [1789635035.165226435] [vision_manager]: Book detected: xyz=(-0.114, -0.096, 0.507), center=(249, 180)
[INFO] [1789635035.166284824] [vision_manager]: Book detected: xyz=(0.638, 0.000, 0.869), center=(553, 240)
[INFO] [1789635035.167444980] [vision_manager]: Book detected: xyz=(-0.107, -0.021, 0.472), center=(248, 226)
[INFO] [1789635035.168580636] [vision_manager]: Book detected: xyz=(-0.091, 0.047, 0.401), center=(248, 277)
[INFO] [1789635035.169242181] [vision_manager]: No placeable empty shelf position found
[INFO] [1789635035.401835804] [vision_manager]: Book detected: xyz=(-0.088, -0.179, 0.401), center=(250, 98)
[INFO] [1789635035.403733426] [vision_manager]: Book detected: xyz=(0.734, 0.005, 0.869), center=(588, 242)
[INFO] [1789635035.405566975] [vision_manager]: Book detected: xyz=(0.641, 0.000, 0.869), center=(554, 240)
[INFO] [1789635035.407336650] [vision_manager]: Book detected: xyz=(-0.114, -0.096, 0.507), center=(249, 180)
[INFO] [1789635035.409093305] [vision_manager]: Book detected: xyz=(-0.106, -0.021, 0.472), center=(249, 226)
[INFO] [1789635035.410535857] [vision_manager]: Book detected: xyz=(-0.091, 0.045, 0.401), center=(248, 276)
[INFO] [1789635035.411497766] [vision_manager]: No placeable empty shelf position found
[INFO] [1789635035.538798894] [vision_manager]: Book detected: xyz=(-0.088, -0.179, 0.401), center=(250, 98)
[INFO] [1789635035.540054183] [vision_manager]: Book detected: xyz=(0.734, 0.005, 0.869), center=(588, 242)
[INFO] [1789635035.541249252] [vision_manager]: Book detected: xyz=(-0.115, -0.096, 0.516), center=(249, 181)
[INFO] [1789635035.542372459] [vision_manager]: Book detected: xyz=(0.655, 0.000, 0.869), center=(559, 240)
[INFO] [1789635035.543514336] [vision_manager]: Book detected: xyz=(-0.114, -0.021, 0.511), center=(249, 227)
[INFO] [1789635035.544579186] [vision_manager]: Book detected: xyz=(-0.090, 0.047, 0.401), center=(249, 277)
[INFO] [1789635035.545236529] [vision_manager]: No placeable empty shelf position found
[INFO] [1789635035.790869907] [vision_manager]: Book detected: xyz=(-0.088, -0.179, 0.401), center=(250, 98)
[INFO] [1789635035.792075852] [vision_manager]: Book detected: xyz=(0.734, 0.005, 0.869), center=(588, 242)
[INFO] [1789635035.793241614] [vision_manager]: Book detected: xyz=(-0.114, -0.096, 0.507), center=(249, 180)
[INFO] [1789635035.794466677] [vision_manager]: Book detected: xyz=(0.663, 0.000, 0.869), center=(562, 240)
[INFO] [1789635035.795697264] [vision_manager]: Book detected: xyz=(-0.106, -0.021, 0.472), center=(249, 226)
[INFO] [1789635035.796822938] [vision_manager]: Book detected: xyz=(-0.090, 0.045, 0.401), center=(249, 276)
[INFO] [1789635035.797546962] [vision_manager]: No placeable empty shelf position found
[INFO] [1789635035.975612215] [vision_manager]: Book detected: xyz=(-0.090, -0.179, 0.401), center=(249, 98)
[INFO] [1789635035.976804079] [vision_manager]: Book detected: xyz=(0.734, 0.005, 0.869), center=(588, 242)
[INFO] [1789635035.977934712] [vision_manager]: Book detected: xyz=(-0.115, -0.096, 0.516), center=(249, 181)
[INFO] [1789635035.979259652] [vision_manager]: Book detected: xyz=(0.658, 0.000, 0.869), center=(560, 240)
[INFO] [1789635035.980385830] [vision_manager]: Book detected: xyz=(-0.114, -0.021, 0.511), center=(249, 227)
[INFO] [1789635035.981508330] [vision_manager]: Book detected: xyz=(-0.090, 0.047, 0.401), center=(249, 277)
[INFO] [1789635035.982260063] [vision_manager]: No placeable empty shelf position found
[INFO] [1789635036.118177632] [vision_manager]: Book detected: xyz=(-0.088, -0.179, 0.401), center=(250, 98)
[INFO] [1789635036.119813714] [vision_manager]: Book detected: xyz=(0.734, 0.005, 0.869), center=(588, 242)
[INFO] [1789635036.120896720] [vision_manager]: Book detected: xyz=(0.666, 0.000, 0.869), center=(563, 240)
[INFO] [1789635036.121957250] [vision_manager]: Book detected: xyz=(-0.115, -0.096, 0.516), center=(249, 181)
[INFO] [1789635036.123042895] [vision_manager]: Book detected: xyz=(-0.114, -0.021, 0.511), center=(249, 227)
[INFO] [1789635036.124088834] [vision_manager]: Book detected: xyz=(-0.091, 0.047, 0.401), center=(248, 277)
[INFO] [1789635036.124896783] [vision_manager]: No placeable empty shelf position found
[INFO] [1789635036.320964084] [vision_manager]: Book detected: xyz=(-0.088, -0.179, 0.401), center=(250, 98)
[INFO] [1789635036.323336347] [vision_manager]: Book detected: xyz=(0.734, 0.005, 0.869), center=(588, 242)
[INFO] [1789635036.325503608] [vision_manager]: Book detected: xyz=(-0.115, -0.096, 0.516), center=(249, 181)
[INFO] [1789635036.329652996] [vision_manager]: Book detected: xyz=(0.652, 0.000, 0.869), center=(558, 240)
[INFO] [1789635036.331601119] [vision_manager]: Book detected: xyz=(-0.106, -0.021, 0.472), center=(249, 226)
[INFO] [1789635036.333769010] [vision_manager]: Book detected: xyz=(-0.090, 0.047, 0.401), center=(249, 277)
[INFO] [1789635036.335885105] [vision_manager]: No placeable empty shelf position found
[INFO] [1789635036.538886271] [vision_manager]: Book detected: xyz=(-0.087, -0.179, 0.401), center=(251, 98)
[INFO] [1789635036.542867353] [vision_manager]: Book detected: xyz=(-0.114, -0.096, 0.516), center=(250, 181)
[INFO] [1789635036.546188791] [vision_manager]: Book detected: xyz=(0.734, 0.005, 0.869), center=(588, 242)
[INFO] [1789635036.549613994] [vision_manager]: Book detected: xyz=(0.644, 0.000, 0.869), center=(555, 240)
[INFO] [1789635036.552227082] [vision_manager]: Book detected: xyz=(-0.113, -0.021, 0.511), center=(250, 227)
[INFO] [1789635036.553459857] [vision_manager]: No placeable empty shelf position found
[INFO] [1789635036.728661236] [vision_manager]: Book detected: xyz=(-0.087, -0.179, 0.401), center=(251, 98)
[INFO] [1789635036.729805145] [vision_manager]: Book detected: xyz=(-0.114, -0.096, 0.516), center=(250, 181)
[INFO] [1789635036.730700868] [vision_manager]: Book detected: xyz=(0.734, 0.005, 0.869), center=(588, 242)
[INFO] [1789635036.731608294] [vision_manager]: Book detected: xyz=(0.649, 0.000, 0.869), center=(557, 240)
[INFO] [1789635036.732529614] [vision_manager]: Book detected: xyz=(-0.106, -0.021, 0.472), center=(249, 226)
[INFO] [1789635036.733141281] [vision_manager]: No placeable empty shelf position found
[INFO] [1789635036.887594691] [vision_manager]: Book detected: xyz=(-0.087, -0.179, 0.401), center=(251, 98)
[INFO] [1789635036.888912620] [vision_manager]: Book detected: xyz=(0.734, 0.005, 0.869), center=(588, 242)
[INFO] [1789635036.890173170] [vision_manager]: Book detected: xyz=(-0.114, -0.096, 0.516), center=(250, 181)
[INFO] [1789635036.891453066] [vision_manager]: Book detected: xyz=(0.669, 0.000, 0.869), center=(564, 240)
[INFO] [1789635036.892695195] [vision_manager]: Book detected: xyz=(-0.106, -0.021, 0.472), center=(249, 226)
[INFO] [1789635036.893946056] [vision_manager]: Book detected: xyz=(-0.090, 0.044, 0.400), center=(249, 275)
[INFO] [1789635036.894687856] [vision_manager]: No placeable empty shelf position found
[INFO] [1789635037.077595754] [vision_manager]: Book detected: xyz=(-0.087, -0.178, 0.401), center=(251, 99)
[INFO] [1789635037.079101452] [vision_manager]: Book detected: xyz=(0.734, 0.005, 0.869), center=(588, 242)
[INFO] [1789635037.080508121] [vision_manager]: Book detected: xyz=(-0.114, -0.096, 0.516), center=(250, 181)
[INFO] [1789635037.083941493] [vision_manager]: Book detected: xyz=(0.658, 0.000, 0.869), center=(560, 240)
[INFO] [1789635037.085504346] [vision_manager]: Book detected: xyz=(-0.106, -0.021, 0.472), center=(249, 226)
[INFO] [1789635037.086696849] [vision_manager]: Book detected: xyz=(-0.090, 0.044, 0.400), center=(249, 275)
[INFO] [1789635037.087450169] [vision_manager]: No placeable empty shelf position found
[INFO] [1789635037.398766853] [vision_manager]: Book detected: xyz=(-0.086, -0.178, 0.401), center=(252, 99)
[INFO] [1789635037.400404049] [vision_manager]: Book detected: xyz=(-0.114, -0.096, 0.516), center=(250, 181)
[INFO] [1789635037.401962339] [vision_manager]: Book detected: xyz=(0.734, 0.005, 0.869), center=(588, 242)
[INFO] [1789635037.403533025] [vision_manager]: Book detected: xyz=(0.652, 0.000, 0.869), center=(558, 240)
[INFO] [1789635037.405133935] [vision_manager]: Book detected: xyz=(-0.098, -0.021, 0.439), center=(249, 225)
[INFO] [1789635037.714869329] [vision_manager]: Book detected: xyz=(-0.087, -0.179, 0.401), center=(251, 98)
[INFO] [1789635037.718370123] [vision_manager]: Book detected: xyz=(-0.114, -0.096, 0.525), center=(251, 182)
[INFO] [1789635037.721767294] [vision_manager]: Book detected: xyz=(0.734, 0.005, 0.869), center=(588, 242)
[INFO] [1789635037.722931210] [vision_manager]: Book detected: xyz=(0.655, 0.000, 0.869), center=(559, 240)
[INFO] [1789635037.726191073] [vision_manager]: Book detected: xyz=(-0.126, -0.002, 0.563), center=(249, 239)
[INFO] [1789635037.726910962] [vision_manager]: No placeable empty shelf position found
[INFO] [1789635038.006389283] [vision_manager]: Book detected: xyz=(-0.087, -0.179, 0.401), center=(251, 98)
[INFO] [1789635038.007380822] [vision_manager]: Book detected: xyz=(-0.114, -0.096, 0.525), center=(251, 182)
[INFO] [1789635038.008304848] [vision_manager]: Book detected: xyz=(0.734, 0.005, 0.869), center=(588, 242)
[INFO] [1789635038.009228794] [vision_manager]: Book detected: xyz=(0.652, 0.000, 0.869), center=(558, 240)
[INFO] [1789635038.010174853] [vision_manager]: Book detected: xyz=(-0.091, -0.021, 0.411), center=(250, 224)
[INFO] [1789635038.148131659] [vision_manager]: Book detected: xyz=(-0.087, -0.179, 0.401), center=(251, 98)
[INFO] [1789635038.149258543] [vision_manager]: Book detected: xyz=(0.734, 0.005, 0.869), center=(588, 242)
[INFO] [1789635038.150303029] [vision_manager]: Book detected: xyz=(-0.114, -0.096, 0.516), center=(250, 181)
[INFO] [1789635038.151303401] [vision_manager]: Book detected: xyz=(0.658, 0.000, 0.869), center=(560, 240)
[INFO] [1789635038.152310958] [vision_manager]: Book detected: xyz=(-0.092, -0.021, 0.411), center=(249, 224)
[INFO] [1789635038.153318086] [vision_manager]: Book detected: xyz=(-0.090, 0.043, 0.400), center=(249, 274)
[INFO] [1789635038.380332170] [vision_manager]: Book detected: xyz=(-0.088, -0.179, 0.401), center=(250, 98)
[INFO] [1789635038.381423855] [vision_manager]: Book detected: xyz=(0.734, 0.005, 0.869), center=(588, 242)
[INFO] [1789635038.382442765] [vision_manager]: Book detected: xyz=(-0.112, -0.096, 0.499), center=(249, 179)
[INFO] [1789635038.383454471] [vision_manager]: Book detected: xyz=(0.649, 0.000, 0.869), center=(557, 240)
[INFO] [1789635038.384492020] [vision_manager]: Book detected: xyz=(-0.090, -0.030, 0.400), center=(249, 216)
[INFO] [1789635038.385832365] [vision_manager]: Book detected: xyz=(-0.090, 0.045, 0.401), center=(249, 276)
[INFO] [1789635038.672009079] [vision_manager]: Book detected: xyz=(-0.088, -0.179, 0.401), center=(250, 98)
[INFO] [1789635038.674166375] [vision_manager]: Book detected: xyz=(0.734, 0.005, 0.869), center=(588, 242)
[INFO] [1789635038.675567834] [vision_manager]: Book detected: xyz=(-0.115, -0.096, 0.516), center=(249, 181)
[INFO] [1789635038.676941781] [vision_manager]: Book detected: xyz=(0.655, 0.000, 0.869), center=(559, 240)
[INFO] [1789635038.678144283] [vision_manager]: Book detected: xyz=(-0.092, -0.021, 0.411), center=(249, 224)
[INFO] [1789635038.679405138] [vision_manager]: Book detected: xyz=(-0.090, 0.044, 0.400), center=(249, 275)
[INFO] [1789635038.852701188] [vision_manager]: Book detected: xyz=(-0.088, -0.179, 0.401), center=(250, 98)
[INFO] [1789635038.853856737] [vision_manager]: Book detected: xyz=(-0.115, -0.096, 0.516), center=(249, 181)
[INFO] [1789635038.854991234] [vision_manager]: Book detected: xyz=(0.734, 0.005, 0.869), center=(588, 242)
[INFO] [1789635038.856179359] [vision_manager]: Book detected: xyz=(0.647, 0.000, 0.869), center=(556, 240)
[INFO] [1789635038.857224627] [vision_manager]: Book detected: xyz=(-0.092, -0.021, 0.411), center=(249, 224)
[INFO] [1789635038.858370383] [vision_manager]: Book detected: xyz=(-0.090, 0.043, 0.400), center=(249, 274)
[INFO] [1789635039.061406357] [vision_manager]: Book detected: xyz=(-0.087, -0.179, 0.401), center=(251, 98)
[INFO] [1789635039.062510153] [vision_manager]: Book detected: xyz=(-0.114, -0.096, 0.516), center=(250, 181)
[INFO] [1789635039.063524044] [vision_manager]: Book detected: xyz=(0.734, 0.005, 0.869), center=(588, 242)
[INFO] [1789635039.064496450] [vision_manager]: Book detected: xyz=(0.630, 0.000, 0.869), center=(550, 240)
[INFO] [1789635039.065458677] [vision_manager]: Book detected: xyz=(-0.098, -0.021, 0.439), center=(249, 225)
[INFO] [1789635039.066422202] [vision_manager]: Book detected: xyz=(-0.088, 0.043, 0.400), center=(250, 274)
[INFO] [1789635039.212516722] [vision_manager]: Book detected: xyz=(-0.087, -0.179, 0.401), center=(251, 98)
[INFO] [1789635039.213788798] [vision_manager]: Book detected: xyz=(-0.114, -0.096, 0.516), center=(250, 181)
[INFO] [1789635039.214929464] [vision_manager]: Book detected: xyz=(0.734, 0.005, 0.869), center=(588, 242)
[INFO] [1789635039.216097111] [vision_manager]: Book detected: xyz=(0.641, 0.000, 0.869), center=(554, 240)
[INFO] [1789635039.217337838] [vision_manager]: Book detected: xyz=(-0.098, -0.021, 0.439), center=(249, 225)
[INFO] [1789635039.219254502] [vision_manager]: Book detected: xyz=(-0.090, 0.044, 0.400), center=(249, 275)
[INFO] [1789635039.414405632] [vision_manager]: Book detected: xyz=(-0.087, -0.179, 0.401), center=(251, 98)
[INFO] [1789635039.415781511] [vision_manager]: Book detected: xyz=(0.734, 0.005, 0.869), center=(588, 242)
[INFO] [1789635039.417112707] [vision_manager]: Book detected: xyz=(-0.115, -0.096, 0.516), center=(249, 181)
[INFO] [1789635039.418432702] [vision_manager]: Book detected: xyz=(0.644, 0.000, 0.869), center=(555, 240)
[INFO] [1789635039.420167934] [vision_manager]: Book detected: xyz=(-0.091, -0.055, 0.402), center=(248, 197)
[INFO] [1789635039.422649827] [vision_manager]: Book detected: xyz=(-0.090, 0.044, 0.400), center=(249, 275)
[INFO] [1789635039.597902621] [vision_manager]: Book detected: xyz=(-0.086, -0.179, 0.401), center=(252, 98)
[INFO] [1789635039.599583565] [vision_manager]: Book detected: xyz=(0.734, 0.005, 0.869), center=(588, 242)
[INFO] [1789635039.601135328] [vision_manager]: Book detected: xyz=(-0.108, -0.096, 0.491), center=(250, 178)
[INFO] [1789635039.602788641] [vision_manager]: Book detected: xyz=(0.647, 0.000, 0.869), center=(556, 240)
[INFO] [1789635039.604255011] [vision_manager]: Book detected: xyz=(-0.090, 0.043, 0.400), center=(249, 274)
[INFO] [1789635039.768760592] [vision_manager]: Book detected: xyz=(-0.086, -0.179, 0.401), center=(252, 98)
[INFO] [1789635039.770400923] [vision_manager]: Book detected: xyz=(0.734, 0.005, 0.869), center=(588, 242)
[INFO] [1789635039.772002740] [vision_manager]: Book detected: xyz=(-0.108, -0.096, 0.491), center=(250, 178)
[INFO] [1789635039.773592176] [vision_manager]: Book detected: xyz=(0.636, 0.000, 0.869), center=(552, 240)
[INFO] [1789635039.774927709] [vision_manager]: Book detected: xyz=(-0.123, -0.096, 0.544), center=(248, 184)
[INFO] [1789635039.776279883] [vision_manager]: Book detected: xyz=(-0.090, 0.043, 0.400), center=(249, 274)
[INFO] [1789635039.922018951] [vision_manager]: Book detected: xyz=(-0.086, -0.179, 0.401), center=(252, 98)
[INFO] [1789635039.923029085] [vision_manager]: Book detected: xyz=(0.734, 0.005, 0.869), center=(588, 242)
[INFO] [1789635039.923986848] [vision_manager]: Book detected: xyz=(-0.110, -0.096, 0.499), center=(250, 179)
[INFO] [1789635039.924913758] [vision_manager]: Book detected: xyz=(0.619, 0.000, 0.869), center=(546, 240)
[INFO] [1789635039.925808550] [vision_manager]: Book detected: xyz=(-0.128, -0.092, 0.563), center=(248, 188)
[INFO] [1789635039.926715404] [vision_manager]: Book detected: xyz=(-0.090, 0.044, 0.400), center=(249, 275)
[INFO] [1789635040.109450226] [vision_manager]: Book detected: xyz=(-0.087, -0.179, 0.401), center=(251, 98)
[INFO] [1789635040.111485837] [vision_manager]: Book detected: xyz=(0.734, 0.005, 0.869), center=(588, 242)
[INFO] [1789635040.113656056] [vision_manager]: Book detected: xyz=(-0.108, -0.096, 0.491), center=(250, 178)
[INFO] [1789635040.115365103] [vision_manager]: Book detected: xyz=(0.622, 0.000, 0.869), center=(547, 240)
[INFO] [1789635040.116697701] [vision_manager]: Book detected: xyz=(-0.123, -0.096, 0.544), center=(248, 184)
[INFO] [1789635040.117887260] [vision_manager]: Book detected: xyz=(-0.090, 0.044, 0.400), center=(249, 275)
[INFO] [1789635040.353094035] [vision_manager]: Book detected: xyz=(-0.087, -0.179, 0.401), center=(251, 98)
[INFO] [1789635040.356016988] [vision_manager]: Book detected: xyz=(0.734, 0.005, 0.869), center=(588, 242)
[INFO] [1789635040.357960581] [vision_manager]: Book detected: xyz=(-0.112, -0.096, 0.499), center=(249, 179)
[INFO] [1789635040.359518658] [vision_manager]: Book detected: xyz=(0.636, 0.000, 0.869), center=(552, 240)
[INFO] [1789635040.360900904] [vision_manager]: Book detected: xyz=(-0.128, -0.078, 0.563), center=(248, 196)
[INFO] [1789635040.362357781] [vision_manager]: Book detected: xyz=(-0.091, 0.044, 0.400), center=(248, 275)
[INFO] [1789635040.363179414] [vision_manager]: No placeable empty shelf position found
[INFO] [1789635040.551521424] [vision_manager]: Book detected: xyz=(-0.087, -0.179, 0.401), center=(251, 98)
[INFO] [1789635040.552677992] [vision_manager]: Book detected: xyz=(0.734, 0.005, 0.869), center=(588, 242)
[INFO] [1789635040.554021111] [vision_manager]: Book detected: xyz=(-0.112, -0.096, 0.499), center=(249, 179)
[INFO] [1789635040.555222854] [vision_manager]: Book detected: xyz=(0.641, 0.000, 0.869), center=(554, 240)
[INFO] [1789635040.556823736] [vision_manager]: Book detected: xyz=(-0.116, -0.021, 0.511), center=(248, 227)
[INFO] [1789635040.557910143] [vision_manager]: Book detected: xyz=(-0.091, 0.045, 0.401), center=(248, 276)
[INFO] [1789635040.558560231] [vision_manager]: No placeable empty shelf position found
[INFO] [1789635040.824574225] [vision_manager]: Book detected: xyz=(-0.086, -0.180, 0.400), center=(252, 97)
[INFO] [1789635040.826642560] [vision_manager]: Book detected: xyz=(-0.112, -0.096, 0.507), center=(250, 180)
[INFO] [1789635040.829398166] [vision_manager]: Book detected: xyz=(0.734, 0.005, 0.869), center=(588, 242)
[INFO] [1789635040.830986101] [vision_manager]: Book detected: xyz=(0.633, 0.000, 0.869), center=(551, 240)
[INFO] [1789635040.832386588] [vision_manager]: Book detected: xyz=(-0.114, -0.021, 0.511), center=(249, 227)
[INFO] [1789635040.833783521] [vision_manager]: Book detected: xyz=(-0.090, 0.044, 0.400), center=(249, 275)
[INFO] [1789635040.834594947] [vision_manager]: No placeable empty shelf position found
[INFO] [1789635041.055658981] [vision_manager]: Book detected: xyz=(-0.086, -0.180, 0.400), center=(252, 97)
[INFO] [1789635041.058062816] [vision_manager]: Book detected: xyz=(-0.108, -0.096, 0.499), center=(251, 179)
[INFO] [1789635041.060357569] [vision_manager]: Book detected: xyz=(0.734, 0.005, 0.869), center=(588, 242)
[INFO] [1789635041.063675333] [vision_manager]: Book detected: xyz=(0.652, 0.000, 0.869), center=(558, 240)
[INFO] [1789635041.067015561] [vision_manager]: Book detected: xyz=(-0.114, -0.021, 0.511), center=(249, 227)
[INFO] [1789635041.069008209] [vision_manager]: Book detected: xyz=(-0.090, 0.043, 0.400), center=(249, 274)
[INFO] [1789635041.069881911] [vision_manager]: No placeable empty shelf position found
[INFO] [1789635041.274182011] [vision_manager]: Book detected: xyz=(-0.086, -0.180, 0.400), center=(252, 97)
[INFO] [1789635041.275852135] [vision_manager]: Book detected: xyz=(-0.114, -0.096, 0.516), center=(250, 181)
[INFO] [1789635041.277143023] [vision_manager]: Book detected: xyz=(0.734, 0.005, 0.869), center=(588, 242)
[INFO] [1789635041.278262043] [vision_manager]: Book detected: xyz=(0.647, 0.000, 0.869), center=(556, 240)
[INFO] [1789635041.279438649] [vision_manager]: Book detected: xyz=(-0.098, -0.021, 0.439), center=(249, 225)
[INFO] [1789635041.280658514] [vision_manager]: Book detected: xyz=(-0.090, 0.043, 0.400), center=(249, 274)
[INFO] [1789635041.429479870] [vision_manager]: Book detected: xyz=(-0.086, -0.180, 0.400), center=(252, 97)
[INFO] [1789635041.431543002] [vision_manager]: Book detected: xyz=(0.734, 0.005, 0.869), center=(588, 242)
[INFO] [1789635041.434433556] [vision_manager]: Book detected: xyz=(-0.112, -0.096, 0.507), center=(250, 180)
[INFO] [1789635041.436989958] [vision_manager]: Book detected: xyz=(0.649, 0.000, 0.869), center=(557, 240)
[INFO] [1789635041.439186033] [vision_manager]: Book detected: xyz=(-0.100, -0.021, 0.439), center=(248, 225)
[INFO] [1789635041.440629742] [vision_manager]: Book detected: xyz=(-0.091, 0.043, 0.400), center=(248, 274)
[INFO] [1789635041.599830128] [vision_manager]: Book detected: xyz=(-0.086, -0.180, 0.400), center=(252, 97)
[INFO] [1789635041.602057989] [vision_manager]: Book detected: xyz=(-0.112, -0.096, 0.507), center=(250, 180)
[INFO] [1789635041.603984220] [vision_manager]: Book detected: xyz=(0.734, 0.005, 0.869), center=(588, 242)
[INFO] [1789635041.605855531] [vision_manager]: Book detected: xyz=(0.647, 0.000, 0.869), center=(556, 240)
[INFO] [1789635041.607935164] [vision_manager]: Book detected: xyz=(-0.107, -0.021, 0.472), center=(248, 226)
[INFO] [1789635041.610407255] [vision_manager]: Book detected: xyz=(-0.090, 0.043, 0.400), center=(249, 274)
[INFO] [1789635041.611641921] [vision_manager]: No placeable empty shelf position found
[INFO] [1789635041.830555967] [vision_manager]: Book detected: xyz=(-0.086, -0.180, 0.400), center=(252, 97)
[INFO] [1789635041.831717046] [vision_manager]: Book detected: xyz=(-0.112, -0.096, 0.507), center=(250, 180)
[INFO] [1789635041.832998745] [vision_manager]: Book detected: xyz=(0.734, 0.005, 0.869), center=(588, 242)
[INFO] [1789635041.834329358] [vision_manager]: Book detected: xyz=(0.660, 0.000, 0.869), center=(561, 240)
[INFO] [1789635041.835573683] [vision_manager]: Book detected: xyz=(-0.098, -0.021, 0.439), center=(249, 225)
[INFO] [1789635041.836771993] [vision_manager]: Book detected: xyz=(-0.090, 0.042, 0.400), center=(249, 273)
[INFO] [1789635041.993717894] [vision_manager]: Book detected: xyz=(-0.087, -0.180, 0.400), center=(251, 97)
[INFO] [1789635041.994998829] [vision_manager]: Book detected: xyz=(-0.112, -0.096, 0.507), center=(250, 180)
[INFO] [1789635041.996353043] [vision_manager]: Book detected: xyz=(0.734, 0.005, 0.869), center=(588, 242)
[INFO] [1789635041.997474082] [vision_manager]: Book detected: xyz=(0.652, 0.000, 0.869), center=(558, 240)
[INFO] [1789635041.998503760] [vision_manager]: Book detected: xyz=(-0.100, -0.021, 0.439), center=(248, 225)
[INFO] [1789635041.999508482] [vision_manager]: Book detected: xyz=(-0.091, 0.042, 0.400), center=(248, 273)
[INFO] [1789635042.149681231] [vision_manager]: Book detected: xyz=(-0.086, -0.180, 0.400), center=(252, 97)
[INFO] [1789635042.150928596] [vision_manager]: Book detected: xyz=(-0.112, -0.096, 0.516), center=(251, 181)
[INFO] [1789635042.152119001] [vision_manager]: Book detected: xyz=(0.734, 0.005, 0.869), center=(588, 242)
[INFO] [1789635042.153250605] [vision_manager]: Book detected: xyz=(0.652, 0.000, 0.869), center=(558, 240)
[INFO] [1789635042.154629471] [vision_manager]: Book detected: xyz=(-0.092, -0.021, 0.411), center=(249, 224)
[INFO] [1789635042.155805138] [vision_manager]: Book detected: xyz=(-0.090, 0.042, 0.400), center=(249, 273)
[INFO] [1789635042.335327098] [vision_manager]: Book detected: xyz=(-0.086, -0.180, 0.400), center=(252, 97)
[INFO] [1789635042.337928675] [vision_manager]: Book detected: xyz=(-0.114, -0.096, 0.516), center=(250, 181)
[INFO] [1789635042.342158975] [vision_manager]: Book detected: xyz=(0.734, 0.005, 0.869), center=(588, 242)
[INFO] [1789635042.343177045] [vision_manager]: Book detected: xyz=(0.638, 0.000, 0.869), center=(553, 240)
[INFO] [1789635042.344942271] [vision_manager]: Book detected: xyz=(-0.092, -0.021, 0.411), center=(249, 224)
[INFO] [1789635042.346291889] [vision_manager]: Book detected: xyz=(-0.090, 0.043, 0.400), center=(249, 274)
[INFO] [1789635042.514070485] [vision_manager]: Book detected: xyz=(-0.087, -0.180, 0.400), center=(251, 97)
[INFO] [1789635042.515189704] [vision_manager]: Book detected: xyz=(-0.112, -0.096, 0.507), center=(250, 180)
[INFO] [1789635042.516289721] [vision_manager]: Book detected: xyz=(0.734, 0.005, 0.869), center=(588, 242)
[INFO] [1789635042.518377529] [vision_manager]: Book detected: xyz=(0.633, 0.000, 0.869), center=(551, 240)
[INFO] [1789635042.520233901] [vision_manager]: Book detected: xyz=(-0.106, -0.021, 0.472), center=(249, 226)
[INFO] [1789635042.522667781] [vision_manager]: Book detected: xyz=(-0.090, 0.043, 0.400), center=(249, 274)
[INFO] [1789635042.523465692] [vision_manager]: No placeable empty shelf position found
[INFO] [1789635042.745496398] [vision_manager]: Book detected: xyz=(-0.087, -0.180, 0.400), center=(251, 97)
[INFO] [1789635042.746533246] [vision_manager]: Book detected: xyz=(-0.112, -0.096, 0.507), center=(250, 180)
[INFO] [1789635042.747482123] [vision_manager]: Book detected: xyz=(0.734, 0.005, 0.869), center=(588, 242)
[INFO] [1789635042.748427400] [vision_manager]: Book detected: xyz=(0.633, 0.000, 0.869), center=(551, 240)
[INFO] [1789635042.749402674] [vision_manager]: Book detected: xyz=(-0.114, -0.021, 0.511), center=(249, 227)
[INFO] [1789635042.751010399] [vision_manager]: Book detected: xyz=(-0.090, 0.043, 0.400), center=(249, 274)
[INFO] [1789635042.751948117] [vision_manager]: No placeable empty shelf position found
[INFO] [1789635042.899306120] [vision_manager]: Book detected: xyz=(-0.086, -0.180, 0.400), center=(252, 97)
[INFO] [1789635042.900810299] [vision_manager]: Book detected: xyz=(-0.112, -0.096, 0.507), center=(250, 180)
[INFO] [1789635042.902692510] [vision_manager]: Book detected: xyz=(0.734, 0.005, 0.869), center=(588, 242)
[INFO] [1789635042.903984555] [vision_manager]: Book detected: xyz=(0.641, 0.000, 0.869), center=(554, 240)
[INFO] [1789635042.905018993] [vision_manager]: Book detected: xyz=(-0.114, -0.021, 0.511), center=(249, 227)
[INFO] [1789635042.906175173] [vision_manager]: Book detected: xyz=(-0.090, 0.042, 0.400), center=(249, 273)
[INFO] [1789635042.907129625] [vision_manager]: No placeable empty shelf position found
[INFO] [1789635043.103819225] [vision_manager]: Book detected: xyz=(-0.087, -0.180, 0.400), center=(251, 97)
[INFO] [1789635043.106181124] [vision_manager]: Book detected: xyz=(-0.112, -0.096, 0.507), center=(250, 180)
[INFO] [1789635043.107623424] [vision_manager]: Book detected: xyz=(0.734, 0.005, 0.869), center=(588, 242)
[INFO] [1789635043.108682678] [vision_manager]: Book detected: xyz=(0.627, 0.000, 0.869), center=(549, 240)
[INFO] [1789635043.109923422] [vision_manager]: Book detected: xyz=(-0.106, -0.021, 0.472), center=(249, 226)
[INFO] [1789635043.110976247] [vision_manager]: Book detected: xyz=(-0.090, 0.043, 0.400), center=(249, 274)
[INFO] [1789635043.111616353] [vision_manager]: No placeable empty shelf position found
[INFO] [1789635043.269310102] [vision_manager]: Book detected: xyz=(-0.087, -0.180, 0.400), center=(251, 97)
[INFO] [1789635043.271237928] [vision_manager]: Book detected: xyz=(-0.112, -0.096, 0.507), center=(250, 180)
[INFO] [1789635043.273616290] [vision_manager]: Book detected: xyz=(0.734, 0.005, 0.869), center=(588, 242)
[INFO] [1789635043.275174868] [vision_manager]: Book detected: xyz=(0.633, 0.000, 0.869), center=(551, 240)
[INFO] [1789635043.276502950] [vision_manager]: Book detected: xyz=(-0.114, -0.021, 0.511), center=(249, 227)
[INFO] [1789635043.277661045] [vision_manager]: Book detected: xyz=(-0.091, 0.044, 0.400), center=(248, 275)
[INFO] [1789635043.278394387] [vision_manager]: No placeable empty shelf position found
[INFO] [1789635043.413356726] [vision_manager]: Book detected: xyz=(-0.087, -0.179, 0.401), center=(251, 98)
[INFO] [1789635043.414437079] [vision_manager]: Book detected: xyz=(0.734, 0.005, 0.869), center=(588, 242)
[INFO] [1789635043.415515061] [vision_manager]: Book detected: xyz=(-0.114, -0.096, 0.507), center=(249, 180)
[INFO] [1789635043.416615838] [vision_manager]: Book detected: xyz=(0.630, 0.000, 0.869), center=(550, 240)
[INFO] [1789635043.417662587] [vision_manager]: Book detected: xyz=(-0.090, -0.024, 0.402), center=(249, 221)
[INFO] [1789635043.418991108] [vision_manager]: Book detected: xyz=(-0.091, 0.045, 0.401), center=(248, 276)
[INFO] [1789635043.565679682] [vision_manager]: Book detected: xyz=(-0.086, -0.179, 0.401), center=(252, 98)
[INFO] [1789635043.567999460] [vision_manager]: Book detected: xyz=(0.734, 0.005, 0.869), center=(588, 242)
[INFO] [1789635043.569281112] [vision_manager]: Book detected: xyz=(-0.110, -0.096, 0.499), center=(250, 179)
[INFO] [1789635043.570511878] [vision_manager]: Book detected: xyz=(0.647, 0.000, 0.869), center=(556, 240)
[INFO] [1789635043.571602474] [vision_manager]: Book detected: xyz=(-0.090, -0.029, 0.401), center=(249, 217)
[INFO] [1789635043.572722930] [vision_manager]: Book detected: xyz=(-0.091, 0.042, 0.400), center=(248, 273)
[INFO] [1789635043.719096110] [vision_manager]: Book detected: xyz=(-0.087, -0.179, 0.401), center=(251, 98)
[INFO] [1789635043.720431643] [vision_manager]: Book detected: xyz=(0.734, 0.005, 0.869), center=(588, 242)
[INFO] [1789635043.721742595] [vision_manager]: Book detected: xyz=(-0.114, -0.096, 0.507), center=(249, 180)
[INFO] [1789635043.723140768] [vision_manager]: Book detected: xyz=(0.633, 0.003, 0.869), center=(551, 241)
[INFO] [1789635043.724454080] [vision_manager]: Book detected: xyz=(-0.090, -0.027, 0.401), center=(249, 219)
[INFO] [1789635043.725665569] [vision_manager]: Book detected: xyz=(-0.092, 0.042, 0.400), center=(247, 273)
[INFO] [1789635043.922649877] [vision_manager]: Book detected: xyz=(-0.087, -0.179, 0.401), center=(251, 98)
[INFO] [1789635043.923612037] [vision_manager]: Book detected: xyz=(0.734, 0.005, 0.869), center=(588, 242)
[INFO] [1789635043.924474919] [vision_manager]: Book detected: xyz=(-0.115, -0.096, 0.507), center=(248, 180)
[INFO] [1789635043.925604681] [vision_manager]: Book detected: xyz=(0.625, 0.000, 0.869), center=(548, 240)
[INFO] [1789635043.926515547] [vision_manager]: Book detected: xyz=(-0.090, -0.025, 0.401), center=(249, 220)
[INFO] [1789635043.927459846] [vision_manager]: Book detected: xyz=(-0.092, 0.044, 0.400), center=(247, 275)
[INFO] [1789635044.100522710] [vision_manager]: Book detected: xyz=(-0.087, -0.180, 0.400), center=(251, 97)
[INFO] [1789635044.101590673] [vision_manager]: Book detected: xyz=(0.734, 0.005, 0.869), center=(588, 242)
[INFO] [1789635044.102592455] [vision_manager]: Book detected: xyz=(-0.114, -0.096, 0.507), center=(249, 180)
[INFO] [1789635044.103572023] [vision_manager]: Book detected: xyz=(0.627, 0.000, 0.869), center=(549, 240)
[INFO] [1789635044.104602180] [vision_manager]: Book detected: xyz=(-0.116, -0.021, 0.511), center=(248, 227)
[INFO] [1789635044.105604609] [vision_manager]: Book detected: xyz=(-0.091, 0.044, 0.400), center=(248, 275)
[INFO] [1789635044.106246741] [vision_manager]: No placeable empty shelf position found
[INFO] [1789635044.287213540] [vision_manager]: Book detected: xyz=(-0.087, -0.180, 0.400), center=(251, 97)
[INFO] [1789635044.288338246] [vision_manager]: Book detected: xyz=(0.734, 0.005, 0.869), center=(588, 242)
[INFO] [1789635044.289419342] [vision_manager]: Book detected: xyz=(-0.108, -0.096, 0.483), center=(249, 177)
[INFO] [1789635044.290526883] [vision_manager]: Book detected: xyz=(0.641, 0.003, 0.869), center=(554, 241)
[INFO] [1789635044.291640232] [vision_manager]: Book detected: xyz=(-0.128, -0.080, 0.563), center=(248, 195)
[INFO] [1789635044.425116833] [vision_manager]: Book detected: xyz=(-0.087, -0.180, 0.400), center=(251, 97)
[INFO] [1789635044.426429222] [vision_manager]: Book detected: xyz=(0.734, 0.005, 0.869), center=(588, 242)
[INFO] [1789635044.428166385] [vision_manager]: Book detected: xyz=(-0.105, -0.096, 0.475), center=(250, 176)
[INFO] [1789635044.429808469] [vision_manager]: Book detected: xyz=(0.638, 0.000, 0.869), center=(553, 240)
[INFO] [1789635044.430957406] [vision_manager]: Book detected: xyz=(-0.128, -0.096, 0.563), center=(248, 186)
[INFO] [1789635044.566936911] [vision_manager]: Book detected: xyz=(-0.087, -0.180, 0.400), center=(251, 97)
[INFO] [1789635044.568200693] [vision_manager]: Book detected: xyz=(0.734, 0.005, 0.869), center=(588, 242)
[INFO] [1789635044.569351983] [vision_manager]: Book detected: xyz=(-0.107, -0.096, 0.483), center=(250, 177)
[INFO] [1789635044.570509455] [vision_manager]: Book detected: xyz=(0.633, 0.000, 0.869), center=(551, 240)
[INFO] [1789635044.571613636] [vision_manager]: Book detected: xyz=(-0.090, -0.030, 0.400), center=(249, 216)
[INFO] [1789635044.739152074] [vision_manager]: Book detected: xyz=(-0.087, -0.179, 0.401), center=(251, 98)
[INFO] [1789635044.740360765] [vision_manager]: Book detected: xyz=(0.734, 0.005, 0.869), center=(588, 242)
[INFO] [1789635044.741454109] [vision_manager]: Book detected: xyz=(-0.107, -0.096, 0.483), center=(250, 177)
[INFO] [1789635044.742551557] [vision_manager]: Book detected: xyz=(0.633, 0.000, 0.869), center=(551, 240)
[INFO] [1789635044.743640503] [vision_manager]: Book detected: xyz=(-0.130, -0.096, 0.563), center=(247, 186)
[INFO] [1789635044.885169821] [vision_manager]: Book detected: xyz=(-0.088, -0.179, 0.401), center=(250, 98)
[INFO] [1789635044.886494255] [vision_manager]: Book detected: xyz=(-0.110, -0.096, 0.491), center=(249, 178)
[INFO] [1789635044.887842245] [vision_manager]: Book detected: xyz=(0.734, 0.005, 0.869), center=(588, 242)
[INFO] [1789635044.889524189] [vision_manager]: Book detected: xyz=(0.627, 0.000, 0.869), center=(549, 240)
[INFO] [1789635044.891248883] [vision_manager]: Book detected: xyz=(-0.090, -0.030, 0.400), center=(249, 216)
[INFO] [1789635045.040118784] [vision_manager]: Book detected: xyz=(-0.088, -0.180, 0.400), center=(250, 97)
[INFO] [1789635045.043142272] [vision_manager]: Book detected: xyz=(-0.110, -0.096, 0.499), center=(250, 179)
[INFO] [1789635045.044730627] [vision_manager]: Book detected: xyz=(0.734, 0.005, 0.869), center=(588, 242)
[INFO] [1789635045.046400452] [vision_manager]: Book detected: xyz=(0.633, 0.000, 0.869), center=(551, 240)
[INFO] [1789635045.048024044] [vision_manager]: Book detected: xyz=(-0.090, -0.028, 0.401), center=(249, 218)
[INFO] [1789635045.049673723] [vision_manager]: Book detected: xyz=(-0.090, 0.042, 0.400), center=(249, 273)
[INFO] [1789635045.185448668] [vision_manager]: Book detected: xyz=(-0.088, -0.180, 0.400), center=(250, 97)
[INFO] [1789635045.186468508] [vision_manager]: Book detected: xyz=(-0.107, -0.096, 0.483), center=(250, 177)
[INFO] [1789635045.187429034] [vision_manager]: Book detected: xyz=(0.734, 0.005, 0.869), center=(588, 242)
[INFO] [1789635045.188404841] [vision_manager]: Book detected: xyz=(0.641, 0.000, 0.869), center=(554, 240)
[INFO] [1789635045.189426152] [vision_manager]: Book detected: xyz=(-0.090, -0.030, 0.400), center=(249, 216)
[INFO] [1789635045.190467038] [vision_manager]: Book detected: xyz=(-0.091, 0.039, 0.400), center=(248, 271)
[INFO] [1789635045.322338264] [vision_manager]: Book detected: xyz=(-0.087, -0.180, 0.400), center=(251, 97)
[INFO] [1789635045.323448929] [vision_manager]: Book detected: xyz=(-0.114, -0.096, 0.516), center=(250, 181)
[INFO] [1789635045.324541698] [vision_manager]: Book detected: xyz=(0.734, 0.005, 0.869), center=(588, 242)
[INFO] [1789635045.325592943] [vision_manager]: Book detected: xyz=(0.647, 0.000, 0.869), center=(556, 240)
[INFO] [1789635045.326609350] [vision_manager]: Book detected: xyz=(-0.106, -0.021, 0.472), center=(249, 226)
[INFO] [1789635045.327251386] [vision_manager]: No placeable empty shelf position found
[INFO] [1789635045.463364845] [vision_manager]: Book detected: xyz=(-0.087, -0.180, 0.400), center=(251, 97)
[INFO] [1789635045.464519662] [vision_manager]: Book detected: xyz=(-0.114, -0.096, 0.516), center=(250, 181)
[INFO] [1789635045.470674900] [vision_manager]: Book detected: xyz=(0.734, 0.005, 0.869), center=(588, 242)
[INFO] [1789635045.471623404] [vision_manager]: Book detected: xyz=(0.647, 0.000, 0.869), center=(556, 240)
[INFO] [1789635045.472550203] [vision_manager]: Book detected: xyz=(-0.090, -0.024, 0.402), center=(249, 221)
[INFO] [1789635045.473484963] [vision_manager]: Book detected: xyz=(-0.090, 0.038, 0.400), center=(249, 270)
[INFO] [1789635045.629130048] [vision_manager]: Book detected: xyz=(-0.088, -0.180, 0.400), center=(250, 97)
[INFO] [1789635045.630899712] [vision_manager]: Book detected: xyz=(-0.110, -0.096, 0.499), center=(250, 179)
[INFO] [1789635045.632547232] [vision_manager]: Book detected: xyz=(0.734, 0.005, 0.869), center=(588, 242)
[INFO] [1789635045.634090848] [vision_manager]: Book detected: xyz=(0.636, 0.000, 0.869), center=(552, 240)
[INFO] [1789635045.635622266] [vision_manager]: Book detected: xyz=(-0.090, -0.028, 0.401), center=(249, 218)
[INFO] [1789635045.637019149] [vision_manager]: Book detected: xyz=(-0.090, 0.035, 0.400), center=(249, 268)
[INFO] [1789635045.791020334] [vision_manager]: Book detected: xyz=(-0.087, -0.179, 0.401), center=(251, 98)
[INFO] [1789635045.792520767] [vision_manager]: Book detected: xyz=(-0.110, -0.096, 0.499), center=(250, 179)
[INFO] [1789635045.793929388] [vision_manager]: Book detected: xyz=(0.734, 0.005, 0.869), center=(588, 242)
[INFO] [1789635045.795287875] [vision_manager]: Book detected: xyz=(0.641, 0.000, 0.869), center=(554, 240)
[INFO] [1789635045.796557292] [vision_manager]: Book detected: xyz=(-0.128, -0.085, 0.563), center=(248, 192)
[INFO] [1789635045.797774328] [vision_manager]: Book detected: xyz=(-0.090, 0.037, 0.400), center=(249, 269)
[INFO] [1789635045.947178631] [vision_manager]: Book detected: xyz=(-0.087, -0.180, 0.400), center=(251, 97)
[INFO] [1789635045.948718348] [vision_manager]: Book detected: xyz=(-0.108, -0.096, 0.491), center=(250, 178)
[INFO] [1789635045.950044324] [vision_manager]: Book detected: xyz=(0.734, 0.005, 0.869), center=(588, 242)
[INFO] [1789635045.951543603] [vision_manager]: Book detected: xyz=(0.636, 0.000, 0.869), center=(552, 240)
[INFO] [1789635045.952964720] [vision_manager]: Book detected: xyz=(-0.128, -0.094, 0.563), center=(248, 187)
[INFO] [1789635045.954349353] [vision_manager]: Book detected: xyz=(-0.090, 0.040, 0.400), center=(249, 272)
[INFO] [1789635045.955722346] [vision_manager]: Book detected: xyz=(-0.114, -0.021, 0.511), center=(249, 227)
[INFO] [1789635045.956735379] [vision_manager]: No placeable empty shelf position found
[INFO] [1789635046.095234042] [vision_manager]: Book detected: xyz=(-0.087, -0.179, 0.401), center=(251, 98)
[INFO] [1789635046.096545207] [vision_manager]: Book detected: xyz=(-0.108, -0.096, 0.499), center=(251, 179)
[INFO] [1789635046.097866753] [vision_manager]: Book detected: xyz=(0.734, 0.005, 0.869), center=(588, 242)
[INFO] [1789635046.098925330] [vision_manager]: Book detected: xyz=(0.647, 0.000, 0.869), center=(556, 240)
[INFO] [1789635046.100014753] [vision_manager]: Book detected: xyz=(-0.088, -0.030, 0.401), center=(250, 216)
[INFO] [1789635046.101220678] [vision_manager]: Book detected: xyz=(-0.088, 0.039, 0.400), center=(250, 271)
[INFO] [1789635046.266756372] [vision_manager]: Book detected: xyz=(-0.087, -0.180, 0.400), center=(251, 97)
[INFO] [1789635046.267798030] [vision_manager]: Book detected: xyz=(-0.110, -0.096, 0.499), center=(250, 179)
[INFO] [1789635046.268694864] [vision_manager]: Book detected: xyz=(0.734, 0.005, 0.869), center=(588, 242)
[INFO] [1789635046.269626599] [vision_manager]: Book detected: xyz=(0.655, 0.000, 0.869), center=(559, 240)
[INFO] [1789635046.274140973] [vision_manager]: Book detected: xyz=(-0.088, -0.030, 0.401), center=(250, 216)
[INFO] [1789635046.276438144] [vision_manager]: Book detected: xyz=(-0.090, 0.040, 0.400), center=(249, 272)
[INFO] [1789635046.671027020] [vision_manager]: Book detected: xyz=(-0.087, -0.179, 0.401), center=(251, 98)
[INFO] [1789635046.672863194] [vision_manager]: Book detected: xyz=(-0.110, -0.096, 0.499), center=(250, 179)
[INFO] [1789635046.675220925] [vision_manager]: Book detected: xyz=(0.734, 0.005, 0.869), center=(588, 242)
[INFO] [1789635046.677421966] [vision_manager]: Book detected: xyz=(0.641, 0.000, 0.869), center=(554, 240)
[INFO] [1789635046.678782006] [vision_manager]: Book detected: xyz=(-0.088, -0.033, 0.400), center=(250, 214)
[INFO] [1789635046.680061401] [vision_manager]: Book detected: xyz=(-0.090, 0.040, 0.400), center=(249, 272)
[INFO] [1789635046.832992009] [vision_manager]: Book detected: xyz=(-0.088, -0.178, 0.401), center=(250, 99)
[INFO] [1789635046.834132479] [vision_manager]: Book detected: xyz=(0.734, 0.005, 0.869), center=(588, 242)
[INFO] [1789635046.835234692] [vision_manager]: Book detected: xyz=(-0.108, -0.096, 0.483), center=(249, 177)
[INFO] [1789635046.836313986] [vision_manager]: Book detected: xyz=(0.641, 0.000, 0.869), center=(554, 240)
[INFO] [1789635046.837383513] [vision_manager]: Book detected: xyz=(-0.092, -0.045, 0.400), center=(247, 204)
[INFO] [1789635046.838455439] [vision_manager]: Book detected: xyz=(-0.091, 0.042, 0.400), center=(248, 273)
[INFO] [1789635046.985436279] [vision_manager]: Book detected: xyz=(-0.088, -0.179, 0.401), center=(250, 98)
[INFO] [1789635046.986686640] [vision_manager]: Book detected: xyz=(0.734, 0.005, 0.869), center=(588, 242)
[INFO] [1789635046.987922779] [vision_manager]: Book detected: xyz=(-0.106, -0.096, 0.475), center=(249, 176)
[INFO] [1789635046.989545918] [vision_manager]: Book detected: xyz=(0.630, 0.000, 0.869), center=(550, 240)
[INFO] [1789635046.991355420] [vision_manager]: Book detected: xyz=(-0.130, -0.087, 0.563), center=(247, 191)
[INFO] [1789635046.992547214] [vision_manager]: Book detected: xyz=(-0.091, 0.042, 0.400), center=(248, 273)
[INFO] [1789635047.149883415] [vision_manager]: Book detected: xyz=(-0.088, -0.179, 0.401), center=(250, 98)
[INFO] [1789635047.151434343] [vision_manager]: Book detected: xyz=(-0.107, -0.096, 0.483), center=(250, 177)
[INFO] [1789635047.152925446] [vision_manager]: Book detected: xyz=(0.734, 0.005, 0.869), center=(588, 242)
[INFO] [1789635047.154361990] [vision_manager]: Book detected: xyz=(0.638, 0.000, 0.869), center=(553, 240)
[INFO] [1789635047.155654986] [vision_manager]: Book detected: xyz=(-0.128, -0.089, 0.563), center=(248, 190)
[INFO] [1789635047.156902547] [vision_manager]: Book detected: xyz=(-0.090, 0.040, 0.400), center=(249, 272)
[INFO] [1789635047.315147488] [vision_manager]: Book detected: xyz=(-0.087, -0.179, 0.401), center=(251, 98)
[INFO] [1789635047.316701371] [vision_manager]: Book detected: xyz=(-0.112, -0.096, 0.507), center=(250, 180)
[INFO] [1789635047.318021555] [vision_manager]: Book detected: xyz=(0.734, 0.005, 0.869), center=(588, 242)
[INFO] [1789635047.319422389] [vision_manager]: Book detected: xyz=(0.630, 0.000, 0.869), center=(550, 240)
[INFO] [1789635047.320798360] [vision_manager]: Book detected: xyz=(-0.128, -0.082, 0.563), center=(248, 194)
[INFO] [1789635047.322209516] [vision_manager]: Book detected: xyz=(-0.090, 0.043, 0.400), center=(249, 274)
[INFO] [1789635047.469518656] [vision_manager]: Book detected: xyz=(-0.087, -0.179, 0.401), center=(251, 98)
[INFO] [1789635047.470995138] [vision_manager]: Book detected: xyz=(0.734, 0.005, 0.869), center=(588, 242)
[INFO] [1789635047.472425708] [vision_manager]: Book detected: xyz=(-0.110, -0.096, 0.499), center=(250, 179)
[INFO] [1789635047.473759760] [vision_manager]: Book detected: xyz=(0.647, 0.000, 0.869), center=(556, 240)
[INFO] [1789635047.475191822] [vision_manager]: Book detected: xyz=(-0.093, -0.055, 0.402), center=(247, 197)
[INFO] [1789635047.476553083] [vision_manager]: Book detected: xyz=(-0.091, 0.042, 0.400), center=(248, 273)
[INFO] [1789635047.621423380] [vision_manager]: Book detected: xyz=(-0.087, -0.179, 0.401), center=(251, 98)
[INFO] [1789635047.623842675] [vision_manager]: Book detected: xyz=(-0.110, -0.096, 0.499), center=(250, 179)
[INFO] [1789635047.626211927] [vision_manager]: Book detected: xyz=(0.734, 0.005, 0.869), center=(588, 242)
[INFO] [1789635047.628641675] [vision_manager]: Book detected: xyz=(0.647, 0.000, 0.869), center=(556, 240)
[INFO] [1789635047.630987027] [vision_manager]: Book detected: xyz=(-0.128, -0.083, 0.563), center=(248, 193)
[INFO] [1789635047.632957821] [vision_manager]: Book detected: xyz=(-0.090, 0.043, 0.400), center=(249, 274)
[INFO] [1789635047.800474844] [vision_manager]: Book detected: xyz=(-0.088, -0.179, 0.401), center=(250, 98)
[INFO] [1789635047.802393543] [vision_manager]: Book detected: xyz=(0.734, 0.005, 0.869), center=(588, 242)
[INFO] [1789635047.805589888] [vision_manager]: Book detected: xyz=(-0.112, -0.096, 0.499), center=(249, 179)
[INFO] [1789635047.807581893] [vision_manager]: Book detected: xyz=(0.660, 0.000, 0.869), center=(561, 240)
[INFO] [1789635047.809104927] [vision_manager]: Book detected: xyz=(-0.092, -0.044, 0.400), center=(247, 205)
[INFO] [1789635047.810660812] [vision_manager]: Book detected: xyz=(-0.091, 0.043, 0.400), center=(248, 274)
[INFO] [1789635047.949214055] [vision_manager]: Book detected: xyz=(-0.088, -0.179, 0.401), center=(250, 98)
[INFO] [1789635047.952211468] [vision_manager]: Book detected: xyz=(0.734, 0.005, 0.869), center=(588, 242)
[INFO] [1789635047.953883331] [vision_manager]: Book detected: xyz=(-0.110, -0.096, 0.491), center=(249, 178)
[INFO] [1789635047.955462827] [vision_manager]: Book detected: xyz=(0.649, 0.000, 0.869), center=(557, 240)
[INFO] [1789635047.956871020] [vision_manager]: Book detected: xyz=(-0.090, -0.030, 0.400), center=(249, 216)
[INFO] [1789635047.958366954] [vision_manager]: Book detected: xyz=(-0.091, 0.043, 0.400), center=(248, 274)
[INFO] [1789635048.081493619] [vision_manager]: Book detected: xyz=(-0.088, -0.179, 0.401), center=(250, 98)
[INFO] [1789635048.082896271] [vision_manager]: Book detected: xyz=(0.734, 0.005, 0.869), center=(588, 242)
[INFO] [1789635048.084259340] [vision_manager]: Book detected: xyz=(-0.108, -0.096, 0.483), center=(249, 177)
[INFO] [1789635048.086134607] [vision_manager]: Book detected: xyz=(0.655, 0.000, 0.869), center=(559, 240)
[INFO] [1789635048.088224937] [vision_manager]: Book detected: xyz=(-0.091, -0.035, 0.400), center=(248, 212)
[INFO] [1789635048.213146302] [vision_manager]: Book detected: xyz=(-0.087, -0.179, 0.401), center=(251, 98)
[INFO] [1789635048.214610384] [vision_manager]: Book detected: xyz=(0.734, 0.005, 0.869), center=(588, 242)
[INFO] [1789635048.216088203] [vision_manager]: Book detected: xyz=(0.649, 0.000, 0.869), center=(557, 240)
[INFO] [1789635048.217482932] [vision_manager]: Book detected: xyz=(-0.106, -0.096, 0.475), center=(249, 176)
[INFO] [1789635048.218841488] [vision_manager]: Book detected: xyz=(-0.091, -0.035, 0.400), center=(248, 212)
[INFO] [1789635048.220178499] [vision_manager]: Book detected: xyz=(-0.091, 0.044, 0.400), center=(248, 275)
[INFO] [1789635048.365654077] [vision_manager]: Book detected: xyz=(-0.087, -0.179, 0.401), center=(251, 98)
[INFO] [1789635048.368262238] [vision_manager]: Book detected: xyz=(0.734, 0.005, 0.869), center=(588, 242)
[INFO] [1789635048.370357148] [vision_manager]: Book detected: xyz=(-0.110, -0.096, 0.483), center=(248, 177)
[INFO] [1789635048.372000512] [vision_manager]: Book detected: xyz=(0.638, 0.000, 0.869), center=(553, 240)
[INFO] [1789635048.373599158] [vision_manager]: Book detected: xyz=(-0.092, -0.034, 0.400), center=(247, 213)
[INFO] [1789635048.375530800] [vision_manager]: Book detected: xyz=(-0.091, 0.043, 0.400), center=(248, 274)
[INFO] [1789635048.498899622] [vision_manager]: Book detected: xyz=(-0.087, -0.178, 0.401), center=(251, 99)
[INFO] [1789635048.500172796] [vision_manager]: Book detected: xyz=(0.734, 0.005, 0.869), center=(588, 242)
[INFO] [1789635048.501429684] [vision_manager]: Book detected: xyz=(-0.103, -0.096, 0.461), center=(249, 174)
[INFO] [1789635048.502636725] [vision_manager]: Book detected: xyz=(0.647, 0.000, 0.869), center=(556, 240)
[INFO] [1789635048.503886567] [vision_manager]: Book detected: xyz=(-0.092, -0.043, 0.400), center=(247, 206)
[INFO] [1789635048.621922971] [vision_manager]: Book detected: xyz=(-0.087, -0.178, 0.401), center=(251, 99)
[INFO] [1789635048.623409992] [vision_manager]: Book detected: xyz=(0.734, 0.005, 0.869), center=(588, 242)
[INFO] [1789635048.624914472] [vision_manager]: Book detected: xyz=(-0.105, -0.096, 0.468), center=(249, 175)
[INFO] [1789635048.626449533] [vision_manager]: Book detected: xyz=(0.641, 0.000, 0.869), center=(554, 240)
[INFO] [1789635048.627855236] [vision_manager]: Book detected: xyz=(-0.092, -0.045, 0.400), center=(247, 204)
[INFO] [1789635048.780879646] [vision_manager]: Book detected: xyz=(-0.087, -0.178, 0.401), center=(251, 99)
[INFO] [1789635048.782924558] [vision_manager]: Book detected: xyz=(0.734, 0.005, 0.869), center=(588, 242)
[INFO] [1789635048.784439593] [vision_manager]: Book detected: xyz=(-0.110, -0.096, 0.491), center=(249, 178)
[INFO] [1789635048.785853069] [vision_manager]: Book detected: xyz=(0.652, 0.000, 0.869), center=(558, 240)
[INFO] [1789635048.787382775] [vision_manager]: Book detected: xyz=(-0.092, -0.049, 0.401), center=(247, 201)
[INFO] [1789635048.789010491] [vision_manager]: Book detected: xyz=(-0.092, 0.043, 0.400), center=(247, 274)
[INFO] [1789635048.937286975] [vision_manager]: Book detected: xyz=(-0.087, -0.179, 0.401), center=(251, 98)
[INFO] [1789635048.939722704] [vision_manager]: Book detected: xyz=(0.734, 0.005, 0.869), center=(588, 242)
[INFO] [1789635048.942119151] [vision_manager]: Book detected: xyz=(-0.110, -0.096, 0.491), center=(249, 178)
[INFO] [1789635048.944165391] [vision_manager]: Book detected: xyz=(0.644, 0.000, 0.869), center=(555, 240)
[INFO] [1789635048.946184979] [vision_manager]: Book detected: xyz=(-0.092, -0.052, 0.401), center=(247, 199)
[INFO] [1789635048.948093859] [vision_manager]: Book detected: xyz=(-0.091, 0.043, 0.400), center=(248, 274)
[INFO] [1789635049.101017318] [vision_manager]: Book detected: xyz=(-0.087, -0.179, 0.401), center=(251, 98)
[INFO] [1789635049.102183017] [vision_manager]: Book detected: xyz=(0.734, 0.005, 0.869), center=(588, 242)
[INFO] [1789635049.103273194] [vision_manager]: Book detected: xyz=(-0.110, -0.096, 0.491), center=(249, 178)
[INFO] [1789635049.106792442] [vision_manager]: Book detected: xyz=(0.660, 0.000, 0.869), center=(561, 240)
[INFO] [1789635049.107839293] [vision_manager]: Book detected: xyz=(-0.092, -0.048, 0.401), center=(247, 202)
[INFO] [1789635049.108879874] [vision_manager]: Book detected: xyz=(-0.093, 0.042, 0.400), center=(246, 273)
[INFO] [1789635049.283347887] [vision_manager]: Book detected: xyz=(-0.088, -0.179, 0.401), center=(250, 98)
[INFO] [1789635049.285332927] [vision_manager]: Book detected: xyz=(-0.112, -0.096, 0.499), center=(249, 179)
[INFO] [1789635049.287122668] [vision_manager]: Book detected: xyz=(0.734, 0.005, 0.869), center=(588, 242)
[INFO] [1789635049.289091166] [vision_manager]: Book detected: xyz=(0.649, 0.000, 0.869), center=(557, 240)
[INFO] [1789635049.291516270] [vision_manager]: Book detected: xyz=(-0.091, -0.027, 0.401), center=(248, 219)
[INFO] [1789635049.293452874] [vision_manager]: Book detected: xyz=(-0.093, 0.042, 0.400), center=(246, 273)
[INFO] [1789635049.433772936] [vision_manager]: Book detected: xyz=(-0.088, -0.179, 0.401), center=(250, 98)
[INFO] [1789635049.435211661] [vision_manager]: Book detected: xyz=(0.734, 0.005, 0.869), center=(588, 242)
[INFO] [1789635049.436571394] [vision_manager]: Book detected: xyz=(-0.111, -0.096, 0.491), center=(248, 178)
[INFO] [1789635049.437888237] [vision_manager]: Book detected: xyz=(0.644, 0.000, 0.869), center=(555, 240)
[INFO] [1789635049.439195248] [vision_manager]: Book detected: xyz=(-0.091, -0.029, 0.401), center=(248, 217)
[INFO] [1789635049.440480515] [vision_manager]: Book detected: xyz=(-0.093, 0.043, 0.400), center=(246, 274)
[INFO] [1789635049.592032506] [vision_manager]: Book detected: xyz=(-0.088, -0.179, 0.401), center=(250, 98)
[INFO] [1789635049.595955841] [vision_manager]: Book detected: xyz=(0.734, 0.005, 0.869), center=(588, 242)
[INFO] [1789635049.598922742] [vision_manager]: Book detected: xyz=(-0.115, -0.096, 0.507), center=(248, 180)
[INFO] [1789635049.600662437] [vision_manager]: Book detected: xyz=(0.649, 0.000, 0.869), center=(557, 240)
[INFO] [1789635049.601941979] [vision_manager]: Book detected: xyz=(-0.091, -0.024, 0.402), center=(248, 221)
[INFO] [1789635049.603027768] [vision_manager]: Book detected: xyz=(-0.093, 0.040, 0.400), center=(246, 272)
[INFO] [1789635049.778179420] [vision_manager]: Book detected: xyz=(-0.088, -0.179, 0.401), center=(250, 98)
[INFO] [1789635049.779417096] [vision_manager]: Book detected: xyz=(0.734, 0.005, 0.869), center=(588, 242)
[INFO] [1789635049.782300523] [vision_manager]: Book detected: xyz=(-0.115, -0.096, 0.507), center=(248, 180)
[INFO] [1789635049.783755933] [vision_manager]: Book detected: xyz=(0.627, 0.000, 0.869), center=(549, 240)
[INFO] [1789635049.784975649] [vision_manager]: Book detected: xyz=(-0.091, -0.023, 0.402), center=(248, 222)
[INFO] [1789635049.786663530] [vision_manager]: Book detected: xyz=(-0.092, 0.043, 0.400), center=(247, 274)
[INFO] [1789635049.934220291] [vision_manager]: Book detected: xyz=(-0.088, -0.179, 0.401), center=(250, 98)
[INFO] [1789635049.936042780] [vision_manager]: Book detected: xyz=(0.734, 0.005, 0.869), center=(588, 242)
[INFO] [1789635049.937340696] [vision_manager]: Book detected: xyz=(-0.110, -0.096, 0.491), center=(249, 178)
[INFO] [1789635049.938546691] [vision_manager]: Book detected: xyz=(0.644, 0.000, 0.869), center=(555, 240)
[INFO] [1789635049.939754250] [vision_manager]: Book detected: xyz=(-0.092, -0.037, 0.400), center=(247, 211)
[INFO] [1789635049.940875812] [vision_manager]: Book detected: xyz=(-0.090, 0.044, 0.400), center=(249, 275)
[INFO] [1789635050.110769679] [vision_manager]: Book detected: xyz=(-0.087, -0.179, 0.401), center=(251, 98)
[INFO] [1789635050.112395782] [vision_manager]: Book detected: xyz=(0.734, 0.005, 0.869), center=(588, 242)
[INFO] [1789635050.113954317] [vision_manager]: Book detected: xyz=(-0.112, -0.096, 0.507), center=(250, 180)
[INFO] [1789635050.115501236] [vision_manager]: Book detected: xyz=(0.638, 0.000, 0.869), center=(553, 240)
[INFO] [1789635050.116820301] [vision_manager]: Book detected: xyz=(-0.090, -0.025, 0.401), center=(249, 220)
[INFO] [1789635050.118196278] [vision_manager]: Book detected: xyz=(-0.091, 0.044, 0.400), center=(248, 275)
[INFO] [1789635050.269226466] [vision_manager]: Book detected: xyz=(-0.088, -0.179, 0.401), center=(250, 98)
[INFO] [1789635050.271923683] [vision_manager]: Book detected: xyz=(-0.117, -0.096, 0.525), center=(249, 182)
[INFO] [1789635050.273703309] [vision_manager]: Book detected: xyz=(0.734, 0.005, 0.869), center=(588, 242)
[INFO] [1789635050.274894877] [vision_manager]: Book detected: xyz=(0.633, 0.000, 0.869), center=(551, 240)
[INFO] [1789635050.275943756] [vision_manager]: Book detected: xyz=(-0.090, -0.022, 0.403), center=(249, 223)
[INFO] [1789635050.277026710] [vision_manager]: Book detected: xyz=(-0.091, 0.039, 0.400), center=(248, 271)
[INFO] [1789635050.426697138] [vision_manager]: Book detected: xyz=(-0.090, -0.179, 0.401), center=(249, 98)
[INFO] [1789635050.427721934] [vision_manager]: Book detected: xyz=(-0.115, -0.096, 0.516), center=(249, 181)
[INFO] [1789635050.428658166] [vision_manager]: Book detected: xyz=(0.734, 0.005, 0.869), center=(588, 242)
[INFO] [1789635050.429594798] [vision_manager]: Book detected: xyz=(0.638, 0.000, 0.869), center=(553, 240)
[INFO] [1789635050.430518244] [vision_manager]: Book detected: xyz=(-0.090, -0.023, 0.402), center=(249, 222)
[INFO] [1789635050.431427989] [vision_manager]: Book detected: xyz=(-0.091, 0.043, 0.400), center=(248, 274)
[INFO] [1789635050.576014782] [vision_manager]: Book detected: xyz=(-0.088, -0.180, 0.400), center=(250, 97)
[INFO] [1789635050.577147652] [vision_manager]: Book detected: xyz=(-0.114, -0.096, 0.507), center=(249, 180)
[INFO] [1789635050.583384221] [vision_manager]: Book detected: xyz=(0.734, 0.005, 0.869), center=(588, 242)
[INFO] [1789635050.584364344] [vision_manager]: Book detected: xyz=(0.633, 0.000, 0.869), center=(551, 240)
[INFO] [1789635050.585283633] [vision_manager]: Book detected: xyz=(-0.100, -0.021, 0.439), center=(248, 225)
[INFO] [1789635050.586216152] [vision_manager]: Book detected: xyz=(-0.091, 0.043, 0.400), center=(248, 274)
[INFO] [1789635050.756058814] [vision_manager]: Book detected: xyz=(-0.088, -0.179, 0.401), center=(250, 98)
[INFO] [1789635050.757695425] [vision_manager]: Book detected: xyz=(-0.115, -0.096, 0.516), center=(249, 181)
[INFO] [1789635050.759278793] [vision_manager]: Book detected: xyz=(0.734, 0.005, 0.869), center=(588, 242)
[INFO] [1789635050.760849252] [vision_manager]: Book detected: xyz=(0.630, 0.000, 0.869), center=(550, 240)
[INFO] [1789635050.762465850] [vision_manager]: Book detected: xyz=(-0.107, -0.021, 0.472), center=(248, 226)
[INFO] [1789635050.763930901] [vision_manager]: Book detected: xyz=(-0.090, 0.042, 0.400), center=(249, 273)
[INFO] [1789635050.764775819] [vision_manager]: No placeable empty shelf position found
[INFO] [1789635050.898874557] [vision_manager]: Book detected: xyz=(-0.090, -0.179, 0.401), center=(249, 98)
[INFO] [1789635050.899865806] [vision_manager]: Book detected: xyz=(-0.114, -0.096, 0.507), center=(249, 180)
[INFO] [1789635050.900774713] [vision_manager]: Book detected: xyz=(0.734, 0.005, 0.869), center=(588, 242)
[INFO] [1789635050.901710067] [vision_manager]: Book detected: xyz=(0.627, 0.000, 0.869), center=(549, 240)
[INFO] [1789635050.902623648] [vision_manager]: Book detected: xyz=(-0.090, -0.024, 0.402), center=(249, 221)
[INFO] [1789635050.903547426] [vision_manager]: Book detected: xyz=(-0.092, 0.042, 0.400), center=(247, 273)
[INFO] [1789635051.055490726] [vision_manager]: Book detected: xyz=(-0.088, -0.179, 0.401), center=(250, 98)
[INFO] [1789635051.057112912] [vision_manager]: Book detected: xyz=(-0.114, -0.096, 0.507), center=(249, 180)
[INFO] [1789635051.058692456] [vision_manager]: Book detected: xyz=(0.734, 0.005, 0.869), center=(588, 242)
[INFO] [1789635051.060273127] [vision_manager]: Book detected: xyz=(0.638, 0.000, 0.869), center=(553, 240)
[INFO] [1789635051.061581139] [vision_manager]: Book detected: xyz=(-0.100, -0.021, 0.439), center=(248, 225)
[INFO] [1789635051.062888799] [vision_manager]: Book detected: xyz=(-0.091, 0.042, 0.400), center=(248, 273)
[INFO] [1789635051.213675415] [vision_manager]: Book detected: xyz=(-0.087, -0.179, 0.401), center=(251, 98)
[INFO] [1789635051.214833961] [vision_manager]: Book detected: xyz=(-0.114, -0.096, 0.507), center=(249, 180)
[INFO] [1789635051.215955211] [vision_manager]: Book detected: xyz=(0.734, 0.005, 0.869), center=(588, 242)
[INFO] [1789635051.217082197] [vision_manager]: Book detected: xyz=(0.625, 0.000, 0.869), center=(548, 240)
[INFO] [1789635051.218197884] [vision_manager]: Book detected: xyz=(-0.091, -0.024, 0.402), center=(248, 221)
[INFO] [1789635051.219292074] [vision_manager]: Book detected: xyz=(-0.092, 0.042, 0.400), center=(247, 273)
[INFO] [1789635051.417356028] [vision_manager]: Book detected: xyz=(-0.088, -0.180, 0.400), center=(250, 97)
[INFO] [1789635051.418366738] [vision_manager]: Book detected: xyz=(-0.114, -0.096, 0.507), center=(249, 180)
[INFO] [1789635051.419331166] [vision_manager]: Book detected: xyz=(0.734, 0.005, 0.869), center=(588, 242)
[INFO] [1789635051.420285305] [vision_manager]: Book detected: xyz=(0.633, 0.003, 0.869), center=(551, 241)
[INFO] [1789635051.421206298] [vision_manager]: Book detected: xyz=(-0.100, -0.021, 0.439), center=(248, 225)
[INFO] [1789635051.422121653] [vision_manager]: Book detected: xyz=(-0.092, 0.040, 0.400), center=(247, 272)
[INFO] [1789635051.559010858] [vision_manager]: Book detected: xyz=(-0.088, -0.179, 0.401), center=(250, 98)
[INFO] [1789635051.560148844] [vision_manager]: Book detected: xyz=(-0.112, -0.096, 0.499), center=(249, 179)
[INFO] [1789635051.561204667] [vision_manager]: Book detected: xyz=(0.734, 0.005, 0.869), center=(588, 242)
[INFO] [1789635051.562255040] [vision_manager]: Book detected: xyz=(0.638, 0.000, 0.869), center=(553, 240)
[INFO] [1789635051.563297012] [vision_manager]: Book detected: xyz=(-0.100, -0.021, 0.439), center=(248, 225)
[INFO] [1789635051.564399585] [vision_manager]: Book detected: xyz=(-0.092, 0.040, 0.400), center=(247, 272)
[INFO] [1789635051.722349647] [vision_manager]: Book detected: xyz=(-0.087, -0.178, 0.401), center=(251, 99)
[INFO] [1789635051.723542928] [vision_manager]: Book detected: xyz=(-0.113, -0.096, 0.499), center=(248, 179)
[INFO] [1789635051.724624106] [vision_manager]: Book detected: xyz=(0.734, 0.005, 0.869), center=(588, 242)
[INFO] [1789635051.725653076] [vision_manager]: Book detected: xyz=(0.641, 0.000, 0.869), center=(554, 240)
[INFO] [1789635051.726679802] [vision_manager]: Book detected: xyz=(-0.093, -0.021, 0.411), center=(248, 224)
[INFO] [1789635051.727713848] [vision_manager]: Book detected: xyz=(-0.093, 0.039, 0.400), center=(246, 271)
[INFO] [1789635051.852876468] [vision_manager]: Book detected: xyz=(-0.088, -0.180, 0.400), center=(250, 97)
[INFO] [1789635051.854269194] [vision_manager]: Book detected: xyz=(-0.115, -0.096, 0.507), center=(248, 180)
[INFO] [1789635051.855577450] [vision_manager]: Book detected: xyz=(0.734, 0.005, 0.869), center=(588, 242)
[INFO] [1789635051.856925393] [vision_manager]: Book detected: xyz=(0.627, 0.000, 0.869), center=(549, 240)
[INFO] [1789635051.858262634] [vision_manager]: Book detected: xyz=(-0.091, -0.022, 0.403), center=(248, 223)
[INFO] [1789635051.859584619] [vision_manager]: Book detected: xyz=(-0.093, 0.042, 0.400), center=(246, 273)
[INFO] [1789635052.067125544] [vision_manager]: Book detected: xyz=(-0.088, -0.179, 0.401), center=(250, 98)
[INFO] [1789635052.068705044] [vision_manager]: Book detected: xyz=(0.734, 0.005, 0.869), center=(588, 242)
[INFO] [1789635052.070038885] [vision_manager]: Book detected: xyz=(-0.113, -0.096, 0.499), center=(248, 179)
[INFO] [1789635052.071370226] [vision_manager]: Book detected: xyz=(0.652, 0.000, 0.869), center=(558, 240)
[INFO] [1789635052.072685667] [vision_manager]: Book detected: xyz=(-0.091, -0.024, 0.402), center=(248, 221)
[INFO] [1789635052.074021037] [vision_manager]: Book detected: xyz=(-0.093, 0.042, 0.400), center=(246, 273)
[INFO] [1789635052.219568171] [vision_manager]: Book detected: xyz=(-0.090, -0.180, 0.400), center=(249, 97)
[INFO] [1789635052.221323421] [vision_manager]: Book detected: xyz=(-0.114, -0.096, 0.507), center=(249, 180)
[INFO] [1789635052.222733758] [vision_manager]: Book detected: xyz=(0.734, 0.005, 0.869), center=(588, 242)
[INFO] [1789635052.224090306] [vision_manager]: Book detected: xyz=(0.630, 0.000, 0.869), center=(550, 240)
[INFO] [1789635052.225443891] [vision_manager]: Book detected: xyz=(-0.092, 0.042, 0.400), center=(247, 273)
[INFO] [1789635052.226930818] [vision_manager]: Book detected: xyz=(-0.092, -0.049, 0.401), center=(247, 201)
[INFO] [1789635052.376045666] [vision_manager]: Book detected: xyz=(-0.088, -0.180, 0.400), center=(250, 97)
[INFO] [1789635052.377538862] [vision_manager]: Book detected: xyz=(-0.115, -0.096, 0.507), center=(248, 180)
[INFO] [1789635052.378887172] [vision_manager]: Book detected: xyz=(0.734, 0.005, 0.869), center=(588, 242)
[INFO] [1789635052.380247969] [vision_manager]: Book detected: xyz=(0.622, 0.000, 0.869), center=(547, 240)
[INFO] [1789635052.381598792] [vision_manager]: Book detected: xyz=(-0.091, -0.025, 0.401), center=(248, 220)
[INFO] [1789635052.383175911] [vision_manager]: Book detected: xyz=(-0.092, 0.042, 0.400), center=(247, 273)
[INFO] [1789635052.526833640] [vision_manager]: Book detected: xyz=(-0.088, -0.180, 0.400), center=(250, 97)
[INFO] [1789635052.527855461] [vision_manager]: Book detected: xyz=(-0.115, -0.096, 0.507), center=(248, 180)
[INFO] [1789635052.528790976] [vision_manager]: Book detected: xyz=(0.734, 0.005, 0.869), center=(588, 242)
[INFO] [1789635052.529741733] [vision_manager]: Book detected: xyz=(0.619, 0.000, 0.869), center=(546, 240)
[INFO] [1789635052.530694281] [vision_manager]: Book detected: xyz=(-0.091, -0.022, 0.403), center=(248, 223)
[INFO] [1789635052.531608052] [vision_manager]: Book detected: xyz=(-0.092, 0.040, 0.400), center=(247, 272)
[INFO] [1789635052.676570271] [vision_manager]: Book detected: xyz=(-0.090, -0.180, 0.400), center=(249, 97)
[INFO] [1789635052.677782321] [vision_manager]: Book detected: xyz=(-0.117, -0.096, 0.516), center=(248, 181)
[INFO] [1789635052.678925138] [vision_manager]: Book detected: xyz=(0.734, 0.005, 0.869), center=(588, 242)
[INFO] [1789635052.680092419] [vision_manager]: Book detected: xyz=(0.627, 0.000, 0.869), center=(549, 240)
[INFO] [1789635052.681127297] [vision_manager]: Book detected: xyz=(-0.093, -0.021, 0.411), center=(248, 224)
[INFO] [1789635052.682119491] [vision_manager]: Book detected: xyz=(-0.091, 0.038, 0.400), center=(248, 270)
[INFO] [1789635052.814713326] [vision_manager]: Book detected: xyz=(-0.088, -0.179, 0.401), center=(250, 98)
[INFO] [1789635052.816192323] [vision_manager]: Book detected: xyz=(-0.114, -0.096, 0.507), center=(249, 180)
[INFO] [1789635052.817520498] [vision_manager]: Book detected: xyz=(0.734, 0.005, 0.869), center=(588, 242)
[INFO] [1789635052.819016332] [vision_manager]: Book detected: xyz=(0.630, 0.000, 0.869), center=(550, 240)
[INFO] [1789635052.820463040] [vision_manager]: Book detected: xyz=(-0.098, -0.021, 0.439), center=(249, 225)
[INFO] [1789635052.821777105] [vision_manager]: Book detected: xyz=(-0.091, 0.030, 0.400), center=(248, 264)
[INFO] [1789635052.964112236] [vision_manager]: Book detected: xyz=(-0.087, -0.180, 0.400), center=(251, 97)
[INFO] [1789635052.965581702] [vision_manager]: Book detected: xyz=(-0.115, -0.096, 0.516), center=(249, 181)
[INFO] [1789635052.966941040] [vision_manager]: Book detected: xyz=(0.734, 0.005, 0.869), center=(588, 242)
[INFO] [1789635052.968283474] [vision_manager]: Book detected: xyz=(0.633, 0.000, 0.869), center=(551, 240)
[INFO] [1789635052.969404901] [vision_manager]: Book detected: xyz=(-0.106, -0.021, 0.472), center=(249, 226)
[INFO] [1789635052.970768865] [vision_manager]: Book detected: xyz=(-0.091, 0.038, 0.400), center=(248, 270)
[INFO] [1789635052.971754264] [vision_manager]: No placeable empty shelf position found
[INFO] [1789635053.109045401] [vision_manager]: Book detected: xyz=(-0.087, -0.180, 0.400), center=(251, 97)
[INFO] [1789635053.110679527] [vision_manager]: Book detected: xyz=(-0.115, -0.096, 0.516), center=(249, 181)
[INFO] [1789635053.112285232] [vision_manager]: Book detected: xyz=(0.734, 0.005, 0.869), center=(588, 242)
[INFO] [1789635053.113652161] [vision_manager]: Book detected: xyz=(0.641, 0.000, 0.869), center=(554, 240)
[INFO] [1789635053.114976977] [vision_manager]: Book detected: xyz=(-0.107, -0.021, 0.472), center=(248, 226)
[INFO] [1789635053.116307660] [vision_manager]: Book detected: xyz=(-0.091, 0.042, 0.400), center=(248, 273)
[INFO] [1789635053.117154734] [vision_manager]: No placeable empty shelf position found
[INFO] [1789635053.284921842] [vision_manager]: Book detected: xyz=(-0.087, -0.180, 0.400), center=(251, 97)
[INFO] [1789635053.286768215] [vision_manager]: Book detected: xyz=(-0.114, -0.096, 0.507), center=(249, 180)
[INFO] [1789635053.287954589] [vision_manager]: Book detected: xyz=(0.734, 0.005, 0.869), center=(588, 242)
[INFO] [1789635053.289016808] [vision_manager]: Book detected: xyz=(0.644, 0.000, 0.869), center=(555, 240)
[INFO] [1789635053.290109327] [vision_manager]: Book detected: xyz=(-0.126, -0.021, 0.556), center=(248, 228)
[INFO] [1789635053.291148671] [vision_manager]: Book detected: xyz=(-0.091, 0.045, 0.401), center=(248, 276)
[INFO] [1789635053.291797731] [vision_manager]: No placeable empty shelf position found
[INFO] [1789635053.439163881] [vision_manager]: Book detected: xyz=(-0.087, -0.179, 0.401), center=(251, 98)
[INFO] [1789635053.440335947] [vision_manager]: Book detected: xyz=(0.734, 0.005, 0.869), center=(588, 242)
[INFO] [1789635053.441462916] [vision_manager]: Book detected: xyz=(-0.114, -0.096, 0.507), center=(249, 180)
[INFO] [1789635053.442621656] [vision_manager]: Book detected: xyz=(0.641, 0.000, 0.869), center=(554, 240)
[INFO] [1789635053.443760613] [vision_manager]: Book detected: xyz=(-0.100, -0.021, 0.439), center=(248, 225)
[INFO] [1789635053.444901054] [vision_manager]: Book detected: xyz=(-0.092, 0.042, 0.400), center=(247, 273)
[INFO] [1789635053.595344042] [vision_manager]: Book detected: xyz=(-0.087, -0.178, 0.401), center=(251, 99)
[INFO] [1789635053.596296768] [vision_manager]: Book detected: xyz=(0.734, 0.005, 0.869), center=(588, 242)
[INFO] [1789635053.597212700] [vision_manager]: Book detected: xyz=(-0.115, -0.096, 0.516), center=(249, 181)
[INFO] [1789635053.598812428] [vision_manager]: Book detected: xyz=(0.647, 0.000, 0.869), center=(556, 240)
[INFO] [1789635053.599918888] [vision_manager]: Book detected: xyz=(-0.092, -0.021, 0.411), center=(249, 224)
[INFO] [1789635053.600887754] [vision_manager]: Book detected: xyz=(-0.091, 0.044, 0.400), center=(248, 275)
[INFO] [1789635053.799464216] [vision_manager]: Book detected: xyz=(-0.087, -0.179, 0.401), center=(251, 98)
[INFO] [1789635053.801039461] [vision_manager]: Book detected: xyz=(-0.114, -0.096, 0.516), center=(250, 181)
[INFO] [1789635053.802374392] [vision_manager]: Book detected: xyz=(0.734, 0.005, 0.869), center=(588, 242)
[INFO] [1789635053.803727671] [vision_manager]: Book detected: xyz=(0.644, 0.000, 0.869), center=(555, 240)
[INFO] [1789635053.805089803] [vision_manager]: Book detected: xyz=(-0.107, -0.021, 0.472), center=(248, 226)
[INFO] [1789635053.806468842] [vision_manager]: Book detected: xyz=(-0.090, 0.044, 0.400), center=(249, 275)
[INFO] [1789635053.807203772] [vision_manager]: No placeable empty shelf position found
[INFO] [1789635053.939522310] [vision_manager]: Book detected: xyz=(-0.087, -0.179, 0.401), center=(251, 98)
[INFO] [1789635053.941099084] [vision_manager]: Book detected: xyz=(-0.115, -0.096, 0.516), center=(249, 181)
[INFO] [1789635053.942503097] [vision_manager]: Book detected: xyz=(0.734, 0.005, 0.869), center=(588, 242)
[INFO] [1789635053.943968309] [vision_manager]: Book detected: xyz=(0.630, 0.000, 0.869), center=(550, 240)
[INFO] [1789635053.945365879] [vision_manager]: Book detected: xyz=(-0.092, -0.021, 0.411), center=(249, 224)
[INFO] [1789635053.946780181] [vision_manager]: Book detected: xyz=(-0.091, 0.042, 0.400), center=(248, 273)
[INFO] [1789635054.071321509] [vision_manager]: Book detected: xyz=(-0.087, -0.180, 0.400), center=(251, 97)
[INFO] [1789635054.072330919] [vision_manager]: Book detected: xyz=(-0.115, -0.096, 0.516), center=(249, 181)
[INFO] [1789635054.073402258] [vision_manager]: Book detected: xyz=(0.734, 0.005, 0.869), center=(588, 242)
[INFO] [1789635054.074625402] [vision_manager]: Book detected: xyz=(0.655, 0.000, 0.869), center=(559, 240)
[INFO] [1789635054.076287683] [vision_manager]: Book detected: xyz=(-0.106, -0.021, 0.472), center=(249, 226)
[INFO] [1789635054.078086928] [vision_manager]: Book detected: xyz=(-0.090, 0.042, 0.400), center=(249, 273)
[INFO] [1789635054.078747770] [vision_manager]: No placeable empty shelf position found
[INFO] [1789635054.233471746] [vision_manager]: Book detected: xyz=(-0.086, -0.180, 0.400), center=(252, 97)
[INFO] [1789635054.235879900] [vision_manager]: Book detected: xyz=(-0.114, -0.096, 0.516), center=(250, 181)
[INFO] [1789635054.237612823] [vision_manager]: Book detected: xyz=(0.734, 0.005, 0.869), center=(588, 242)
[INFO] [1789635054.238891681] [vision_manager]: Book detected: xyz=(0.641, 0.000, 0.869), center=(554, 240)
[INFO] [1789635054.240210136] [vision_manager]: Book detected: xyz=(-0.107, -0.021, 0.472), center=(248, 226)
[INFO] [1789635054.241489857] [vision_manager]: Book detected: xyz=(-0.091, 0.040, 0.400), center=(248, 272)
[INFO] [1789635054.242336721] [vision_manager]: No placeable empty shelf position found
[INFO] [1789635054.385891203] [vision_manager]: Book detected: xyz=(-0.087, -0.179, 0.401), center=(251, 98)
[INFO] [1789635054.387550775] [vision_manager]: Book detected: xyz=(-0.114, -0.096, 0.507), center=(249, 180)
[INFO] [1789635054.389166439] [vision_manager]: Book detected: xyz=(0.734, 0.005, 0.869), center=(588, 242)
[INFO] [1789635054.390709793] [vision_manager]: Book detected: xyz=(0.658, 0.000, 0.869), center=(560, 240)
[INFO] [1789635054.392362592] [vision_manager]: Book detected: xyz=(-0.098, -0.021, 0.439), center=(249, 225)
[INFO] [1789635054.393747213] [vision_manager]: Book detected: xyz=(-0.091, 0.039, 0.400), center=(248, 271)
[INFO] [1789635054.531965853] [vision_manager]: Book detected: xyz=(-0.087, -0.179, 0.401), center=(251, 98)
[INFO] [1789635054.533120210] [vision_manager]: Book detected: xyz=(-0.114, -0.096, 0.516), center=(250, 181)
[INFO] [1789635054.534140377] [vision_manager]: Book detected: xyz=(0.734, 0.005, 0.869), center=(588, 242)
[INFO] [1789635054.535161017] [vision_manager]: Book detected: xyz=(0.652, 0.000, 0.869), center=(558, 240)
[INFO] [1789635054.536177448] [vision_manager]: Book detected: xyz=(-0.092, -0.021, 0.411), center=(249, 224)
[INFO] [1789635054.537199974] [vision_manager]: Book detected: xyz=(-0.091, 0.040, 0.400), center=(248, 272)
[INFO] [1789635054.697495619] [vision_manager]: Book detected: xyz=(-0.086, -0.179, 0.401), center=(252, 98)
[INFO] [1789635054.698871139] [vision_manager]: Book detected: xyz=(-0.114, -0.096, 0.516), center=(250, 181)
[INFO] [1789635054.700218324] [vision_manager]: Book detected: xyz=(0.734, 0.005, 0.869), center=(588, 242)
[INFO] [1789635054.701534033] [vision_manager]: Book detected: xyz=(0.647, 0.000, 0.869), center=(556, 240)
[INFO] [1789635054.702848957] [vision_manager]: Book detected: xyz=(-0.106, -0.021, 0.472), center=(249, 226)
[INFO] [1789635054.703805628] [vision_manager]: No placeable empty shelf position found
[INFO] [1789635054.852411237] [vision_manager]: Book detected: xyz=(-0.086, -0.179, 0.401), center=(252, 98)
[INFO] [1789635054.853842989] [vision_manager]: Book detected: xyz=(-0.112, -0.096, 0.507), center=(250, 180)
[INFO] [1789635054.855252982] [vision_manager]: Book detected: xyz=(0.734, 0.005, 0.869), center=(588, 242)
[INFO] [1789635054.856744617] [vision_manager]: Book detected: xyz=(0.658, 0.000, 0.869), center=(560, 240)
[INFO] [1789635054.858115031] [vision_manager]: Book detected: xyz=(-0.107, -0.021, 0.472), center=(248, 226)
[INFO] [1789635054.859403188] [vision_manager]: Book detected: xyz=(-0.091, 0.044, 0.400), center=(248, 275)
[INFO] [1789635054.860299923] [vision_manager]: No placeable empty shelf position found
[INFO] [1789635055.013965630] [vision_manager]: Book detected: xyz=(-0.086, -0.179, 0.401), center=(252, 98)
[INFO] [1789635055.015110024] [vision_manager]: Book detected: xyz=(-0.114, -0.096, 0.516), center=(250, 181)
[INFO] [1789635055.016257868] [vision_manager]: Book detected: xyz=(0.734, 0.005, 0.869), center=(588, 242)
[INFO] [1789635055.017645243] [vision_manager]: Book detected: xyz=(0.655, 0.000, 0.869), center=(559, 240)
[INFO] [1789635055.018876024] [vision_manager]: Book detected: xyz=(-0.116, -0.021, 0.511), center=(248, 227)
[INFO] [1789635055.020089857] [vision_manager]: Book detected: xyz=(-0.091, 0.043, 0.400), center=(248, 274)
[INFO] [1789635055.020924161] [vision_manager]: No placeable empty shelf position found
[INFO] [1789635055.172484138] [vision_manager]: Book detected: xyz=(-0.086, -0.179, 0.401), center=(252, 98)
[INFO] [1789635055.174260952] [vision_manager]: Book detected: xyz=(-0.114, -0.096, 0.516), center=(250, 181)
[INFO] [1789635055.175870530] [vision_manager]: Book detected: xyz=(0.734, 0.005, 0.869), center=(588, 242)
[INFO] [1789635055.177818485] [vision_manager]: Book detected: xyz=(0.652, 0.000, 0.869), center=(558, 240)
[INFO] [1789635055.179814579] [vision_manager]: Book detected: xyz=(-0.114, -0.021, 0.511), center=(249, 227)
[INFO] [1789635055.181792657] [vision_manager]: Book detected: xyz=(-0.090, 0.043, 0.400), center=(249, 274)
[INFO] [1789635055.183948719] [vision_manager]: No placeable empty shelf position found
[INFO] [1789635055.361759349] [vision_manager]: Book detected: xyz=(-0.086, -0.179, 0.401), center=(252, 98)
[INFO] [1789635055.362776567] [vision_manager]: Book detected: xyz=(-0.114, -0.096, 0.507), center=(249, 180)
[INFO] [1789635055.363729266] [vision_manager]: Book detected: xyz=(0.734, 0.005, 0.869), center=(588, 242)
[INFO] [1789635055.364748077] [vision_manager]: Book detected: xyz=(0.649, 0.000, 0.869), center=(557, 240)
[INFO] [1789635055.365662345] [vision_manager]: Book detected: xyz=(-0.093, -0.021, 0.411), center=(248, 224)
[INFO] [1789635055.366567048] [vision_manager]: Book detected: xyz=(-0.092, 0.043, 0.400), center=(247, 274)
[INFO] [1789635055.526545479] [vision_manager]: Book detected: xyz=(-0.086, -0.179, 0.401), center=(252, 98)
[INFO] [1789635055.527590667] [vision_manager]: Book detected: xyz=(-0.112, -0.096, 0.507), center=(250, 180)
[INFO] [1789635055.528580658] [vision_manager]: Book detected: xyz=(0.734, 0.005, 0.869), center=(588, 242)
[INFO] [1789635055.529542044] [vision_manager]: Book detected: xyz=(0.660, 0.000, 0.869), center=(561, 240)
[INFO] [1789635055.530474945] [vision_manager]: Book detected: xyz=(-0.128, -0.078, 0.563), center=(248, 196)
[INFO] [1789635055.531433070] [vision_manager]: Book detected: xyz=(-0.091, 0.037, 0.400), center=(248, 269)
[INFO] [1789635055.532463439] [vision_manager]: Book detected: xyz=(-0.128, -0.007, 0.563), center=(248, 236)
[INFO] [1789635055.533073227] [vision_manager]: No placeable empty shelf position found
[INFO] [1789635055.702559639] [vision_manager]: Book detected: xyz=(-0.086, -0.178, 0.401), center=(252, 99)
[INFO] [1789635055.704002654] [vision_manager]: Book detected: xyz=(-0.114, -0.096, 0.507), center=(249, 180)
[INFO] [1789635055.710090153] [vision_manager]: Book detected: xyz=(0.734, 0.005, 0.869), center=(588, 242)
[INFO] [1789635055.711394675] [vision_manager]: Book detected: xyz=(0.641, 0.000, 0.869), center=(554, 240)
[INFO] [1789635055.712597526] [vision_manager]: Book detected: xyz=(-0.091, -0.023, 0.402), center=(248, 222)
[INFO] [1789635055.713773724] [vision_manager]: Book detected: xyz=(-0.091, 0.040, 0.400), center=(248, 272)
[INFO] [1789635055.890902175] [vision_manager]: Book detected: xyz=(-0.086, -0.178, 0.401), center=(252, 99)
[INFO] [1789635055.893594864] [vision_manager]: Book detected: xyz=(-0.115, -0.096, 0.516), center=(249, 181)
[INFO] [1789635055.895761328] [vision_manager]: Book detected: xyz=(0.734, 0.005, 0.869), center=(588, 242)
[INFO] [1789635055.897748202] [vision_manager]: Book detected: xyz=(0.658, 0.000, 0.869), center=(560, 240)
[INFO] [1789635055.899778306] [vision_manager]: Book detected: xyz=(-0.091, -0.022, 0.403), center=(248, 223)
[INFO] [1789635055.901896750] [vision_manager]: Book detected: xyz=(-0.092, 0.038, 0.400), center=(247, 270)
[INFO] [1789635056.053581163] [vision_manager]: Book detected: xyz=(-0.087, -0.180, 0.400), center=(251, 97)
[INFO] [1789635056.055388029] [vision_manager]: Book detected: xyz=(-0.115, -0.096, 0.516), center=(249, 181)
[INFO] [1789635056.056863173] [vision_manager]: Book detected: xyz=(0.734, 0.005, 0.869), center=(588, 242)
[INFO] [1789635056.058444842] [vision_manager]: Book detected: xyz=(0.641, 0.000, 0.869), center=(554, 240)
[INFO] [1789635056.059958758] [vision_manager]: Book detected: xyz=(-0.091, -0.023, 0.402), center=(248, 222)
[INFO] [1789635056.061353375] [vision_manager]: Book detected: xyz=(-0.092, 0.040, 0.400), center=(247, 272)
[INFO] [1789635056.216583788] [vision_manager]: Book detected: xyz=(-0.087, -0.180, 0.400), center=(251, 97)
[INFO] [1789635056.218563185] [vision_manager]: Book detected: xyz=(-0.115, -0.096, 0.516), center=(249, 181)
[INFO] [1789635056.220425787] [vision_manager]: Book detected: xyz=(0.734, 0.005, 0.869), center=(588, 242)
[INFO] [1789635056.222266665] [vision_manager]: Book detected: xyz=(0.647, 0.000, 0.869), center=(556, 240)
[INFO] [1789635056.223952258] [vision_manager]: Book detected: xyz=(-0.090, -0.027, 0.401), center=(249, 219)
[INFO] [1789635056.225670719] [vision_manager]: Book detected: xyz=(-0.091, 0.040, 0.400), center=(248, 272)
[INFO] [1789635056.394611518] [vision_manager]: Book detected: xyz=(-0.086, -0.180, 0.400), center=(252, 97)
[INFO] [1789635056.396653359] [vision_manager]: Book detected: xyz=(-0.114, -0.096, 0.516), center=(250, 181)
[INFO] [1789635056.398411351] [vision_manager]: Book detected: xyz=(0.734, 0.005, 0.869), center=(588, 242)
[INFO] [1789635056.401151986] [vision_manager]: Book detected: xyz=(0.647, 0.000, 0.869), center=(556, 240)
[INFO] [1789635056.402800086] [vision_manager]: Book detected: xyz=(-0.090, -0.025, 0.401), center=(249, 220)
[INFO] [1789635056.404413792] [vision_manager]: Book detected: xyz=(-0.090, 0.040, 0.400), center=(249, 272)
[INFO] [1789635056.533291961] [vision_manager]: Book detected: xyz=(-0.086, -0.180, 0.400), center=(252, 97)
[INFO] [1789635056.534428453] [vision_manager]: Book detected: xyz=(-0.115, -0.096, 0.516), center=(249, 181)
[INFO] [1789635056.535523059] [vision_manager]: Book detected: xyz=(0.734, 0.005, 0.869), center=(588, 242)
[INFO] [1789635056.536600353] [vision_manager]: Book detected: xyz=(0.658, 0.000, 0.869), center=(560, 240)
[INFO] [1789635056.537635298] [vision_manager]: Book detected: xyz=(-0.090, -0.025, 0.401), center=(249, 220)
[INFO] [1789635056.538675997] [vision_manager]: Book detected: xyz=(-0.091, 0.034, 0.400), center=(248, 267)
[INFO] [1789635056.689455631] [vision_manager]: Book detected: xyz=(-0.086, -0.180, 0.400), center=(252, 97)
[INFO] [1789635056.691116231] [vision_manager]: Book detected: xyz=(-0.112, -0.096, 0.507), center=(250, 180)
[INFO] [1789635056.692713899] [vision_manager]: Book detected: xyz=(0.734, 0.005, 0.869), center=(588, 242)
[INFO] [1789635056.694313185] [vision_manager]: Book detected: xyz=(0.644, 0.000, 0.869), center=(555, 240)
[INFO] [1789635056.696130165] [vision_manager]: Book detected: xyz=(-0.090, -0.025, 0.401), center=(249, 220)
[INFO] [1789635056.697518257] [vision_manager]: Book detected: xyz=(-0.091, 0.039, 0.400), center=(248, 271)
[INFO] [1789635056.832658284] [vision_manager]: Book detected: xyz=(-0.086, -0.180, 0.400), center=(252, 97)
[INFO] [1789635056.833704958] [vision_manager]: Book detected: xyz=(-0.112, -0.096, 0.507), center=(250, 180)
[INFO] [1789635056.834709580] [vision_manager]: Book detected: xyz=(0.734, 0.005, 0.869), center=(588, 242)
[INFO] [1789635056.835731783] [vision_manager]: Book detected: xyz=(0.647, 0.000, 0.869), center=(556, 240)
[INFO] [1789635056.836723382] [vision_manager]: Book detected: xyz=(-0.091, -0.028, 0.401), center=(248, 218)
[INFO] [1789635056.837723345] [vision_manager]: Book detected: xyz=(-0.091, 0.040, 0.400), center=(248, 272)
[INFO] [1789635057.002717219] [vision_manager]: Book detected: xyz=(-0.087, -0.180, 0.400), center=(251, 97)
[INFO] [1789635057.003771116] [vision_manager]: Book detected: xyz=(-0.112, -0.096, 0.507), center=(250, 180)
[INFO] [1789635057.004765397] [vision_manager]: Book detected: xyz=(0.734, 0.005, 0.869), center=(588, 242)
[INFO] [1789635057.005754168] [vision_manager]: Book detected: xyz=(0.636, 0.000, 0.869), center=(552, 240)
[INFO] [1789635057.006733111] [vision_manager]: Book detected: xyz=(-0.091, -0.022, 0.403), center=(248, 223)
[INFO] [1789635057.007699767] [vision_manager]: Book detected: xyz=(-0.091, 0.040, 0.400), center=(248, 272)
[INFO] [1789635057.157661274] [vision_manager]: Book detected: xyz=(-0.087, -0.180, 0.400), center=(251, 97)
[INFO] [1789635057.159033169] [vision_manager]: Book detected: xyz=(-0.114, -0.096, 0.507), center=(249, 180)
[INFO] [1789635057.160363041] [vision_manager]: Book detected: xyz=(0.734, 0.005, 0.869), center=(588, 242)
[INFO] [1789635057.161672346] [vision_manager]: Book detected: xyz=(0.649, 0.000, 0.869), center=(557, 240)
[INFO] [1789635057.162909513] [vision_manager]: Book detected: xyz=(-0.091, -0.022, 0.403), center=(248, 223)
[INFO] [1789635057.164028581] [vision_manager]: Book detected: xyz=(-0.091, 0.042, 0.400), center=(248, 273)
[INFO] [1789635057.292938290] [vision_manager]: Book detected: xyz=(-0.088, -0.180, 0.400), center=(250, 97)
[INFO] [1789635057.295795331] [vision_manager]: Book detected: xyz=(-0.114, -0.096, 0.507), center=(249, 180)
[INFO] [1789635057.296881025] [vision_manager]: Book detected: xyz=(0.734, 0.005, 0.869), center=(588, 242)
[INFO] [1789635057.297918714] [vision_manager]: Book detected: xyz=(0.647, 0.000, 0.869), center=(556, 240)
[INFO] [1789635057.298885838] [vision_manager]: Book detected: xyz=(-0.091, -0.023, 0.402), center=(248, 222)
[INFO] [1789635057.299846686] [vision_manager]: Book detected: xyz=(-0.092, 0.042, 0.400), center=(247, 273)
[INFO] [1789635057.435089632] [vision_manager]: Book detected: xyz=(-0.087, -0.180, 0.400), center=(251, 97)
[INFO] [1789635057.436310354] [vision_manager]: Book detected: xyz=(-0.114, -0.096, 0.507), center=(249, 180)
[INFO] [1789635057.437518072] [vision_manager]: Book detected: xyz=(0.734, 0.005, 0.869), center=(588, 242)
[INFO] [1789635057.438803184] [vision_manager]: Book detected: xyz=(0.658, 0.000, 0.869), center=(560, 240)
[INFO] [1789635057.440770298] [vision_manager]: Book detected: xyz=(-0.091, -0.024, 0.402), center=(248, 221)
[INFO] [1789635057.442722181] [vision_manager]: Book detected: xyz=(-0.092, 0.043, 0.400), center=(247, 274)
[INFO] [1789635057.578457607] [vision_manager]: Book detected: xyz=(-0.087, -0.180, 0.400), center=(251, 97)
[INFO] [1789635057.579488512] [vision_manager]: Book detected: xyz=(-0.115, -0.096, 0.516), center=(249, 181)
[INFO] [1789635057.580474195] [vision_manager]: Book detected: xyz=(0.734, 0.005, 0.869), center=(588, 242)
[INFO] [1789635057.581600488] [vision_manager]: Book detected: xyz=(0.641, 0.000, 0.869), center=(554, 240)
[INFO] [1789635057.582681937] [vision_manager]: Book detected: xyz=(-0.091, -0.023, 0.402), center=(248, 222)
[INFO] [1789635057.583672410] [vision_manager]: Book detected: xyz=(-0.092, 0.042, 0.400), center=(247, 273)
[INFO] [1789635057.726607319] [vision_manager]: Book detected: xyz=(-0.087, -0.180, 0.400), center=(251, 97)
[INFO] [1789635057.728568035] [vision_manager]: Book detected: xyz=(-0.117, -0.096, 0.525), center=(249, 182)
[INFO] [1789635057.730166013] [vision_manager]: Book detected: xyz=(0.737, 0.005, 0.869), center=(589, 242)
[INFO] [1789635057.731524485] [vision_manager]: Book detected: xyz=(0.655, 0.000, 0.869), center=(559, 240)
[INFO] [1789635057.733033268] [vision_manager]: Book detected: xyz=(-0.091, -0.024, 0.402), center=(248, 221)
[INFO] [1789635057.734554836] [vision_manager]: Book detected: xyz=(-0.093, 0.042, 0.400), center=(246, 273)
[INFO] [1789635057.880702404] [vision_manager]: Book detected: xyz=(-0.087, -0.180, 0.400), center=(251, 97)
[INFO] [1789635057.882350781] [vision_manager]: Book detected: xyz=(-0.114, -0.096, 0.507), center=(249, 180)
[INFO] [1789635057.883703868] [vision_manager]: Book detected: xyz=(0.734, 0.005, 0.869), center=(588, 242)
[INFO] [1789635057.885059111] [vision_manager]: Book detected: xyz=(0.649, 0.000, 0.869), center=(557, 240)
[INFO] [1789635057.886372506] [vision_manager]: Book detected: xyz=(-0.091, -0.028, 0.401), center=(248, 218)
[INFO] [1789635057.887687580] [vision_manager]: Book detected: xyz=(-0.092, 0.042, 0.400), center=(247, 273)
[INFO] [1789635058.032427656] [vision_manager]: Book detected: xyz=(-0.088, -0.180, 0.400), center=(250, 97)
[INFO] [1789635058.034070617] [vision_manager]: Book detected: xyz=(-0.115, -0.096, 0.507), center=(248, 180)
[INFO] [1789635058.035633185] [vision_manager]: Book detected: xyz=(0.737, 0.005, 0.869), center=(589, 242)
[INFO] [1789635058.036989299] [vision_manager]: Book detected: xyz=(0.652, 0.000, 0.869), center=(558, 240)
[INFO] [1789635058.038332083] [vision_manager]: Book detected: xyz=(-0.093, -0.023, 0.402), center=(247, 222)
[INFO] [1789635058.039684459] [vision_manager]: Book detected: xyz=(-0.093, 0.038, 0.400), center=(246, 270)
[INFO] [1789635058.179882287] [vision_manager]: Book detected: xyz=(-0.087, -0.180, 0.400), center=(251, 97)
[INFO] [1789635058.181272359] [vision_manager]: Book detected: xyz=(-0.115, -0.096, 0.507), center=(248, 180)
[INFO] [1789635058.182624862] [vision_manager]: Book detected: xyz=(0.734, 0.005, 0.869), center=(588, 242)
[INFO] [1789635058.184087844] [vision_manager]: Book detected: xyz=(0.644, 0.000, 0.869), center=(555, 240)
[INFO] [1789635058.185470956] [vision_manager]: Book detected: xyz=(-0.093, -0.023, 0.402), center=(247, 222)
[INFO] [1789635058.187017962] [vision_manager]: Book detected: xyz=(-0.095, 0.039, 0.400), center=(245, 271)
[INFO] [1789635058.322805206] [vision_manager]: Book detected: xyz=(-0.087, -0.180, 0.400), center=(251, 97)
[INFO] [1789635058.324188761] [vision_manager]: Book detected: xyz=(0.734, 0.005, 0.869), center=(588, 242)
[INFO] [1789635058.325702378] [vision_manager]: Book detected: xyz=(-0.112, -0.096, 0.499), center=(249, 179)
[INFO] [1789635058.326970902] [vision_manager]: Book detected: xyz=(0.636, 0.000, 0.869), center=(552, 240)
[INFO] [1789635058.328136677] [vision_manager]: Book detected: xyz=(-0.092, -0.024, 0.402), center=(247, 221)
[INFO] [1789635058.329257007] [vision_manager]: Book detected: xyz=(-0.093, 0.040, 0.400), center=(246, 272)
[INFO] [1789635058.457555962] [vision_manager]: Book detected: xyz=(-0.087, -0.180, 0.400), center=(251, 97)
[INFO] [1789635058.458622289] [vision_manager]: Book detected: xyz=(0.737, 0.005, 0.869), center=(589, 242)
[INFO] [1789635058.459665994] [vision_manager]: Book detected: xyz=(-0.115, -0.096, 0.507), center=(248, 180)
[INFO] [1789635058.460691674] [vision_manager]: Book detected: xyz=(0.636, 0.000, 0.869), center=(552, 240)
[INFO] [1789635058.461720582] [vision_manager]: Book detected: xyz=(-0.093, -0.023, 0.402), center=(247, 222)
[INFO] [1789635058.462734976] [vision_manager]: Book detected: xyz=(-0.095, 0.035, 0.400), center=(245, 268)
[INFO] [1789635058.597947279] [vision_manager]: Book detected: xyz=(-0.087, -0.180, 0.400), center=(251, 97)
[INFO] [1789635058.599361810] [vision_manager]: Book detected: xyz=(0.737, 0.005, 0.869), center=(589, 242)
[INFO] [1789635058.601180245] [vision_manager]: Book detected: xyz=(-0.129, -0.096, 0.554), center=(246, 185)
[INFO] [1789635058.602545364] [vision_manager]: Book detected: xyz=(0.660, 0.000, 0.869), center=(561, 240)
[INFO] [1789635058.603708702] [vision_manager]: Book detected: xyz=(-0.093, -0.023, 0.402), center=(247, 222)
[INFO] [1789635058.604856046] [vision_manager]: Book detected: xyz=(-0.095, 0.033, 0.400), center=(245, 266)
[INFO] [1789635058.731753487] [vision_manager]: Book detected: xyz=(-0.087, -0.180, 0.400), center=(251, 97)
[INFO] [1789635058.734270371] [vision_manager]: Book detected: xyz=(0.734, 0.005, 0.869), center=(588, 242)
[INFO] [1789635058.736117383] [vision_manager]: Book detected: xyz=(-0.111, -0.096, 0.491), center=(248, 178)
[INFO] [1789635058.737762590] [vision_manager]: Book detected: xyz=(0.633, 0.000, 0.869), center=(551, 240)
[INFO] [1789635058.739127702] [vision_manager]: Book detected: xyz=(-0.092, -0.025, 0.401), center=(247, 220)
[INFO] [1789635058.740499527] [vision_manager]: Book detected: xyz=(-0.095, 0.035, 0.400), center=(245, 268)
[INFO] [1789635058.895011315] [vision_manager]: Book detected: xyz=(-0.086, -0.180, 0.400), center=(252, 97)
[INFO] [1789635058.896010913] [vision_manager]: Book detected: xyz=(-0.115, -0.096, 0.516), center=(249, 181)
[INFO] [1789635058.896942264] [vision_manager]: Book detected: xyz=(0.737, 0.005, 0.869), center=(589, 242)
[INFO] [1789635058.897867776] [vision_manager]: Book detected: xyz=(0.660, 0.000, 0.869), center=(561, 240)
[INFO] [1789635058.898809362] [vision_manager]: Book detected: xyz=(-0.091, -0.023, 0.402), center=(248, 222)
[INFO] [1789635058.899712128] [vision_manager]: Book detected: xyz=(-0.093, 0.030, 0.400), center=(246, 264)
[INFO] [1789635059.046590091] [vision_manager]: Book detected: xyz=(-0.086, -0.180, 0.400), center=(252, 97)
[INFO] [1789635059.047796362] [vision_manager]: Book detected: xyz=(0.734, 0.005, 0.869), center=(588, 242)
[INFO] [1789635059.048989890] [vision_manager]: Book detected: xyz=(-0.112, -0.096, 0.499), center=(249, 179)
[INFO] [1789635059.050184951] [vision_manager]: Book detected: xyz=(0.655, 0.000, 0.869), center=(559, 240)
[INFO] [1789635059.051351421] [vision_manager]: Book detected: xyz=(-0.092, -0.024, 0.402), center=(247, 221)
[INFO] [1789635059.052524493] [vision_manager]: Book detected: xyz=(-0.095, 0.038, 0.400), center=(245, 270)
[INFO] [1789635059.200883073] [vision_manager]: Book detected: xyz=(-0.086, -0.180, 0.400), center=(252, 97)
[INFO] [1789635059.201974530] [vision_manager]: Book detected: xyz=(0.734, 0.005, 0.869), center=(588, 242)
[INFO] [1789635059.203026012] [vision_manager]: Book detected: xyz=(-0.110, -0.096, 0.491), center=(249, 178)
[INFO] [1789635059.204077612] [vision_manager]: Book detected: xyz=(0.660, 0.000, 0.869), center=(561, 240)
[INFO] [1789635059.205098304] [vision_manager]: Book detected: xyz=(-0.092, -0.027, 0.401), center=(247, 219)
[INFO] [1789635059.206121473] [vision_manager]: Book detected: xyz=(-0.095, 0.038, 0.400), center=(245, 270)
[INFO] [1789635059.348633880] [vision_manager]: Book detected: xyz=(-0.086, -0.180, 0.400), center=(252, 97)
[INFO] [1789635059.350191030] [vision_manager]: Book detected: xyz=(0.734, 0.005, 0.869), center=(588, 242)
[INFO] [1789635059.351278470] [vision_manager]: Book detected: xyz=(-0.126, -0.094, 0.563), center=(249, 187)
[INFO] [1789635059.352341541] [vision_manager]: Book detected: xyz=(0.655, 0.000, 0.869), center=(559, 240)
[INFO] [1789635059.353348590] [vision_manager]: Book detected: xyz=(-0.091, -0.023, 0.402), center=(248, 222)
[INFO] [1789635059.354456372] [vision_manager]: Book detected: xyz=(-0.093, 0.029, 0.400), center=(246, 263)
[INFO] [1789635059.515661020] [vision_manager]: Book detected: xyz=(-0.086, -0.180, 0.400), center=(252, 97)
[INFO] [1789635059.517034371] [vision_manager]: Book detected: xyz=(0.734, 0.005, 0.869), center=(588, 242)
[INFO] [1789635059.518372819] [vision_manager]: Book detected: xyz=(-0.124, -0.096, 0.554), center=(249, 185)
[INFO] [1789635059.519692101] [vision_manager]: Book detected: xyz=(0.660, 0.000, 0.869), center=(561, 240)
[INFO] [1789635059.520953514] [vision_manager]: Book detected: xyz=(-0.091, -0.022, 0.403), center=(248, 223)
[INFO] [1789635059.522140716] [vision_manager]: Book detected: xyz=(-0.093, 0.030, 0.400), center=(246, 264)
[INFO] [1789635059.665573578] [vision_manager]: Book detected: xyz=(-0.086, -0.180, 0.400), center=(252, 97)
[INFO] [1789635059.666655107] [vision_manager]: Book detected: xyz=(0.734, 0.005, 0.869), center=(588, 242)
[INFO] [1789635059.667853018] [vision_manager]: Book detected: xyz=(-0.115, -0.096, 0.516), center=(249, 181)
[INFO] [1789635059.669020216] [vision_manager]: Book detected: xyz=(0.660, 0.000, 0.869), center=(561, 240)
[INFO] [1789635059.670045933] [vision_manager]: Book detected: xyz=(-0.091, -0.023, 0.402), center=(248, 222)
[INFO] [1789635059.671037299] [vision_manager]: Book detected: xyz=(-0.093, 0.039, 0.400), center=(246, 271)
[INFO] [1789635059.824573632] [vision_manager]: Book detected: xyz=(-0.086, -0.180, 0.400), center=(252, 97)
[INFO] [1789635059.826239107] [vision_manager]: Book detected: xyz=(-0.110, -0.096, 0.499), center=(250, 179)
[INFO] [1789635059.827604122] [vision_manager]: Book detected: xyz=(0.734, 0.005, 0.869), center=(588, 242)
[INFO] [1789635059.828955014] [vision_manager]: Book detected: xyz=(0.655, 0.000, 0.869), center=(559, 240)
[INFO] [1789635059.830320111] [vision_manager]: Book detected: xyz=(-0.090, -0.028, 0.401), center=(249, 218)
[INFO] [1789635059.831699281] [vision_manager]: Book detected: xyz=(-0.092, 0.040, 0.400), center=(247, 272)
[INFO] [1789635059.963377980] [vision_manager]: Book detected: xyz=(-0.086, -0.180, 0.400), center=(252, 97)
[INFO] [1789635059.964998328] [vision_manager]: Book detected: xyz=(0.734, 0.005, 0.869), center=(588, 242)
[INFO] [1789635059.966575475] [vision_manager]: Book detected: xyz=(-0.124, -0.096, 0.554), center=(249, 185)
[INFO] [1789635059.968179392] [vision_manager]: Book detected: xyz=(0.630, 0.000, 0.869), center=(550, 240)
[INFO] [1789635059.969758250] [vision_manager]: Book detected: xyz=(-0.091, -0.024, 0.402), center=(248, 221)
[INFO] [1789635059.971266971] [vision_manager]: Book detected: xyz=(-0.093, 0.033, 0.400), center=(246, 266)
[INFO] [1789635060.102762917] [vision_manager]: Book detected: xyz=(-0.086, -0.180, 0.400), center=(252, 97)
[INFO] [1789635060.104429348] [vision_manager]: Book detected: xyz=(-0.114, -0.096, 0.507), center=(249, 180)
[INFO] [1789635060.106055785] [vision_manager]: Book detected: xyz=(0.734, 0.005, 0.869), center=(588, 242)
[INFO] [1789635060.107431966] [vision_manager]: Book detected: xyz=(0.630, 0.000, 0.869), center=(550, 240)
[INFO] [1789635060.109408216] [vision_manager]: Book detected: xyz=(-0.090, -0.024, 0.402), center=(249, 221)
[INFO] [1789635060.111607675] [vision_manager]: Book detected: xyz=(-0.092, 0.039, 0.400), center=(247, 271)
[INFO] [1789635060.250774129] [vision_manager]: Book detected: xyz=(-0.087, -0.180, 0.400), center=(251, 97)
[INFO] [1789635060.252230679] [vision_manager]: Book detected: xyz=(-0.114, -0.096, 0.507), center=(249, 180)
[INFO] [1789635060.253545604] [vision_manager]: Book detected: xyz=(0.734, 0.005, 0.869), center=(588, 242)
[INFO] [1789635060.254912991] [vision_manager]: Book detected: xyz=(0.649, 0.000, 0.869), center=(557, 240)
[INFO] [1789635060.256360032] [vision_manager]: Book detected: xyz=(-0.090, -0.027, 0.401), center=(249, 219)
[INFO] [1789635060.258107232] [vision_manager]: Book detected: xyz=(-0.093, 0.039, 0.400), center=(246, 271)
[INFO] [1789635060.375576436] [vision_manager]: Book detected: xyz=(-0.086, -0.180, 0.400), center=(252, 97)
[INFO] [1789635060.376611716] [vision_manager]: Book detected: xyz=(-0.114, -0.096, 0.516), center=(250, 181)
[INFO] [1789635060.377620331] [vision_manager]: Book detected: xyz=(0.734, 0.005, 0.869), center=(588, 242)
[INFO] [1789635060.378610359] [vision_manager]: Book detected: xyz=(0.647, 0.000, 0.869), center=(556, 240)
[INFO] [1789635060.379543495] [vision_manager]: Book detected: xyz=(-0.090, -0.024, 0.402), center=(249, 221)
[INFO] [1789635060.380496246] [vision_manager]: Book detected: xyz=(-0.093, 0.040, 0.400), center=(246, 272)
[INFO] [1789635060.508863180] [vision_manager]: Book detected: xyz=(-0.087, -0.180, 0.400), center=(251, 97)
[INFO] [1789635060.510657463] [vision_manager]: Book detected: xyz=(0.734, 0.005, 0.869), center=(588, 242)
[INFO] [1789635060.515810774] [vision_manager]: Book detected: xyz=(-0.117, -0.096, 0.525), center=(249, 182)
[INFO] [1789635060.516998565] [vision_manager]: Book detected: xyz=(0.649, 0.000, 0.869), center=(557, 240)
[INFO] [1789635060.517957879] [vision_manager]: Book detected: xyz=(-0.091, -0.023, 0.402), center=(248, 222)
[INFO] [1789635060.518854264] [vision_manager]: Book detected: xyz=(-0.093, 0.034, 0.400), center=(246, 267)
[INFO] [1789635060.689251050] [vision_manager]: Book detected: xyz=(-0.087, -0.180, 0.400), center=(251, 97)
[INFO] [1789635060.691101184] [vision_manager]: Book detected: xyz=(0.734, 0.005, 0.869), center=(588, 242)
[INFO] [1789635060.692635093] [vision_manager]: Book detected: xyz=(-0.123, -0.096, 0.544), center=(248, 184)
[INFO] [1789635060.694198517] [vision_manager]: Book detected: xyz=(0.641, 0.000, 0.869), center=(554, 240)
[INFO] [1789635060.695742188] [vision_manager]: Book detected: xyz=(-0.093, -0.021, 0.411), center=(248, 224)
[INFO] [1789635060.697312140] [vision_manager]: Book detected: xyz=(-0.093, 0.035, 0.400), center=(246, 268)
[INFO] [1789635060.847004175] [vision_manager]: Book detected: xyz=(-0.086, -0.180, 0.400), center=(252, 97)
[INFO] [1789635060.848459835] [vision_manager]: Book detected: xyz=(0.734, 0.005, 0.869), center=(588, 242)
[INFO] [1789635060.897999654] [vision_manager]: Book detected: xyz=(-0.123, -0.096, 0.544), center=(248, 184)
[INFO] [1789635060.898914001] [vision_manager]: Book detected: xyz=(0.644, 0.000, 0.869), center=(555, 240)
[INFO] [1789635060.899788768] [vision_manager]: Book detected: xyz=(-0.091, -0.022, 0.403), center=(248, 223)
[INFO] [1789635060.900642671] [vision_manager]: Book detected: xyz=(-0.092, 0.038, 0.400), center=(247, 270)
[INFO] [1789635061.061566578] [vision_manager]: Book detected: xyz=(-0.086, -0.180, 0.400), center=(252, 97)
[INFO] [1789635061.063409051] [vision_manager]: Book detected: xyz=(0.734, 0.005, 0.869), center=(588, 242)
[INFO] [1789635061.065183188] [vision_manager]: Book detected: xyz=(-0.112, -0.096, 0.507), center=(250, 180)
[INFO] [1789635061.066960569] [vision_manager]: Book detected: xyz=(0.649, 0.000, 0.869), center=(557, 240)
[INFO] [1789635061.068716203] [vision_manager]: Book detected: xyz=(-0.090, -0.022, 0.403), center=(249, 223)
[INFO] [1789635061.070219702] [vision_manager]: Book detected: xyz=(-0.091, 0.042, 0.400), center=(248, 273)
[INFO] [1789635061.230521422] [vision_manager]: Book detected: xyz=(-0.086, -0.180, 0.400), center=(252, 97)
[INFO] [1789635061.232612540] [vision_manager]: Book detected: xyz=(-0.115, -0.096, 0.516), center=(249, 181)
[INFO] [1789635061.234306926] [vision_manager]: Book detected: xyz=(0.734, 0.005, 0.869), center=(588, 242)
[INFO] [1789635061.235690621] [vision_manager]: Book detected: xyz=(0.636, 0.000, 0.869), center=(552, 240)
[INFO] [1789635061.237075025] [vision_manager]: Book detected: xyz=(-0.090, -0.022, 0.403), center=(249, 223)
[INFO] [1789635061.238393131] [vision_manager]: Book detected: xyz=(-0.091, 0.043, 0.400), center=(248, 274)
[INFO] [1789635061.355653532] [vision_manager]: Book detected: xyz=(-0.086, -0.180, 0.400), center=(252, 97)
[INFO] [1789635061.356685957] [vision_manager]: Book detected: xyz=(0.734, 0.005, 0.869), center=(588, 242)
[INFO] [1789635061.357652517] [vision_manager]: Book detected: xyz=(-0.112, -0.096, 0.499), center=(249, 179)
[INFO] [1789635061.358671148] [vision_manager]: Book detected: xyz=(0.630, 0.000, 0.869), center=(550, 240)
[INFO] [1789635061.359661944] [vision_manager]: Book detected: xyz=(-0.091, -0.025, 0.401), center=(248, 220)
[INFO] [1789635061.360768441] [vision_manager]: Book detected: xyz=(-0.092, 0.043, 0.400), center=(247, 274)
[INFO] [1789635061.487570665] [vision_manager]: Book detected: xyz=(-0.086, -0.180, 0.400), center=(252, 97)
[INFO] [1789635061.488757122] [vision_manager]: Book detected: xyz=(0.734, 0.005, 0.869), center=(588, 242)
[INFO] [1789635061.489828912] [vision_manager]: Book detected: xyz=(-0.112, -0.096, 0.499), center=(249, 179)
[INFO] [1789635061.490974577] [vision_manager]: Book detected: xyz=(0.644, 0.000, 0.869), center=(555, 240)
[INFO] [1789635061.492060387] [vision_manager]: Book detected: xyz=(-0.091, -0.022, 0.403), center=(248, 223)
[INFO] [1789635061.493121024] [vision_manager]: Book detected: xyz=(-0.092, 0.043, 0.400), center=(247, 274)
[INFO] [1789635061.645902109] [vision_manager]: Book detected: xyz=(-0.087, -0.180, 0.400), center=(251, 97)
[INFO] [1789635061.647294433] [vision_manager]: Book detected: xyz=(0.737, 0.005, 0.869), center=(589, 242)
[INFO] [1789635061.648606945] [vision_manager]: Book detected: xyz=(-0.110, -0.096, 0.491), center=(249, 178)
[INFO] [1789635061.649941969] [vision_manager]: Book detected: xyz=(0.658, 0.000, 0.869), center=(560, 240)
[INFO] [1789635061.651299464] [vision_manager]: Book detected: xyz=(-0.090, -0.023, 0.402), center=(249, 222)
[INFO] [1789635061.652666563] [vision_manager]: Book detected: xyz=(-0.091, 0.044, 0.400), center=(248, 275)
[INFO] [1789635061.777654373] [vision_manager]: Book detected: xyz=(-0.087, -0.180, 0.400), center=(251, 97)
[INFO] [1789635061.778833259] [vision_manager]: Book detected: xyz=(0.734, 0.005, 0.869), center=(588, 242)
[INFO] [1789635061.780035708] [vision_manager]: Book detected: xyz=(-0.112, -0.096, 0.499), center=(249, 179)
[INFO] [1789635061.781204505] [vision_manager]: Book detected: xyz=(0.636, 0.000, 0.869), center=(552, 240)
[INFO] [1789635061.782251156] [vision_manager]: Book detected: xyz=(-0.090, -0.023, 0.402), center=(249, 222)
[INFO] [1789635061.783270195] [vision_manager]: Book detected: xyz=(-0.090, 0.043, 0.400), center=(249, 274)
[INFO] [1789635061.909039538] [vision_manager]: Book detected: xyz=(-0.087, -0.180, 0.400), center=(251, 97)
[INFO] [1789635061.911168613] [vision_manager]: Book detected: xyz=(0.737, 0.005, 0.869), center=(589, 242)
[INFO] [1789635061.912947565] [vision_manager]: Book detected: xyz=(-0.115, -0.096, 0.516), center=(249, 181)
[INFO] [1789635061.914646456] [vision_manager]: Book detected: xyz=(0.658, 0.000, 0.869), center=(560, 240)
[INFO] [1789635061.916017603] [vision_manager]: Book detected: xyz=(-0.090, -0.022, 0.403), center=(249, 223)
[INFO] [1789635061.917406470] [vision_manager]: Book detected: xyz=(-0.091, 0.043, 0.400), center=(248, 274)
[INFO] [1789635062.064077431] [vision_manager]: Book detected: xyz=(-0.086, -0.180, 0.400), center=(252, 97)
[INFO] [1789635062.065473099] [vision_manager]: Book detected: xyz=(-0.112, -0.096, 0.507), center=(250, 180)
[INFO] [1789635062.066783096] [vision_manager]: Book detected: xyz=(0.734, 0.005, 0.869), center=(588, 242)
[INFO] [1789635062.068038707] [vision_manager]: Book detected: xyz=(0.644, 0.000, 0.869), center=(555, 240)
[INFO] [1789635062.069195169] [vision_manager]: Book detected: xyz=(-0.090, -0.023, 0.402), center=(249, 222)
[INFO] [1789635062.070321514] [vision_manager]: Book detected: xyz=(-0.091, 0.042, 0.400), center=(248, 273)
[INFO] [1789635062.195334912] [vision_manager]: Book detected: xyz=(-0.087, -0.179, 0.401), center=(251, 98)
[INFO] [1789635062.196397943] [vision_manager]: Book detected: xyz=(0.734, 0.005, 0.869), center=(588, 242)
[INFO] [1789635062.197398919] [vision_manager]: Book detected: xyz=(-0.115, -0.096, 0.507), center=(248, 180)
[INFO] [1789635062.198414424] [vision_manager]: Book detected: xyz=(0.638, 0.000, 0.869), center=(553, 240)
[INFO] [1789635062.199409813] [vision_manager]: Book detected: xyz=(-0.093, -0.021, 0.411), center=(248, 224)
[INFO] [1789635062.200414994] [vision_manager]: Book detected: xyz=(-0.092, 0.037, 0.400), center=(247, 269)
[INFO] [1789635062.353400280] [vision_manager]: Book detected: xyz=(-0.087, -0.179, 0.401), center=(251, 98)
[INFO] [1789635062.357522309] [vision_manager]: Book detected: xyz=(0.734, 0.005, 0.869), center=(588, 242)
[INFO] [1789635062.359071493] [vision_manager]: Book detected: xyz=(-0.114, -0.096, 0.507), center=(249, 180)
[INFO] [1789635062.360432776] [vision_manager]: Book detected: xyz=(0.655, 0.000, 0.869), center=(559, 240)
[INFO] [1789635062.361781758] [vision_manager]: Book detected: xyz=(-0.090, -0.022, 0.403), center=(249, 223)
[INFO] [1789635062.363152605] [vision_manager]: Book detected: xyz=(-0.092, 0.034, 0.400), center=(247, 267)
[INFO] [1789635062.512915161] [vision_manager]: Book detected: xyz=(-0.087, -0.179, 0.401), center=(251, 98)
[INFO] [1789635062.514297542] [vision_manager]: Book detected: xyz=(0.734, 0.005, 0.869), center=(588, 242)
[INFO] [1789635062.515617629] [vision_manager]: Book detected: xyz=(-0.115, -0.096, 0.516), center=(249, 181)
[INFO] [1789635062.516939540] [vision_manager]: Book detected: xyz=(0.647, 0.000, 0.869), center=(556, 240)
[INFO] [1789635062.518189573] [vision_manager]: Book detected: xyz=(-0.090, -0.022, 0.403), center=(249, 223)
[INFO] [1789635062.519323958] [vision_manager]: Book detected: xyz=(-0.092, 0.022, 0.402), center=(247, 257)
[INFO] [1789635062.674947339] [vision_manager]: Book detected: xyz=(-0.087, -0.179, 0.401), center=(251, 98)
[INFO] [1789635062.678553547] [vision_manager]: Book detected: xyz=(0.734, 0.005, 0.869), center=(588, 242)
[INFO] [1789635062.679949108] [vision_manager]: Book detected: xyz=(-0.114, -0.096, 0.507), center=(249, 180)
[INFO] [1789635062.680970145] [vision_manager]: Book detected: xyz=(0.633, 0.000, 0.869), center=(551, 240)
[INFO] [1789635062.682015375] [vision_manager]: Book detected: xyz=(-0.090, -0.022, 0.403), center=(249, 223)
[INFO] [1789635062.683027580] [vision_manager]: Book detected: xyz=(-0.092, 0.034, 0.400), center=(247, 267)
[INFO] [1789635062.826951141] [vision_manager]: Book detected: xyz=(-0.087, -0.180, 0.400), center=(251, 97)
[INFO] [1789635062.828093441] [vision_manager]: Book detected: xyz=(-0.114, -0.096, 0.507), center=(249, 180)
[INFO] [1789635062.829130003] [vision_manager]: Book detected: xyz=(0.737, 0.005, 0.869), center=(589, 242)
[INFO] [1789635062.830214091] [vision_manager]: Book detected: xyz=(0.636, 0.000, 0.869), center=(552, 240)
[INFO] [1789635062.831288894] [vision_manager]: Book detected: xyz=(-0.091, -0.022, 0.403), center=(248, 223)
[INFO] [1789635062.832310790] [vision_manager]: Book detected: xyz=(-0.092, 0.034, 0.400), center=(247, 267)
[INFO] [1789635062.982756715] [vision_manager]: Book detected: xyz=(-0.087, -0.180, 0.400), center=(251, 97)
[INFO] [1789635062.983970413] [vision_manager]: Book detected: xyz=(0.734, 0.005, 0.869), center=(588, 242)
[INFO] [1789635062.985176853] [vision_manager]: Book detected: xyz=(-0.114, -0.096, 0.507), center=(249, 180)
[INFO] [1789635062.986330598] [vision_manager]: Book detected: xyz=(0.633, 0.000, 0.869), center=(551, 240)
[INFO] [1789635062.987362457] [vision_manager]: Book detected: xyz=(-0.091, -0.025, 0.401), center=(248, 220)
[INFO] [1789635062.988393424] [vision_manager]: Book detected: xyz=(-0.092, 0.039, 0.400), center=(247, 271)
[INFO] [1789635063.124317968] [vision_manager]: Book detected: xyz=(-0.086, -0.180, 0.400), center=(252, 97)
[INFO] [1789635063.125715550] [vision_manager]: Book detected: xyz=(0.734, 0.005, 0.869), center=(588, 242)
[INFO] [1789635063.126860895] [vision_manager]: Book detected: xyz=(-0.114, -0.096, 0.507), center=(249, 180)
[INFO] [1789635063.127980447] [vision_manager]: Book detected: xyz=(0.611, 0.000, 0.869), center=(543, 240)
[INFO] [1789635063.129076593] [vision_manager]: Book detected: xyz=(-0.092, -0.021, 0.411), center=(249, 224)
[INFO] [1789635063.130185506] [vision_manager]: Book detected: xyz=(-0.091, 0.030, 0.400), center=(248, 264)
[INFO] [1789635063.282979764] [vision_manager]: Book detected: xyz=(-0.087, -0.180, 0.400), center=(251, 97)
[INFO] [1789635063.284309666] [vision_manager]: Book detected: xyz=(0.734, 0.005, 0.869), center=(588, 242)
[INFO] [1789635063.285594060] [vision_manager]: Book detected: xyz=(-0.114, -0.096, 0.507), center=(249, 180)
[INFO] [1789635063.286844223] [vision_manager]: Book detected: xyz=(0.649, 0.000, 0.869), center=(557, 240)
[INFO] [1789635063.288076018] [vision_manager]: Book detected: xyz=(-0.092, -0.021, 0.411), center=(249, 224)
[INFO] [1789635063.289236763] [vision_manager]: Book detected: xyz=(-0.091, 0.034, 0.400), center=(248, 267)
[INFO] [1789635063.412481549] [vision_manager]: Book detected: xyz=(-0.087, -0.180, 0.400), center=(251, 97)
[INFO] [1789635063.413675124] [vision_manager]: Book detected: xyz=(0.734, 0.005, 0.869), center=(588, 242)
[INFO] [1789635063.414828411] [vision_manager]: Book detected: xyz=(-0.115, -0.096, 0.516), center=(249, 181)
[INFO] [1789635063.415980124] [vision_manager]: Book detected: xyz=(0.644, 0.000, 0.869), center=(555, 240)
[INFO] [1789635063.417146767] [vision_manager]: Book detected: xyz=(-0.092, -0.021, 0.411), center=(249, 224)
[INFO] [1789635063.418185497] [vision_manager]: Book detected: xyz=(-0.091, 0.027, 0.401), center=(248, 261)
[INFO] [1789635063.559156567] [vision_manager]: Book detected: xyz=(-0.086, -0.180, 0.400), center=(252, 97)
[INFO] [1789635063.561196623] [vision_manager]: Book detected: xyz=(0.734, 0.005, 0.869), center=(588, 242)
[INFO] [1789635063.563553382] [vision_manager]: Book detected: xyz=(-0.126, -0.096, 0.563), center=(249, 186)
[INFO] [1789635063.565290319] [vision_manager]: Book detected: xyz=(0.647, 0.000, 0.869), center=(556, 240)
[INFO] [1789635063.566942362] [vision_manager]: Book detected: xyz=(-0.090, -0.022, 0.403), center=(249, 223)
[INFO] [1789635063.568549517] [vision_manager]: Book detected: xyz=(-0.092, 0.028, 0.401), center=(247, 262)
[INFO] [1789635063.731057193] [vision_manager]: Book detected: xyz=(-0.086, -0.180, 0.400), center=(252, 97)
[INFO] [1789635063.733094136] [vision_manager]: Book detected: xyz=(0.734, 0.005, 0.869), center=(588, 242)
[INFO] [1789635063.734768926] [vision_manager]: Book detected: xyz=(-0.127, -0.096, 0.554), center=(247, 185)
[INFO] [1789635063.736466649] [vision_manager]: Book detected: xyz=(0.647, 0.000, 0.869), center=(556, 240)
[INFO] [1789635063.738362451] [vision_manager]: Book detected: xyz=(-0.091, -0.022, 0.403), center=(248, 223)
[INFO] [1789635063.743742606] [vision_manager]: Book detected: xyz=(-0.093, 0.029, 0.400), center=(246, 263)
[INFO] [1789635063.902525220] [vision_manager]: Book detected: xyz=(-0.086, -0.180, 0.400), center=(252, 97)
[INFO] [1789635063.904083493] [vision_manager]: Book detected: xyz=(0.734, 0.005, 0.869), center=(588, 242)
[INFO] [1789635063.905393830] [vision_manager]: Book detected: xyz=(-0.110, -0.096, 0.491), center=(249, 178)
[INFO] [1789635063.906707721] [vision_manager]: Book detected: xyz=(0.663, 0.000, 0.869), center=(562, 240)
[INFO] [1789635063.908081129] [vision_manager]: Book detected: xyz=(-0.091, -0.027, 0.401), center=(248, 219)
[INFO] [1789635063.909481387] [vision_manager]: Book detected: xyz=(-0.092, 0.039, 0.400), center=(247, 271)
[INFO] [1789635064.077738749] [vision_manager]: Book detected: xyz=(-0.086, -0.180, 0.400), center=(252, 97)
[INFO] [1789635064.078808105] [vision_manager]: Book detected: xyz=(0.734, 0.005, 0.869), center=(588, 242)
[INFO] [1789635064.079818563] [vision_manager]: Book detected: xyz=(-0.112, -0.096, 0.499), center=(249, 179)
[INFO] [1789635064.080851185] [vision_manager]: Book detected: xyz=(0.641, 0.000, 0.869), center=(554, 240)
[INFO] [1789635064.081854460] [vision_manager]: Book detected: xyz=(-0.091, -0.028, 0.401), center=(248, 218)
[INFO] [1789635064.082846769] [vision_manager]: Book detected: xyz=(-0.092, 0.038, 0.400), center=(247, 270)
[INFO] [1789635064.224385918] [vision_manager]: Book detected: xyz=(-0.086, -0.180, 0.400), center=(252, 97)
[INFO] [1789635064.225987212] [vision_manager]: Book detected: xyz=(0.734, 0.005, 0.869), center=(588, 242)
[INFO] [1789635064.227468809] [vision_manager]: Book detected: xyz=(-0.115, -0.096, 0.507), center=(248, 180)
[INFO] [1789635064.228798719] [vision_manager]: Book detected: xyz=(0.625, 0.000, 0.869), center=(548, 240)
[INFO] [1789635064.230007731] [vision_manager]: Book detected: xyz=(-0.091, -0.027, 0.401), center=(248, 219)
[INFO] [1789635064.231249121] [vision_manager]: Book detected: xyz=(-0.093, 0.038, 0.400), center=(246, 270)
[INFO] [1789635064.362286757] [vision_manager]: Book detected: xyz=(-0.087, -0.179, 0.401), center=(251, 98)
[INFO] [1789635064.364126943] [vision_manager]: Book detected: xyz=(0.734, 0.005, 0.869), center=(588, 242)
[INFO] [1789635064.365628810] [vision_manager]: Book detected: xyz=(-0.112, -0.096, 0.499), center=(249, 179)
[INFO] [1789635064.366725833] [vision_manager]: Book detected: xyz=(0.619, 0.000, 0.869), center=(546, 240)
[INFO] [1789635064.367756971] [vision_manager]: Book detected: xyz=(-0.091, -0.027, 0.401), center=(248, 219)
[INFO] [1789635064.368778059] [vision_manager]: Book detected: xyz=(-0.093, 0.038, 0.400), center=(246, 270)
[INFO] [1789635064.497296075] [vision_manager]: Book detected: xyz=(-0.087, -0.179, 0.401), center=(251, 98)
[INFO] [1789635064.499097772] [vision_manager]: Book detected: xyz=(0.734, 0.005, 0.869), center=(588, 242)
[INFO] [1789635064.500714790] [vision_manager]: Book detected: xyz=(-0.113, -0.096, 0.499), center=(248, 179)
[INFO] [1789635064.502628029] [vision_manager]: Book detected: xyz=(0.627, 0.000, 0.869), center=(549, 240)
[INFO] [1789635064.504421073] [vision_manager]: Book detected: xyz=(-0.091, -0.025, 0.401), center=(248, 220)
[INFO] [1789635064.506033895] [vision_manager]: Book detected: xyz=(-0.093, 0.039, 0.400), center=(246, 271)
[INFO] [1789635064.659014341] [vision_manager]: Book detected: xyz=(-0.087, -0.180, 0.400), center=(251, 97)
[INFO] [1789635064.660772285] [vision_manager]: Book detected: xyz=(-0.112, -0.096, 0.507), center=(250, 180)
[INFO] [1789635064.662415278] [vision_manager]: Book detected: xyz=(0.734, 0.005, 0.869), center=(588, 242)
[INFO] [1789635064.664023204] [vision_manager]: Book detected: xyz=(0.633, 0.000, 0.869), center=(551, 240)
[INFO] [1789635064.665752012] [vision_manager]: Book detected: xyz=(-0.090, -0.028, 0.401), center=(249, 218)
[INFO] [1789635064.667494667] [vision_manager]: Book detected: xyz=(-0.091, 0.040, 0.400), center=(248, 272)
[INFO] [1789635064.802548585] [vision_manager]: Book detected: xyz=(-0.087, -0.180, 0.400), center=(251, 97)
[INFO] [1789635064.803617872] [vision_manager]: Book detected: xyz=(-0.112, -0.096, 0.507), center=(250, 180)
[INFO] [1789635064.804575137] [vision_manager]: Book detected: xyz=(0.734, 0.005, 0.869), center=(588, 242)
[INFO] [1789635064.805530727] [vision_manager]: Book detected: xyz=(0.625, 0.000, 0.869), center=(548, 240)
[INFO] [1789635064.806469641] [vision_manager]: Book detected: xyz=(-0.091, -0.053, 0.402), center=(248, 198)
[INFO] [1789635064.807391842] [vision_manager]: Book detected: xyz=(-0.092, 0.040, 0.400), center=(247, 272)
[INFO] [1789635064.950206312] [vision_manager]: Book detected: xyz=(-0.086, -0.180, 0.400), center=(252, 97)
[INFO] [1789635064.951266098] [vision_manager]: Book detected: xyz=(-0.114, -0.096, 0.507), center=(249, 180)
[INFO] [1789635064.952262047] [vision_manager]: Book detected: xyz=(0.734, 0.005, 0.869), center=(588, 242)
[INFO] [1789635064.953284396] [vision_manager]: Book detected: xyz=(0.627, 0.000, 0.869), center=(549, 240)
[INFO] [1789635064.954310620] [vision_manager]: Book detected: xyz=(-0.091, -0.027, 0.401), center=(248, 219)
[INFO] [1789635064.955306502] [vision_manager]: Book detected: xyz=(-0.092, 0.039, 0.400), center=(247, 271)
[INFO] [1789635065.099524131] [vision_manager]: Book detected: xyz=(-0.087, -0.180, 0.400), center=(251, 97)
[INFO] [1789635065.101392489] [vision_manager]: Book detected: xyz=(-0.115, -0.096, 0.516), center=(249, 181)
[INFO] [1789635065.102979866] [vision_manager]: Book detected: xyz=(0.734, 0.005, 0.869), center=(588, 242)
[INFO] [1789635065.104592354] [vision_manager]: Book detected: xyz=(0.627, 0.000, 0.869), center=(549, 240)
[INFO] [1789635065.106165907] [vision_manager]: Book detected: xyz=(-0.091, -0.025, 0.401), center=(248, 220)
[INFO] [1789635065.107767561] [vision_manager]: Book detected: xyz=(-0.092, 0.038, 0.400), center=(247, 270)
[INFO] [1789635065.243685676] [vision_manager]: Book detected: xyz=(-0.087, -0.180, 0.400), center=(251, 97)
[INFO] [1789635065.245032378] [vision_manager]: Book detected: xyz=(-0.114, -0.096, 0.507), center=(249, 180)
[INFO] [1789635065.246184059] [vision_manager]: Book detected: xyz=(0.734, 0.005, 0.869), center=(588, 242)
[INFO] [1789635065.247326787] [vision_manager]: Book detected: xyz=(0.625, 0.000, 0.869), center=(548, 240)
[INFO] [1789635065.248456193] [vision_manager]: Book detected: xyz=(-0.091, -0.027, 0.401), center=(248, 219)
[INFO] [1789635065.249534869] [vision_manager]: Book detected: xyz=(-0.091, 0.040, 0.400), center=(248, 272)
[INFO] [1789635065.402868597] [vision_manager]: Book detected: xyz=(-0.087, -0.180, 0.400), center=(251, 97)
[INFO] [1789635065.404248112] [vision_manager]: Book detected: xyz=(-0.110, -0.096, 0.499), center=(250, 179)
[INFO] [1789635065.405596750] [vision_manager]: Book detected: xyz=(0.734, 0.005, 0.869), center=(588, 242)
[INFO] [1789635065.406920677] [vision_manager]: Book detected: xyz=(0.608, 0.003, 0.869), center=(542, 241)
[INFO] [1789635065.408137268] [vision_manager]: Book detected: xyz=(-0.091, -0.055, 0.402), center=(248, 197)
[INFO] [1789635065.409316342] [vision_manager]: Book detected: xyz=(-0.091, 0.040, 0.400), center=(248, 272)
[INFO] [1789635065.542644310] [vision_manager]: Book detected: xyz=(-0.087, -0.180, 0.400), center=(251, 97)
[INFO] [1789635065.543697806] [vision_manager]: Book detected: xyz=(-0.107, -0.096, 0.483), center=(250, 177)
[INFO] [1789635065.544704947] [vision_manager]: Book detected: xyz=(0.734, 0.005, 0.869), center=(588, 242)
[INFO] [1789635065.545704216] [vision_manager]: Book detected: xyz=(0.410, 0.000, 0.593), center=(539, 240)
[INFO] [1789635065.546760461] [vision_manager]: Book detected: xyz=(-0.091, -0.043, 0.400), center=(248, 206)
[INFO] [1789635065.547764703] [vision_manager]: Book detected: xyz=(-0.091, 0.043, 0.400), center=(248, 274)
[INFO] [1789635065.679583108] [vision_manager]: Book detected: xyz=(-0.086, -0.180, 0.400), center=(252, 97)
[INFO] [1789635065.681264496] [vision_manager]: Book detected: xyz=(-0.110, -0.096, 0.499), center=(250, 179)
[INFO] [1789635065.682860849] [vision_manager]: Book detected: xyz=(0.734, 0.005, 0.869), center=(588, 242)
[INFO] [1789635065.685015837] [vision_manager]: Book detected: xyz=(0.616, 0.000, 0.869), center=(545, 240)
[INFO] [1789635065.686521366] [vision_manager]: Book detected: xyz=(-0.128, -0.085, 0.563), center=(248, 192)
[INFO] [1789635065.687927522] [vision_manager]: Book detected: xyz=(-0.091, 0.042, 0.400), center=(248, 273)
[INFO] [1789635065.803810424] [vision_manager]: Book detected: xyz=(-0.086, -0.179, 0.401), center=(252, 98)
[INFO] [1789635065.805005929] [vision_manager]: Book detected: xyz=(-0.110, -0.096, 0.507), center=(251, 180)
[INFO] [1789635065.806193666] [vision_manager]: Book detected: xyz=(0.734, 0.005, 0.869), center=(588, 242)
[INFO] [1789635065.807371685] [vision_manager]: Book detected: xyz=(0.625, 0.000, 0.869), center=(548, 240)
[INFO] [1789635065.808548426] [vision_manager]: Book detected: xyz=(-0.090, -0.029, 0.401), center=(249, 217)
[INFO] [1789635065.809705702] [vision_manager]: Book detected: xyz=(-0.090, 0.040, 0.400), center=(249, 272)
[INFO] [1789635065.980444612] [vision_manager]: Book detected: xyz=(-0.086, -0.179, 0.401), center=(252, 98)
[INFO] [1789635065.981861420] [vision_manager]: Book detected: xyz=(-0.110, -0.096, 0.499), center=(250, 179)
[INFO] [1789635065.983154240] [vision_manager]: Book detected: xyz=(0.734, 0.005, 0.869), center=(588, 242)
[INFO] [1789635065.984271845] [vision_manager]: Book detected: xyz=(0.611, 0.003, 0.869), center=(543, 241)
[INFO] [1789635065.985375556] [vision_manager]: Book detected: xyz=(-0.128, -0.082, 0.563), center=(248, 194)
[INFO] [1789635065.986471644] [vision_manager]: Book detected: xyz=(-0.091, 0.040, 0.400), center=(248, 272)
[INFO] [1789635065.987578139] [vision_manager]: Book detected: xyz=(-0.126, -0.007, 0.563), center=(249, 236)
[INFO] [1789635065.988279093] [vision_manager]: No placeable empty shelf position found
[INFO] [1789635066.134580560] [vision_manager]: Book detected: xyz=(-0.087, -0.179, 0.401), center=(251, 98)
[INFO] [1789635066.135637386] [vision_manager]: Book detected: xyz=(-0.110, -0.096, 0.499), center=(250, 179)
[INFO] [1789635066.136666168] [vision_manager]: Book detected: xyz=(0.734, 0.005, 0.869), center=(588, 242)
[INFO] [1789635066.137947735] [vision_manager]: Book detected: xyz=(0.619, 0.000, 0.869), center=(546, 240)
[INFO] [1789635066.139083563] [vision_manager]: Book detected: xyz=(-0.091, -0.053, 0.402), center=(248, 198)
[INFO] [1789635066.140088565] [vision_manager]: Book detected: xyz=(-0.090, 0.042, 0.400), center=(249, 273)
[INFO] [1789635066.305286698] [vision_manager]: Book detected: xyz=(-0.086, -0.179, 0.401), center=(252, 98)
[INFO] [1789635066.306783798] [vision_manager]: Book detected: xyz=(-0.114, -0.096, 0.516), center=(250, 181)
[INFO] [1789635066.307988666] [vision_manager]: Book detected: xyz=(0.734, 0.005, 0.869), center=(588, 242)
[INFO] [1789635066.309544971] [vision_manager]: Book detected: xyz=(0.622, 0.000, 0.869), center=(547, 240)
[INFO] [1789635066.311494972] [vision_manager]: Book detected: xyz=(-0.092, -0.021, 0.411), center=(249, 224)
[INFO] [1789635066.313436342] [vision_manager]: Book detected: xyz=(-0.090, 0.040, 0.400), center=(249, 272)
[INFO] [1789635066.452945951] [vision_manager]: Book detected: xyz=(-0.086, -0.180, 0.400), center=(252, 97)
[INFO] [1789635066.454004596] [vision_manager]: Book detected: xyz=(-0.112, -0.096, 0.507), center=(250, 180)
[INFO] [1789635066.454975284] [vision_manager]: Book detected: xyz=(0.734, 0.005, 0.869), center=(588, 242)
[INFO] [1789635066.456729633] [vision_manager]: Book detected: xyz=(0.616, 0.000, 0.869), center=(545, 240)
[INFO] [1789635066.457712133] [vision_manager]: Book detected: xyz=(-0.092, -0.021, 0.411), center=(249, 224)
[INFO] [1789635066.458681585] [vision_manager]: Book detected: xyz=(-0.090, 0.042, 0.400), center=(249, 273)
[INFO] [1789635066.630479215] [vision_manager]: Book detected: xyz=(-0.086, -0.180, 0.400), center=(252, 97)
[INFO] [1789635066.631946611] [vision_manager]: Book detected: xyz=(-0.112, -0.096, 0.507), center=(250, 180)
[INFO] [1789635066.633263177] [vision_manager]: Book detected: xyz=(0.734, 0.005, 0.869), center=(588, 242)
[INFO] [1789635066.634623122] [vision_manager]: Book detected: xyz=(0.411, 0.000, 0.593), center=(540, 240)
[INFO] [1789635066.635960691] [vision_manager]: Book detected: xyz=(-0.092, -0.021, 0.411), center=(249, 224)
[INFO] [1789635066.637314939] [vision_manager]: Book detected: xyz=(-0.090, 0.040, 0.400), center=(249, 272)
[INFO] [1789635066.770104862] [vision_manager]: Book detected: xyz=(-0.087, -0.180, 0.400), center=(251, 97)
[INFO] [1789635066.771303273] [vision_manager]: Book detected: xyz=(-0.114, -0.096, 0.516), center=(250, 181)
[INFO] [1789635066.772435593] [vision_manager]: Book detected: xyz=(0.734, 0.005, 0.869), center=(588, 242)
[INFO] [1789635066.773566457] [vision_manager]: Book detected: xyz=(0.630, 0.000, 0.869), center=(550, 240)
[INFO] [1789635066.774736448] [vision_manager]: Book detected: xyz=(-0.092, -0.021, 0.411), center=(249, 224)
[INFO] [1789635066.775747699] [vision_manager]: Book detected: xyz=(-0.090, 0.042, 0.400), center=(249, 273)
[INFO] [1789635066.911298663] [vision_manager]: Book detected: xyz=(-0.087, -0.180, 0.400), center=(251, 97)
[INFO] [1789635066.912492728] [vision_manager]: Book detected: xyz=(-0.114, -0.096, 0.516), center=(250, 181)
[INFO] [1789635066.913649040] [vision_manager]: Book detected: xyz=(0.734, 0.005, 0.869), center=(588, 242)
[INFO] [1789635066.914837294] [vision_manager]: Book detected: xyz=(0.630, 0.000, 0.869), center=(550, 240)
[INFO] [1789635066.916002712] [vision_manager]: Book detected: xyz=(-0.090, -0.028, 0.401), center=(249, 218)
[INFO] [1789635066.917165773] [vision_manager]: Book detected: xyz=(-0.090, 0.042, 0.400), center=(249, 273)
[INFO] [1789635067.041478631] [vision_manager]: Book detected: xyz=(-0.087, -0.180, 0.400), center=(251, 97)
[INFO] [1789635067.043172392] [vision_manager]: Book detected: xyz=(-0.114, -0.096, 0.516), center=(250, 181)
[INFO] [1789635067.044788780] [vision_manager]: Book detected: xyz=(0.734, 0.005, 0.869), center=(588, 242)
[INFO] [1789635067.046144160] [vision_manager]: Book detected: xyz=(0.636, 0.000, 0.869), center=(552, 240)
[INFO] [1789635067.047616337] [vision_manager]: Book detected: xyz=(-0.090, -0.022, 0.403), center=(249, 223)
[INFO] [1789635067.049062154] [vision_manager]: Book detected: xyz=(-0.090, 0.042, 0.400), center=(249, 273)
[INFO] [1789635067.165512841] [vision_manager]: Book detected: xyz=(-0.087, -0.180, 0.400), center=(251, 97)
[INFO] [1789635067.166741695] [vision_manager]: Book detected: xyz=(-0.116, -0.096, 0.525), center=(250, 182)
[INFO] [1789635067.167902247] [vision_manager]: Book detected: xyz=(0.734, 0.005, 0.869), center=(588, 242)
[INFO] [1789635067.169347708] [vision_manager]: Book detected: xyz=(0.622, 0.000, 0.869), center=(547, 240)
[INFO] [1789635067.171316470] [vision_manager]: Book detected: xyz=(-0.092, -0.021, 0.411), center=(249, 224)
[INFO] [1789635067.172937694] [vision_manager]: Book detected: xyz=(-0.090, 0.040, 0.400), center=(249, 272)
[INFO] [1789635067.287978558] [vision_manager]: Book detected: xyz=(-0.088, -0.180, 0.400), center=(250, 97)
[INFO] [1789635067.289089874] [vision_manager]: Book detected: xyz=(-0.114, -0.096, 0.516), center=(250, 181)
[INFO] [1789635067.290148873] [vision_manager]: Book detected: xyz=(0.734, 0.005, 0.869), center=(588, 242)
[INFO] [1789635067.291199858] [vision_manager]: Book detected: xyz=(0.614, 0.000, 0.869), center=(544, 240)
[INFO] [1789635067.292240635] [vision_manager]: Book detected: xyz=(-0.090, -0.024, 0.402), center=(249, 221)
[INFO] [1789635067.293284486] [vision_manager]: Book detected: xyz=(-0.090, 0.039, 0.400), center=(249, 271)
[INFO] [1789635067.445159903] [vision_manager]: Book detected: xyz=(-0.086, -0.180, 0.400), center=(252, 97)
[INFO] [1789635067.446236858] [vision_manager]: Book detected: xyz=(-0.114, -0.096, 0.516), center=(250, 181)
[INFO] [1789635067.447221075] [vision_manager]: Book detected: xyz=(0.734, 0.005, 0.869), center=(588, 242)
[INFO] [1789635067.448273732] [vision_manager]: Book detected: xyz=(0.411, 0.000, 0.593), center=(540, 240)
[INFO] [1789635067.449293281] [vision_manager]: Book detected: xyz=(-0.089, -0.025, 0.401), center=(250, 220)
[INFO] [1789635067.450305542] [vision_manager]: Book detected: xyz=(-0.090, 0.039, 0.400), center=(249, 271)
[INFO] [1789635067.585280675] [vision_manager]: Book detected: xyz=(-0.086, -0.180, 0.400), center=(252, 97)
[INFO] [1789635067.586569108] [vision_manager]: Book detected: xyz=(-0.112, -0.096, 0.507), center=(250, 180)
[INFO] [1789635067.587837675] [vision_manager]: Book detected: xyz=(0.734, 0.005, 0.869), center=(588, 242)
[INFO] [1789635067.589093829] [vision_manager]: Book detected: xyz=(0.606, 0.000, 0.869), center=(541, 240)
[INFO] [1789635067.590289801] [vision_manager]: Book detected: xyz=(-0.090, -0.022, 0.403), center=(249, 223)
[INFO] [1789635067.591481965] [vision_manager]: Book detected: xyz=(-0.090, 0.040, 0.400), center=(249, 272)
[INFO] [1789635067.746342190] [vision_manager]: Book detected: xyz=(-0.086, -0.180, 0.400), center=(252, 97)
[INFO] [1789635067.747820226] [vision_manager]: Book detected: xyz=(-0.112, -0.096, 0.516), center=(251, 181)
[INFO] [1789635067.749168176] [vision_manager]: Book detected: xyz=(0.734, 0.005, 0.869), center=(588, 242)
[INFO] [1789635067.750511382] [vision_manager]: Book detected: xyz=(0.630, 0.000, 0.869), center=(550, 240)
[INFO] [1789635067.751847343] [vision_manager]: Book detected: xyz=(-0.090, -0.022, 0.403), center=(249, 223)
[INFO] [1789635067.753205916] [vision_manager]: Book detected: xyz=(-0.090, 0.040, 0.400), center=(249, 272)
[INFO] [1789635067.881466008] [vision_manager]: Book detected: xyz=(-0.086, -0.180, 0.400), center=(252, 97)
[INFO] [1789635067.882598837] [vision_manager]: Book detected: xyz=(-0.114, -0.096, 0.516), center=(250, 181)
[INFO] [1789635067.883681796] [vision_manager]: Book detected: xyz=(0.734, 0.005, 0.869), center=(588, 242)
[INFO] [1789635067.884686621] [vision_manager]: Book detected: xyz=(0.616, 0.000, 0.869), center=(545, 240)
[INFO] [1789635067.885682834] [vision_manager]: Book detected: xyz=(-0.090, -0.022, 0.403), center=(249, 223)
[INFO] [1789635068.017833312] [vision_manager]: Book detected: xyz=(-0.086, -0.180, 0.400), center=(252, 97)
[INFO] [1789635068.019524082] [vision_manager]: Book detected: xyz=(-0.114, -0.096, 0.516), center=(250, 181)
[INFO] [1789635068.021183914] [vision_manager]: Book detected: xyz=(0.734, 0.005, 0.869), center=(588, 242)
[INFO] [1789635068.022806945] [vision_manager]: Book detected: xyz=(0.625, 0.000, 0.869), center=(548, 240)
[INFO] [1789635068.024549816] [vision_manager]: Book detected: xyz=(-0.092, -0.021, 0.411), center=(249, 224)
[INFO] [1789635068.026191150] [vision_manager]: Book detected: xyz=(-0.090, 0.040, 0.400), center=(249, 272)
[INFO] [1789635068.157357812] [vision_manager]: Book detected: xyz=(-0.086, -0.180, 0.400), center=(252, 97)
[INFO] [1789635068.158508061] [vision_manager]: Book detected: xyz=(-0.110, -0.096, 0.499), center=(250, 179)
[INFO] [1789635068.159600544] [vision_manager]: Book detected: xyz=(0.734, 0.005, 0.869), center=(588, 242)
[INFO] [1789635068.160671895] [vision_manager]: Book detected: xyz=(0.636, 0.000, 0.869), center=(552, 240)
[INFO] [1789635068.161735981] [vision_manager]: Book detected: xyz=(-0.090, 0.040, 0.400), center=(249, 272)
[INFO] [1789635068.162805164] [vision_manager]: Book detected: xyz=(-0.126, -0.012, 0.563), center=(249, 233)
[INFO] [1789635068.163474873] [vision_manager]: No placeable empty shelf position found
[INFO] [1789635068.383695331] [vision_manager]: Book detected: xyz=(-0.086, -0.179, 0.401), center=(252, 98)
[INFO] [1789635068.385558168] [vision_manager]: Book detected: xyz=(-0.110, -0.096, 0.499), center=(250, 179)
[INFO] [1789635068.392536567] [vision_manager]: Book detected: xyz=(0.734, 0.005, 0.869), center=(588, 242)
[INFO] [1789635068.393670327] [vision_manager]: Book detected: xyz=(0.625, 0.000, 0.869), center=(548, 240)
[INFO] [1789635068.396237117] [vision_manager]: Book detected: xyz=(-0.090, -0.030, 0.400), center=(249, 216)
[INFO] [1789635068.397893124] [vision_manager]: Book detected: xyz=(-0.090, 0.040, 0.400), center=(249, 272)
[INFO] [1789635068.901826348] [vision_manager]: Book detected: xyz=(-0.086, -0.179, 0.401), center=(252, 98)
[INFO] [1789635068.904118416] [vision_manager]: Book detected: xyz=(-0.114, -0.096, 0.516), center=(250, 181)
[INFO] [1789635068.906173449] [vision_manager]: Book detected: xyz=(0.734, 0.005, 0.869), center=(588, 242)
[INFO] [1789635068.908237657] [vision_manager]: Book detected: xyz=(0.633, 0.000, 0.869), center=(551, 240)
[INFO] [1789635068.910466348] [vision_manager]: Book detected: xyz=(-0.090, -0.022, 0.403), center=(249, 223)
[INFO] [1789635068.917309744] [vision_manager]: Book detected: xyz=(-0.090, 0.042, 0.400), center=(249, 273)
[INFO] [1789635069.246335360] [vision_manager]: Book detected: xyz=(-0.086, -0.179, 0.401), center=(252, 98)
[INFO] [1789635069.248496940] [vision_manager]: Book detected: xyz=(-0.108, -0.096, 0.491), center=(250, 178)
[INFO] [1789635069.250462330] [vision_manager]: Book detected: xyz=(0.734, 0.005, 0.869), center=(588, 242)
[INFO] [1789635069.252225668] [vision_manager]: Book detected: xyz=(0.638, 0.000, 0.869), center=(553, 240)
[INFO] [1789635069.253960068] [vision_manager]: Book detected: xyz=(-0.128, -0.087, 0.563), center=(248, 191)
[INFO] [1789635069.255778702] [vision_manager]: Book detected: xyz=(-0.091, 0.040, 0.400), center=(248, 272)
[INFO] [1789635069.482066159] [vision_manager]: Book detected: xyz=(-0.086, -0.180, 0.400), center=(252, 97)
[INFO] [1789635069.484773404] [vision_manager]: Book detected: xyz=(-0.110, -0.096, 0.499), center=(250, 179)
[INFO] [1789635069.486961810] [vision_manager]: Book detected: xyz=(0.734, 0.005, 0.869), center=(588, 242)
[INFO] [1789635069.488416051] [vision_manager]: Book detected: xyz=(0.644, 0.000, 0.869), center=(555, 240)
[INFO] [1789635069.489485623] [vision_manager]: Book detected: xyz=(-0.090, 0.042, 0.400), center=(249, 273)
[INFO] [1789635069.490499234] [vision_manager]: Book detected: xyz=(-0.126, -0.011, 0.563), center=(249, 234)
[INFO] [1789635069.491040840] [vision_manager]: No placeable empty shelf position found
[INFO] [1789635069.688952641] [vision_manager]: Book detected: xyz=(-0.086, -0.180, 0.400), center=(252, 97)
[INFO] [1789635069.691043009] [vision_manager]: Book detected: xyz=(-0.112, -0.096, 0.516), center=(251, 181)
[INFO] [1789635069.692822272] [vision_manager]: Book detected: xyz=(0.734, 0.005, 0.869), center=(588, 242)
[INFO] [1789635069.694678443] [vision_manager]: Book detected: xyz=(0.644, 0.000, 0.869), center=(555, 240)
[INFO] [1789635069.696448492] [vision_manager]: Book detected: xyz=(-0.098, -0.021, 0.439), center=(249, 225)
[INFO] [1789635069.833306194] [vision_manager]: Book detected: xyz=(-0.086, -0.180, 0.400), center=(252, 97)
[INFO] [1789635069.834379538] [vision_manager]: Book detected: xyz=(-0.114, -0.096, 0.516), center=(250, 181)
[INFO] [1789635069.835233017] [vision_manager]: Book detected: xyz=(0.734, 0.005, 0.869), center=(588, 242)
[INFO] [1789635069.836436001] [vision_manager]: Book detected: xyz=(0.660, 0.000, 0.869), center=(561, 240)
[INFO] [1789635069.837646738] [vision_manager]: Book detected: xyz=(-0.089, -0.023, 0.402), center=(250, 222)
[INFO] [1789635069.838917822] [vision_manager]: Book detected: xyz=(-0.090, 0.040, 0.400), center=(249, 272)
[INFO] [1789635070.011805368] [vision_manager]: Book detected: xyz=(-0.086, -0.179, 0.401), center=(252, 98)
[INFO] [1789635070.013022496] [vision_manager]: Book detected: xyz=(-0.114, -0.096, 0.525), center=(251, 182)
[INFO] [1789635070.014174166] [vision_manager]: Book detected: xyz=(0.734, 0.005, 0.869), center=(588, 242)
[INFO] [1789635070.015344255] [vision_manager]: Book detected: xyz=(0.641, 0.000, 0.869), center=(554, 240)
[INFO] [1789635070.016458761] [vision_manager]: Book detected: xyz=(-0.098, -0.021, 0.439), center=(249, 225)
[INFO] [1789635070.148279377] [vision_manager]: Book detected: xyz=(-0.086, -0.179, 0.401), center=(252, 98)
[INFO] [1789635070.149395876] [vision_manager]: Book detected: xyz=(-0.118, -0.096, 0.534), center=(250, 183)
[INFO] [1789635070.150445765] [vision_manager]: Book detected: xyz=(0.734, 0.005, 0.869), center=(588, 242)
[INFO] [1789635070.151471355] [vision_manager]: Book detected: xyz=(0.638, 0.000, 0.869), center=(553, 240)
[INFO] [1789635070.152541167] [vision_manager]: Book detected: xyz=(-0.116, -0.021, 0.511), center=(248, 227)
[INFO] [1789635070.153261322] [vision_manager]: No placeable empty shelf position found
[INFO] [1789635070.270672988] [vision_manager]: Book detected: xyz=(-0.086, -0.180, 0.400), center=(252, 97)
[INFO] [1789635070.271723395] [vision_manager]: Book detected: xyz=(-0.118, -0.096, 0.534), center=(250, 183)
[INFO] [1789635070.272707774] [vision_manager]: Book detected: xyz=(0.734, 0.005, 0.869), center=(588, 242)
[INFO] [1789635070.273712225] [vision_manager]: Book detected: xyz=(0.622, 0.000, 0.869), center=(547, 240)
[INFO] [1789635070.274719044] [vision_manager]: Book detected: xyz=(-0.090, -0.028, 0.401), center=(249, 218)
[INFO] [1789635070.382777224] [vision_manager]: Book detected: xyz=(-0.086, -0.179, 0.401), center=(252, 98)
[INFO] [1789635070.383926047] [vision_manager]: Book detected: xyz=(-0.118, -0.096, 0.534), center=(250, 183)
[INFO] [1789635070.384862296] [vision_manager]: Book detected: xyz=(0.734, 0.005, 0.869), center=(588, 242)
[INFO] [1789635070.385795716] [vision_manager]: Book detected: xyz=(0.636, 0.000, 0.869), center=(552, 240)
[INFO] [1789635070.386724180] [vision_manager]: Book detected: xyz=(-0.114, -0.021, 0.511), center=(249, 227)
[INFO] [1789635070.387375036] [vision_manager]: No placeable empty shelf position found
[INFO] [1789635070.546078279] [vision_manager]: Book detected: xyz=(-0.086, -0.179, 0.401), center=(252, 98)
[INFO] [1789635070.547335884] [vision_manager]: Book detected: xyz=(-0.118, -0.096, 0.534), center=(250, 183)
[INFO] [1789635070.548437922] [vision_manager]: Book detected: xyz=(0.734, 0.005, 0.869), center=(588, 242)
[INFO] [1789635070.549374154] [vision_manager]: Book detected: xyz=(0.644, 0.000, 0.869), center=(555, 240)
[INFO] [1789635070.550300535] [vision_manager]: Book detected: xyz=(-0.092, -0.021, 0.411), center=(249, 224)
[INFO] [1789635070.753174645] [vision_manager]: Book detected: xyz=(-0.086, -0.180, 0.400), center=(252, 97)
[INFO] [1789635070.754733814] [vision_manager]: Book detected: xyz=(-0.116, -0.096, 0.534), center=(251, 183)
[INFO] [1789635070.756530596] [vision_manager]: Book detected: xyz=(0.734, 0.005, 0.869), center=(588, 242)
[INFO] [1789635070.757945492] [vision_manager]: Book detected: xyz=(0.636, 0.000, 0.869), center=(552, 240)
[INFO] [1789635070.759125236] [vision_manager]: Book detected: xyz=(-0.113, -0.021, 0.511), center=(250, 227)
[INFO] [1789635070.760100777] [vision_manager]: No placeable empty shelf position found
[INFO] [1789635070.934635588] [vision_manager]: Book detected: xyz=(-0.086, -0.180, 0.400), center=(252, 97)
[INFO] [1789635070.935601878] [vision_manager]: Book detected: xyz=(-0.118, -0.096, 0.544), center=(251, 184)
[INFO] [1789635070.936553036] [vision_manager]: Book detected: xyz=(0.734, 0.005, 0.869), center=(588, 242)
[INFO] [1789635070.937664019] [vision_manager]: Book detected: xyz=(0.622, 0.000, 0.869), center=(547, 240)
[INFO] [1789635070.938681031] [vision_manager]: Book detected: xyz=(-0.124, -0.021, 0.556), center=(249, 228)
[INFO] [1789635070.939429752] [vision_manager]: No placeable empty shelf position found
[INFO] [1789635071.090988587] [vision_manager]: Book detected: xyz=(-0.086, -0.180, 0.400), center=(252, 97)
[INFO] [1789635071.092793086] [vision_manager]: Book detected: xyz=(-0.118, -0.096, 0.534), center=(250, 183)
[INFO] [1789635071.093916933] [vision_manager]: Book detected: xyz=(0.734, 0.005, 0.869), center=(588, 242)
[INFO] [1789635071.094875514] [vision_manager]: Book detected: xyz=(0.614, 0.000, 0.869), center=(544, 240)
[INFO] [1789635071.095791859] [vision_manager]: Book detected: xyz=(-0.104, -0.021, 0.472), center=(250, 226)
[INFO] [1789635071.096454674] [vision_manager]: No placeable empty shelf position found
[INFO] [1789635071.247000862] [vision_manager]: Book detected: xyz=(-0.087, -0.179, 0.401), center=(251, 98)
[INFO] [1789635071.248368527] [vision_manager]: Book detected: xyz=(-0.120, -0.096, 0.544), center=(250, 184)
[INFO] [1789635071.249461527] [vision_manager]: Book detected: xyz=(0.734, 0.005, 0.869), center=(588, 242)
[INFO] [1789635071.250499971] [vision_manager]: Book detected: xyz=(0.625, 0.000, 0.869), center=(548, 240)
[INFO] [1789635071.251672925] [vision_manager]: Book detected: xyz=(-0.089, -0.023, 0.402), center=(250, 222)
[INFO] [1789635071.385783550] [vision_manager]: Book detected: xyz=(-0.086, -0.180, 0.400), center=(252, 97)
[INFO] [1789635071.386730897] [vision_manager]: Book detected: xyz=(-0.116, -0.096, 0.525), center=(250, 182)
[INFO] [1789635071.387883542] [vision_manager]: Book detected: xyz=(0.734, 0.005, 0.869), center=(588, 242)
[INFO] [1789635071.388792816] [vision_manager]: Book detected: xyz=(0.625, 0.000, 0.869), center=(548, 240)
[INFO] [1789635071.389935764] [vision_manager]: Book detected: xyz=(-0.114, -0.021, 0.511), center=(249, 227)
[INFO] [1789635071.390598814] [vision_manager]: No placeable empty shelf position found
[INFO] [1789635071.537026685] [vision_manager]: Book detected: xyz=(-0.087, -0.179, 0.401), center=(251, 98)
[INFO] [1789635071.537994642] [vision_manager]: Book detected: xyz=(-0.114, -0.096, 0.516), center=(250, 181)
[INFO] [1789635071.539143477] [vision_manager]: Book detected: xyz=(0.734, 0.005, 0.869), center=(588, 242)
[INFO] [1789635071.539994409] [vision_manager]: Book detected: xyz=(0.630, 0.000, 0.869), center=(550, 240)
[INFO] [1789635071.540862622] [vision_manager]: Book detected: xyz=(-0.106, -0.021, 0.472), center=(249, 226)
[INFO] [1789635071.541921253] [vision_manager]: Book detected: xyz=(-0.090, 0.040, 0.400), center=(249, 272)
[INFO] [1789635071.542503988] [vision_manager]: No placeable empty shelf position found
[INFO] [1789635071.780133497] [vision_manager]: Book detected: xyz=(-0.087, -0.180, 0.400), center=(251, 97)
[INFO] [1789635071.781279338] [vision_manager]: Book detected: xyz=(-0.112, -0.096, 0.507), center=(250, 180)
[INFO] [1789635071.782320431] [vision_manager]: Book detected: xyz=(0.734, 0.005, 0.869), center=(588, 242)
[INFO] [1789635071.783356532] [vision_manager]: Book detected: xyz=(0.630, 0.000, 0.869), center=(550, 240)
[INFO] [1789635071.784405199] [vision_manager]: Book detected: xyz=(-0.106, -0.021, 0.472), center=(249, 226)
[INFO] [1789635071.785408713] [vision_manager]: Book detected: xyz=(-0.090, 0.040, 0.400), center=(249, 272)
[INFO] [1789635071.786056869] [vision_manager]: No placeable empty shelf position found
[INFO] [1789635071.940898610] [vision_manager]: Book detected: xyz=(-0.086, -0.180, 0.400), center=(252, 97)
[INFO] [1789635071.942190546] [vision_manager]: Book detected: xyz=(-0.110, -0.096, 0.507), center=(251, 180)
[INFO] [1789635071.943443136] [vision_manager]: Book detected: xyz=(0.734, 0.005, 0.869), center=(588, 242)
[INFO] [1789635071.944740332] [vision_manager]: Book detected: xyz=(0.641, 0.000, 0.869), center=(554, 240)
[INFO] [1789635071.945996687] [vision_manager]: Book detected: xyz=(-0.089, -0.023, 0.402), center=(250, 222)
[INFO] [1789635071.947220017] [vision_manager]: Book detected: xyz=(-0.088, 0.040, 0.400), center=(250, 272)
[INFO] [1789635072.110152446] [vision_manager]: Book detected: xyz=(-0.086, -0.180, 0.400), center=(252, 97)
[INFO] [1789635072.111713769] [vision_manager]: Book detected: xyz=(-0.112, -0.096, 0.507), center=(250, 180)
[INFO] [1789635072.113004135] [vision_manager]: Book detected: xyz=(0.734, 0.005, 0.869), center=(588, 242)
[INFO] [1789635072.114344127] [vision_manager]: Book detected: xyz=(0.641, 0.000, 0.869), center=(554, 240)
[INFO] [1789635072.115706927] [vision_manager]: Book detected: xyz=(-0.098, -0.021, 0.439), center=(249, 225)
[INFO] [1789635072.116972305] [vision_manager]: Book detected: xyz=(-0.088, 0.039, 0.400), center=(250, 271)
[INFO] [1789635072.259325861] [vision_manager]: Book detected: xyz=(-0.086, -0.180, 0.400), center=(252, 97)
[INFO] [1789635072.260999160] [vision_manager]: Book detected: xyz=(-0.112, -0.096, 0.507), center=(250, 180)
[INFO] [1789635072.263991933] [vision_manager]: Book detected: xyz=(0.734, 0.005, 0.869), center=(588, 242)
[INFO] [1789635072.265817866] [vision_manager]: Book detected: xyz=(0.649, 0.000, 0.869), center=(557, 240)
[INFO] [1789635072.267232090] [vision_manager]: Book detected: xyz=(-0.098, -0.021, 0.439), center=(249, 225)
[INFO] [1789635072.268621204] [vision_manager]: Book detected: xyz=(-0.088, 0.035, 0.400), center=(250, 268)
[INFO] [1789635072.409320736] [vision_manager]: Book detected: xyz=(-0.086, -0.180, 0.400), center=(252, 97)
[INFO] [1789635072.410964396] [vision_manager]: Book detected: xyz=(-0.112, -0.096, 0.507), center=(250, 180)
[INFO] [1789635072.412438732] [vision_manager]: Book detected: xyz=(0.734, 0.005, 0.869), center=(588, 242)
[INFO] [1789635072.414015280] [vision_manager]: Book detected: xyz=(0.652, 0.000, 0.869), center=(558, 240)
[INFO] [1789635072.415645278] [vision_manager]: Book detected: xyz=(-0.091, -0.040, 0.400), center=(248, 208)
[INFO] [1789635072.417349763] [vision_manager]: Book detected: xyz=(-0.088, 0.039, 0.400), center=(250, 271)
[INFO] [1789635072.582932647] [vision_manager]: Book detected: xyz=(-0.086, -0.180, 0.400), center=(252, 97)
[INFO] [1789635072.584035225] [vision_manager]: Book detected: xyz=(-0.114, -0.096, 0.516), center=(250, 181)
[INFO] [1789635072.585237619] [vision_manager]: Book detected: xyz=(0.734, 0.005, 0.869), center=(588, 242)
[INFO] [1789635072.586370035] [vision_manager]: Book detected: xyz=(0.655, 0.000, 0.869), center=(559, 240)
[INFO] [1789635072.587492938] [vision_manager]: Book detected: xyz=(-0.090, -0.025, 0.401), center=(249, 220)
[INFO] [1789635072.588985378] [vision_manager]: Book detected: xyz=(-0.090, 0.037, 0.400), center=(249, 269)
[INFO] [1789635072.751904029] [vision_manager]: Book detected: xyz=(-0.086, -0.180, 0.400), center=(252, 97)
[INFO] [1789635072.753125810] [vision_manager]: Book detected: xyz=(-0.114, -0.096, 0.516), center=(250, 181)
[INFO] [1789635072.754285097] [vision_manager]: Book detected: xyz=(0.734, 0.005, 0.869), center=(588, 242)
[INFO] [1789635072.757361299] [vision_manager]: Book detected: xyz=(0.649, 0.000, 0.869), center=(557, 240)
[INFO] [1789635072.758714941] [vision_manager]: Book detected: xyz=(-0.089, -0.024, 0.402), center=(250, 221)
[INFO] [1789635072.759839418] [vision_manager]: Book detected: xyz=(-0.090, 0.037, 0.400), center=(249, 269)
[INFO] [1789635072.917612907] [vision_manager]: Book detected: xyz=(-0.086, -0.180, 0.400), center=(252, 97)
[INFO] [1789635072.918815694] [vision_manager]: Book detected: xyz=(-0.114, -0.096, 0.516), center=(250, 181)
[INFO] [1789635072.919971944] [vision_manager]: Book detected: xyz=(0.734, 0.005, 0.869), center=(588, 242)
[INFO] [1789635072.921128168] [vision_manager]: Book detected: xyz=(0.649, 0.000, 0.869), center=(557, 240)
[INFO] [1789635072.922367117] [vision_manager]: Book detected: xyz=(-0.090, -0.025, 0.401), center=(249, 220)
[INFO] [1789635072.924368116] [vision_manager]: Book detected: xyz=(-0.090, 0.034, 0.400), center=(249, 267)
[INFO] [1789635073.097437353] [vision_manager]: Book detected: xyz=(-0.086, -0.180, 0.400), center=(252, 97)
[INFO] [1789635073.098693219] [vision_manager]: Book detected: xyz=(-0.116, -0.096, 0.525), center=(250, 182)
[INFO] [1789635073.099894745] [vision_manager]: Book detected: xyz=(0.734, 0.005, 0.869), center=(588, 242)
[INFO] [1789635073.101104289] [vision_manager]: Book detected: xyz=(0.630, 0.003, 0.869), center=(550, 241)
[INFO] [1789635073.102311092] [vision_manager]: Book detected: xyz=(-0.089, -0.023, 0.402), center=(250, 222)
[INFO] [1789635073.249565503] [vision_manager]: Book detected: xyz=(-0.086, -0.180, 0.400), center=(252, 97)
[INFO] [1789635073.250549135] [vision_manager]: Book detected: xyz=(-0.114, -0.096, 0.516), center=(250, 181)
[INFO] [1789635073.251492241] [vision_manager]: Book detected: xyz=(0.734, 0.005, 0.869), center=(588, 242)
[INFO] [1789635073.252418990] [vision_manager]: Book detected: xyz=(0.638, 0.003, 0.869), center=(553, 241)
[INFO] [1789635073.253420435] [vision_manager]: Book detected: xyz=(-0.089, -0.022, 0.403), center=(250, 223)
[INFO] [1789635073.254452952] [vision_manager]: Book detected: xyz=(-0.088, 0.028, 0.401), center=(250, 262)
[INFO] [1789635073.382775983] [vision_manager]: Book detected: xyz=(-0.086, -0.180, 0.400), center=(252, 97)
[INFO] [1789635073.383835514] [vision_manager]: Book detected: xyz=(-0.114, -0.096, 0.516), center=(250, 181)
[INFO] [1789635073.384803170] [vision_manager]: Book detected: xyz=(0.734, 0.005, 0.869), center=(588, 242)
[INFO] [1789635073.385751238] [vision_manager]: Book detected: xyz=(0.641, 0.000, 0.869), center=(554, 240)
[INFO] [1789635073.386696169] [vision_manager]: Book detected: xyz=(-0.090, -0.024, 0.402), center=(249, 221)
[INFO] [1789635073.387639041] [vision_manager]: Book detected: xyz=(-0.090, 0.030, 0.400), center=(249, 264)
[INFO] [1789635073.514496563] [vision_manager]: Book detected: xyz=(-0.086, -0.180, 0.400), center=(252, 97)
[INFO] [1789635073.515851447] [vision_manager]: Book detected: xyz=(-0.114, -0.096, 0.516), center=(250, 181)
[INFO] [1789635073.517036637] [vision_manager]: Book detected: xyz=(0.734, 0.005, 0.869), center=(588, 242)
[INFO] [1789635073.518214012] [vision_manager]: Book detected: xyz=(0.655, 0.000, 0.869), center=(559, 240)
[INFO] [1789635073.519360305] [vision_manager]: Book detected: xyz=(-0.090, -0.024, 0.402), center=(249, 221)
[INFO] [1789635073.655621715] [vision_manager]: Book detected: xyz=(-0.086, -0.180, 0.400), center=(252, 97)
[INFO] [1789635073.657040928] [vision_manager]: Book detected: xyz=(-0.114, -0.096, 0.516), center=(250, 181)
[INFO] [1789635073.658397658] [vision_manager]: Book detected: xyz=(0.734, 0.005, 0.869), center=(588, 242)
[INFO] [1789635073.659788437] [vision_manager]: Book detected: xyz=(0.641, 0.000, 0.869), center=(554, 240)
[INFO] [1789635073.661032718] [vision_manager]: Book detected: xyz=(-0.089, -0.023, 0.402), center=(250, 222)
[INFO] [1789635073.662192226] [vision_manager]: Book detected: xyz=(-0.090, 0.034, 0.400), center=(249, 267)
[INFO] [1789635073.805127292] [vision_manager]: Book detected: xyz=(-0.086, -0.180, 0.400), center=(252, 97)
[INFO] [1789635073.806645872] [vision_manager]: Book detected: xyz=(-0.114, -0.096, 0.516), center=(250, 181)
[INFO] [1789635073.808036201] [vision_manager]: Book detected: xyz=(0.734, 0.005, 0.869), center=(588, 242)
[INFO] [1789635073.809512498] [vision_manager]: Book detected: xyz=(0.644, 0.000, 0.869), center=(555, 240)
[INFO] [1789635073.810961856] [vision_manager]: Book detected: xyz=(-0.098, -0.021, 0.439), center=(249, 225)
[INFO] [1789635073.812355156] [vision_manager]: Book detected: xyz=(-0.090, 0.039, 0.400), center=(249, 271)
[INFO] [1789635073.962743776] [vision_manager]: Book detected: xyz=(-0.086, -0.180, 0.400), center=(252, 97)
[INFO] [1789635073.963956812] [vision_manager]: Book detected: xyz=(-0.114, -0.096, 0.516), center=(250, 181)
[INFO] [1789635073.965131027] [vision_manager]: Book detected: xyz=(0.734, 0.005, 0.869), center=(588, 242)
[INFO] [1789635073.966271359] [vision_manager]: Book detected: xyz=(0.641, 0.000, 0.869), center=(554, 240)
[INFO] [1789635073.967277057] [vision_manager]: Book detected: xyz=(-0.098, -0.021, 0.439), center=(249, 225)
[INFO] [1789635074.094002879] [vision_manager]: Book detected: xyz=(-0.087, -0.179, 0.401), center=(251, 98)
[INFO] [1789635074.095230521] [vision_manager]: Book detected: xyz=(-0.114, -0.096, 0.507), center=(249, 180)
[INFO] [1789635074.096429543] [vision_manager]: Book detected: xyz=(0.734, 0.005, 0.869), center=(588, 242)
[INFO] [1789635074.097431834] [vision_manager]: Book detected: xyz=(0.647, 0.000, 0.869), center=(556, 240)
[INFO] [1789635074.098984890] [vision_manager]: Book detected: xyz=(-0.116, -0.021, 0.511), center=(248, 227)
[INFO] [1789635074.100579223] [vision_manager]: Book detected: xyz=(-0.091, 0.040, 0.400), center=(248, 272)
[INFO] [1789635074.101448257] [vision_manager]: No placeable empty shelf position found
[INFO] [1789635074.227044356] [vision_manager]: Book detected: xyz=(-0.086, -0.179, 0.401), center=(252, 98)
[INFO] [1789635074.228543811] [vision_manager]: Book detected: xyz=(-0.112, -0.096, 0.507), center=(250, 180)
[INFO] [1789635074.229550811] [vision_manager]: Book detected: xyz=(0.734, 0.005, 0.869), center=(588, 242)
[INFO] [1789635074.230574821] [vision_manager]: Book detected: xyz=(0.644, 0.000, 0.869), center=(555, 240)
[INFO] [1789635074.231500966] [vision_manager]: Book detected: xyz=(-0.098, -0.021, 0.439), center=(249, 225)
[INFO] [1789635074.232416939] [vision_manager]: Book detected: xyz=(-0.090, 0.034, 0.400), center=(249, 267)
[INFO] [1789635074.354694088] [vision_manager]: Book detected: xyz=(-0.086, -0.179, 0.401), center=(252, 98)
[INFO] [1789635074.355669885] [vision_manager]: Book detected: xyz=(-0.114, -0.096, 0.516), center=(250, 181)
[INFO] [1789635074.356590053] [vision_manager]: Book detected: xyz=(0.734, 0.005, 0.869), center=(588, 242)
[INFO] [1789635074.357521516] [vision_manager]: Book detected: xyz=(0.641, 0.000, 0.869), center=(554, 240)
[INFO] [1789635074.358429364] [vision_manager]: Book detected: xyz=(-0.098, -0.021, 0.439), center=(249, 225)
[INFO] [1789635074.484909688] [vision_manager]: Book detected: xyz=(-0.087, -0.179, 0.401), center=(251, 98)
[INFO] [1789635074.486005468] [vision_manager]: Book detected: xyz=(-0.114, -0.096, 0.516), center=(250, 181)
[INFO] [1789635074.487055633] [vision_manager]: Book detected: xyz=(0.734, 0.005, 0.869), center=(588, 242)
[INFO] [1789635074.488129105] [vision_manager]: Book detected: xyz=(0.644, 0.000, 0.869), center=(555, 240)
[INFO] [1789635074.489037101] [vision_manager]: Book detected: xyz=(-0.090, -0.022, 0.403), center=(249, 223)
[INFO] [1789635074.489942536] [vision_manager]: Book detected: xyz=(-0.090, 0.033, 0.400), center=(249, 266)
[INFO] [1789635074.614762060] [vision_manager]: Book detected: xyz=(-0.086, -0.179, 0.401), center=(252, 98)
[INFO] [1789635074.615623021] [vision_manager]: Book detected: xyz=(-0.112, -0.096, 0.507), center=(250, 180)
[INFO] [1789635074.616393099] [vision_manager]: Book detected: xyz=(0.734, 0.005, 0.869), center=(588, 242)
[INFO] [1789635074.617171748] [vision_manager]: Book detected: xyz=(0.638, 0.000, 0.869), center=(553, 240)
[INFO] [1789635074.617920514] [vision_manager]: Book detected: xyz=(-0.106, -0.021, 0.472), center=(249, 226)
[INFO] [1789635074.618671149] [vision_manager]: Book detected: xyz=(-0.090, 0.042, 0.400), center=(249, 273)
[INFO] [1789635074.619182055] [vision_manager]: No placeable empty shelf position found
[INFO] [1789635074.739682163] [vision_manager]: Book detected: xyz=(-0.086, -0.179, 0.401), center=(252, 98)
[INFO] [1789635074.740530333] [vision_manager]: Book detected: xyz=(-0.114, -0.096, 0.507), center=(249, 180)
[INFO] [1789635074.741285657] [vision_manager]: Book detected: xyz=(0.734, 0.005, 0.869), center=(588, 242)
[INFO] [1789635074.742058002] [vision_manager]: Book detected: xyz=(0.647, 0.000, 0.869), center=(556, 240)
[INFO] [1789635074.742766355] [vision_manager]: Book detected: xyz=(-0.106, -0.021, 0.472), center=(249, 226)
[INFO] [1789635074.743470278] [vision_manager]: Book detected: xyz=(-0.091, 0.040, 0.400), center=(248, 272)
[INFO] [1789635074.743972230] [vision_manager]: No placeable empty shelf position found
[INFO] [1789635074.864833101] [vision_manager]: Book detected: xyz=(-0.086, -0.179, 0.401), center=(252, 98)
[INFO] [1789635074.865855562] [vision_manager]: Book detected: xyz=(-0.112, -0.096, 0.507), center=(250, 180)
[INFO] [1789635074.866800822] [vision_manager]: Book detected: xyz=(0.734, 0.005, 0.869), center=(588, 242)
[INFO] [1789635074.867786936] [vision_manager]: Book detected: xyz=(0.641, 0.000, 0.869), center=(554, 240)
[INFO] [1789635074.868650430] [vision_manager]: Book detected: xyz=(-0.098, -0.021, 0.439), center=(249, 225)
[INFO] [1789635074.869435705] [vision_manager]: Book detected: xyz=(-0.091, 0.042, 0.400), center=(248, 273)
[INFO] [1789635075.010119394] [vision_manager]: Book detected: xyz=(-0.086, -0.180, 0.400), center=(252, 97)
[INFO] [1789635075.011639739] [vision_manager]: Book detected: xyz=(-0.114, -0.096, 0.516), center=(250, 181)
[INFO] [1789635075.013951412] [vision_manager]: Book detected: xyz=(0.734, 0.005, 0.869), center=(588, 242)
[INFO] [1789635075.015640982] [vision_manager]: Book detected: xyz=(0.655, 0.000, 0.869), center=(559, 240)
[INFO] [1789635075.017404807] [vision_manager]: Book detected: xyz=(-0.090, -0.024, 0.402), center=(249, 221)
[INFO] [1789635075.018855148] [vision_manager]: Book detected: xyz=(-0.091, 0.042, 0.400), center=(248, 273)
[INFO] [1789635075.188555027] [vision_manager]: Book detected: xyz=(-0.086, -0.179, 0.401), center=(252, 98)
[INFO] [1789635075.189838816] [vision_manager]: Book detected: xyz=(-0.112, -0.096, 0.507), center=(250, 180)
[INFO] [1789635075.190939598] [vision_manager]: Book detected: xyz=(0.734, 0.005, 0.869), center=(588, 242)
[INFO] [1789635075.191986804] [vision_manager]: Book detected: xyz=(0.655, 0.000, 0.869), center=(559, 240)
[INFO] [1789635075.193057513] [vision_manager]: Book detected: xyz=(-0.107, -0.021, 0.472), center=(248, 226)
[INFO] [1789635075.194117081] [vision_manager]: Book detected: xyz=(-0.091, 0.042, 0.400), center=(248, 273)
[INFO] [1789635075.194856560] [vision_manager]: No placeable empty shelf position found
[INFO] [1789635075.357370615] [vision_manager]: Book detected: xyz=(-0.086, -0.179, 0.401), center=(252, 98)
[INFO] [1789635075.358361926] [vision_manager]: Book detected: xyz=(-0.115, -0.096, 0.516), center=(249, 181)
[INFO] [1789635075.359313024] [vision_manager]: Book detected: xyz=(0.734, 0.005, 0.869), center=(588, 242)
[INFO] [1789635075.360237773] [vision_manager]: Book detected: xyz=(0.636, 0.000, 0.869), center=(552, 240)
[INFO] [1789635075.361158291] [vision_manager]: Book detected: xyz=(-0.091, -0.023, 0.402), center=(248, 222)
[INFO] [1789635075.361994934] [vision_manager]: Book detected: xyz=(-0.092, 0.039, 0.400), center=(247, 271)
[INFO] [1789635075.525323420] [vision_manager]: Book detected: xyz=(-0.086, -0.179, 0.401), center=(252, 98)
[INFO] [1789635075.526450871] [vision_manager]: Book detected: xyz=(-0.114, -0.096, 0.516), center=(250, 181)
[INFO] [1789635075.527541704] [vision_manager]: Book detected: xyz=(0.734, 0.005, 0.869), center=(588, 242)
[INFO] [1789635075.528648247] [vision_manager]: Book detected: xyz=(0.647, 0.000, 0.869), center=(556, 240)
[INFO] [1789635075.529758896] [vision_manager]: Book detected: xyz=(-0.106, -0.021, 0.472), center=(249, 226)
[INFO] [1789635075.530915704] [vision_manager]: Book detected: xyz=(-0.091, 0.039, 0.400), center=(248, 271)
[INFO] [1789635075.531894949] [vision_manager]: No placeable empty shelf position found
[INFO] [1789635075.705276789] [vision_manager]: Book detected: xyz=(-0.086, -0.179, 0.401), center=(252, 98)
[INFO] [1789635075.706423416] [vision_manager]: Book detected: xyz=(-0.112, -0.096, 0.507), center=(250, 180)
[INFO] [1789635075.707635750] [vision_manager]: Book detected: xyz=(0.734, 0.005, 0.869), center=(588, 242)
[INFO] [1789635075.708740863] [vision_manager]: Book detected: xyz=(0.644, 0.000, 0.869), center=(555, 240)
[INFO] [1789635075.709832327] [vision_manager]: Book detected: xyz=(-0.107, -0.021, 0.472), center=(248, 226)
[INFO] [1789635075.710902498] [vision_manager]: Book detected: xyz=(-0.091, 0.042, 0.400), center=(248, 273)
[INFO] [1789635075.711712502] [vision_manager]: No placeable empty shelf position found
[INFO] [1789635075.870214120] [vision_manager]: Book detected: xyz=(-0.086, -0.180, 0.400), center=(252, 97)
[INFO] [1789635075.871352010] [vision_manager]: Book detected: xyz=(-0.112, -0.096, 0.507), center=(250, 180)
[INFO] [1789635075.872434932] [vision_manager]: Book detected: xyz=(0.734, 0.005, 0.869), center=(588, 242)
[INFO] [1789635075.873524218] [vision_manager]: Book detected: xyz=(0.655, 0.000, 0.869), center=(559, 240)
[INFO] [1789635075.874550802] [vision_manager]: Book detected: xyz=(-0.100, -0.021, 0.439), center=(248, 225)
[INFO] [1789635075.875506827] [vision_manager]: Book detected: xyz=(-0.091, 0.040, 0.400), center=(248, 272)
[INFO] [1789635076.029014143] [vision_manager]: Book detected: xyz=(-0.086, -0.180, 0.400), center=(252, 97)
[INFO] [1789635076.030625802] [vision_manager]: Book detected: xyz=(-0.112, -0.096, 0.507), center=(250, 180)
[INFO] [1789635076.032308682] [vision_manager]: Book detected: xyz=(0.737, 0.005, 0.869), center=(589, 242)
[INFO] [1789635076.033323945] [vision_manager]: Book detected: xyz=(0.649, 0.000, 0.869), center=(557, 240)
[INFO] [1789635076.034257114] [vision_manager]: Book detected: xyz=(-0.107, -0.021, 0.472), center=(248, 226)
[INFO] [1789635076.035171550] [vision_manager]: Book detected: xyz=(-0.092, 0.040, 0.400), center=(247, 272)
[INFO] [1789635076.035763014] [vision_manager]: No placeable empty shelf position found
[INFO] [1789635076.197384874] [vision_manager]: Book detected: xyz=(-0.086, -0.180, 0.400), center=(252, 97)
[INFO] [1789635076.199189457] [vision_manager]: Book detected: xyz=(-0.112, -0.096, 0.507), center=(250, 180)
[INFO] [1789635076.200456155] [vision_manager]: Book detected: xyz=(0.734, 0.005, 0.869), center=(588, 242)
[INFO] [1789635076.201736354] [vision_manager]: Book detected: xyz=(0.647, 0.000, 0.869), center=(556, 240)
[INFO] [1789635076.202978474] [vision_manager]: Book detected: xyz=(-0.093, -0.021, 0.411), center=(248, 224)
[INFO] [1789635076.204229347] [vision_manager]: Book detected: xyz=(-0.091, 0.040, 0.400), center=(248, 272)
[INFO] [1789635076.374789367] [vision_manager]: Book detected: xyz=(-0.086, -0.179, 0.401), center=(252, 98)
[INFO] [1789635076.375849635] [vision_manager]: Book detected: xyz=(-0.110, -0.096, 0.499), center=(250, 179)
[INFO] [1789635076.376866572] [vision_manager]: Book detected: xyz=(0.734, 0.005, 0.869), center=(588, 242)
[INFO] [1789635076.377863272] [vision_manager]: Book detected: xyz=(0.641, 0.000, 0.869), center=(554, 240)
[INFO] [1789635076.378990493] [vision_manager]: Book detected: xyz=(-0.100, -0.021, 0.439), center=(248, 225)
[INFO] [1789635076.380021567] [vision_manager]: Book detected: xyz=(-0.091, 0.040, 0.400), center=(248, 272)
[INFO] [1789635076.517604162] [vision_manager]: Book detected: xyz=(-0.087, -0.180, 0.400), center=(251, 97)
[INFO] [1789635076.520570734] [vision_manager]: Book detected: xyz=(-0.114, -0.096, 0.507), center=(249, 180)
[INFO] [1789635076.523323578] [vision_manager]: Book detected: xyz=(0.734, 0.005, 0.869), center=(588, 242)
[INFO] [1789635076.526157888] [vision_manager]: Book detected: xyz=(0.625, 0.000, 0.869), center=(548, 240)
[INFO] [1789635076.528259080] [vision_manager]: Book detected: xyz=(-0.091, -0.023, 0.402), center=(248, 222)
[INFO] [1789635076.530140691] [vision_manager]: Book detected: xyz=(-0.092, 0.042, 0.400), center=(247, 273)
[INFO] [1789635076.669606439] [vision_manager]: Book detected: xyz=(-0.086, -0.179, 0.401), center=(252, 98)
[INFO] [1789635076.671549223] [vision_manager]: Book detected: xyz=(-0.114, -0.096, 0.507), center=(249, 180)
[INFO] [1789635076.673103578] [vision_manager]: Book detected: xyz=(0.734, 0.005, 0.869), center=(588, 242)
[INFO] [1789635076.674584014] [vision_manager]: Book detected: xyz=(0.622, 0.000, 0.869), center=(547, 240)
[INFO] [1789635076.675971926] [vision_manager]: Book detected: xyz=(-0.090, -0.024, 0.402), center=(249, 221)
[INFO] [1789635076.677776404] [vision_manager]: Book detected: xyz=(-0.092, 0.040, 0.400), center=(247, 272)
[INFO] [1789635076.791718453] [vision_manager]: Book detected: xyz=(-0.086, -0.179, 0.401), center=(252, 98)
[INFO] [1789635076.792699043] [vision_manager]: Book detected: xyz=(-0.110, -0.096, 0.499), center=(250, 179)
[INFO] [1789635076.793632479] [vision_manager]: Book detected: xyz=(0.734, 0.005, 0.869), center=(588, 242)
[INFO] [1789635076.794623695] [vision_manager]: Book detected: xyz=(0.644, 0.000, 0.869), center=(555, 240)
[INFO] [1789635076.795661582] [vision_manager]: Book detected: xyz=(-0.107, -0.021, 0.472), center=(248, 226)
[INFO] [1789635076.796795979] [vision_manager]: Book detected: xyz=(-0.092, 0.042, 0.400), center=(247, 273)
[INFO] [1789635076.797462746] [vision_manager]: No placeable empty shelf position found
[INFO] [1789635076.940234159] [vision_manager]: Book detected: xyz=(-0.086, -0.179, 0.401), center=(252, 98)
[INFO] [1789635076.941633817] [vision_manager]: Book detected: xyz=(-0.112, -0.096, 0.499), center=(249, 179)
[INFO] [1789635076.942997045] [vision_manager]: Book detected: xyz=(0.734, 0.005, 0.869), center=(588, 242)
[INFO] [1789635076.944354429] [vision_manager]: Book detected: xyz=(0.625, 0.000, 0.869), center=(548, 240)
[INFO] [1789635076.945616408] [vision_manager]: Book detected: xyz=(-0.107, -0.021, 0.472), center=(248, 226)
[INFO] [1789635076.946859179] [vision_manager]: Book detected: xyz=(-0.092, 0.042, 0.400), center=(247, 273)
[INFO] [1789635076.947650117] [vision_manager]: No placeable empty shelf position found
[INFO] [1789635077.104326837] [vision_manager]: Book detected: xyz=(-0.087, -0.179, 0.401), center=(251, 98)
[INFO] [1789635077.106159040] [vision_manager]: Book detected: xyz=(-0.112, -0.096, 0.499), center=(249, 179)
[INFO] [1789635077.107805989] [vision_manager]: Book detected: xyz=(0.734, 0.005, 0.869), center=(588, 242)
[INFO] [1789635077.109385939] [vision_manager]: Book detected: xyz=(0.630, 0.000, 0.869), center=(550, 240)
[INFO] [1789635077.111184287] [vision_manager]: Book detected: xyz=(-0.107, -0.021, 0.472), center=(248, 226)
[INFO] [1789635077.112715085] [vision_manager]: Book detected: xyz=(-0.092, 0.043, 0.400), center=(247, 274)
[INFO] [1789635077.113750926] [vision_manager]: No placeable empty shelf position found
[INFO] [1789635077.263882832] [vision_manager]: Book detected: xyz=(-0.087, -0.180, 0.400), center=(251, 97)
[INFO] [1789635077.265333786] [vision_manager]: Book detected: xyz=(-0.112, -0.096, 0.499), center=(249, 179)
[INFO] [1789635077.266644966] [vision_manager]: Book detected: xyz=(0.734, 0.005, 0.869), center=(588, 242)
[INFO] [1789635077.267948333] [vision_manager]: Book detected: xyz=(0.644, 0.000, 0.869), center=(555, 240)
[INFO] [1789635077.269213807] [vision_manager]: Book detected: xyz=(-0.091, -0.022, 0.403), center=(248, 223)
[INFO] [1789635077.270249959] [vision_manager]: Book detected: xyz=(-0.093, 0.043, 0.400), center=(246, 274)
[INFO] [1789635077.410406266] [vision_manager]: Book detected: xyz=(-0.087, -0.180, 0.400), center=(251, 97)
[INFO] [1789635077.411429430] [vision_manager]: Book detected: xyz=(-0.112, -0.096, 0.499), center=(249, 179)
[INFO] [1789635077.412504048] [vision_manager]: Book detected: xyz=(0.734, 0.005, 0.869), center=(588, 242)
[INFO] [1789635077.413458459] [vision_manager]: Book detected: xyz=(0.638, 0.000, 0.869), center=(553, 240)
[INFO] [1789635077.414328253] [vision_manager]: Book detected: xyz=(-0.091, -0.024, 0.402), center=(248, 221)
[INFO] [1789635077.415199795] [vision_manager]: Book detected: xyz=(-0.093, 0.042, 0.400), center=(246, 273)
[INFO] [1789635077.545115394] [vision_manager]: Book detected: xyz=(-0.087, -0.179, 0.401), center=(251, 98)
[INFO] [1789635077.546115411] [vision_manager]: Book detected: xyz=(-0.112, -0.096, 0.499), center=(249, 179)
[INFO] [1789635077.547036269] [vision_manager]: Book detected: xyz=(0.734, 0.005, 0.869), center=(588, 242)
[INFO] [1789635077.547959748] [vision_manager]: Book detected: xyz=(0.636, 0.000, 0.869), center=(552, 240)
[INFO] [1789635077.548875366] [vision_manager]: Book detected: xyz=(-0.091, -0.023, 0.402), center=(248, 222)
[INFO] [1789635077.549796625] [vision_manager]: Book detected: xyz=(-0.092, 0.042, 0.400), center=(247, 273)
[INFO] [1789635077.713411026] [vision_manager]: Book detected: xyz=(-0.087, -0.180, 0.400), center=(251, 97)
[INFO] [1789635077.715143900] [vision_manager]: Book detected: xyz=(-0.114, -0.096, 0.507), center=(249, 180)
[INFO] [1789635077.716674624] [vision_manager]: Book detected: xyz=(0.734, 0.005, 0.869), center=(588, 242)
[INFO] [1789635077.718179200] [vision_manager]: Book detected: xyz=(0.636, 0.000, 0.869), center=(552, 240)
[INFO] [1789635077.719626867] [vision_manager]: Book detected: xyz=(-0.100, -0.021, 0.439), center=(248, 225)
[INFO] [1789635077.720877750] [vision_manager]: Book detected: xyz=(-0.092, 0.043, 0.400), center=(247, 274)
[INFO] [1789635077.862058466] [vision_manager]: Book detected: xyz=(-0.087, -0.180, 0.400), center=(251, 97)
[INFO] [1789635077.863443649] [vision_manager]: Book detected: xyz=(-0.112, -0.096, 0.499), center=(249, 179)
[INFO] [1789635077.864589918] [vision_manager]: Book detected: xyz=(0.734, 0.005, 0.869), center=(588, 242)
[INFO] [1789635077.865741093] [vision_manager]: Book detected: xyz=(0.608, 0.000, 0.869), center=(542, 240)
[INFO] [1789635077.866941169] [vision_manager]: Book detected: xyz=(-0.107, -0.021, 0.472), center=(248, 226)
[INFO] [1789635077.867868428] [vision_manager]: Book detected: xyz=(-0.092, 0.044, 0.400), center=(247, 275)
[INFO] [1789635077.868507301] [vision_manager]: No placeable empty shelf position found
[INFO] [1789635078.000483533] [vision_manager]: Book detected: xyz=(-0.087, -0.180, 0.400), center=(251, 97)
[INFO] [1789635078.001709426] [vision_manager]: Book detected: xyz=(-0.112, -0.096, 0.499), center=(249, 179)
[INFO] [1789635078.002776714] [vision_manager]: Book detected: xyz=(0.734, 0.005, 0.869), center=(588, 242)
[INFO] [1789635078.003815573] [vision_manager]: Book detected: xyz=(0.644, 0.000, 0.869), center=(555, 240)
[INFO] [1789635078.004859210] [vision_manager]: Book detected: xyz=(-0.100, -0.021, 0.439), center=(248, 225)
[INFO] [1789635078.005899921] [vision_manager]: Book detected: xyz=(-0.092, 0.044, 0.400), center=(247, 275)
[INFO] [1789635078.161524109] [vision_manager]: Book detected: xyz=(-0.086, -0.180, 0.400), center=(252, 97)
[INFO] [1789635078.164103577] [vision_manager]: Book detected: xyz=(-0.114, -0.096, 0.507), center=(249, 180)
[INFO] [1789635078.166465568] [vision_manager]: Book detected: xyz=(0.734, 0.005, 0.869), center=(588, 242)
[INFO] [1789635078.168402903] [vision_manager]: Book detected: xyz=(0.647, 0.000, 0.869), center=(556, 240)
[INFO] [1789635078.170429895] [vision_manager]: Book detected: xyz=(-0.100, -0.021, 0.439), center=(248, 225)
[INFO] [1789635078.172206648] [vision_manager]: Book detected: xyz=(-0.092, 0.042, 0.400), center=(247, 273)
[INFO] [1789635078.309044784] [vision_manager]: Book detected: xyz=(-0.086, -0.180, 0.400), center=(252, 97)
[INFO] [1789635078.310445112] [vision_manager]: Book detected: xyz=(-0.110, -0.096, 0.499), center=(250, 179)
[INFO] [1789635078.311801468] [vision_manager]: Book detected: xyz=(0.734, 0.005, 0.869), center=(588, 242)
[INFO] [1789635078.313161237] [vision_manager]: Book detected: xyz=(0.625, 0.000, 0.869), center=(548, 240)
[INFO] [1789635078.314374004] [vision_manager]: Book detected: xyz=(-0.092, -0.021, 0.411), center=(249, 224)
[INFO] [1789635078.315536430] [vision_manager]: Book detected: xyz=(-0.091, 0.042, 0.400), center=(248, 273)
[INFO] [1789635078.458420700] [vision_manager]: Book detected: xyz=(-0.086, -0.180, 0.400), center=(252, 97)
[INFO] [1789635078.460264609] [vision_manager]: Book detected: xyz=(-0.110, -0.096, 0.499), center=(250, 179)
[INFO] [1789635078.462183118] [vision_manager]: Book detected: xyz=(0.734, 0.005, 0.869), center=(588, 242)
[INFO] [1789635078.464466888] [vision_manager]: Book detected: xyz=(0.619, 0.000, 0.869), center=(546, 240)
[INFO] [1789635078.467243202] [vision_manager]: Book detected: xyz=(-0.091, -0.022, 0.403), center=(248, 223)
[INFO] [1789635078.468878707] [vision_manager]: Book detected: xyz=(-0.091, 0.040, 0.400), center=(248, 272)
[INFO] [1789635078.599972281] [vision_manager]: Book detected: xyz=(-0.086, -0.180, 0.400), center=(252, 97)
[INFO] [1789635078.602062541] [vision_manager]: Book detected: xyz=(-0.112, -0.096, 0.507), center=(250, 180)
[INFO] [1789635078.603737196] [vision_manager]: Book detected: xyz=(0.734, 0.005, 0.869), center=(588, 242)
[INFO] [1789635078.605391834] [vision_manager]: Book detected: xyz=(0.625, 0.000, 0.869), center=(548, 240)
[INFO] [1789635078.607083155] [vision_manager]: Book detected: xyz=(-0.093, -0.021, 0.411), center=(248, 224)
[INFO] [1789635078.608707065] [vision_manager]: Book detected: xyz=(-0.092, 0.040, 0.400), center=(247, 272)
[INFO] [1789635078.732712854] [vision_manager]: Book detected: xyz=(-0.087, -0.179, 0.401), center=(251, 98)
[INFO] [1789635078.733886481] [vision_manager]: Book detected: xyz=(-0.112, -0.096, 0.507), center=(250, 180)
[INFO] [1789635078.735221375] [vision_manager]: Book detected: xyz=(0.734, 0.005, 0.869), center=(588, 242)
[INFO] [1789635078.736356364] [vision_manager]: Book detected: xyz=(0.625, 0.000, 0.869), center=(548, 240)
[INFO] [1789635078.737454318] [vision_manager]: Book detected: xyz=(-0.093, -0.021, 0.411), center=(248, 224)
[INFO] [1789635078.738529731] [vision_manager]: Book detected: xyz=(-0.092, 0.040, 0.400), center=(247, 272)
[INFO] [1789635078.890943539] [vision_manager]: Book detected: xyz=(-0.087, -0.179, 0.401), center=(251, 98)
[INFO] [1789635078.892353247] [vision_manager]: Book detected: xyz=(-0.112, -0.096, 0.507), center=(250, 180)
[INFO] [1789635078.893650027] [vision_manager]: Book detected: xyz=(0.734, 0.005, 0.869), center=(588, 242)
[INFO] [1789635078.894918883] [vision_manager]: Book detected: xyz=(0.625, 0.000, 0.869), center=(548, 240)
[INFO] [1789635078.896241834] [vision_manager]: Book detected: xyz=(-0.093, -0.021, 0.411), center=(248, 224)
[INFO] [1789635078.897888558] [vision_manager]: Book detected: xyz=(-0.092, 0.042, 0.400), center=(247, 273)
[INFO] [1789635079.039885719] [vision_manager]: Book detected: xyz=(-0.088, -0.179, 0.401), center=(250, 98)
[INFO] [1789635079.044315712] [vision_manager]: Book detected: xyz=(-0.112, -0.096, 0.507), center=(250, 180)
[INFO] [1789635079.048926381] [vision_manager]: Book detected: xyz=(0.734, 0.005, 0.869), center=(588, 242)
[INFO] [1789635079.052171771] [vision_manager]: Book detected: xyz=(0.614, 0.000, 0.869), center=(544, 240)
[INFO] [1789635079.053934994] [vision_manager]: Book detected: xyz=(-0.093, -0.021, 0.411), center=(248, 224)
[INFO] [1789635079.055396886] [vision_manager]: Book detected: xyz=(-0.092, 0.042, 0.400), center=(247, 273)
[INFO] [1789635079.187302087] [vision_manager]: Book detected: xyz=(-0.087, -0.180, 0.400), center=(251, 97)
[INFO] [1789635079.188781382] [vision_manager]: Book detected: xyz=(-0.112, -0.096, 0.507), center=(250, 180)
[INFO] [1789635079.190222822] [vision_manager]: Book detected: xyz=(0.734, 0.005, 0.869), center=(588, 242)
[INFO] [1789635079.191604538] [vision_manager]: Book detected: xyz=(0.633, 0.000, 0.869), center=(551, 240)
[INFO] [1789635079.193015613] [vision_manager]: Book detected: xyz=(-0.093, -0.021, 0.411), center=(248, 224)
[INFO] [1789635079.194472683] [vision_manager]: Book detected: xyz=(-0.091, 0.040, 0.400), center=(248, 272)
[INFO] [1789635079.346084060] [vision_manager]: Book detected: xyz=(-0.087, -0.180, 0.400), center=(251, 97)
[INFO] [1789635079.347053551] [vision_manager]: Book detected: xyz=(-0.110, -0.096, 0.499), center=(250, 179)
[INFO] [1789635079.347972201] [vision_manager]: Book detected: xyz=(0.734, 0.005, 0.869), center=(588, 242)
[INFO] [1789635079.348854775] [vision_manager]: Book detected: xyz=(0.638, 0.000, 0.869), center=(553, 240)
[INFO] [1789635079.349792476] [vision_manager]: Book detected: xyz=(-0.093, -0.021, 0.411), center=(248, 224)
[INFO] [1789635079.350816298] [vision_manager]: Book detected: xyz=(-0.092, 0.043, 0.400), center=(247, 274)
[INFO] [1789635079.479358624] [vision_manager]: Book detected: xyz=(-0.088, -0.180, 0.400), center=(250, 97)
[INFO] [1789635079.481718180] [vision_manager]: Book detected: xyz=(-0.114, -0.096, 0.507), center=(249, 180)
[INFO] [1789635079.483833083] [vision_manager]: Book detected: xyz=(0.734, 0.005, 0.869), center=(588, 242)
[INFO] [1789635079.485764142] [vision_manager]: Book detected: xyz=(0.625, 0.000, 0.869), center=(548, 240)
[INFO] [1789635079.487947966] [vision_manager]: Book detected: xyz=(-0.093, -0.021, 0.411), center=(248, 224)
[INFO] [1789635079.489757666] [vision_manager]: Book detected: xyz=(-0.092, 0.043, 0.400), center=(247, 274)
[INFO] [1789635079.622001945] [vision_manager]: Book detected: xyz=(-0.087, -0.180, 0.400), center=(251, 97)
[INFO] [1789635079.623754790] [vision_manager]: Book detected: xyz=(-0.110, -0.096, 0.499), center=(250, 179)
[INFO] [1789635079.625506024] [vision_manager]: Book detected: xyz=(0.734, 0.005, 0.869), center=(588, 242)
[INFO] [1789635079.627171227] [vision_manager]: Book detected: xyz=(0.638, 0.000, 0.869), center=(553, 240)
[INFO] [1789635079.628605108] [vision_manager]: Book detected: xyz=(-0.092, -0.021, 0.411), center=(249, 224)
[INFO] [1789635079.630011211] [vision_manager]: Book detected: xyz=(-0.091, 0.043, 0.400), center=(248, 274)
[INFO] [1789635079.767533040] [vision_manager]: Book detected: xyz=(-0.087, -0.180, 0.400), center=(251, 97)
[INFO] [1789635079.768492653] [vision_manager]: Book detected: xyz=(-0.112, -0.096, 0.507), center=(250, 180)
[INFO] [1789635079.769405153] [vision_manager]: Book detected: xyz=(0.734, 0.005, 0.869), center=(588, 242)
[INFO] [1789635079.770347556] [vision_manager]: Book detected: xyz=(0.633, 0.000, 0.869), center=(551, 240)
[INFO] [1789635079.771373591] [vision_manager]: Book detected: xyz=(-0.093, -0.021, 0.411), center=(248, 224)
[INFO] [1789635079.772481548] [vision_manager]: Book detected: xyz=(-0.091, 0.042, 0.400), center=(248, 273)
[INFO] [1789635079.923830602] [vision_manager]: Book detected: xyz=(-0.087, -0.180, 0.400), center=(251, 97)
[INFO] [1789635079.926081356] [vision_manager]: Book detected: xyz=(-0.112, -0.096, 0.499), center=(249, 179)
[INFO] [1789635079.927805767] [vision_manager]: Book detected: xyz=(0.734, 0.005, 0.869), center=(588, 242)
[INFO] [1789635079.929452942] [vision_manager]: Book detected: xyz=(0.636, 0.000, 0.869), center=(552, 240)
[INFO] [1789635079.931070950] [vision_manager]: Book detected: xyz=(-0.098, -0.021, 0.439), center=(249, 225)
[INFO] [1789635079.932700862] [vision_manager]: Book detected: xyz=(-0.091, 0.043, 0.400), center=(248, 274)
[INFO] [1789635080.095068375] [vision_manager]: Book detected: xyz=(-0.087, -0.180, 0.400), center=(251, 97)
[INFO] [1789635080.096802591] [vision_manager]: Book detected: xyz=(-0.114, -0.096, 0.516), center=(250, 181)
[INFO] [1789635080.147404045] [vision_manager]: Book detected: xyz=(0.734, 0.005, 0.869), center=(588, 242)
[INFO] [1789635080.148386479] [vision_manager]: Book detected: xyz=(0.644, 0.000, 0.869), center=(555, 240)
[INFO] [1789635080.149324556] [vision_manager]: Book detected: xyz=(-0.100, -0.021, 0.439), center=(248, 225)
[INFO] [1789635080.150092788] [vision_manager]: Book detected: xyz=(-0.091, 0.043, 0.400), center=(248, 274)
[INFO] [1789635080.304622187] [vision_manager]: Book detected: xyz=(-0.086, -0.180, 0.400), center=(252, 97)
[INFO] [1789635080.306494831] [vision_manager]: Book detected: xyz=(-0.110, -0.096, 0.499), center=(250, 179)
[INFO] [1789635080.308318028] [vision_manager]: Book detected: xyz=(0.734, 0.005, 0.869), center=(588, 242)
[INFO] [1789635080.310318676] [vision_manager]: Book detected: xyz=(0.636, 0.000, 0.869), center=(552, 240)
[INFO] [1789635080.311986164] [vision_manager]: Book detected: xyz=(-0.098, -0.021, 0.439), center=(249, 225)
[INFO] [1789635080.313448838] [vision_manager]: Book detected: xyz=(-0.091, 0.040, 0.400), center=(248, 272)
[INFO] [1789635080.446455957] [vision_manager]: Book detected: xyz=(-0.087, -0.180, 0.400), center=(251, 97)
[INFO] [1789635080.448491157] [vision_manager]: Book detected: xyz=(-0.110, -0.096, 0.499), center=(250, 179)
[INFO] [1789635080.450357571] [vision_manager]: Book detected: xyz=(0.734, 0.005, 0.869), center=(588, 242)
[INFO] [1789635080.452335943] [vision_manager]: Book detected: xyz=(0.633, 0.000, 0.869), center=(551, 240)
[INFO] [1789635080.454210914] [vision_manager]: Book detected: xyz=(-0.098, -0.021, 0.439), center=(249, 225)
[INFO] [1789635080.455891246] [vision_manager]: Book detected: xyz=(-0.090, 0.042, 0.400), center=(249, 273)
[INFO] [1789635080.607101715] [vision_manager]: Book detected: xyz=(-0.087, -0.180, 0.400), center=(251, 97)
[INFO] [1789635080.609124421] [vision_manager]: Book detected: xyz=(-0.114, -0.096, 0.516), center=(250, 181)
[INFO] [1789635080.611449500] [vision_manager]: Book detected: xyz=(0.734, 0.005, 0.869), center=(588, 242)
[INFO] [1789635080.613989162] [vision_manager]: Book detected: xyz=(0.649, 0.000, 0.869), center=(557, 240)
[INFO] [1789635080.615793499] [vision_manager]: Book detected: xyz=(-0.093, -0.021, 0.411), center=(248, 224)
[INFO] [1789635080.617446411] [vision_manager]: Book detected: xyz=(-0.091, 0.042, 0.400), center=(248, 273)
[INFO] [1789635080.748848636] [vision_manager]: Book detected: xyz=(-0.087, -0.180, 0.400), center=(251, 97)
[INFO] [1789635080.750088743] [vision_manager]: Book detected: xyz=(-0.114, -0.096, 0.516), center=(250, 181)
[INFO] [1789635080.751267058] [vision_manager]: Book detected: xyz=(0.734, 0.005, 0.869), center=(588, 242)
[INFO] [1789635080.752416590] [vision_manager]: Book detected: xyz=(0.647, 0.000, 0.869), center=(556, 240)
[INFO] [1789635080.753458406] [vision_manager]: Book detected: xyz=(-0.107, -0.021, 0.472), center=(248, 226)
[INFO] [1789635080.754496342] [vision_manager]: Book detected: xyz=(-0.091, 0.042, 0.400), center=(248, 273)
[INFO] [1789635080.755070468] [vision_manager]: No placeable empty shelf position found
[INFO] [1789635080.891418466] [vision_manager]: Book detected: xyz=(-0.087, -0.180, 0.400), center=(251, 97)
[INFO] [1789635080.892666583] [vision_manager]: Book detected: xyz=(-0.112, -0.096, 0.507), center=(250, 180)
[INFO] [1789635080.893839930] [vision_manager]: Book detected: xyz=(0.737, 0.005, 0.869), center=(589, 242)
[INFO] [1789635080.894983980] [vision_manager]: Book detected: xyz=(0.660, 0.000, 0.869), center=(561, 240)
[INFO] [1789635080.896137243] [vision_manager]: Book detected: xyz=(-0.116, -0.021, 0.511), center=(248, 227)
[INFO] [1789635080.897174768] [vision_manager]: Book detected: xyz=(-0.091, 0.043, 0.400), center=(248, 274)
[INFO] [1789635080.897852691] [vision_manager]: No placeable empty shelf position found
[INFO] [1789635081.045100148] [vision_manager]: Book detected: xyz=(-0.086, -0.180, 0.400), center=(252, 97)
[INFO] [1789635081.046813409] [vision_manager]: Book detected: xyz=(-0.112, -0.096, 0.507), center=(250, 180)
[INFO] [1789635081.048479460] [vision_manager]: Book detected: xyz=(0.734, 0.005, 0.869), center=(588, 242)
[INFO] [1789635081.049908942] [vision_manager]: Book detected: xyz=(0.658, 0.000, 0.869), center=(560, 240)
[INFO] [1789635081.050968800] [vision_manager]: Book detected: xyz=(-0.106, -0.021, 0.472), center=(249, 226)
[INFO] [1789635081.052067870] [vision_manager]: Book detected: xyz=(-0.091, 0.043, 0.400), center=(248, 274)
[INFO] [1789635081.052890000] [vision_manager]: No placeable empty shelf position found
[INFO] [1789635081.190015059] [vision_manager]: Book detected: xyz=(-0.086, -0.180, 0.400), center=(252, 97)
[INFO] [1789635081.191325586] [vision_manager]: Book detected: xyz=(-0.112, -0.096, 0.516), center=(251, 181)
[INFO] [1789635081.192543974] [vision_manager]: Book detected: xyz=(0.734, 0.005, 0.869), center=(588, 242)
[INFO] [1789635081.193748283] [vision_manager]: Book detected: xyz=(0.655, 0.000, 0.869), center=(559, 240)
[INFO] [1789635081.194975612] [vision_manager]: Book detected: xyz=(-0.106, -0.021, 0.472), center=(249, 226)
[INFO] [1789635081.196395455] [vision_manager]: Book detected: xyz=(-0.091, 0.044, 0.400), center=(248, 275)
[INFO] [1789635081.197400720] [vision_manager]: No placeable empty shelf position found
[INFO] [1789635081.361936609] [vision_manager]: Book detected: xyz=(-0.086, -0.180, 0.400), center=(252, 97)
[INFO] [1789635081.363452093] [vision_manager]: Book detected: xyz=(-0.112, -0.096, 0.507), center=(250, 180)
[INFO] [1789635081.364843101] [vision_manager]: Book detected: xyz=(0.734, 0.005, 0.869), center=(588, 242)
[INFO] [1789635081.366045892] [vision_manager]: Book detected: xyz=(0.663, 0.000, 0.869), center=(562, 240)
[INFO] [1789635081.367298640] [vision_manager]: Book detected: xyz=(-0.107, -0.021, 0.472), center=(248, 226)
[INFO] [1789635081.368580671] [vision_manager]: Book detected: xyz=(-0.092, 0.044, 0.400), center=(247, 275)
[INFO] [1789635081.369459238] [vision_manager]: No placeable empty shelf position found
[INFO] [1789635081.497710049] [vision_manager]: Book detected: xyz=(-0.086, -0.180, 0.400), center=(252, 97)
[INFO] [1789635081.498993186] [vision_manager]: Book detected: xyz=(0.734, 0.005, 0.869), center=(588, 242)
[INFO] [1789635081.500306234] [vision_manager]: Book detected: xyz=(-0.121, -0.096, 0.534), center=(248, 183)
[INFO] [1789635081.501638405] [vision_manager]: Book detected: xyz=(0.658, 0.000, 0.869), center=(560, 240)
[INFO] [1789635081.502964250] [vision_manager]: Book detected: xyz=(-0.091, -0.023, 0.402), center=(248, 222)
[INFO] [1789635081.504417562] [vision_manager]: Book detected: xyz=(-0.095, 0.045, 0.401), center=(245, 276)
[INFO] [1789635081.682081883] [vision_manager]: Book detected: xyz=(-0.086, -0.180, 0.400), center=(252, 97)
[INFO] [1789635081.686829996] [vision_manager]: Book detected: xyz=(0.734, 0.005, 0.869), center=(588, 242)
[INFO] [1789635081.690363241] [vision_manager]: Book detected: xyz=(-0.126, -0.096, 0.554), center=(248, 185)
[INFO] [1789635081.692997159] [vision_manager]: Book detected: xyz=(0.658, 0.000, 0.869), center=(560, 240)
[INFO] [1789635081.694312790] [vision_manager]: Book detected: xyz=(-0.091, -0.024, 0.402), center=(248, 221)
[INFO] [1789635081.695315925] [vision_manager]: Book detected: xyz=(-0.093, 0.045, 0.401), center=(246, 276)
[INFO] [1789635081.863854643] [vision_manager]: Book detected: xyz=(-0.086, -0.180, 0.400), center=(252, 97)
[INFO] [1789635081.865520838] [vision_manager]: Book detected: xyz=(0.737, 0.005, 0.869), center=(589, 242)
[INFO] [1789635081.867891770] [vision_manager]: Book detected: xyz=(-0.121, -0.096, 0.525), center=(247, 182)
[INFO] [1789635081.869883525] [vision_manager]: Book detected: xyz=(0.680, 0.000, 0.869), center=(568, 240)
[INFO] [1789635081.871294930] [vision_manager]: Book detected: xyz=(-0.093, -0.022, 0.403), center=(247, 223)
[INFO] [1789635081.872619954] [vision_manager]: Book detected: xyz=(-0.095, 0.044, 0.400), center=(245, 275)
[INFO] [1789635081.998215920] [vision_manager]: Book detected: xyz=(-0.087, -0.180, 0.400), center=(251, 97)
[INFO] [1789635081.999766742] [vision_manager]: Book detected: xyz=(0.734, 0.005, 0.869), center=(588, 242)
[INFO] [1789635082.001033661] [vision_manager]: Book detected: xyz=(-0.121, -0.096, 0.525), center=(247, 182)
[INFO] [1789635082.002351047] [vision_manager]: Book detected: xyz=(0.655, 0.000, 0.869), center=(559, 240)
[INFO] [1789635082.003531180] [vision_manager]: Book detected: xyz=(-0.093, -0.022, 0.403), center=(247, 223)
[INFO] [1789635082.004566576] [vision_manager]: Book detected: xyz=(-0.095, 0.044, 0.400), center=(245, 275)
[INFO] [1789635082.113016679] [vision_manager]: Book detected: xyz=(-0.087, -0.180, 0.400), center=(251, 97)
[INFO] [1789635082.114055908] [vision_manager]: Book detected: xyz=(0.734, 0.005, 0.869), center=(588, 242)
[INFO] [1789635082.114999005] [vision_manager]: Book detected: xyz=(-0.114, -0.096, 0.507), center=(249, 180)
[INFO] [1789635082.115936680] [vision_manager]: Book detected: xyz=(0.663, 0.000, 0.869), center=(562, 240)
[INFO] [1789635082.116874810] [vision_manager]: Book detected: xyz=(-0.091, -0.022, 0.403), center=(248, 223)
[INFO] [1789635082.117807931] [vision_manager]: Book detected: xyz=(-0.093, 0.045, 0.401), center=(246, 276)
[INFO] [1789635082.242844975] [vision_manager]: Book detected: xyz=(-0.087, -0.180, 0.400), center=(251, 97)
[INFO] [1789635082.244430845] [vision_manager]: Book detected: xyz=(0.734, 0.005, 0.869), center=(588, 242)
[INFO] [1789635082.245985292] [vision_manager]: Book detected: xyz=(-0.112, -0.096, 0.499), center=(249, 179)
[INFO] [1789635082.247325792] [vision_manager]: Book detected: xyz=(0.649, 0.000, 0.869), center=(557, 240)
[INFO] [1789635082.248585673] [vision_manager]: Book detected: xyz=(-0.118, -0.021, 0.511), center=(247, 227)
[INFO] [1789635082.249863160] [vision_manager]: Book detected: xyz=(-0.093, 0.044, 0.400), center=(246, 275)
[INFO] [1789635082.250785043] [vision_manager]: No placeable empty shelf position found
[INFO] [1789635082.366088392] [vision_manager]: Book detected: xyz=(-0.086, -0.180, 0.400), center=(252, 97)
[INFO] [1789635082.367603326] [vision_manager]: Book detected: xyz=(-0.112, -0.096, 0.499), center=(249, 179)
[INFO] [1789635082.369045023] [vision_manager]: Book detected: xyz=(0.737, 0.005, 0.869), center=(589, 242)
[INFO] [1789635082.370510066] [vision_manager]: Book detected: xyz=(0.660, 0.000, 0.869), center=(561, 240)
[INFO] [1789635082.371984610] [vision_manager]: Book detected: xyz=(-0.107, -0.021, 0.472), center=(248, 226)
[INFO] [1789635082.373287102] [vision_manager]: Book detected: xyz=(-0.092, 0.043, 0.400), center=(247, 274)
[INFO] [1789635082.374138877] [vision_manager]: No placeable empty shelf position found
[INFO] [1789635082.493124633] [vision_manager]: Book detected: xyz=(-0.086, -0.180, 0.400), center=(252, 97)
[INFO] [1789635082.494181812] [vision_manager]: Book detected: xyz=(-0.112, -0.096, 0.499), center=(249, 179)
[INFO] [1789635082.495445300] [vision_manager]: Book detected: xyz=(0.734, 0.005, 0.869), center=(588, 242)
[INFO] [1789635082.496485077] [vision_manager]: Book detected: xyz=(0.655, 0.000, 0.869), center=(559, 240)
[INFO] [1789635082.497916790] [vision_manager]: Book detected: xyz=(-0.101, -0.021, 0.439), center=(247, 225)
[INFO] [1789635082.498953376] [vision_manager]: Book detected: xyz=(-0.093, 0.042, 0.400), center=(246, 273)
[INFO] [1789635082.627327756] [vision_manager]: Book detected: xyz=(-0.086, -0.180, 0.400), center=(252, 97)
[INFO] [1789635082.628282769] [vision_manager]: Book detected: xyz=(0.734, 0.005, 0.869), center=(588, 242)
[INFO] [1789635082.629193024] [vision_manager]: Book detected: xyz=(-0.114, -0.096, 0.507), center=(249, 180)
[INFO] [1789635082.630109830] [vision_manager]: Book detected: xyz=(0.658, 0.000, 0.869), center=(560, 240)
[INFO] [1789635082.631014864] [vision_manager]: Book detected: xyz=(-0.101, -0.021, 0.439), center=(247, 225)
[INFO] [1789635082.631918192] [vision_manager]: Book detected: xyz=(-0.093, 0.042, 0.400), center=(246, 273)
[INFO] [1789635082.770022877] [vision_manager]: Book detected: xyz=(-0.086, -0.180, 0.400), center=(252, 97)
[INFO] [1789635082.771290720] [vision_manager]: Book detected: xyz=(0.734, 0.005, 0.869), center=(588, 242)
[INFO] [1789635082.772526246] [vision_manager]: Book detected: xyz=(-0.114, -0.096, 0.507), center=(249, 180)
[INFO] [1789635082.773744977] [vision_manager]: Book detected: xyz=(0.655, 0.000, 0.869), center=(559, 240)
[INFO] [1789635082.774949020] [vision_manager]: Book detected: xyz=(-0.093, -0.021, 0.411), center=(248, 224)
[INFO] [1789635082.776214778] [vision_manager]: Book detected: xyz=(-0.095, 0.042, 0.400), center=(245, 273)
[INFO] [1789635082.919162611] [vision_manager]: Book detected: xyz=(-0.087, -0.180, 0.400), center=(251, 97)
[INFO] [1789635082.920673013] [vision_manager]: Book detected: xyz=(0.734, 0.005, 0.869), center=(588, 242)
[INFO] [1789635082.922000569] [vision_manager]: Book detected: xyz=(-0.114, -0.096, 0.507), center=(249, 180)
[INFO] [1789635082.923223578] [vision_manager]: Book detected: xyz=(0.647, 0.000, 0.869), center=(556, 240)
[INFO] [1789635082.924440867] [vision_manager]: Book detected: xyz=(-0.091, -0.023, 0.402), center=(248, 222)
[INFO] [1789635082.925679866] [vision_manager]: Book detected: xyz=(-0.093, 0.043, 0.400), center=(246, 274)
[INFO] [1789635083.052003417] [vision_manager]: Book detected: xyz=(-0.087, -0.179, 0.401), center=(251, 98)
[INFO] [1789635083.053860995] [vision_manager]: Book detected: xyz=(0.734, 0.005, 0.869), center=(588, 242)
[INFO] [1789635083.055676415] [vision_manager]: Book detected: xyz=(-0.114, -0.096, 0.507), center=(249, 180)
[INFO] [1789635083.057270229] [vision_manager]: Book detected: xyz=(0.638, 0.000, 0.869), center=(553, 240)
[INFO] [1789635083.058707929] [vision_manager]: Book detected: xyz=(-0.093, -0.023, 0.402), center=(247, 222)
[INFO] [1789635083.060238267] [vision_manager]: Book detected: xyz=(-0.093, 0.040, 0.400), center=(246, 272)
[INFO] [1789635083.194836394] [vision_manager]: Book detected: xyz=(-0.087, -0.180, 0.400), center=(251, 97)
[INFO] [1789635083.195770666] [vision_manager]: Book detected: xyz=(-0.112, -0.096, 0.507), center=(250, 180)
[INFO] [1789635083.196635649] [vision_manager]: Book detected: xyz=(0.734, 0.005, 0.869), center=(588, 242)
[INFO] [1789635083.197497823] [vision_manager]: Book detected: xyz=(0.644, 0.000, 0.869), center=(555, 240)
[INFO] [1789635083.198369385] [vision_manager]: Book detected: xyz=(-0.107, -0.021, 0.472), center=(248, 226)
[INFO] [1789635083.199200196] [vision_manager]: Book detected: xyz=(-0.092, 0.042, 0.400), center=(247, 273)
[INFO] [1789635083.199774127] [vision_manager]: No placeable empty shelf position found
[INFO] [1789635083.335404092] [vision_manager]: Book detected: xyz=(-0.087, -0.179, 0.401), center=(251, 98)
[INFO] [1789635083.336350347] [vision_manager]: Book detected: xyz=(-0.114, -0.096, 0.507), center=(249, 180)
[INFO] [1789635083.337216881] [vision_manager]: Book detected: xyz=(0.734, 0.005, 0.869), center=(588, 242)
[INFO] [1789635083.338079033] [vision_manager]: Book detected: xyz=(0.638, 0.000, 0.869), center=(553, 240)
[INFO] [1789635083.338931608] [vision_manager]: Book detected: xyz=(-0.091, -0.023, 0.402), center=(248, 222)
[INFO] [1789635083.339786143] [vision_manager]: Book detected: xyz=(-0.092, 0.042, 0.400), center=(247, 273)
[INFO] [1789635083.463556531] [vision_manager]: Book detected: xyz=(-0.087, -0.179, 0.401), center=(251, 98)
[INFO] [1789635083.464509158] [vision_manager]: Book detected: xyz=(-0.112, -0.096, 0.507), center=(250, 180)
[INFO] [1789635083.465429852] [vision_manager]: Book detected: xyz=(0.734, 0.005, 0.869), center=(588, 242)
[INFO] [1789635083.466342117] [vision_manager]: Book detected: xyz=(0.638, 0.000, 0.869), center=(553, 240)
[INFO] [1789635083.467257012] [vision_manager]: Book detected: xyz=(-0.116, -0.021, 0.511), center=(248, 227)
[INFO] [1789635083.468173020] [vision_manager]: Book detected: xyz=(-0.091, 0.042, 0.400), center=(248, 273)
[INFO] [1789635083.468800833] [vision_manager]: No placeable empty shelf position found
[INFO] [1789635083.607717912] [vision_manager]: Book detected: xyz=(-0.086, -0.179, 0.401), center=(252, 98)
[INFO] [1789635083.608678730] [vision_manager]: Book detected: xyz=(-0.110, -0.096, 0.499), center=(250, 179)
[INFO] [1789635083.609595913] [vision_manager]: Book detected: xyz=(0.734, 0.005, 0.869), center=(588, 242)
[INFO] [1789635083.610510606] [vision_manager]: Book detected: xyz=(0.647, 0.000, 0.869), center=(556, 240)
[INFO] [1789635083.611425169] [vision_manager]: Book detected: xyz=(-0.092, -0.021, 0.411), center=(249, 224)
[INFO] [1789635083.612335101] [vision_manager]: Book detected: xyz=(-0.092, 0.038, 0.400), center=(247, 270)
[INFO] [1789635083.733474301] [vision_manager]: Book detected: xyz=(-0.086, -0.180, 0.400), center=(252, 97)
[INFO] [1789635083.734544450] [vision_manager]: Book detected: xyz=(0.734, 0.005, 0.869), center=(588, 242)
[INFO] [1789635083.735533400] [vision_manager]: Book detected: xyz=(-0.110, -0.096, 0.499), center=(250, 179)
[INFO] [1789635083.736787042] [vision_manager]: Book detected: xyz=(0.655, 0.000, 0.869), center=(559, 240)
[INFO] [1789635083.738379814] [vision_manager]: Book detected: xyz=(-0.090, -0.023, 0.402), center=(249, 222)
[INFO] [1789635083.740012887] [vision_manager]: Book detected: xyz=(-0.092, 0.042, 0.400), center=(247, 273)
[INFO] [1789635083.870624215] [vision_manager]: Book detected: xyz=(-0.086, -0.179, 0.401), center=(252, 98)
[INFO] [1789635083.871794304] [vision_manager]: Book detected: xyz=(-0.114, -0.096, 0.507), center=(249, 180)
[INFO] [1789635083.872729094] [vision_manager]: Book detected: xyz=(0.734, 0.005, 0.869), center=(588, 242)
[INFO] [1789635083.873647561] [vision_manager]: Book detected: xyz=(0.652, 0.000, 0.869), center=(558, 240)
[INFO] [1789635083.874559274] [vision_manager]: Book detected: xyz=(-0.091, -0.022, 0.403), center=(248, 223)
[INFO] [1789635083.875483134] [vision_manager]: Book detected: xyz=(-0.093, 0.038, 0.400), center=(246, 270)
[INFO] [1789635084.014557589] [vision_manager]: Book detected: xyz=(-0.086, -0.179, 0.401), center=(252, 98)
[INFO] [1789635084.015824918] [vision_manager]: Book detected: xyz=(-0.112, -0.096, 0.499), center=(249, 179)
[INFO] [1789635084.017035845] [vision_manager]: Book detected: xyz=(0.737, 0.005, 0.869), center=(589, 242)
[INFO] [1789635084.018263586] [vision_manager]: Book detected: xyz=(0.658, 0.000, 0.869), center=(560, 240)
[INFO] [1789635084.019464559] [vision_manager]: Book detected: xyz=(-0.091, -0.022, 0.403), center=(248, 223)
[INFO] [1789635084.020503700] [vision_manager]: Book detected: xyz=(-0.093, 0.037, 0.400), center=(246, 269)
[INFO] [1789635084.157309157] [vision_manager]: Book detected: xyz=(-0.087, -0.179, 0.401), center=(251, 98)
[INFO] [1789635084.158283048] [vision_manager]: Book detected: xyz=(-0.110, -0.096, 0.499), center=(250, 179)
[INFO] [1789635084.159204654] [vision_manager]: Book detected: xyz=(0.737, 0.005, 0.869), center=(589, 242)
[INFO] [1789635084.160119429] [vision_manager]: Book detected: xyz=(0.658, 0.000, 0.869), center=(560, 240)
[INFO] [1789635084.161026841] [vision_manager]: Book detected: xyz=(-0.093, -0.021, 0.411), center=(248, 224)
[INFO] [1789635084.161938602] [vision_manager]: Book detected: xyz=(-0.093, 0.038, 0.400), center=(246, 270)
[INFO] [1789635084.302164959] [vision_manager]: Book detected: xyz=(-0.086, -0.180, 0.400), center=(252, 97)
[INFO] [1789635084.303174365] [vision_manager]: Book detected: xyz=(-0.110, -0.096, 0.499), center=(250, 179)
[INFO] [1789635084.304126537] [vision_manager]: Book detected: xyz=(0.734, 0.005, 0.869), center=(588, 242)
[INFO] [1789635084.305075469] [vision_manager]: Book detected: xyz=(0.647, 0.000, 0.869), center=(556, 240)
[INFO] [1789635084.306012527] [vision_manager]: Book detected: xyz=(-0.107, -0.021, 0.472), center=(248, 226)
[INFO] [1789635084.306941408] [vision_manager]: Book detected: xyz=(-0.091, 0.039, 0.400), center=(248, 271)
[INFO] [1789635084.307583708] [vision_manager]: No placeable empty shelf position found
[INFO] [1789635084.430105140] [vision_manager]: Book detected: xyz=(-0.086, -0.179, 0.401), center=(252, 98)
[INFO] [1789635084.431628942] [vision_manager]: Book detected: xyz=(-0.110, -0.096, 0.499), center=(250, 179)
[INFO] [1789635084.433069345] [vision_manager]: Book detected: xyz=(0.734, 0.005, 0.869), center=(588, 242)
[INFO] [1789635084.434329461] [vision_manager]: Book detected: xyz=(0.658, 0.000, 0.869), center=(560, 240)
[INFO] [1789635084.435540291] [vision_manager]: Book detected: xyz=(-0.116, -0.021, 0.511), center=(248, 227)
[INFO] [1789635084.436742167] [vision_manager]: Book detected: xyz=(-0.092, 0.033, 0.400), center=(247, 266)
[INFO] [1789635084.437625936] [vision_manager]: No placeable empty shelf position found
[INFO] [1789635084.575779905] [vision_manager]: Book detected: xyz=(-0.086, -0.180, 0.400), center=(252, 97)
[INFO] [1789635084.576881740] [vision_manager]: Book detected: xyz=(-0.110, -0.096, 0.499), center=(250, 179)
[INFO] [1789635084.577871683] [vision_manager]: Book detected: xyz=(0.734, 0.005, 0.869), center=(588, 242)
[INFO] [1789635084.578790075] [vision_manager]: Book detected: xyz=(0.660, 0.000, 0.869), center=(561, 240)
[INFO] [1789635084.579703403] [vision_manager]: Book detected: xyz=(-0.107, -0.021, 0.472), center=(248, 226)
[INFO] [1789635084.580613195] [vision_manager]: Book detected: xyz=(-0.092, 0.042, 0.400), center=(247, 273)
[INFO] [1789635084.581247426] [vision_manager]: No placeable empty shelf position found
[INFO] [1789635084.691344461] [vision_manager]: Book detected: xyz=(-0.086, -0.180, 0.400), center=(252, 97)
[INFO] [1789635084.692832593] [vision_manager]: Book detected: xyz=(-0.110, -0.096, 0.499), center=(250, 179)
[INFO] [1789635084.694293871] [vision_manager]: Book detected: xyz=(0.734, 0.005, 0.869), center=(588, 242)
[INFO] [1789635084.695526071] [vision_manager]: Book detected: xyz=(0.644, 0.000, 0.869), center=(555, 240)
[INFO] [1789635084.696725849] [vision_manager]: Book detected: xyz=(-0.116, -0.021, 0.511), center=(248, 227)
[INFO] [1789635084.697957236] [vision_manager]: Book detected: xyz=(-0.091, 0.039, 0.400), center=(248, 271)
[INFO] [1789635084.698828580] [vision_manager]: No placeable empty shelf position found
[INFO] [1789635084.829540574] [vision_manager]: Book detected: xyz=(-0.086, -0.180, 0.400), center=(252, 97)
[INFO] [1789635084.830632689] [vision_manager]: Book detected: xyz=(-0.110, -0.096, 0.499), center=(250, 179)
[INFO] [1789635084.831663046] [vision_manager]: Book detected: xyz=(0.734, 0.005, 0.869), center=(588, 242)
[INFO] [1789635084.832697209] [vision_manager]: Book detected: xyz=(0.644, 0.000, 0.869), center=(555, 240)
[INFO] [1789635084.833724829] [vision_manager]: Book detected: xyz=(-0.107, -0.021, 0.472), center=(248, 226)
[INFO] [1789635084.834757358] [vision_manager]: Book detected: xyz=(-0.092, 0.040, 0.400), center=(247, 272)
[INFO] [1789635084.835482840] [vision_manager]: No placeable empty shelf position found
[INFO] [1789635084.965624669] [vision_manager]: Book detected: xyz=(-0.086, -0.180, 0.400), center=(252, 97)
[INFO] [1789635084.967521482] [vision_manager]: Book detected: xyz=(-0.110, -0.096, 0.499), center=(250, 179)
[INFO] [1789635084.969369848] [vision_manager]: Book detected: xyz=(0.734, 0.005, 0.869), center=(588, 242)
[INFO] [1789635084.971227193] [vision_manager]: Book detected: xyz=(0.636, 0.000, 0.869), center=(552, 240)
[INFO] [1789635084.973114221] [vision_manager]: Book detected: xyz=(-0.109, -0.021, 0.472), center=(247, 226)
[INFO] [1789635084.974639408] [vision_manager]: Book detected: xyz=(-0.093, 0.038, 0.400), center=(246, 270)
[INFO] [1789635084.975646553] [vision_manager]: No placeable empty shelf position found
[INFO] [1789635085.094768877] [vision_manager]: Book detected: xyz=(-0.086, -0.180, 0.400), center=(252, 97)
[INFO] [1789635085.096346651] [vision_manager]: Book detected: xyz=(-0.112, -0.096, 0.507), center=(250, 180)
[INFO] [1789635085.097927408] [vision_manager]: Book detected: xyz=(0.734, 0.005, 0.869), center=(588, 242)
[INFO] [1789635085.104984277] [vision_manager]: Book detected: xyz=(0.660, 0.000, 0.869), center=(561, 240)
[INFO] [1789635085.107039406] [vision_manager]: Book detected: xyz=(-0.091, -0.022, 0.403), center=(248, 223)
[INFO] [1789635085.109277018] [vision_manager]: Book detected: xyz=(-0.093, 0.037, 0.400), center=(246, 269)
[INFO] [1789635085.240453917] [vision_manager]: Book detected: xyz=(-0.086, -0.180, 0.400), center=(252, 97)
[INFO] [1789635085.241952555] [vision_manager]: Book detected: xyz=(-0.110, -0.096, 0.499), center=(250, 179)
[INFO] [1789635085.243413914] [vision_manager]: Book detected: xyz=(0.734, 0.005, 0.869), center=(588, 242)
[INFO] [1789635085.244622589] [vision_manager]: Book detected: xyz=(0.649, 0.000, 0.869), center=(557, 240)
[INFO] [1789635085.245831419] [vision_manager]: Book detected: xyz=(-0.093, -0.021, 0.411), center=(248, 224)
[INFO] [1789635085.247055752] [vision_manager]: Book detected: xyz=(-0.093, 0.037, 0.400), center=(246, 269)
[INFO] [1789635085.364311391] [vision_manager]: Book detected: xyz=(-0.086, -0.180, 0.400), center=(252, 97)
[INFO] [1789635085.365289004] [vision_manager]: Book detected: xyz=(-0.112, -0.096, 0.507), center=(250, 180)
[INFO] [1789635085.366214733] [vision_manager]: Book detected: xyz=(0.734, 0.005, 0.869), center=(588, 242)
[INFO] [1789635085.367134889] [vision_manager]: Book detected: xyz=(0.652, 0.000, 0.869), center=(558, 240)
[INFO] [1789635085.368038330] [vision_manager]: Book detected: xyz=(-0.090, -0.023, 0.402), center=(249, 222)
[INFO] [1789635085.368948951] [vision_manager]: Book detected: xyz=(-0.092, 0.037, 0.400), center=(247, 269)
[INFO] [1789635085.496522830] [vision_manager]: Book detected: xyz=(-0.087, -0.180, 0.400), center=(251, 97)
[INFO] [1789635085.498044952] [vision_manager]: Book detected: xyz=(-0.112, -0.096, 0.499), center=(249, 179)
[INFO] [1789635085.499514203] [vision_manager]: Book detected: xyz=(0.734, 0.005, 0.869), center=(588, 242)
[INFO] [1789635085.500960206] [vision_manager]: Book detected: xyz=(0.638, 0.000, 0.869), center=(553, 240)
[INFO] [1789635085.502466015] [vision_manager]: Book detected: xyz=(-0.091, -0.022, 0.403), center=(248, 223)
[INFO] [1789635085.503893443] [vision_manager]: Book detected: xyz=(-0.095, 0.034, 0.400), center=(245, 267)
[INFO] [1789635085.621673576] [vision_manager]: Book detected: xyz=(-0.087, -0.180, 0.400), center=(251, 97)
[INFO] [1789635085.622900334] [vision_manager]: Book detected: xyz=(-0.112, -0.096, 0.499), center=(249, 179)
[INFO] [1789635085.624079022] [vision_manager]: Book detected: xyz=(0.734, 0.005, 0.869), center=(588, 242)
[INFO] [1789635085.625077331] [vision_manager]: Book detected: xyz=(0.644, 0.000, 0.869), center=(555, 240)
[INFO] [1789635085.626014134] [vision_manager]: Book detected: xyz=(-0.093, -0.023, 0.402), center=(247, 222)
[INFO] [1789635085.627036314] [vision_manager]: Book detected: xyz=(-0.095, 0.038, 0.400), center=(245, 270)
[INFO] [1789635085.727728998] [vision_manager]: Book detected: xyz=(-0.087, -0.180, 0.400), center=(251, 97)
[INFO] [1789635085.728719338] [vision_manager]: Book detected: xyz=(-0.114, -0.096, 0.507), center=(249, 180)
[INFO] [1789635085.729636005] [vision_manager]: Book detected: xyz=(0.734, 0.005, 0.869), center=(588, 242)
[INFO] [1789635085.730553140] [vision_manager]: Book detected: xyz=(0.644, 0.000, 0.869), center=(555, 240)
[INFO] [1789635085.731468524] [vision_manager]: Book detected: xyz=(-0.091, -0.023, 0.402), center=(248, 222)
[INFO] [1789635085.732404307] [vision_manager]: Book detected: xyz=(-0.093, 0.035, 0.400), center=(246, 268)
[INFO] [1789635085.854834926] [vision_manager]: Book detected: xyz=(-0.087, -0.180, 0.400), center=(251, 97)
[INFO] [1789635085.856470091] [vision_manager]: Book detected: xyz=(-0.112, -0.096, 0.507), center=(250, 180)
[INFO] [1789635085.857916300] [vision_manager]: Book detected: xyz=(0.734, 0.005, 0.869), center=(588, 242)
[INFO] [1789635085.859383970] [vision_manager]: Book detected: xyz=(0.641, 0.000, 0.869), center=(554, 240)
[INFO] [1789635085.860834778] [vision_manager]: Book detected: xyz=(-0.091, -0.023, 0.402), center=(248, 222)
[INFO] [1789635085.862317371] [vision_manager]: Book detected: xyz=(-0.093, 0.034, 0.400), center=(246, 267)
[INFO] [1789635085.974314034] [vision_manager]: Book detected: xyz=(-0.087, -0.180, 0.400), center=(251, 97)
[INFO] [1789635085.975892600] [vision_manager]: Book detected: xyz=(-0.117, -0.096, 0.525), center=(249, 182)
[INFO] [1789635085.977388466] [vision_manager]: Book detected: xyz=(0.734, 0.005, 0.869), center=(588, 242)
[INFO] [1789635085.978841608] [vision_manager]: Book detected: xyz=(0.636, 0.000, 0.869), center=(552, 240)
[INFO] [1789635085.980297799] [vision_manager]: Book detected: xyz=(-0.091, -0.022, 0.403), center=(248, 223)
[INFO] [1789635085.981694749] [vision_manager]: Book detected: xyz=(-0.093, 0.032, 0.400), center=(246, 265)
[INFO] [1789635086.092819478] [vision_manager]: Book detected: xyz=(-0.087, -0.180, 0.400), center=(251, 97)
[INFO] [1789635086.094648692] [vision_manager]: Book detected: xyz=(-0.114, -0.096, 0.507), center=(249, 180)
[INFO] [1789635086.096184733] [vision_manager]: Book detected: xyz=(0.734, 0.005, 0.869), center=(588, 242)
[INFO] [1789635086.097233692] [vision_manager]: Book detected: xyz=(0.641, 0.000, 0.869), center=(554, 240)
[INFO] [1789635086.098217739] [vision_manager]: Book detected: xyz=(-0.091, -0.023, 0.402), center=(248, 222)
[INFO] [1789635086.099187865] [vision_manager]: Book detected: xyz=(-0.095, 0.034, 0.400), center=(245, 267)
[INFO] [1789635086.207343561] [vision_manager]: Book detected: xyz=(-0.087, -0.180, 0.400), center=(251, 97)
[INFO] [1789635086.208672150] [vision_manager]: Book detected: xyz=(-0.114, -0.096, 0.507), center=(249, 180)
[INFO] [1789635086.209909559] [vision_manager]: Book detected: xyz=(0.734, 0.005, 0.869), center=(588, 242)
[INFO] [1789635086.211161508] [vision_manager]: Book detected: xyz=(0.616, 0.000, 0.869), center=(545, 240)
[INFO] [1789635086.212526558] [vision_manager]: Book detected: xyz=(-0.091, -0.022, 0.403), center=(248, 223)
[INFO] [1789635086.213938420] [vision_manager]: Book detected: xyz=(-0.095, 0.037, 0.400), center=(245, 269)
[INFO] [1789635086.325340656] [vision_manager]: Book detected: xyz=(-0.087, -0.180, 0.400), center=(251, 97)
[INFO] [1789635086.326563956] [vision_manager]: Book detected: xyz=(-0.114, -0.096, 0.507), center=(249, 180)
[INFO] [1789635086.327885346] [vision_manager]: Book detected: xyz=(0.734, 0.005, 0.869), center=(588, 242)
[INFO] [1789635086.329851769] [vision_manager]: Book detected: xyz=(0.636, 0.000, 0.869), center=(552, 240)
[INFO] [1789635086.331675255] [vision_manager]: Book detected: xyz=(-0.091, -0.024, 0.402), center=(248, 221)
[INFO] [1789635086.332770264] [vision_manager]: Book detected: xyz=(-0.093, 0.039, 0.400), center=(246, 271)
[INFO] [1789635086.434464267] [vision_manager]: Book detected: xyz=(-0.087, -0.180, 0.400), center=(251, 97)
[INFO] [1789635086.435473812] [vision_manager]: Book detected: xyz=(-0.112, -0.096, 0.507), center=(250, 180)
[INFO] [1789635086.436472918] [vision_manager]: Book detected: xyz=(0.734, 0.005, 0.869), center=(588, 242)
[INFO] [1789635086.437425204] [vision_manager]: Book detected: xyz=(0.658, 0.000, 0.869), center=(560, 240)
[INFO] [1789635086.438507094] [vision_manager]: Book detected: xyz=(-0.090, -0.023, 0.402), center=(249, 222)
[INFO] [1789635086.440084241] [vision_manager]: Book detected: xyz=(-0.092, 0.034, 0.400), center=(247, 267)
[INFO] [1789635086.552730358] [vision_manager]: Book detected: xyz=(-0.087, -0.180, 0.400), center=(251, 97)
[INFO] [1789635086.553755197] [vision_manager]: Book detected: xyz=(-0.112, -0.096, 0.507), center=(250, 180)
[INFO] [1789635086.554703744] [vision_manager]: Book detected: xyz=(0.734, 0.005, 0.869), center=(588, 242)
[INFO] [1789635086.555649555] [vision_manager]: Book detected: xyz=(0.660, 0.000, 0.869), center=(561, 240)
[INFO] [1789635086.556602623] [vision_manager]: Book detected: xyz=(-0.090, -0.022, 0.403), center=(249, 223)
[INFO] [1789635086.557521146] [vision_manager]: Book detected: xyz=(-0.092, 0.034, 0.400), center=(247, 267)
[INFO] [1789635086.663547573] [vision_manager]: Book detected: xyz=(-0.087, -0.180, 0.400), center=(251, 97)
[INFO] [1789635086.665272960] [vision_manager]: Book detected: xyz=(-0.112, -0.096, 0.507), center=(250, 180)
[INFO] [1789635086.666412735] [vision_manager]: Book detected: xyz=(0.734, 0.005, 0.869), center=(588, 242)
[INFO] [1789635086.667400217] [vision_manager]: Book detected: xyz=(0.649, 0.000, 0.869), center=(557, 240)
[INFO] [1789635086.668348007] [vision_manager]: Book detected: xyz=(-0.091, -0.023, 0.402), center=(248, 222)
[INFO] [1789635086.669286662] [vision_manager]: Book detected: xyz=(-0.093, 0.038, 0.400), center=(246, 270)
[INFO] [1789635086.782857492] [vision_manager]: Book detected: xyz=(-0.087, -0.180, 0.400), center=(251, 97)
[INFO] [1789635086.784395872] [vision_manager]: Book detected: xyz=(-0.112, -0.096, 0.507), center=(250, 180)
[INFO] [1789635086.785849408] [vision_manager]: Book detected: xyz=(0.734, 0.005, 0.869), center=(588, 242)
[INFO] [1789635086.787314289] [vision_manager]: Book detected: xyz=(0.638, 0.000, 0.869), center=(553, 240)
[INFO] [1789635086.788824435] [vision_manager]: Book detected: xyz=(-0.091, -0.024, 0.402), center=(248, 221)
[INFO] [1789635086.790302822] [vision_manager]: Book detected: xyz=(-0.092, 0.037, 0.400), center=(247, 269)
[INFO] [1789635086.910828656] [vision_manager]: Book detected: xyz=(-0.087, -0.180, 0.400), center=(251, 97)
[INFO] [1789635086.912349675] [vision_manager]: Book detected: xyz=(-0.112, -0.096, 0.507), center=(250, 180)
[INFO] [1789635086.913805623] [vision_manager]: Book detected: xyz=(0.734, 0.005, 0.869), center=(588, 242)
[INFO] [1789635086.915262609] [vision_manager]: Book detected: xyz=(0.649, 0.000, 0.869), center=(557, 240)
[INFO] [1789635086.916703932] [vision_manager]: Book detected: xyz=(-0.100, -0.021, 0.439), center=(248, 225)
[INFO] [1789635086.918079508] [vision_manager]: Book detected: xyz=(-0.091, 0.039, 0.400), center=(248, 271)
[INFO] [1789635087.040266533] [vision_manager]: Book detected: xyz=(-0.087, -0.180, 0.400), center=(251, 97)
[INFO] [1789635087.042122012] [vision_manager]: Book detected: xyz=(-0.114, -0.096, 0.516), center=(250, 181)
[INFO] [1789635087.043892006] [vision_manager]: Book detected: xyz=(0.734, 0.005, 0.869), center=(588, 242)
[INFO] [1789635087.045378828] [vision_manager]: Book detected: xyz=(0.655, 0.000, 0.869), center=(559, 240)
[INFO] [1789635087.046827713] [vision_manager]: Book detected: xyz=(-0.091, -0.025, 0.401), center=(248, 220)
[INFO] [1789635087.048303230] [vision_manager]: Book detected: xyz=(-0.092, 0.039, 0.400), center=(247, 271)
[INFO] [1789635087.158624369] [vision_manager]: Book detected: xyz=(-0.087, -0.180, 0.400), center=(251, 97)
[INFO] [1789635087.159728985] [vision_manager]: Book detected: xyz=(-0.112, -0.096, 0.507), center=(250, 180)
[INFO] [1789635087.160739257] [vision_manager]: Book detected: xyz=(0.734, 0.005, 0.869), center=(588, 242)
[INFO] [1789635087.161646826] [vision_manager]: Book detected: xyz=(0.652, 0.000, 0.869), center=(558, 240)
[INFO] [1789635087.162556488] [vision_manager]: Book detected: xyz=(-0.091, -0.024, 0.402), center=(248, 221)
[INFO] [1789635087.163493262] [vision_manager]: Book detected: xyz=(-0.093, 0.038, 0.400), center=(246, 270)
[INFO] [1789635087.287249147] [vision_manager]: Book detected: xyz=(-0.086, -0.180, 0.400), center=(252, 97)
[INFO] [1789635087.288386245] [vision_manager]: Book detected: xyz=(-0.114, -0.096, 0.507), center=(249, 180)
[INFO] [1789635087.289489597] [vision_manager]: Book detected: xyz=(0.734, 0.005, 0.869), center=(588, 242)
[INFO] [1789635087.290569369] [vision_manager]: Book detected: xyz=(0.652, 0.000, 0.869), center=(558, 240)
[INFO] [1789635087.291648780] [vision_manager]: Book detected: xyz=(-0.091, -0.023, 0.402), center=(248, 222)
[INFO] [1789635087.292726116] [vision_manager]: Book detected: xyz=(-0.093, 0.034, 0.400), center=(246, 267)
[INFO] [1789635087.419608605] [vision_manager]: Book detected: xyz=(-0.086, -0.180, 0.400), center=(252, 97)
[INFO] [1789635087.421488119] [vision_manager]: Book detected: xyz=(-0.112, -0.096, 0.507), center=(250, 180)
[INFO] [1789635087.422948134] [vision_manager]: Book detected: xyz=(0.734, 0.005, 0.869), center=(588, 242)
[INFO] [1789635087.424465076] [vision_manager]: Book detected: xyz=(0.647, 0.000, 0.869), center=(556, 240)
[INFO] [1789635087.425969139] [vision_manager]: Book detected: xyz=(-0.107, -0.021, 0.472), center=(248, 226)
[INFO] [1789635087.427515172] [vision_manager]: Book detected: xyz=(-0.092, 0.039, 0.400), center=(247, 271)
[INFO] [1789635087.428548445] [vision_manager]: No placeable empty shelf position found
[INFO] [1789635087.546649867] [vision_manager]: Book detected: xyz=(-0.086, -0.180, 0.400), center=(252, 97)
[INFO] [1789635087.547841870] [vision_manager]: Book detected: xyz=(-0.112, -0.096, 0.507), center=(250, 180)
[INFO] [1789635087.548991889] [vision_manager]: Book detected: xyz=(0.734, 0.005, 0.869), center=(588, 242)
[INFO] [1789635087.550265411] [vision_manager]: Book detected: xyz=(0.652, 0.000, 0.869), center=(558, 240)
[INFO] [1789635087.551398976] [vision_manager]: Book detected: xyz=(-0.107, -0.021, 0.472), center=(248, 226)
[INFO] [1789635087.552461030] [vision_manager]: Book detected: xyz=(-0.091, 0.039, 0.400), center=(248, 271)
[INFO] [1789635087.553156908] [vision_manager]: No placeable empty shelf position found
[INFO] [1789635087.763797130] [vision_manager]: Book detected: xyz=(-0.086, -0.180, 0.400), center=(252, 97)
[INFO] [1789635087.765365166] [vision_manager]: Book detected: xyz=(-0.114, -0.096, 0.516), center=(250, 181)
[INFO] [1789635087.766863544] [vision_manager]: Book detected: xyz=(0.734, 0.005, 0.869), center=(588, 242)
[INFO] [1789635087.768369121] [vision_manager]: Book detected: xyz=(0.627, 0.000, 0.869), center=(549, 240)
[INFO] [1789635087.769869848] [vision_manager]: Book detected: xyz=(-0.093, -0.021, 0.411), center=(248, 224)
[INFO] [1789635087.771383187] [vision_manager]: Book detected: xyz=(-0.091, 0.038, 0.400), center=(248, 270)
[INFO] [1789635087.874682638] [vision_manager]: Book detected: xyz=(-0.086, -0.180, 0.400), center=(252, 97)
[INFO] [1789635087.875730478] [vision_manager]: Book detected: xyz=(-0.115, -0.096, 0.516), center=(249, 181)
[INFO] [1789635087.876695554] [vision_manager]: Book detected: xyz=(0.734, 0.005, 0.869), center=(588, 242)
[INFO] [1789635087.877646387] [vision_manager]: Book detected: xyz=(0.627, 0.000, 0.869), center=(549, 240)
[INFO] [1789635087.878616406] [vision_manager]: Book detected: xyz=(-0.091, -0.025, 0.401), center=(248, 220)
[INFO] [1789635087.879578641] [vision_manager]: Book detected: xyz=(-0.092, 0.037, 0.400), center=(247, 269)
[INFO] [1789635088.033642379] [vision_manager]: Book detected: xyz=(-0.086, -0.180, 0.400), center=(252, 97)
[INFO] [1789635088.034617914] [vision_manager]: Book detected: xyz=(-0.114, -0.096, 0.516), center=(250, 181)
[INFO] [1789635088.035558701] [vision_manager]: Book detected: xyz=(0.734, 0.005, 0.869), center=(588, 242)
[INFO] [1789635088.036482620] [vision_manager]: Book detected: xyz=(0.638, 0.000, 0.869), center=(553, 240)
[INFO] [1789635088.037402498] [vision_manager]: Book detected: xyz=(-0.090, -0.025, 0.401), center=(249, 220)
[INFO] [1789635088.038333360] [vision_manager]: Book detected: xyz=(-0.092, 0.037, 0.400), center=(247, 269)
[INFO] [1789635088.179288087] [vision_manager]: Book detected: xyz=(-0.086, -0.180, 0.400), center=(252, 97)
[INFO] [1789635088.180769896] [vision_manager]: Book detected: xyz=(-0.115, -0.096, 0.516), center=(249, 181)
[INFO] [1789635088.182275670] [vision_manager]: Book detected: xyz=(0.734, 0.005, 0.869), center=(588, 242)
[INFO] [1789635088.183719051] [vision_manager]: Book detected: xyz=(0.652, 0.000, 0.869), center=(558, 240)
[INFO] [1789635088.185178758] [vision_manager]: Book detected: xyz=(-0.090, -0.025, 0.401), center=(249, 220)
[INFO] [1789635088.186651196] [vision_manager]: Book detected: xyz=(-0.092, 0.033, 0.400), center=(247, 266)
[INFO] [1789635088.313621463] [vision_manager]: Book detected: xyz=(-0.086, -0.180, 0.400), center=(252, 97)
[INFO] [1789635088.314699131] [vision_manager]: Book detected: xyz=(-0.114, -0.096, 0.516), center=(250, 181)
[INFO] [1789635088.315738637] [vision_manager]: Book detected: xyz=(0.734, 0.005, 0.869), center=(588, 242)
[INFO] [1789635088.316783225] [vision_manager]: Book detected: xyz=(0.652, 0.000, 0.869), center=(558, 240)
[INFO] [1789635088.317862717] [vision_manager]: Book detected: xyz=(-0.090, -0.025, 0.401), center=(249, 220)
[INFO] [1789635088.318901537] [vision_manager]: Book detected: xyz=(-0.091, 0.030, 0.400), center=(248, 264)
[INFO] [1789635088.449526391] [vision_manager]: Book detected: xyz=(-0.086, -0.180, 0.400), center=(252, 97)
[INFO] [1789635088.451497506] [vision_manager]: Book detected: xyz=(-0.112, -0.096, 0.507), center=(250, 180)
[INFO] [1789635088.453499400] [vision_manager]: Book detected: xyz=(0.734, 0.005, 0.869), center=(588, 242)
[INFO] [1789635088.454848520] [vision_manager]: Book detected: xyz=(0.630, 0.000, 0.869), center=(550, 240)
[INFO] [1789635088.456098685] [vision_manager]: Book detected: xyz=(-0.090, -0.024, 0.402), center=(249, 221)
[INFO] [1789635088.457264395] [vision_manager]: Book detected: xyz=(-0.092, 0.033, 0.400), center=(247, 266)
[INFO] [1789635088.567093427] [vision_manager]: Book detected: xyz=(-0.086, -0.180, 0.400), center=(252, 97)
[INFO] [1789635088.568211061] [vision_manager]: Book detected: xyz=(-0.110, -0.096, 0.507), center=(251, 180)
[INFO] [1789635088.569192567] [vision_manager]: Book detected: xyz=(0.734, 0.005, 0.869), center=(588, 242)
[INFO] [1789635088.570124431] [vision_manager]: Book detected: xyz=(0.622, 0.000, 0.869), center=(547, 240)
[INFO] [1789635088.571118470] [vision_manager]: Book detected: xyz=(-0.091, -0.022, 0.403), center=(248, 223)
[INFO] [1789635088.572156817] [vision_manager]: Book detected: xyz=(-0.091, 0.033, 0.400), center=(248, 266)
[INFO] [1789635088.694253568] [vision_manager]: Book detected: xyz=(-0.086, -0.180, 0.400), center=(252, 97)
[INFO] [1789635088.695338911] [vision_manager]: Book detected: xyz=(-0.114, -0.096, 0.516), center=(250, 181)
[INFO] [1789635088.696385603] [vision_manager]: Book detected: xyz=(0.734, 0.005, 0.869), center=(588, 242)
[INFO] [1789635088.697419670] [vision_manager]: Book detected: xyz=(0.619, 0.000, 0.869), center=(546, 240)
[INFO] [1789635088.698464757] [vision_manager]: Book detected: xyz=(-0.091, -0.022, 0.403), center=(248, 223)
[INFO] [1789635088.699510882] [vision_manager]: Book detected: xyz=(-0.092, 0.039, 0.400), center=(247, 271)
[INFO] [1789635088.809643535] [vision_manager]: Book detected: xyz=(-0.086, -0.180, 0.400), center=(252, 97)
[INFO] [1789635088.810723142] [vision_manager]: Book detected: xyz=(-0.112, -0.096, 0.507), center=(250, 180)
[INFO] [1789635088.811754245] [vision_manager]: Book detected: xyz=(0.734, 0.005, 0.869), center=(588, 242)
[INFO] [1789635088.812787296] [vision_manager]: Book detected: xyz=(0.641, 0.000, 0.869), center=(554, 240)
[INFO] [1789635088.813815385] [vision_manager]: Book detected: xyz=(-0.091, -0.023, 0.402), center=(248, 222)
[INFO] [1789635088.814844845] [vision_manager]: Book detected: xyz=(-0.092, 0.040, 0.400), center=(247, 272)
[INFO] [1789635088.939958049] [vision_manager]: Book detected: xyz=(-0.086, -0.180, 0.400), center=(252, 97)
[INFO] [1789635088.941820993] [vision_manager]: Book detected: xyz=(-0.114, -0.096, 0.516), center=(250, 181)
[INFO] [1789635088.943424581] [vision_manager]: Book detected: xyz=(0.734, 0.005, 0.869), center=(588, 242)
[INFO] [1789635088.944933476] [vision_manager]: Book detected: xyz=(0.625, 0.000, 0.869), center=(548, 240)
[INFO] [1789635088.946399068] [vision_manager]: Book detected: xyz=(-0.090, -0.023, 0.402), center=(249, 222)
[INFO] [1789635088.947853062] [vision_manager]: Book detected: xyz=(-0.091, 0.038, 0.400), center=(248, 270)
[INFO] [1789635089.060351179] [vision_manager]: Book detected: xyz=(-0.086, -0.180, 0.400), center=(252, 97)
[INFO] [1789635089.061462825] [vision_manager]: Book detected: xyz=(-0.114, -0.096, 0.516), center=(250, 181)
[INFO] [1789635089.062550468] [vision_manager]: Book detected: xyz=(0.734, 0.005, 0.869), center=(588, 242)
[INFO] [1789635089.063602327] [vision_manager]: Book detected: xyz=(0.633, 0.000, 0.869), center=(551, 240)
[INFO] [1789635089.064645188] [vision_manager]: Book detected: xyz=(-0.091, -0.023, 0.402), center=(248, 222)
[INFO] [1789635089.065692130] [vision_manager]: Book detected: xyz=(-0.092, 0.037, 0.400), center=(247, 269)
[INFO] [1789635089.166378350] [vision_manager]: Book detected: xyz=(-0.086, -0.180, 0.400), center=(252, 97)
[INFO] [1789635089.167359334] [vision_manager]: Book detected: xyz=(-0.114, -0.096, 0.516), center=(250, 181)
[INFO] [1789635089.168278797] [vision_manager]: Book detected: xyz=(0.734, 0.005, 0.869), center=(588, 242)
[INFO] [1789635089.169195352] [vision_manager]: Book detected: xyz=(0.636, 0.000, 0.869), center=(552, 240)
[INFO] [1789635089.170112829] [vision_manager]: Book detected: xyz=(-0.091, -0.023, 0.402), center=(248, 222)
[INFO] [1789635089.171014019] [vision_manager]: Book detected: xyz=(-0.092, 0.035, 0.400), center=(247, 268)
[INFO] [1789635089.296858153] [vision_manager]: Book detected: xyz=(-0.086, -0.180, 0.400), center=(252, 97)
[INFO] [1789635089.298850151] [vision_manager]: Book detected: xyz=(-0.114, -0.096, 0.516), center=(250, 181)
[INFO] [1789635089.300765419] [vision_manager]: Book detected: xyz=(0.734, 0.005, 0.869), center=(588, 242)
[INFO] [1789635089.302647748] [vision_manager]: Book detected: xyz=(0.638, 0.000, 0.869), center=(553, 240)
[INFO] [1789635089.304287215] [vision_manager]: Book detected: xyz=(-0.091, -0.023, 0.402), center=(248, 222)
[INFO] [1789635089.307289348] [vision_manager]: Book detected: xyz=(-0.092, 0.035, 0.400), center=(247, 268)
[INFO] [1789635089.420936374] [vision_manager]: Book detected: xyz=(-0.086, -0.180, 0.400), center=(252, 97)
[INFO] [1789635089.422040901] [vision_manager]: Book detected: xyz=(-0.112, -0.096, 0.507), center=(250, 180)
[INFO] [1789635089.423107711] [vision_manager]: Book detected: xyz=(0.734, 0.005, 0.869), center=(588, 242)
[INFO] [1789635089.424139170] [vision_manager]: Book detected: xyz=(0.658, 0.000, 0.869), center=(560, 240)
[INFO] [1789635089.425180261] [vision_manager]: Book detected: xyz=(-0.091, -0.023, 0.402), center=(248, 222)
[INFO] [1789635089.426221647] [vision_manager]: Book detected: xyz=(-0.092, 0.037, 0.400), center=(247, 269)
[INFO] [1789635089.553211633] [vision_manager]: Book detected: xyz=(-0.086, -0.180, 0.400), center=(252, 97)
[INFO] [1789635089.555799083] [vision_manager]: Book detected: xyz=(-0.114, -0.096, 0.516), center=(250, 181)
[INFO] [1789635089.557501885] [vision_manager]: Book detected: xyz=(0.734, 0.005, 0.869), center=(588, 242)
[INFO] [1789635089.559133164] [vision_manager]: Book detected: xyz=(0.647, 0.000, 0.869), center=(556, 240)
[INFO] [1789635089.560743405] [vision_manager]: Book detected: xyz=(-0.093, 0.037, 0.400), center=(246, 269)
[INFO] [1789635089.563044263] [vision_manager]: Book detected: xyz=(-0.093, -0.021, 0.411), center=(248, 224)
[INFO] [1789635089.674810637] [vision_manager]: Book detected: xyz=(-0.086, -0.180, 0.400), center=(252, 97)
[INFO] [1789635089.675987044] [vision_manager]: Book detected: xyz=(-0.114, -0.096, 0.516), center=(250, 181)
[INFO] [1789635089.677183376] [vision_manager]: Book detected: xyz=(0.734, 0.005, 0.869), center=(588, 242)
[INFO] [1789635089.678429313] [vision_manager]: Book detected: xyz=(0.649, 0.000, 0.869), center=(557, 240)
[INFO] [1789635089.679578054] [vision_manager]: Book detected: xyz=(-0.091, -0.022, 0.403), center=(248, 223)
[INFO] [1789635089.681155751] [vision_manager]: Book detected: xyz=(-0.091, 0.037, 0.400), center=(248, 269)
[INFO] [1789635089.816224657] [vision_manager]: Book detected: xyz=(-0.085, -0.180, 0.400), center=(253, 97)
[INFO] [1789635089.817263911] [vision_manager]: Book detected: xyz=(-0.112, -0.096, 0.516), center=(251, 181)
[INFO] [1789635089.818261224] [vision_manager]: Book detected: xyz=(0.734, 0.005, 0.869), center=(588, 242)
[INFO] [1789635089.819232682] [vision_manager]: Book detected: xyz=(0.627, 0.003, 0.869), center=(549, 241)
[INFO] [1789635089.820286987] [vision_manager]: Book detected: xyz=(-0.090, -0.022, 0.403), center=(249, 223)
[INFO] [1789635089.821251282] [vision_manager]: Book detected: xyz=(-0.091, 0.037, 0.400), center=(248, 269)
[INFO] [1789635089.961284345] [vision_manager]: Book detected: xyz=(-0.085, -0.180, 0.400), center=(253, 97)
[INFO] [1789635089.962890120] [vision_manager]: Book detected: xyz=(-0.112, -0.096, 0.516), center=(251, 181)
[INFO] [1789635089.964478895] [vision_manager]: Book detected: xyz=(0.734, 0.005, 0.869), center=(588, 242)
[INFO] [1789635089.966131956] [vision_manager]: Book detected: xyz=(0.649, 0.000, 0.869), center=(557, 240)
[INFO] [1789635089.967762341] [vision_manager]: Book detected: xyz=(-0.092, -0.021, 0.411), center=(249, 224)
[INFO] [1789635089.969263978] [vision_manager]: Book detected: xyz=(-0.091, 0.037, 0.400), center=(248, 269)
[INFO] [1789635090.106802910] [vision_manager]: Book detected: xyz=(-0.085, -0.180, 0.400), center=(253, 97)
[INFO] [1789635090.107944288] [vision_manager]: Book detected: xyz=(-0.112, -0.096, 0.516), center=(251, 181)
[INFO] [1789635090.108970230] [vision_manager]: Book detected: xyz=(0.734, 0.005, 0.869), center=(588, 242)
[INFO] [1789635090.109940191] [vision_manager]: Book detected: xyz=(0.652, 0.003, 0.869), center=(558, 241)
[INFO] [1789635090.111026508] [vision_manager]: Book detected: xyz=(-0.090, -0.022, 0.403), center=(249, 223)
[INFO] [1789635090.112086127] [vision_manager]: Book detected: xyz=(-0.091, 0.035, 0.400), center=(248, 268)
[INFO] [1789635090.228406188] [vision_manager]: Book detected: xyz=(-0.086, -0.180, 0.400), center=(252, 97)
[INFO] [1789635090.229679587] [vision_manager]: Book detected: xyz=(-0.116, -0.096, 0.525), center=(250, 182)
[INFO] [1789635090.230744222] [vision_manager]: Book detected: xyz=(0.734, 0.005, 0.869), center=(588, 242)
[INFO] [1789635090.231798825] [vision_manager]: Book detected: xyz=(0.660, 0.000, 0.869), center=(561, 240)
[INFO] [1789635090.232862729] [vision_manager]: Book detected: xyz=(-0.090, -0.022, 0.403), center=(249, 223)
[INFO] [1789635090.233904039] [vision_manager]: Book detected: xyz=(-0.090, 0.037, 0.400), center=(249, 269)
[INFO] [1789635090.378069620] [vision_manager]: Book detected: xyz=(-0.086, -0.180, 0.400), center=(252, 97)
[INFO] [1789635090.379568157] [vision_manager]: Book detected: xyz=(-0.114, -0.096, 0.525), center=(251, 182)
[INFO] [1789635090.381026807] [vision_manager]: Book detected: xyz=(0.734, 0.005, 0.869), center=(588, 242)
[INFO] [1789635090.382786407] [vision_manager]: Book detected: xyz=(0.649, 0.000, 0.869), center=(557, 240)
[INFO] [1789635090.384014089] [vision_manager]: Book detected: xyz=(-0.090, -0.022, 0.403), center=(249, 223)
[INFO] [1789635090.385247436] [vision_manager]: Book detected: xyz=(-0.090, 0.037, 0.400), center=(249, 269)
[INFO] [1789635090.513789162] [vision_manager]: Book detected: xyz=(-0.086, -0.180, 0.400), center=(252, 97)
[INFO] [1789635090.515081652] [vision_manager]: Book detected: xyz=(-0.114, -0.096, 0.525), center=(251, 182)
[INFO] [1789635090.516316494] [vision_manager]: Book detected: xyz=(0.734, 0.005, 0.869), center=(588, 242)
[INFO] [1789635090.517529638] [vision_manager]: Book detected: xyz=(0.652, 0.000, 0.869), center=(558, 240)
[INFO] [1789635090.518594284] [vision_manager]: Book detected: xyz=(-0.090, -0.022, 0.403), center=(249, 223)
[INFO] [1789635090.690424594] [vision_manager]: Book detected: xyz=(-0.086, -0.180, 0.400), center=(252, 97)
[INFO] [1789635090.692444798] [vision_manager]: Book detected: xyz=(-0.114, -0.096, 0.525), center=(251, 182)
[INFO] [1789635090.694398031] [vision_manager]: Book detected: xyz=(0.734, 0.005, 0.869), center=(588, 242)
[INFO] [1789635090.696287333] [vision_manager]: Book detected: xyz=(0.649, 0.000, 0.869), center=(557, 240)
[INFO] [1789635090.698560961] [vision_manager]: Book detected: xyz=(-0.092, -0.021, 0.411), center=(249, 224)
[INFO] [1789635090.859702121] [vision_manager]: Book detected: xyz=(-0.086, -0.180, 0.400), center=(252, 97)
[INFO] [1789635090.860807541] [vision_manager]: Book detected: xyz=(-0.112, -0.096, 0.516), center=(251, 181)
[INFO] [1789635090.861883899] [vision_manager]: Book detected: xyz=(0.734, 0.005, 0.869), center=(588, 242)
[INFO] [1789635090.862942289] [vision_manager]: Book detected: xyz=(0.663, 0.000, 0.869), center=(562, 240)
[INFO] [1789635090.864016791] [vision_manager]: Book detected: xyz=(-0.090, -0.022, 0.403), center=(249, 223)
[INFO] [1789635091.031003763] [vision_manager]: Book detected: xyz=(-0.086, -0.180, 0.400), center=(252, 97)
[INFO] [1789635091.032124596] [vision_manager]: Book detected: xyz=(-0.112, -0.096, 0.516), center=(251, 181)
[INFO] [1789635091.033151686] [vision_manager]: Book detected: xyz=(0.734, 0.005, 0.869), center=(588, 242)
[INFO] [1789635091.034166479] [vision_manager]: Book detected: xyz=(0.660, 0.000, 0.869), center=(561, 240)
[INFO] [1789635091.035164426] [vision_manager]: Book detected: xyz=(-0.090, -0.022, 0.403), center=(249, 223)
[INFO] [1789635091.320609218] [vision_manager]: Book detected: xyz=(-0.086, -0.180, 0.400), center=(252, 97)
[INFO] [1789635091.322518932] [vision_manager]: Book detected: xyz=(-0.110, -0.096, 0.507), center=(251, 180)
[INFO] [1789635091.324495046] [vision_manager]: Book detected: xyz=(0.734, 0.005, 0.869), center=(588, 242)
[INFO] [1789635091.326404480] [vision_manager]: Book detected: xyz=(0.647, 0.000, 0.869), center=(556, 240)
[INFO] [1789635091.328211198] [vision_manager]: Book detected: xyz=(-0.090, -0.022, 0.403), center=(249, 223)
[INFO] [1789635091.477186563] [vision_manager]: Book detected: xyz=(-0.086, -0.180, 0.400), center=(252, 97)
[INFO] [1789635091.478702299] [vision_manager]: Book detected: xyz=(-0.110, -0.096, 0.507), center=(251, 180)
[INFO] [1789635091.480206457] [vision_manager]: Book detected: xyz=(0.734, 0.005, 0.869), center=(588, 242)
[INFO] [1789635091.481527727] [vision_manager]: Book detected: xyz=(0.655, 0.000, 0.869), center=(559, 240)
[INFO] [1789635091.482796611] [vision_manager]: Book detected: xyz=(-0.090, -0.022, 0.403), center=(249, 223)
[INFO] [1789635091.641632951] [vision_manager]: Book detected: xyz=(-0.086, -0.180, 0.400), center=(252, 97)
[INFO] [1789635091.643122250] [vision_manager]: Book detected: xyz=(-0.112, -0.096, 0.516), center=(251, 181)
[INFO] [1789635091.644370393] [vision_manager]: Book detected: xyz=(0.734, 0.005, 0.869), center=(588, 242)
[INFO] [1789635091.645620340] [vision_manager]: Book detected: xyz=(0.649, 0.000, 0.869), center=(557, 240)
[INFO] [1789635091.646853661] [vision_manager]: Book detected: xyz=(-0.090, -0.022, 0.403), center=(249, 223)
[INFO] [1789635091.648167492] [vision_manager]: Book detected: xyz=(-0.091, 0.028, 0.401), center=(248, 262)
[INFO] [1789635091.825357047] [vision_manager]: Book detected: xyz=(-0.086, -0.180, 0.400), center=(252, 97)
[INFO] [1789635091.826434468] [vision_manager]: Book detected: xyz=(-0.110, -0.096, 0.507), center=(251, 180)
[INFO] [1789635091.827463907] [vision_manager]: Book detected: xyz=(0.734, 0.005, 0.869), center=(588, 242)
[INFO] [1789635091.828466613] [vision_manager]: Book detected: xyz=(0.652, 0.000, 0.869), center=(558, 240)
[INFO] [1789635091.829427114] [vision_manager]: Book detected: xyz=(-0.090, -0.022, 0.403), center=(249, 223)
[INFO] [1789635091.830375459] [vision_manager]: Book detected: xyz=(-0.090, 0.032, 0.400), center=(249, 265)
[INFO] [1789635091.968930688] [vision_manager]: Book detected: xyz=(-0.086, -0.180, 0.400), center=(252, 97)
[INFO] [1789635091.969933733] [vision_manager]: Book detected: xyz=(-0.112, -0.096, 0.516), center=(251, 181)
[INFO] [1789635091.970870385] [vision_manager]: Book detected: xyz=(0.734, 0.005, 0.869), center=(588, 242)
[INFO] [1789635091.971802557] [vision_manager]: Book detected: xyz=(0.638, 0.000, 0.869), center=(553, 240)
[INFO] [1789635091.972717951] [vision_manager]: Book detected: xyz=(-0.089, -0.022, 0.403), center=(250, 223)
[INFO] [1789635092.098903743] [vision_manager]: Book detected: xyz=(-0.086, -0.180, 0.400), center=(252, 97)
[INFO] [1789635092.100753777] [vision_manager]: Book detected: xyz=(-0.112, -0.096, 0.516), center=(251, 181)
[INFO] [1789635092.102380814] [vision_manager]: Book detected: xyz=(0.737, 0.005, 0.869), center=(589, 242)
[INFO] [1789635092.103890225] [vision_manager]: Book detected: xyz=(0.655, 0.000, 0.869), center=(559, 240)
[INFO] [1789635092.105356807] [vision_manager]: Book detected: xyz=(-0.090, -0.022, 0.403), center=(249, 223)
[INFO] [1789635092.218168950] [vision_manager]: Book detected: xyz=(-0.086, -0.179, 0.401), center=(252, 98)
[INFO] [1789635092.219233817] [vision_manager]: Book detected: xyz=(-0.112, -0.096, 0.516), center=(251, 181)
[INFO] [1789635092.220181479] [vision_manager]: Book detected: xyz=(0.734, 0.005, 0.869), center=(588, 242)
[INFO] [1789635092.221124834] [vision_manager]: Book detected: xyz=(0.655, 0.000, 0.869), center=(559, 240)
[INFO] [1789635092.222069851] [vision_manager]: Book detected: xyz=(-0.090, -0.022, 0.403), center=(249, 223)
[INFO] [1789635092.345569701] [vision_manager]: Book detected: xyz=(-0.086, -0.179, 0.401), center=(252, 98)
[INFO] [1789635092.346823830] [vision_manager]: Book detected: xyz=(-0.110, -0.096, 0.507), center=(251, 180)
[INFO] [1789635092.348029750] [vision_manager]: Book detected: xyz=(0.737, 0.005, 0.869), center=(589, 242)
[INFO] [1789635092.349239912] [vision_manager]: Book detected: xyz=(0.677, 0.000, 0.869), center=(567, 240)
[INFO] [1789635092.350447217] [vision_manager]: Book detected: xyz=(-0.090, -0.022, 0.403), center=(249, 223)
[INFO] [1789635092.454368937] [vision_manager]: Book detected: xyz=(-0.086, -0.179, 0.401), center=(252, 98)
[INFO] [1789635092.455355551] [vision_manager]: Book detected: xyz=(-0.112, -0.096, 0.516), center=(251, 181)
[INFO] [1789635092.456277612] [vision_manager]: Book detected: xyz=(0.734, 0.005, 0.869), center=(588, 242)
[INFO] [1789635092.457191805] [vision_manager]: Book detected: xyz=(0.671, 0.000, 0.869), center=(565, 240)
[INFO] [1789635092.458100159] [vision_manager]: Book detected: xyz=(-0.091, -0.023, 0.402), center=(248, 222)
[INFO] [1789635092.459010122] [vision_manager]: Book detected: xyz=(-0.090, 0.038, 0.400), center=(249, 270)
[INFO] [1789635092.586606158] [vision_manager]: Book detected: xyz=(-0.086, -0.179, 0.401), center=(252, 98)
[INFO] [1789635092.587769656] [vision_manager]: Book detected: xyz=(-0.110, -0.096, 0.507), center=(251, 180)
[INFO] [1789635092.588769672] [vision_manager]: Book detected: xyz=(0.734, 0.005, 0.869), center=(588, 242)
[INFO] [1789635092.589769602] [vision_manager]: Book detected: xyz=(0.663, 0.000, 0.869), center=(562, 240)
[INFO] [1789635092.590817933] [vision_manager]: Book detected: xyz=(-0.090, -0.022, 0.403), center=(249, 223)
[INFO] [1789635092.591802644] [vision_manager]: Book detected: xyz=(-0.091, 0.034, 0.400), center=(248, 267)
[INFO] [1789635092.704725929] [vision_manager]: Book detected: xyz=(-0.086, -0.179, 0.401), center=(252, 98)
[INFO] [1789635092.706568931] [vision_manager]: Book detected: xyz=(-0.110, -0.096, 0.507), center=(251, 180)
[INFO] [1789635092.708595938] [vision_manager]: Book detected: xyz=(0.734, 0.005, 0.869), center=(588, 242)
[INFO] [1789635092.709797604] [vision_manager]: Book detected: xyz=(0.666, 0.000, 0.869), center=(563, 240)
[INFO] [1789635092.710811191] [vision_manager]: Book detected: xyz=(-0.090, -0.025, 0.401), center=(249, 220)
[INFO] [1789635092.711790800] [vision_manager]: Book detected: xyz=(-0.091, 0.034, 0.400), center=(248, 267)
[INFO] [1789635092.838625947] [vision_manager]: Book detected: xyz=(-0.086, -0.180, 0.400), center=(252, 97)
[INFO] [1789635092.839888845] [vision_manager]: Book detected: xyz=(-0.110, -0.096, 0.507), center=(251, 180)
[INFO] [1789635092.841002807] [vision_manager]: Book detected: xyz=(0.734, 0.005, 0.869), center=(588, 242)
[INFO] [1789635092.842130650] [vision_manager]: Book detected: xyz=(0.671, 0.000, 0.869), center=(565, 240)
[INFO] [1789635092.843232795] [vision_manager]: Book detected: xyz=(-0.090, -0.023, 0.402), center=(249, 222)
[INFO] [1789635092.844271821] [vision_manager]: Book detected: xyz=(-0.090, 0.037, 0.400), center=(249, 269)
[INFO] [1789635092.977263095] [vision_manager]: Book detected: xyz=(-0.086, -0.180, 0.400), center=(252, 97)
[INFO] [1789635092.978328125] [vision_manager]: Book detected: xyz=(-0.110, -0.096, 0.507), center=(251, 180)
[INFO] [1789635092.979279843] [vision_manager]: Book detected: xyz=(0.734, 0.005, 0.869), center=(588, 242)
[INFO] [1789635092.980218848] [vision_manager]: Book detected: xyz=(0.652, 0.000, 0.869), center=(558, 240)
[INFO] [1789635092.981183927] [vision_manager]: Book detected: xyz=(-0.091, -0.024, 0.402), center=(248, 221)
[INFO] [1789635092.982305388] [vision_manager]: Book detected: xyz=(-0.090, 0.037, 0.400), center=(249, 269)
[INFO] [1789635093.134565006] [vision_manager]: Book detected: xyz=(-0.086, -0.180, 0.400), center=(252, 97)
[INFO] [1789635093.135581491] [vision_manager]: Book detected: xyz=(-0.108, -0.096, 0.499), center=(251, 179)
[INFO] [1789635093.136551875] [vision_manager]: Book detected: xyz=(0.734, 0.005, 0.869), center=(588, 242)
[INFO] [1789635093.137559440] [vision_manager]: Book detected: xyz=(0.660, 0.000, 0.869), center=(561, 240)
[INFO] [1789635093.138928938] [vision_manager]: Book detected: xyz=(-0.090, -0.023, 0.402), center=(249, 222)
[INFO] [1789635093.140490541] [vision_manager]: Book detected: xyz=(-0.091, 0.035, 0.400), center=(248, 268)
[INFO] [1789635093.271620141] [vision_manager]: Book detected: xyz=(-0.086, -0.180, 0.400), center=(252, 97)
[INFO] [1789635093.272687914] [vision_manager]: Book detected: xyz=(-0.110, -0.096, 0.507), center=(251, 180)
[INFO] [1789635093.273667243] [vision_manager]: Book detected: xyz=(0.734, 0.005, 0.869), center=(588, 242)
[INFO] [1789635093.274703453] [vision_manager]: Book detected: xyz=(0.644, 0.000, 0.869), center=(555, 240)
[INFO] [1789635093.275696141] [vision_manager]: Book detected: xyz=(-0.091, -0.023, 0.402), center=(248, 222)
[INFO] [1789635093.276655440] [vision_manager]: Book detected: xyz=(-0.091, 0.035, 0.400), center=(248, 268)
[INFO] [1789635093.392654142] [vision_manager]: Book detected: xyz=(-0.086, -0.180, 0.400), center=(252, 97)
[INFO] [1789635093.394034775] [vision_manager]: Book detected: xyz=(-0.107, -0.096, 0.491), center=(251, 178)
[INFO] [1789635093.395525052] [vision_manager]: Book detected: xyz=(0.734, 0.005, 0.869), center=(588, 242)
[INFO] [1789635093.397100924] [vision_manager]: Book detected: xyz=(0.655, 0.000, 0.869), center=(559, 240)
[INFO] [1789635093.398336077] [vision_manager]: Book detected: xyz=(-0.090, -0.023, 0.402), center=(249, 222)
[INFO] [1789635093.399440171] [vision_manager]: Book detected: xyz=(-0.090, 0.038, 0.400), center=(249, 270)
[INFO] [1789635093.516983686] [vision_manager]: Book detected: xyz=(-0.086, -0.180, 0.400), center=(252, 97)
[INFO] [1789635093.517974832] [vision_manager]: Book detected: xyz=(-0.110, -0.096, 0.499), center=(250, 179)
[INFO] [1789635093.518938114] [vision_manager]: Book detected: xyz=(0.734, 0.005, 0.869), center=(588, 242)
[INFO] [1789635093.519889264] [vision_manager]: Book detected: xyz=(0.636, 0.000, 0.869), center=(552, 240)
[INFO] [1789635093.520907176] [vision_manager]: Book detected: xyz=(-0.090, -0.022, 0.403), center=(249, 223)
[INFO] [1789635093.522343372] [vision_manager]: Book detected: xyz=(-0.090, 0.038, 0.400), center=(249, 270)
[INFO] [1789635093.669617592] [vision_manager]: Book detected: xyz=(-0.086, -0.180, 0.400), center=(252, 97)
[INFO] [1789635093.670619316] [vision_manager]: Book detected: xyz=(-0.107, -0.096, 0.491), center=(251, 178)
[INFO] [1789635093.671955767] [vision_manager]: Book detected: xyz=(0.734, 0.005, 0.869), center=(588, 242)
[INFO] [1789635093.673362391] [vision_manager]: Book detected: xyz=(0.649, 0.000, 0.869), center=(557, 240)
[INFO] [1789635093.674773832] [vision_manager]: Book detected: xyz=(-0.090, -0.023, 0.402), center=(249, 222)
[INFO] [1789635093.827785991] [vision_manager]: Book detected: xyz=(-0.086, -0.180, 0.400), center=(252, 97)
[INFO] [1789635093.829217660] [vision_manager]: Book detected: xyz=(-0.107, -0.096, 0.491), center=(251, 178)
[INFO] [1789635093.830343447] [vision_manager]: Book detected: xyz=(0.734, 0.005, 0.869), center=(588, 242)
[INFO] [1789635093.831472029] [vision_manager]: Book detected: xyz=(0.649, 0.000, 0.869), center=(557, 240)
[INFO] [1789635093.832538997] [vision_manager]: Book detected: xyz=(-0.090, -0.023, 0.402), center=(249, 222)
[INFO] [1789635093.833615426] [vision_manager]: Book detected: xyz=(-0.090, 0.038, 0.400), center=(249, 270)
[INFO] [1789635093.993826041] [vision_manager]: Book detected: xyz=(-0.086, -0.180, 0.400), center=(252, 97)
[INFO] [1789635093.994819056] [vision_manager]: Book detected: xyz=(-0.107, -0.096, 0.491), center=(251, 178)
[INFO] [1789635093.995735599] [vision_manager]: Book detected: xyz=(0.734, 0.005, 0.869), center=(588, 242)
[INFO] [1789635093.996658718] [vision_manager]: Book detected: xyz=(0.641, 0.000, 0.869), center=(554, 240)
[INFO] [1789635093.997586553] [vision_manager]: Book detected: xyz=(-0.090, -0.023, 0.402), center=(249, 222)
[INFO] [1789635093.998519001] [vision_manager]: Book detected: xyz=(-0.091, 0.038, 0.400), center=(248, 270)
[INFO] [1789635094.167078539] [vision_manager]: Book detected: xyz=(-0.087, -0.180, 0.400), center=(251, 97)
[INFO] [1789635094.168338267] [vision_manager]: Book detected: xyz=(-0.108, -0.096, 0.491), center=(250, 178)
[INFO] [1789635094.169548571] [vision_manager]: Book detected: xyz=(0.734, 0.005, 0.869), center=(588, 242)
[INFO] [1789635094.170774189] [vision_manager]: Book detected: xyz=(0.652, 0.000, 0.869), center=(558, 240)
[INFO] [1789635094.172482220] [vision_manager]: Book detected: xyz=(-0.091, -0.023, 0.402), center=(248, 222)
[INFO] [1789635094.174218554] [vision_manager]: Book detected: xyz=(-0.091, 0.037, 0.400), center=(248, 269)
[INFO] [1789635094.321777826] [vision_manager]: Book detected: xyz=(-0.086, -0.180, 0.400), center=(252, 97)
[INFO] [1789635094.323325599] [vision_manager]: Book detected: xyz=(-0.112, -0.096, 0.507), center=(250, 180)
[INFO] [1789635094.324860073] [vision_manager]: Book detected: xyz=(0.734, 0.005, 0.869), center=(588, 242)
[INFO] [1789635094.326291316] [vision_manager]: Book detected: xyz=(0.655, 0.000, 0.869), center=(559, 240)
[INFO] [1789635094.328091009] [vision_manager]: Book detected: xyz=(-0.091, -0.023, 0.402), center=(248, 222)
[INFO] [1789635094.329931777] [vision_manager]: Book detected: xyz=(-0.091, 0.035, 0.400), center=(248, 268)
[INFO] [1789635094.464682488] [vision_manager]: Book detected: xyz=(-0.087, -0.180, 0.400), center=(251, 97)
[INFO] [1789635094.465656542] [vision_manager]: Book detected: xyz=(-0.112, -0.096, 0.507), center=(250, 180)
[INFO] [1789635094.466592248] [vision_manager]: Book detected: xyz=(0.734, 0.005, 0.869), center=(588, 242)
[INFO] [1789635094.467513807] [vision_manager]: Book detected: xyz=(0.649, 0.000, 0.869), center=(557, 240)
[INFO] [1789635094.468490001] [vision_manager]: Book detected: xyz=(-0.090, -0.025, 0.401), center=(249, 220)
[INFO] [1789635094.469499155] [vision_manager]: Book detected: xyz=(-0.091, 0.033, 0.400), center=(248, 266)
[INFO] [1789635094.596391557] [vision_manager]: Book detected: xyz=(-0.087, -0.180, 0.400), center=(251, 97)
[INFO] [1789635094.597656242] [vision_manager]: Book detected: xyz=(-0.112, -0.096, 0.507), center=(250, 180)
[INFO] [1789635094.598877206] [vision_manager]: Book detected: xyz=(0.734, 0.005, 0.869), center=(588, 242)
[INFO] [1789635094.600122704] [vision_manager]: Book detected: xyz=(0.647, 0.000, 0.869), center=(556, 240)
[INFO] [1789635094.601335213] [vision_manager]: Book detected: xyz=(-0.090, -0.023, 0.402), center=(249, 222)
[INFO] [1789635094.602566561] [vision_manager]: Book detected: xyz=(-0.091, 0.034, 0.400), center=(248, 267)
[INFO] [1789635094.724522775] [vision_manager]: Book detected: xyz=(-0.086, -0.180, 0.400), center=(252, 97)
[INFO] [1789635094.726393404] [vision_manager]: Book detected: xyz=(-0.112, -0.096, 0.507), center=(250, 180)
[INFO] [1789635094.728247157] [vision_manager]: Book detected: xyz=(0.734, 0.005, 0.869), center=(588, 242)
[INFO] [1789635094.730033638] [vision_manager]: Book detected: xyz=(0.647, 0.000, 0.869), center=(556, 240)
[INFO] [1789635094.731622742] [vision_manager]: Book detected: xyz=(-0.090, -0.025, 0.401), center=(249, 220)
[INFO] [1789635094.733113624] [vision_manager]: Book detected: xyz=(-0.091, 0.035, 0.400), center=(248, 268)
[INFO] [1789635094.857260211] [vision_manager]: Book detected: xyz=(-0.086, -0.180, 0.400), center=(252, 97)
[INFO] [1789635094.858894825] [vision_manager]: Book detected: xyz=(-0.110, -0.096, 0.507), center=(251, 180)
[INFO] [1789635094.860538859] [vision_manager]: Book detected: xyz=(0.734, 0.005, 0.869), center=(588, 242)
[INFO] [1789635094.862913567] [vision_manager]: Book detected: xyz=(0.644, 0.000, 0.869), center=(555, 240)
[INFO] [1789635094.865254323] [vision_manager]: Book detected: xyz=(-0.090, -0.022, 0.403), center=(249, 223)
[INFO] [1789635094.866614024] [vision_manager]: Book detected: xyz=(-0.091, 0.033, 0.400), center=(248, 266)
[INFO] [1789635095.000763212] [vision_manager]: Book detected: xyz=(-0.086, -0.180, 0.400), center=(252, 97)
[INFO] [1789635095.001806777] [vision_manager]: Book detected: xyz=(-0.110, -0.096, 0.499), center=(250, 179)
[INFO] [1789635095.002764357] [vision_manager]: Book detected: xyz=(0.734, 0.005, 0.869), center=(588, 242)
[INFO] [1789635095.003724763] [vision_manager]: Book detected: xyz=(0.636, 0.000, 0.869), center=(552, 240)
[INFO] [1789635095.004687985] [vision_manager]: Book detected: xyz=(-0.090, -0.024, 0.402), center=(249, 221)
[INFO] [1789635095.005601363] [vision_manager]: Book detected: xyz=(-0.091, 0.023, 0.402), center=(248, 258)
[INFO] [1789635095.130884779] [vision_manager]: Book detected: xyz=(-0.086, -0.180, 0.400), center=(252, 97)
[INFO] [1789635095.132155067] [vision_manager]: Book detected: xyz=(-0.110, -0.096, 0.499), center=(250, 179)
[INFO] [1789635095.133370172] [vision_manager]: Book detected: xyz=(0.734, 0.005, 0.869), center=(588, 242)
[INFO] [1789635095.134584822] [vision_manager]: Book detected: xyz=(0.630, 0.000, 0.869), center=(550, 240)
[INFO] [1789635095.135644150] [vision_manager]: Book detected: xyz=(-0.091, -0.022, 0.403), center=(248, 223)
[INFO] [1789635095.136687175] [vision_manager]: Book detected: xyz=(-0.091, 0.023, 0.402), center=(248, 258)
[INFO] [1789635095.287781609] [vision_manager]: Book detected: xyz=(-0.086, -0.180, 0.400), center=(252, 97)
[INFO] [1789635095.289706359] [vision_manager]: Book detected: xyz=(-0.110, -0.096, 0.499), center=(250, 179)
[INFO] [1789635095.291070331] [vision_manager]: Book detected: xyz=(0.734, 0.005, 0.869), center=(588, 242)
[INFO] [1789635095.292299946] [vision_manager]: Book detected: xyz=(0.630, 0.000, 0.869), center=(550, 240)
[INFO] [1789635095.293511468] [vision_manager]: Book detected: xyz=(-0.090, -0.025, 0.401), center=(249, 220)
[INFO] [1789635095.294727922] [vision_manager]: Book detected: xyz=(-0.091, 0.034, 0.400), center=(248, 267)
[INFO] [1789635095.424337481] [vision_manager]: Book detected: xyz=(-0.086, -0.180, 0.400), center=(252, 97)
[INFO] [1789635095.425297119] [vision_manager]: Book detected: xyz=(-0.110, -0.096, 0.499), center=(250, 179)
[INFO] [1789635095.426216311] [vision_manager]: Book detected: xyz=(0.734, 0.005, 0.869), center=(588, 242)
[INFO] [1789635095.427127982] [vision_manager]: Book detected: xyz=(0.638, 0.000, 0.869), center=(553, 240)
[INFO] [1789635095.428010650] [vision_manager]: Book detected: xyz=(-0.091, -0.023, 0.402), center=(248, 222)
[INFO] [1789635095.428904924] [vision_manager]: Book detected: xyz=(-0.090, 0.035, 0.400), center=(249, 268)
[INFO] [1789635095.548367739] [vision_manager]: Book detected: xyz=(-0.086, -0.180, 0.400), center=(252, 97)
[INFO] [1789635095.549388931] [vision_manager]: Book detected: xyz=(-0.108, -0.096, 0.499), center=(251, 179)
[INFO] [1789635095.550313358] [vision_manager]: Book detected: xyz=(0.734, 0.005, 0.869), center=(588, 242)
[INFO] [1789635095.551223526] [vision_manager]: Book detected: xyz=(0.622, 0.000, 0.869), center=(547, 240)
[INFO] [1789635095.552144708] [vision_manager]: Book detected: xyz=(-0.091, -0.023, 0.402), center=(248, 222)
[INFO] [1789635095.553055632] [vision_manager]: Book detected: xyz=(-0.092, 0.037, 0.400), center=(247, 269)
[INFO] [1789635095.685130312] [vision_manager]: Book detected: xyz=(-0.086, -0.180, 0.400), center=(252, 97)
[INFO] [1789635095.686662503] [vision_manager]: Book detected: xyz=(-0.110, -0.096, 0.499), center=(250, 179)
[INFO] [1789635095.688221578] [vision_manager]: Book detected: xyz=(0.734, 0.005, 0.869), center=(588, 242)
[INFO] [1789635095.689878503] [vision_manager]: Book detected: xyz=(0.649, 0.000, 0.869), center=(557, 240)
[INFO] [1789635095.692420342] [vision_manager]: Book detected: xyz=(-0.090, -0.025, 0.401), center=(249, 220)
[INFO] [1789635095.694077992] [vision_manager]: Book detected: xyz=(-0.092, 0.034, 0.400), center=(247, 267)
[INFO] [1789635095.791912139] [vision_manager]: Book detected: xyz=(-0.086, -0.180, 0.400), center=(252, 97)
[INFO] [1789635095.792944421] [vision_manager]: Book detected: xyz=(-0.114, -0.096, 0.516), center=(250, 181)
[INFO] [1789635095.793890778] [vision_manager]: Book detected: xyz=(0.737, 0.005, 0.869), center=(589, 242)
[INFO] [1789635095.794835876] [vision_manager]: Book detected: xyz=(0.658, 0.000, 0.869), center=(560, 240)
[INFO] [1789635095.795790424] [vision_manager]: Book detected: xyz=(-0.090, -0.024, 0.402), center=(249, 221)
[INFO] [1789635095.796701478] [vision_manager]: Book detected: xyz=(-0.091, 0.035, 0.400), center=(248, 268)
[INFO] [1789635095.921332209] [vision_manager]: Book detected: xyz=(-0.086, -0.180, 0.400), center=(252, 97)
[INFO] [1789635095.923515030] [vision_manager]: Book detected: xyz=(-0.112, -0.096, 0.507), center=(250, 180)
[INFO] [1789635095.925380865] [vision_manager]: Book detected: xyz=(0.734, 0.005, 0.869), center=(588, 242)
[INFO] [1789635095.926869056] [vision_manager]: Book detected: xyz=(0.652, 0.000, 0.869), center=(558, 240)
[INFO] [1789635095.928090122] [vision_manager]: Book detected: xyz=(-0.092, -0.021, 0.411), center=(249, 224)
[INFO] [1789635095.929311318] [vision_manager]: Book detected: xyz=(-0.091, 0.029, 0.400), center=(248, 263)
[INFO] [1789635096.076466598] [vision_manager]: Book detected: xyz=(-0.086, -0.180, 0.400), center=(252, 97)
[INFO] [1789635096.077904979] [vision_manager]: Book detected: xyz=(-0.110, -0.096, 0.499), center=(250, 179)
[INFO] [1789635096.079308371] [vision_manager]: Book detected: xyz=(0.734, 0.005, 0.869), center=(588, 242)
[INFO] [1789635096.080551102] [vision_manager]: Book detected: xyz=(0.636, 0.000, 0.869), center=(552, 240)
[INFO] [1789635096.081721500] [vision_manager]: Book detected: xyz=(-0.090, -0.022, 0.403), center=(249, 223)
[INFO] [1789635096.082890859] [vision_manager]: Book detected: xyz=(-0.092, 0.034, 0.400), center=(247, 267)
[INFO] [1789635096.206915343] [vision_manager]: Book detected: xyz=(-0.086, -0.180, 0.400), center=(252, 97)
[INFO] [1789635096.207915117] [vision_manager]: Book detected: xyz=(-0.112, -0.096, 0.507), center=(250, 180)
[INFO] [1789635096.208834204] [vision_manager]: Book detected: xyz=(0.734, 0.005, 0.869), center=(588, 242)
[INFO] [1789635096.209749538] [vision_manager]: Book detected: xyz=(0.649, 0.000, 0.869), center=(557, 240)
[INFO] [1789635096.210666355] [vision_manager]: Book detected: xyz=(-0.091, -0.022, 0.403), center=(248, 223)
[INFO] [1789635096.211579060] [vision_manager]: Book detected: xyz=(-0.091, 0.029, 0.400), center=(248, 263)
[INFO] [1789635096.343822869] [vision_manager]: Book detected: xyz=(-0.086, -0.180, 0.400), center=(252, 97)
[INFO] [1789635096.345098421] [vision_manager]: Book detected: xyz=(-0.114, -0.096, 0.516), center=(250, 181)
[INFO] [1789635096.346322162] [vision_manager]: Book detected: xyz=(0.734, 0.005, 0.869), center=(588, 242)
[INFO] [1789635096.347543698] [vision_manager]: Book detected: xyz=(0.647, 0.000, 0.869), center=(556, 240)
[INFO] [1789635096.348761600] [vision_manager]: Book detected: xyz=(-0.089, -0.025, 0.401), center=(250, 220)
[INFO] [1789635096.349950074] [vision_manager]: Book detected: xyz=(-0.090, 0.038, 0.400), center=(249, 270)
[INFO] [1789635096.478273575] [vision_manager]: Book detected: xyz=(-0.086, -0.180, 0.400), center=(252, 97)
[INFO] [1789635096.479878298] [vision_manager]: Book detected: xyz=(-0.112, -0.096, 0.507), center=(250, 180)
[INFO] [1789635096.481456930] [vision_manager]: Book detected: xyz=(0.734, 0.005, 0.869), center=(588, 242)
[INFO] [1789635096.483537246] [vision_manager]: Book detected: xyz=(0.644, 0.000, 0.869), center=(555, 240)
[INFO] [1789635096.485390251] [vision_manager]: Book detected: xyz=(-0.090, -0.022, 0.403), center=(249, 223)
[INFO] [1789635096.486671875] [vision_manager]: Book detected: xyz=(-0.090, 0.037, 0.400), center=(249, 269)
[INFO] [1789635096.596927209] [vision_manager]: Book detected: xyz=(-0.086, -0.180, 0.400), center=(252, 97)
[INFO] [1789635096.598044887] [vision_manager]: Book detected: xyz=(-0.114, -0.096, 0.525), center=(251, 182)
[INFO] [1789635096.599104530] [vision_manager]: Book detected: xyz=(0.734, 0.005, 0.869), center=(588, 242)
[INFO] [1789635096.600156426] [vision_manager]: Book detected: xyz=(0.644, 0.000, 0.869), center=(555, 240)
[INFO] [1789635096.601206903] [vision_manager]: Book detected: xyz=(-0.092, -0.021, 0.411), center=(249, 224)
[INFO] [1789635096.602198021] [vision_manager]: Book detected: xyz=(-0.090, 0.027, 0.401), center=(249, 261)
[INFO] [1789635096.723385018] [vision_manager]: Book detected: xyz=(-0.086, -0.180, 0.400), center=(252, 97)
[INFO] [1789635096.725267706] [vision_manager]: Book detected: xyz=(-0.112, -0.096, 0.516), center=(251, 181)
[INFO] [1789635096.727043004] [vision_manager]: Book detected: xyz=(0.734, 0.005, 0.869), center=(588, 242)
[INFO] [1789635096.728682134] [vision_manager]: Book detected: xyz=(0.625, 0.000, 0.869), center=(548, 240)
[INFO] [1789635096.730275895] [vision_manager]: Book detected: xyz=(-0.090, -0.022, 0.403), center=(249, 223)
[INFO] [1789635096.731712592] [vision_manager]: Book detected: xyz=(-0.088, 0.037, 0.400), center=(250, 269)
[INFO] [1789635096.858727117] [vision_manager]: Book detected: xyz=(-0.086, -0.179, 0.401), center=(252, 98)
[INFO] [1789635096.860694990] [vision_manager]: Book detected: xyz=(-0.114, -0.096, 0.516), center=(250, 181)
[INFO] [1789635096.862732944] [vision_manager]: Book detected: xyz=(0.734, 0.005, 0.869), center=(588, 242)
[INFO] [1789635096.864446044] [vision_manager]: Book detected: xyz=(0.636, 0.000, 0.869), center=(552, 240)
[INFO] [1789635096.865960027] [vision_manager]: Book detected: xyz=(-0.098, -0.021, 0.439), center=(249, 225)
[INFO] [1789635096.867483004] [vision_manager]: Book detected: xyz=(-0.090, 0.037, 0.400), center=(249, 269)
[INFO] [1789635096.983853371] [vision_manager]: Book detected: xyz=(-0.087, -0.179, 0.401), center=(251, 98)
[INFO] [1789635096.985516994] [vision_manager]: Book detected: xyz=(-0.115, -0.096, 0.516), center=(249, 181)
[INFO] [1789635096.987258960] [vision_manager]: Book detected: xyz=(0.734, 0.005, 0.869), center=(588, 242)
[INFO] [1789635096.989491802] [vision_manager]: Book detected: xyz=(0.644, 0.000, 0.869), center=(555, 240)
[INFO] [1789635096.991412067] [vision_manager]: Book detected: xyz=(-0.092, -0.021, 0.411), center=(249, 224)
[INFO] [1789635096.992708157] [vision_manager]: Book detected: xyz=(-0.090, 0.037, 0.400), center=(249, 269)
[INFO] [1789635097.108822322] [vision_manager]: Book detected: xyz=(-0.086, -0.179, 0.401), center=(252, 98)
[INFO] [1789635097.109777249] [vision_manager]: Book detected: xyz=(-0.114, -0.096, 0.516), center=(250, 181)
[INFO] [1789635097.110709580] [vision_manager]: Book detected: xyz=(0.734, 0.005, 0.869), center=(588, 242)
[INFO] [1789635097.111625064] [vision_manager]: Book detected: xyz=(0.627, 0.000, 0.869), center=(549, 240)
[INFO] [1789635097.112548126] [vision_manager]: Book detected: xyz=(-0.090, -0.022, 0.403), center=(249, 223)
[INFO] [1789635097.113473258] [vision_manager]: Book detected: xyz=(-0.090, 0.037, 0.400), center=(249, 269)
[INFO] [1789635097.236959193] [vision_manager]: Book detected: xyz=(-0.087, -0.179, 0.401), center=(251, 98)
[INFO] [1789635097.238158886] [vision_manager]: Book detected: xyz=(-0.114, -0.096, 0.516), center=(250, 181)
[INFO] [1789635097.239206847] [vision_manager]: Book detected: xyz=(0.734, 0.005, 0.869), center=(588, 242)
[INFO] [1789635097.240246023] [vision_manager]: Book detected: xyz=(0.644, 0.000, 0.869), center=(555, 240)
[INFO] [1789635097.241250546] [vision_manager]: Book detected: xyz=(-0.090, -0.022, 0.403), center=(249, 223)
[INFO] [1789635097.242186639] [vision_manager]: Book detected: xyz=(-0.091, 0.030, 0.400), center=(248, 264)
[INFO] [1789635097.349439484] [vision_manager]: Book detected: xyz=(-0.087, -0.179, 0.401), center=(251, 98)
[INFO] [1789635097.350443647] [vision_manager]: Book detected: xyz=(-0.112, -0.096, 0.507), center=(250, 180)
[INFO] [1789635097.351391955] [vision_manager]: Book detected: xyz=(0.734, 0.005, 0.869), center=(588, 242)
[INFO] [1789635097.352340596] [vision_manager]: Book detected: xyz=(0.644, 0.000, 0.869), center=(555, 240)
[INFO] [1789635097.353420539] [vision_manager]: Book detected: xyz=(-0.092, -0.021, 0.411), center=(249, 224)
[INFO] [1789635097.354938826] [vision_manager]: Book detected: xyz=(-0.090, 0.033, 0.400), center=(249, 266)
[INFO] [1789635097.481591005] [vision_manager]: Book detected: xyz=(-0.087, -0.179, 0.401), center=(251, 98)
[INFO] [1789635097.483103834] [vision_manager]: Book detected: xyz=(-0.112, -0.096, 0.507), center=(250, 180)
[INFO] [1789635097.484431674] [vision_manager]: Book detected: xyz=(0.734, 0.005, 0.869), center=(588, 242)
[INFO] [1789635097.485634716] [vision_manager]: Book detected: xyz=(0.627, 0.000, 0.869), center=(549, 240)
[INFO] [1789635097.486874605] [vision_manager]: Book detected: xyz=(-0.090, -0.022, 0.403), center=(249, 223)
[INFO] [1789635097.488094872] [vision_manager]: Book detected: xyz=(-0.090, 0.037, 0.400), center=(249, 269)
[INFO] [1789635097.614665107] [vision_manager]: Book detected: xyz=(-0.087, -0.179, 0.401), center=(251, 98)
[INFO] [1789635097.616187165] [vision_manager]: Book detected: xyz=(-0.112, -0.096, 0.507), center=(250, 180)
[INFO] [1789635097.617653419] [vision_manager]: Book detected: xyz=(0.734, 0.005, 0.869), center=(588, 242)
[INFO] [1789635097.619128034] [vision_manager]: Book detected: xyz=(0.630, 0.000, 0.869), center=(550, 240)
[INFO] [1789635097.620367025] [vision_manager]: Book detected: xyz=(-0.090, -0.023, 0.402), center=(249, 222)
[INFO] [1789635097.621584767] [vision_manager]: Book detected: xyz=(-0.090, 0.039, 0.400), center=(249, 271)
[INFO] [1789635097.746976869] [vision_manager]: Book detected: xyz=(-0.087, -0.179, 0.401), center=(251, 98)
[INFO] [1789635097.748509021] [vision_manager]: Book detected: xyz=(-0.112, -0.096, 0.507), center=(250, 180)
[INFO] [1789635097.750559003] [vision_manager]: Book detected: xyz=(0.734, 0.005, 0.869), center=(588, 242)
[INFO] [1789635097.752536083] [vision_manager]: Book detected: xyz=(0.638, 0.000, 0.869), center=(553, 240)
[INFO] [1789635097.753885180] [vision_manager]: Book detected: xyz=(-0.090, -0.022, 0.403), center=(249, 223)
[INFO] [1789635097.754986496] [vision_manager]: Book detected: xyz=(-0.090, 0.038, 0.400), center=(249, 270)
[INFO] [1789635097.862713248] [vision_manager]: Book detected: xyz=(-0.087, -0.179, 0.401), center=(251, 98)
[INFO] [1789635097.863898540] [vision_manager]: Book detected: xyz=(-0.114, -0.096, 0.516), center=(250, 181)
[INFO] [1789635097.913748440] [vision_manager]: Book detected: xyz=(0.734, 0.005, 0.869), center=(588, 242)
[INFO] [1789635097.914614848] [vision_manager]: Book detected: xyz=(0.655, 0.000, 0.869), center=(559, 240)
[INFO] [1789635097.915430583] [vision_manager]: Book detected: xyz=(-0.090, -0.022, 0.403), center=(249, 223)
[INFO] [1789635097.916210066] [vision_manager]: Book detected: xyz=(-0.090, 0.035, 0.400), center=(249, 268)
[INFO] [1789635098.041689176] [vision_manager]: Book detected: xyz=(-0.087, -0.179, 0.401), center=(251, 98)
[INFO] [1789635098.042665207] [vision_manager]: Book detected: xyz=(-0.114, -0.096, 0.516), center=(250, 181)
[INFO] [1789635098.043586359] [vision_manager]: Book detected: xyz=(0.737, 0.005, 0.869), center=(589, 242)
[INFO] [1789635098.044500253] [vision_manager]: Book detected: xyz=(0.649, 0.000, 0.869), center=(557, 240)
[INFO] [1789635098.045411356] [vision_manager]: Book detected: xyz=(-0.090, -0.022, 0.403), center=(249, 223)
[INFO] [1789635098.046316457] [vision_manager]: Book detected: xyz=(-0.091, 0.037, 0.400), center=(248, 269)
[INFO] [1789635098.176795282] [vision_manager]: Book detected: xyz=(-0.087, -0.179, 0.401), center=(251, 98)
[INFO] [1789635098.178322294] [vision_manager]: Book detected: xyz=(-0.115, -0.096, 0.516), center=(249, 181)
[INFO] [1789635098.179783923] [vision_manager]: Book detected: xyz=(0.734, 0.005, 0.869), center=(588, 242)
[INFO] [1789635098.181278828] [vision_manager]: Book detected: xyz=(0.652, 0.000, 0.869), center=(558, 240)
[INFO] [1789635098.182722047] [vision_manager]: Book detected: xyz=(-0.090, -0.022, 0.403), center=(249, 223)
[INFO] [1789635098.184191628] [vision_manager]: Book detected: xyz=(-0.091, 0.037, 0.400), center=(248, 269)
[INFO] [1789635098.306634921] [vision_manager]: Book detected: xyz=(-0.087, -0.179, 0.401), center=(251, 98)
[INFO] [1789635098.308614518] [vision_manager]: Book detected: xyz=(-0.115, -0.096, 0.516), center=(249, 181)
[INFO] [1789635098.310660905] [vision_manager]: Book detected: xyz=(0.737, 0.005, 0.869), center=(589, 242)
[INFO] [1789635098.312407325] [vision_manager]: Book detected: xyz=(0.666, 0.000, 0.869), center=(563, 240)
[INFO] [1789635098.313879909] [vision_manager]: Book detected: xyz=(-0.090, -0.023, 0.402), center=(249, 222)
[INFO] [1789635098.315348649] [vision_manager]: Book detected: xyz=(-0.091, 0.039, 0.400), center=(248, 271)
[INFO] [1789635098.439897594] [vision_manager]: Book detected: xyz=(-0.086, -0.179, 0.401), center=(252, 98)
[INFO] [1789635098.440986563] [vision_manager]: Book detected: xyz=(-0.112, -0.096, 0.507), center=(250, 180)
[INFO] [1789635098.442091951] [vision_manager]: Book detected: xyz=(0.737, 0.005, 0.869), center=(589, 242)
[INFO] [1789635098.443139298] [vision_manager]: Book detected: xyz=(0.649, 0.000, 0.869), center=(557, 240)
[INFO] [1789635098.444195713] [vision_manager]: Book detected: xyz=(-0.093, -0.021, 0.411), center=(248, 224)
[INFO] [1789635098.445240422] [vision_manager]: Book detected: xyz=(-0.090, 0.042, 0.400), center=(249, 273)
[INFO] [1789635098.555620215] [vision_manager]: Book detected: xyz=(-0.087, -0.179, 0.401), center=(251, 98)
[INFO] [1789635098.556603055] [vision_manager]: Book detected: xyz=(-0.112, -0.096, 0.507), center=(250, 180)
[INFO] [1789635098.557524818] [vision_manager]: Book detected: xyz=(0.734, 0.005, 0.869), center=(588, 242)
[INFO] [1789635098.558439258] [vision_manager]: Book detected: xyz=(0.644, 0.000, 0.869), center=(555, 240)
[INFO] [1789635098.559352587] [vision_manager]: Book detected: xyz=(-0.090, -0.025, 0.401), center=(249, 220)
[INFO] [1789635098.560262929] [vision_manager]: Book detected: xyz=(-0.091, 0.042, 0.400), center=(248, 273)
[INFO] [1789635098.696032854] [vision_manager]: Book detected: xyz=(-0.086, -0.180, 0.400), center=(252, 97)
[INFO] [1789635098.697156576] [vision_manager]: Book detected: xyz=(-0.112, -0.096, 0.507), center=(250, 180)
[INFO] [1789635098.698215339] [vision_manager]: Book detected: xyz=(0.734, 0.005, 0.869), center=(588, 242)
[INFO] [1789635098.699500731] [vision_manager]: Book detected: xyz=(0.655, 0.000, 0.869), center=(559, 240)
[INFO] [1789635098.700936884] [vision_manager]: Book detected: xyz=(-0.092, -0.021, 0.411), center=(249, 224)
[INFO] [1789635098.702501692] [vision_manager]: Book detected: xyz=(-0.090, 0.040, 0.400), center=(249, 272)
[INFO] [1789635098.887207167] [vision_manager]: Book detected: xyz=(-0.086, -0.180, 0.400), center=(252, 97)
[INFO] [1789635098.888404523] [vision_manager]: Book detected: xyz=(-0.114, -0.096, 0.516), center=(250, 181)
[INFO] [1789635098.889510824] [vision_manager]: Book detected: xyz=(0.734, 0.005, 0.869), center=(588, 242)
[INFO] [1789635098.890606114] [vision_manager]: Book detected: xyz=(0.644, 0.000, 0.869), center=(555, 240)
[INFO] [1789635098.891646543] [vision_manager]: Book detected: xyz=(-0.092, -0.021, 0.411), center=(249, 224)
[INFO] [1789635098.892658977] [vision_manager]: Book detected: xyz=(-0.090, 0.038, 0.400), center=(249, 270)
[INFO] [1789635099.039107861] [vision_manager]: Book detected: xyz=(-0.087, -0.179, 0.401), center=(251, 98)
[INFO] [1789635099.041070183] [vision_manager]: Book detected: xyz=(-0.112, -0.096, 0.507), center=(250, 180)
[INFO] [1789635099.042541879] [vision_manager]: Book detected: xyz=(0.734, 0.005, 0.869), center=(588, 242)
[INFO] [1789635099.044035986] [vision_manager]: Book detected: xyz=(0.633, 0.000, 0.869), center=(551, 240)
[INFO] [1789635099.045518635] [vision_manager]: Book detected: xyz=(-0.090, -0.024, 0.402), center=(249, 221)
[INFO] [1789635099.046969832] [vision_manager]: Book detected: xyz=(-0.090, 0.038, 0.400), center=(249, 270)
[INFO] [1789635099.167753365] [vision_manager]: Book detected: xyz=(-0.087, -0.179, 0.401), center=(251, 98)
[INFO] [1789635099.168702095] [vision_manager]: Book detected: xyz=(-0.112, -0.096, 0.507), center=(250, 180)
[INFO] [1789635099.169623469] [vision_manager]: Book detected: xyz=(0.737, 0.005, 0.869), center=(589, 242)
[INFO] [1789635099.170544712] [vision_manager]: Book detected: xyz=(0.655, 0.000, 0.869), center=(559, 240)
[INFO] [1789635099.171462126] [vision_manager]: Book detected: xyz=(-0.090, -0.027, 0.401), center=(249, 219)
[INFO] [1789635099.172379776] [vision_manager]: Book detected: xyz=(-0.091, 0.040, 0.400), center=(248, 272)
[INFO] [1789635099.305535414] [vision_manager]: Book detected: xyz=(-0.087, -0.179, 0.401), center=(251, 98)
[INFO] [1789635099.306517221] [vision_manager]: Book detected: xyz=(-0.114, -0.096, 0.516), center=(250, 181)
[INFO] [1789635099.307437147] [vision_manager]: Book detected: xyz=(0.734, 0.005, 0.869), center=(588, 242)
[INFO] [1789635099.308354820] [vision_manager]: Book detected: xyz=(0.636, 0.000, 0.869), center=(552, 240)
[INFO] [1789635099.309273330] [vision_manager]: Book detected: xyz=(-0.098, -0.021, 0.439), center=(249, 225)
[INFO] [1789635099.310188622] [vision_manager]: Book detected: xyz=(-0.090, 0.042, 0.400), center=(249, 273)
[INFO] [1789635099.431805506] [vision_manager]: Book detected: xyz=(-0.086, -0.180, 0.400), center=(252, 97)
[INFO] [1789635099.432785770] [vision_manager]: Book detected: xyz=(-0.114, -0.096, 0.516), center=(250, 181)
[INFO] [1789635099.433692243] [vision_manager]: Book detected: xyz=(0.734, 0.005, 0.869), center=(588, 242)
[INFO] [1789635099.434601707] [vision_manager]: Book detected: xyz=(0.638, 0.000, 0.869), center=(553, 240)
[INFO] [1789635099.435494781] [vision_manager]: Book detected: xyz=(-0.092, -0.021, 0.411), center=(249, 224)
[INFO] [1789635099.436382655] [vision_manager]: Book detected: xyz=(-0.090, 0.040, 0.400), center=(249, 272)
[INFO] [1789635099.564743624] [vision_manager]: Book detected: xyz=(-0.086, -0.180, 0.400), center=(252, 97)
[INFO] [1789635099.566398642] [vision_manager]: Book detected: xyz=(-0.115, -0.096, 0.516), center=(249, 181)
[INFO] [1789635099.568021955] [vision_manager]: Book detected: xyz=(0.734, 0.005, 0.869), center=(588, 242)
[INFO] [1789635099.570120411] [vision_manager]: Book detected: xyz=(0.644, 0.000, 0.869), center=(555, 240)
[INFO] [1789635099.572177784] [vision_manager]: Book detected: xyz=(-0.090, -0.023, 0.402), center=(249, 222)
[INFO] [1789635099.573544646] [vision_manager]: Book detected: xyz=(-0.092, 0.039, 0.400), center=(247, 271)
[INFO] [1789635099.712163283] [vision_manager]: Book detected: xyz=(-0.086, -0.180, 0.400), center=(252, 97)
[INFO] [1789635099.713447237] [vision_manager]: Book detected: xyz=(-0.114, -0.096, 0.516), center=(250, 181)
[INFO] [1789635099.714672485] [vision_manager]: Book detected: xyz=(0.734, 0.005, 0.869), center=(588, 242)
[INFO] [1789635099.715903192] [vision_manager]: Book detected: xyz=(0.649, 0.000, 0.869), center=(557, 240)
[INFO] [1789635099.716947757] [vision_manager]: Book detected: xyz=(-0.090, -0.027, 0.401), center=(249, 219)
[INFO] [1789635099.717985718] [vision_manager]: Book detected: xyz=(-0.090, 0.042, 0.400), center=(249, 273)
[INFO] [1789635099.927631078] [vision_manager]: Book detected: xyz=(-0.086, -0.180, 0.400), center=(252, 97)
[INFO] [1789635099.928808346] [vision_manager]: Book detected: xyz=(-0.114, -0.096, 0.516), center=(250, 181)
[INFO] [1789635099.929908473] [vision_manager]: Book detected: xyz=(0.734, 0.005, 0.869), center=(588, 242)
[INFO] [1789635099.931006413] [vision_manager]: Book detected: xyz=(0.649, 0.000, 0.869), center=(557, 240)
[INFO] [1789635099.932126802] [vision_manager]: Book detected: xyz=(-0.098, -0.021, 0.439), center=(249, 225)
[INFO] [1789635099.933221008] [vision_manager]: Book detected: xyz=(-0.090, 0.042, 0.400), center=(249, 273)
[INFO] [1789635100.057540153] [vision_manager]: Book detected: xyz=(-0.086, -0.180, 0.400), center=(252, 97)
[INFO] [1789635100.058560979] [vision_manager]: Book detected: xyz=(-0.112, -0.096, 0.507), center=(250, 180)
[INFO] [1789635100.059486082] [vision_manager]: Book detected: xyz=(0.734, 0.005, 0.869), center=(588, 242)
[INFO] [1789635100.060414558] [vision_manager]: Book detected: xyz=(0.647, 0.000, 0.869), center=(556, 240)
[INFO] [1789635100.061332546] [vision_manager]: Book detected: xyz=(-0.093, -0.021, 0.411), center=(248, 224)
[INFO] [1789635100.062247665] [vision_manager]: Book detected: xyz=(-0.091, 0.040, 0.400), center=(248, 272)
[INFO] [1789635100.198575371] [vision_manager]: Book detected: xyz=(-0.086, -0.180, 0.400), center=(252, 97)
[INFO] [1789635100.199528084] [vision_manager]: Book detected: xyz=(-0.112, -0.096, 0.507), center=(250, 180)
[INFO] [1789635100.200427786] [vision_manager]: Book detected: xyz=(0.734, 0.005, 0.869), center=(588, 242)
[INFO] [1789635100.201295259] [vision_manager]: Book detected: xyz=(0.622, 0.003, 0.869), center=(547, 241)
[INFO] [1789635100.202164305] [vision_manager]: Book detected: xyz=(-0.093, -0.021, 0.411), center=(248, 224)
[INFO] [1789635100.202991982] [vision_manager]: Book detected: xyz=(-0.090, 0.039, 0.400), center=(249, 271)
[INFO] [1789635100.327593427] [vision_manager]: Book detected: xyz=(-0.086, -0.180, 0.400), center=(252, 97)
[INFO] [1789635100.328600772] [vision_manager]: Book detected: xyz=(-0.112, -0.096, 0.516), center=(251, 181)
[INFO] [1789635100.329519287] [vision_manager]: Book detected: xyz=(0.734, 0.005, 0.869), center=(588, 242)
[INFO] [1789635100.330431044] [vision_manager]: Book detected: xyz=(0.655, 0.000, 0.869), center=(559, 240)
[INFO] [1789635100.331344882] [vision_manager]: Book detected: xyz=(-0.092, -0.021, 0.411), center=(249, 224)
[INFO] [1789635100.466305870] [vision_manager]: Book detected: xyz=(-0.086, -0.180, 0.400), center=(252, 97)
[INFO] [1789635100.467579260] [vision_manager]: Book detected: xyz=(-0.114, -0.096, 0.516), center=(250, 181)
[INFO] [1789635100.468804618] [vision_manager]: Book detected: xyz=(0.734, 0.005, 0.869), center=(588, 242)
[INFO] [1789635100.470029729] [vision_manager]: Book detected: xyz=(0.647, 0.000, 0.869), center=(556, 240)
[INFO] [1789635100.471260428] [vision_manager]: Book detected: xyz=(-0.098, -0.021, 0.439), center=(249, 225)
[INFO] [1789635100.472458018] [vision_manager]: Book detected: xyz=(-0.090, 0.037, 0.400), center=(249, 269)
[INFO] [1789635100.617390686] [vision_manager]: Book detected: xyz=(-0.086, -0.180, 0.400), center=(252, 97)
[INFO] [1789635100.618592205] [vision_manager]: Book detected: xyz=(-0.112, -0.096, 0.507), center=(250, 180)
[INFO] [1789635100.619749997] [vision_manager]: Book detected: xyz=(0.734, 0.005, 0.869), center=(588, 242)
[INFO] [1789635100.620907339] [vision_manager]: Book detected: xyz=(0.638, 0.003, 0.869), center=(553, 241)
[INFO] [1789635100.622060225] [vision_manager]: Book detected: xyz=(-0.098, -0.021, 0.439), center=(249, 225)
[INFO] [1789635100.623209528] [vision_manager]: Book detected: xyz=(-0.090, 0.040, 0.400), center=(249, 272)
[INFO] [1789635100.745314790] [vision_manager]: Book detected: xyz=(-0.086, -0.180, 0.400), center=(252, 97)
[INFO] [1789635100.746269738] [vision_manager]: Book detected: xyz=(-0.112, -0.096, 0.507), center=(250, 180)
[INFO] [1789635100.747178909] [vision_manager]: Book detected: xyz=(0.734, 0.005, 0.869), center=(588, 242)
[INFO] [1789635100.748095377] [vision_manager]: Book detected: xyz=(0.630, 0.000, 0.869), center=(550, 240)
[INFO] [1789635100.749002499] [vision_manager]: Book detected: xyz=(-0.092, -0.021, 0.411), center=(249, 224)
[INFO] [1789635100.749909107] [vision_manager]: Book detected: xyz=(-0.090, 0.042, 0.400), center=(249, 273)
[INFO] [1789635100.884003305] [vision_manager]: Book detected: xyz=(-0.085, -0.180, 0.400), center=(253, 97)
[INFO] [1789635100.885057309] [vision_manager]: Book detected: xyz=(-0.112, -0.096, 0.516), center=(251, 181)
[INFO] [1789635100.886061394] [vision_manager]: Book detected: xyz=(0.734, 0.005, 0.869), center=(588, 242)
[INFO] [1789635100.887071805] [vision_manager]: Book detected: xyz=(0.638, 0.000, 0.869), center=(553, 240)
[INFO] [1789635100.888075050] [vision_manager]: Book detected: xyz=(-0.098, -0.021, 0.439), center=(249, 225)
[INFO] [1789635100.889088162] [vision_manager]: Book detected: xyz=(-0.090, 0.040, 0.400), center=(249, 272)
[INFO] [1789635101.013508915] [vision_manager]: Book detected: xyz=(-0.086, -0.180, 0.400), center=(252, 97)
[INFO] [1789635101.014535565] [vision_manager]: Book detected: xyz=(-0.112, -0.096, 0.507), center=(250, 180)
[INFO] [1789635101.015529825] [vision_manager]: Book detected: xyz=(0.734, 0.005, 0.869), center=(588, 242)
[INFO] [1789635101.016476730] [vision_manager]: Book detected: xyz=(0.638, 0.000, 0.869), center=(553, 240)
[INFO] [1789635101.017421183] [vision_manager]: Book detected: xyz=(-0.100, -0.021, 0.439), center=(248, 225)
[INFO] [1789635101.018336003] [vision_manager]: Book detected: xyz=(-0.091, 0.039, 0.400), center=(248, 271)
[INFO] [1789635101.139412112] [vision_manager]: Book detected: xyz=(-0.086, -0.179, 0.401), center=(252, 98)
[INFO] [1789635101.140410816] [vision_manager]: Book detected: xyz=(-0.112, -0.096, 0.507), center=(250, 180)
[INFO] [1789635101.141340173] [vision_manager]: Book detected: xyz=(0.734, 0.005, 0.869), center=(588, 242)
[INFO] [1789635101.142260819] [vision_manager]: Book detected: xyz=(0.652, 0.000, 0.869), center=(558, 240)
[INFO] [1789635101.143173446] [vision_manager]: Book detected: xyz=(-0.092, -0.021, 0.411), center=(249, 224)
[INFO] [1789635101.144164013] [vision_manager]: Book detected: xyz=(-0.090, 0.040, 0.400), center=(249, 272)
[INFO] [1789635101.262211809] [vision_manager]: Book detected: xyz=(-0.086, -0.179, 0.401), center=(252, 98)
[INFO] [1789635101.263228180] [vision_manager]: Book detected: xyz=(-0.112, -0.096, 0.507), center=(250, 180)
[INFO] [1789635101.264265463] [vision_manager]: Book detected: xyz=(0.734, 0.005, 0.869), center=(588, 242)
[INFO] [1789635101.265224925] [vision_manager]: Book detected: xyz=(0.644, 0.000, 0.869), center=(555, 240)
[INFO] [1789635101.266182984] [vision_manager]: Book detected: xyz=(-0.098, -0.021, 0.439), center=(249, 225)
[INFO] [1789635101.267121275] [vision_manager]: Book detected: xyz=(-0.091, 0.037, 0.400), center=(248, 269)
[INFO] [1789635101.382266239] [vision_manager]: Book detected: xyz=(-0.086, -0.179, 0.401), center=(252, 98)
[INFO] [1789635101.384075202] [vision_manager]: Book detected: xyz=(-0.114, -0.096, 0.507), center=(249, 180)
[INFO] [1789635101.385788439] [vision_manager]: Book detected: xyz=(0.734, 0.005, 0.869), center=(588, 242)
[INFO] [1789635101.387527619] [vision_manager]: Book detected: xyz=(0.644, 0.000, 0.869), center=(555, 240)
[INFO] [1789635101.389461343] [vision_manager]: Book detected: xyz=(-0.100, -0.021, 0.439), center=(248, 225)
[INFO] [1789635101.391706620] [vision_manager]: Book detected: xyz=(-0.092, 0.039, 0.400), center=(247, 271)
[INFO] [1789635101.516756415] [vision_manager]: Book detected: xyz=(-0.086, -0.179, 0.401), center=(252, 98)
[INFO] [1789635101.518307531] [vision_manager]: Book detected: xyz=(-0.112, -0.096, 0.499), center=(249, 179)
[INFO] [1789635101.519769009] [vision_manager]: Book detected: xyz=(0.734, 0.005, 0.869), center=(588, 242)
[INFO] [1789635101.521257620] [vision_manager]: Book detected: xyz=(0.652, 0.000, 0.869), center=(558, 240)
[INFO] [1789635101.522719815] [vision_manager]: Book detected: xyz=(-0.093, -0.021, 0.411), center=(248, 224)
[INFO] [1789635101.524264117] [vision_manager]: Book detected: xyz=(-0.092, 0.039, 0.400), center=(247, 271)
[INFO] [1789635101.635185434] [vision_manager]: Book detected: xyz=(-0.086, -0.180, 0.400), center=(252, 97)
[INFO] [1789635101.636294389] [vision_manager]: Book detected: xyz=(-0.108, -0.096, 0.491), center=(250, 178)
[INFO] [1789635101.637355221] [vision_manager]: Book detected: xyz=(0.734, 0.005, 0.869), center=(588, 242)
[INFO] [1789635101.638397231] [vision_manager]: Book detected: xyz=(0.636, 0.000, 0.869), center=(552, 240)
[INFO] [1789635101.639435111] [vision_manager]: Book detected: xyz=(-0.093, -0.021, 0.411), center=(248, 224)
[INFO] [1789635101.640476446] [vision_manager]: Book detected: xyz=(-0.091, 0.037, 0.400), center=(248, 269)
[INFO] [1789635101.751695216] [vision_manager]: Book detected: xyz=(-0.086, -0.180, 0.400), center=(252, 97)
[INFO] [1789635101.752852972] [vision_manager]: Book detected: xyz=(-0.110, -0.096, 0.499), center=(250, 179)
[INFO] [1789635101.753982429] [vision_manager]: Book detected: xyz=(0.734, 0.005, 0.869), center=(588, 242)
[INFO] [1789635101.755181229] [vision_manager]: Book detected: xyz=(0.630, 0.000, 0.869), center=(550, 240)
[INFO] [1789635101.756771999] [vision_manager]: Book detected: xyz=(-0.093, -0.021, 0.411), center=(248, 224)
[INFO] [1789635101.759112940] [vision_manager]: Book detected: xyz=(-0.091, 0.039, 0.400), center=(248, 271)
[INFO] [1789635101.870453238] [vision_manager]: Book detected: xyz=(-0.086, -0.180, 0.400), center=(252, 97)
[INFO] [1789635101.871646012] [vision_manager]: Book detected: xyz=(-0.110, -0.096, 0.499), center=(250, 179)
[INFO] [1789635101.872766129] [vision_manager]: Book detected: xyz=(0.734, 0.005, 0.869), center=(588, 242)
[INFO] [1789635101.873891439] [vision_manager]: Book detected: xyz=(0.606, 0.000, 0.869), center=(541, 240)
[INFO] [1789635101.875035528] [vision_manager]: Book detected: xyz=(-0.093, -0.021, 0.411), center=(248, 224)
[INFO] [1789635101.876133575] [vision_manager]: Book detected: xyz=(-0.092, 0.037, 0.400), center=(247, 269)
[INFO] [1789635101.989464321] [vision_manager]: Book detected: xyz=(-0.086, -0.180, 0.400), center=(252, 97)
[INFO] [1789635101.990564467] [vision_manager]: Book detected: xyz=(-0.110, -0.096, 0.499), center=(250, 179)
[INFO] [1789635101.991613864] [vision_manager]: Book detected: xyz=(0.734, 0.005, 0.869), center=(588, 242)
[INFO] [1789635101.992665104] [vision_manager]: Book detected: xyz=(0.608, 0.000, 0.869), center=(542, 240)
[INFO] [1789635101.993625740] [vision_manager]: Book detected: xyz=(-0.092, -0.021, 0.411), center=(249, 224)
[INFO] [1789635101.994552095] [vision_manager]: Book detected: xyz=(-0.090, 0.038, 0.400), center=(249, 270)
[INFO] [1789635102.109461745] [vision_manager]: Book detected: xyz=(-0.087, -0.180, 0.400), center=(251, 97)
[INFO] [1789635102.110599533] [vision_manager]: Book detected: xyz=(-0.110, -0.096, 0.499), center=(250, 179)
[INFO] [1789635102.111689948] [vision_manager]: Book detected: xyz=(0.734, 0.005, 0.869), center=(588, 242)
[INFO] [1789635102.112694072] [vision_manager]: Book detected: xyz=(0.619, 0.000, 0.869), center=(546, 240)
[INFO] [1789635102.113673581] [vision_manager]: Book detected: xyz=(-0.090, -0.022, 0.403), center=(249, 223)
[INFO] [1789635102.221703372] [vision_manager]: Book detected: xyz=(-0.087, -0.180, 0.400), center=(251, 97)
[INFO] [1789635102.222766316] [vision_manager]: Book detected: xyz=(-0.110, -0.096, 0.499), center=(250, 179)
[INFO] [1789635102.223785834] [vision_manager]: Book detected: xyz=(0.734, 0.005, 0.869), center=(588, 242)
[INFO] [1789635102.224831088] [vision_manager]: Book detected: xyz=(0.619, 0.000, 0.869), center=(546, 240)
[INFO] [1789635102.225936187] [vision_manager]: Book detected: xyz=(-0.092, -0.021, 0.411), center=(249, 224)
[INFO] [1789635102.363827099] [vision_manager]: Book detected: xyz=(-0.086, -0.180, 0.400), center=(252, 97)
[INFO] [1789635102.364990334] [vision_manager]: Book detected: xyz=(-0.110, -0.096, 0.499), center=(250, 179)
[INFO] [1789635102.366074440] [vision_manager]: Book detected: xyz=(0.734, 0.005, 0.869), center=(588, 242)
[INFO] [1789635102.367133563] [vision_manager]: Book detected: xyz=(0.614, 0.000, 0.869), center=(544, 240)
[INFO] [1789635102.368193653] [vision_manager]: Book detected: xyz=(-0.092, -0.021, 0.411), center=(249, 224)
[INFO] [1789635102.487222728] [vision_manager]: Book detected: xyz=(-0.086, -0.180, 0.400), center=(252, 97)
[INFO] [1789635102.488284455] [vision_manager]: Book detected: xyz=(-0.112, -0.096, 0.507), center=(250, 180)
[INFO] [1789635102.489207460] [vision_manager]: Book detected: xyz=(0.734, 0.005, 0.869), center=(588, 242)
[INFO] [1789635102.490127786] [vision_manager]: Book detected: xyz=(0.619, 0.000, 0.869), center=(546, 240)
[INFO] [1789635102.491054644] [vision_manager]: Book detected: xyz=(-0.090, -0.022, 0.403), center=(249, 223)
[INFO] [1789635102.618315388] [vision_manager]: Book detected: xyz=(-0.087, -0.180, 0.400), center=(251, 97)
[INFO] [1789635102.619290686] [vision_manager]: Book detected: xyz=(-0.112, -0.096, 0.507), center=(250, 180)
[INFO] [1789635102.620268945] [vision_manager]: Book detected: xyz=(0.734, 0.005, 0.869), center=(588, 242)
[INFO] [1789635102.621198148] [vision_manager]: Book detected: xyz=(0.633, 0.000, 0.869), center=(551, 240)
[INFO] [1789635102.622100924] [vision_manager]: Book detected: xyz=(-0.100, -0.021, 0.439), center=(248, 225)
[INFO] [1789635102.622983749] [vision_manager]: Book detected: xyz=(-0.090, 0.039, 0.400), center=(249, 271)
[INFO] [1789635102.756272605] [vision_manager]: Book detected: xyz=(-0.087, -0.180, 0.400), center=(251, 97)
[INFO] [1789635102.758124417] [vision_manager]: Book detected: xyz=(-0.115, -0.096, 0.516), center=(249, 181)
[INFO] [1789635102.759590747] [vision_manager]: Book detected: xyz=(0.734, 0.005, 0.869), center=(588, 242)
[INFO] [1789635102.761086863] [vision_manager]: Book detected: xyz=(0.619, 0.003, 0.869), center=(546, 241)
[INFO] [1789635102.762581312] [vision_manager]: Book detected: xyz=(-0.090, -0.022, 0.403), center=(249, 223)
[INFO] [1789635102.764093400] [vision_manager]: Book detected: xyz=(-0.092, 0.034, 0.400), center=(247, 267)
[INFO] [1789635102.884221794] [vision_manager]: Book detected: xyz=(-0.087, -0.180, 0.400), center=(251, 97)
[INFO] [1789635102.885824125] [vision_manager]: Book detected: xyz=(-0.114, -0.096, 0.516), center=(250, 181)
[INFO] [1789635102.887857899] [vision_manager]: Book detected: xyz=(0.734, 0.005, 0.869), center=(588, 242)
[INFO] [1789635102.889705642] [vision_manager]: Book detected: xyz=(0.614, 0.003, 0.869), center=(544, 241)
[INFO] [1789635102.891318966] [vision_manager]: Book detected: xyz=(-0.090, -0.022, 0.403), center=(249, 223)
[INFO] [1789635102.892850672] [vision_manager]: Book detected: xyz=(-0.090, 0.034, 0.400), center=(249, 267)
[INFO] [1789635103.046624222] [vision_manager]: Book detected: xyz=(-0.087, -0.180, 0.400), center=(251, 97)
[INFO] [1789635103.047604984] [vision_manager]: Book detected: xyz=(-0.116, -0.096, 0.525), center=(250, 182)
[INFO] [1789635103.048522544] [vision_manager]: Book detected: xyz=(0.734, 0.005, 0.869), center=(588, 242)
[INFO] [1789635103.049415688] [vision_manager]: Book detected: xyz=(0.625, 0.000, 0.869), center=(548, 240)
[INFO] [1789635103.050318042] [vision_manager]: Book detected: xyz=(-0.090, -0.022, 0.403), center=(249, 223)
[INFO] [1789635103.208940583] [vision_manager]: Book detected: xyz=(-0.086, -0.179, 0.401), center=(252, 98)
[INFO] [1789635103.210100687] [vision_manager]: Book detected: xyz=(-0.114, -0.096, 0.516), center=(250, 181)
[INFO] [1789635103.211252715] [vision_manager]: Book detected: xyz=(0.734, 0.005, 0.869), center=(588, 242)
[INFO] [1789635103.212351079] [vision_manager]: Book detected: xyz=(0.633, 0.000, 0.869), center=(551, 240)
[INFO] [1789635103.213434519] [vision_manager]: Book detected: xyz=(-0.090, -0.027, 0.401), center=(249, 219)
[INFO] [1789635103.214486208] [vision_manager]: Book detected: xyz=(-0.092, 0.037, 0.400), center=(247, 269)
[INFO] [1789635103.353635896] [vision_manager]: Book detected: xyz=(-0.086, -0.179, 0.401), center=(252, 98)
[INFO] [1789635103.354900554] [vision_manager]: Book detected: xyz=(-0.114, -0.096, 0.516), center=(250, 181)
[INFO] [1789635103.356117921] [vision_manager]: Book detected: xyz=(0.734, 0.005, 0.869), center=(588, 242)
[INFO] [1789635103.357331123] [vision_manager]: Book detected: xyz=(0.619, 0.000, 0.869), center=(546, 240)
[INFO] [1789635103.358537839] [vision_manager]: Book detected: xyz=(-0.090, -0.024, 0.402), center=(249, 221)
[INFO] [1789635103.359778100] [vision_manager]: Book detected: xyz=(-0.092, 0.038, 0.400), center=(247, 270)
[INFO] [1789635103.518025239] [vision_manager]: Book detected: xyz=(-0.086, -0.179, 0.401), center=(252, 98)
[INFO] [1789635103.519105439] [vision_manager]: Book detected: xyz=(-0.114, -0.096, 0.516), center=(250, 181)
[INFO] [1789635103.520113220] [vision_manager]: Book detected: xyz=(0.734, 0.005, 0.869), center=(588, 242)
[INFO] [1789635103.521024221] [vision_manager]: Book detected: xyz=(0.627, 0.000, 0.869), center=(549, 240)
[INFO] [1789635103.522124420] [vision_manager]: Book detected: xyz=(-0.090, -0.023, 0.402), center=(249, 222)
[INFO] [1789635103.523115454] [vision_manager]: Book detected: xyz=(-0.092, 0.025, 0.401), center=(247, 260)
[INFO] [1789635103.694296441] [vision_manager]: Book detected: xyz=(-0.086, -0.179, 0.401), center=(252, 98)
[INFO] [1789635103.696400877] [vision_manager]: Book detected: xyz=(-0.116, -0.096, 0.525), center=(250, 182)
[INFO] [1789635103.698105951] [vision_manager]: Book detected: xyz=(0.734, 0.005, 0.869), center=(588, 242)
[INFO] [1789635103.699667840] [vision_manager]: Book detected: xyz=(0.630, 0.000, 0.869), center=(550, 240)
[INFO] [1789635103.701190120] [vision_manager]: Book detected: xyz=(-0.090, -0.023, 0.402), center=(249, 222)
[INFO] [1789635103.702672415] [vision_manager]: Book detected: xyz=(-0.091, 0.024, 0.401), center=(248, 259)
[INFO] [1789635103.837879384] [vision_manager]: Book detected: xyz=(-0.086, -0.180, 0.400), center=(252, 97)
[INFO] [1789635103.839466473] [vision_manager]: Book detected: xyz=(-0.116, -0.096, 0.525), center=(250, 182)
[INFO] [1789635103.842436815] [vision_manager]: Book detected: xyz=(0.734, 0.005, 0.869), center=(588, 242)
[INFO] [1789635103.844363337] [vision_manager]: Book detected: xyz=(0.625, 0.000, 0.869), center=(548, 240)
[INFO] [1789635103.845750816] [vision_manager]: Book detected: xyz=(-0.090, -0.024, 0.402), center=(249, 221)
[INFO] [1789635103.847030049] [vision_manager]: Book detected: xyz=(-0.092, 0.023, 0.402), center=(247, 258)
[INFO] [1789635104.010644695] [vision_manager]: Book detected: xyz=(-0.086, -0.179, 0.401), center=(252, 98)
[INFO] [1789635104.012524942] [vision_manager]: Book detected: xyz=(-0.114, -0.096, 0.525), center=(251, 182)
[INFO] [1789635104.014379704] [vision_manager]: Book detected: xyz=(0.734, 0.005, 0.869), center=(588, 242)
[INFO] [1789635104.016239822] [vision_manager]: Book detected: xyz=(0.644, 0.000, 0.869), center=(555, 240)
[INFO] [1789635104.018168754] [vision_manager]: Book detected: xyz=(-0.090, -0.023, 0.402), center=(249, 222)
[INFO] [1789635104.019638282] [vision_manager]: Book detected: xyz=(-0.091, 0.027, 0.401), center=(248, 261)
[INFO] [1789635104.207352577] [vision_manager]: Book detected: xyz=(-0.086, -0.179, 0.401), center=(252, 98)
[INFO] [1789635104.209480992] [vision_manager]: Book detected: xyz=(-0.116, -0.096, 0.525), center=(250, 182)
[INFO] [1789635104.212251706] [vision_manager]: Book detected: xyz=(0.734, 0.005, 0.869), center=(588, 242)
[INFO] [1789635104.215463406] [vision_manager]: Book detected: xyz=(0.644, 0.000, 0.869), center=(555, 240)
[INFO] [1789635104.218524238] [vision_manager]: Book detected: xyz=(-0.090, -0.024, 0.402), center=(249, 221)
[INFO] [1789635104.222029519] [vision_manager]: Book detected: xyz=(-0.091, 0.033, 0.400), center=(248, 266)
[INFO] [1789635104.385377051] [vision_manager]: Book detected: xyz=(-0.087, -0.179, 0.401), center=(251, 98)
[INFO] [1789635104.387271264] [vision_manager]: Book detected: xyz=(-0.114, -0.096, 0.507), center=(249, 180)
[INFO] [1789635104.388719965] [vision_manager]: Book detected: xyz=(0.734, 0.005, 0.869), center=(588, 242)
[INFO] [1789635104.390159784] [vision_manager]: Book detected: xyz=(0.627, 0.000, 0.869), center=(549, 240)
[INFO] [1789635104.391532052] [vision_manager]: Book detected: xyz=(-0.091, -0.024, 0.402), center=(248, 221)
[INFO] [1789635104.392982180] [vision_manager]: Book detected: xyz=(-0.092, 0.038, 0.400), center=(247, 270)
[INFO] [1789635104.516864503] [vision_manager]: Book detected: xyz=(-0.087, -0.179, 0.401), center=(251, 98)
[INFO] [1789635104.519600341] [vision_manager]: Book detected: xyz=(-0.114, -0.096, 0.516), center=(250, 181)
[INFO] [1789635104.522261136] [vision_manager]: Book detected: xyz=(0.734, 0.005, 0.869), center=(588, 242)
[INFO] [1789635104.524193290] [vision_manager]: Book detected: xyz=(0.641, 0.000, 0.869), center=(554, 240)
[INFO] [1789635104.526029816] [vision_manager]: Book detected: xyz=(-0.090, -0.025, 0.401), center=(249, 220)
[INFO] [1789635104.527914983] [vision_manager]: Book detected: xyz=(-0.091, 0.039, 0.400), center=(248, 271)
[INFO] [1789635104.643268386] [vision_manager]: Book detected: xyz=(-0.087, -0.179, 0.401), center=(251, 98)
[INFO] [1789635104.644636052] [vision_manager]: Book detected: xyz=(-0.115, -0.096, 0.516), center=(249, 181)
[INFO] [1789635104.646037010] [vision_manager]: Book detected: xyz=(0.734, 0.005, 0.869), center=(588, 242)
[INFO] [1789635104.647285840] [vision_manager]: Book detected: xyz=(0.649, 0.000, 0.869), center=(557, 240)
[INFO] [1789635104.648519432] [vision_manager]: Book detected: xyz=(-0.090, -0.024, 0.402), center=(249, 221)
[INFO] [1789635104.649796935] [vision_manager]: Book detected: xyz=(-0.091, 0.037, 0.400), center=(248, 269)
[INFO] [1789635104.779760001] [vision_manager]: Book detected: xyz=(-0.087, -0.179, 0.401), center=(251, 98)
[INFO] [1789635104.781343011] [vision_manager]: Book detected: xyz=(-0.115, -0.096, 0.516), center=(249, 181)
[INFO] [1789635104.783022478] [vision_manager]: Book detected: xyz=(0.734, 0.005, 0.869), center=(588, 242)
[INFO] [1789635104.784711385] [vision_manager]: Book detected: xyz=(0.658, 0.000, 0.869), center=(560, 240)
[INFO] [1789635104.786415426] [vision_manager]: Book detected: xyz=(-0.090, -0.027, 0.401), center=(249, 219)
[INFO] [1789635104.788118428] [vision_manager]: Book detected: xyz=(-0.091, 0.039, 0.400), center=(248, 271)
[INFO] [1789635104.924546417] [vision_manager]: Book detected: xyz=(-0.087, -0.179, 0.401), center=(251, 98)
[INFO] [1789635104.927176043] [vision_manager]: Book detected: xyz=(-0.117, -0.096, 0.525), center=(249, 182)
[INFO] [1789635104.929292287] [vision_manager]: Book detected: xyz=(0.734, 0.005, 0.869), center=(588, 242)
[INFO] [1789635104.931332855] [vision_manager]: Book detected: xyz=(0.652, 0.000, 0.869), center=(558, 240)
[INFO] [1789635104.933405753] [vision_manager]: Book detected: xyz=(-0.090, -0.025, 0.401), center=(249, 220)
[INFO] [1789635104.937849618] [vision_manager]: Book detected: xyz=(-0.091, 0.037, 0.400), center=(248, 269)
[INFO] [1789635105.068843797] [vision_manager]: Book detected: xyz=(-0.087, -0.179, 0.401), center=(251, 98)
[INFO] [1789635105.070478733] [vision_manager]: Book detected: xyz=(-0.117, -0.096, 0.525), center=(249, 182)
[INFO] [1789635105.071788558] [vision_manager]: Book detected: xyz=(0.734, 0.005, 0.869), center=(588, 242)
[INFO] [1789635105.073006246] [vision_manager]: Book detected: xyz=(0.660, 0.000, 0.869), center=(561, 240)
[INFO] [1789635105.074218432] [vision_manager]: Book detected: xyz=(-0.090, -0.027, 0.401), center=(249, 219)
[INFO] [1789635105.075447163] [vision_manager]: Book detected: xyz=(-0.091, 0.032, 0.400), center=(248, 265)
[INFO] [1789635105.208581105] [vision_manager]: Book detected: xyz=(-0.087, -0.179, 0.401), center=(251, 98)
[INFO] [1789635105.209537227] [vision_manager]: Book detected: xyz=(-0.120, -0.096, 0.534), center=(249, 183)
[INFO] [1789635105.210428788] [vision_manager]: Book detected: xyz=(0.734, 0.005, 0.869), center=(588, 242)
[INFO] [1789635105.211351356] [vision_manager]: Book detected: xyz=(0.652, 0.000, 0.869), center=(558, 240)
[INFO] [1789635105.212256844] [vision_manager]: Book detected: xyz=(-0.090, -0.028, 0.401), center=(249, 218)
[INFO] [1789635105.213149052] [vision_manager]: Book detected: xyz=(-0.090, 0.034, 0.400), center=(249, 267)
[INFO] [1789635105.352406396] [vision_manager]: Book detected: xyz=(-0.087, -0.179, 0.401), center=(251, 98)
[INFO] [1789635105.353412497] [vision_manager]: Book detected: xyz=(0.734, 0.005, 0.869), center=(588, 242)
[INFO] [1789635105.354588222] [vision_manager]: Book detected: xyz=(-0.126, -0.096, 0.563), center=(249, 186)
[INFO] [1789635105.355827643] [vision_manager]: Book detected: xyz=(0.658, 0.000, 0.869), center=(560, 240)
[INFO] [1789635105.357004894] [vision_manager]: Book detected: xyz=(-0.090, -0.024, 0.402), center=(249, 221)
[INFO] [1789635105.358529695] [vision_manager]: Book detected: xyz=(-0.091, 0.035, 0.400), center=(248, 268)
[INFO] [1789635105.473957087] [vision_manager]: Book detected: xyz=(-0.087, -0.178, 0.401), center=(251, 99)
[INFO] [1789635105.474930492] [vision_manager]: Book detected: xyz=(0.734, 0.005, 0.869), center=(588, 242)
[INFO] [1789635105.475872666] [vision_manager]: Book detected: xyz=(-0.115, -0.096, 0.516), center=(249, 181)
[INFO] [1789635105.476776424] [vision_manager]: Book detected: xyz=(0.652, 0.000, 0.869), center=(558, 240)
[INFO] [1789635105.477648577] [vision_manager]: Book detected: xyz=(-0.090, -0.028, 0.401), center=(249, 218)
[INFO] [1789635105.478553442] [vision_manager]: Book detected: xyz=(-0.091, 0.038, 0.400), center=(248, 270)
[INFO] [1789635105.593852893] [vision_manager]: Book detected: xyz=(-0.087, -0.179, 0.401), center=(251, 98)
[INFO] [1789635105.595989320] [vision_manager]: Book detected: xyz=(0.734, 0.005, 0.869), center=(588, 242)
[INFO] [1789635105.597997902] [vision_manager]: Book detected: xyz=(-0.126, -0.096, 0.554), center=(248, 185)
[INFO] [1789635105.600148006] [vision_manager]: Book detected: xyz=(0.655, 0.000, 0.869), center=(559, 240)
[INFO] [1789635105.601856512] [vision_manager]: Book detected: xyz=(-0.091, -0.027, 0.401), center=(248, 219)
[INFO] [1789635105.603396285] [vision_manager]: Book detected: xyz=(-0.092, 0.040, 0.400), center=(247, 272)
[INFO] [1789635105.748780112] [vision_manager]: Book detected: xyz=(-0.090, -0.179, 0.401), center=(249, 98)
[INFO] [1789635105.749795771] [vision_manager]: Book detected: xyz=(0.734, 0.005, 0.869), center=(588, 242)
[INFO] [1789635105.750743184] [vision_manager]: Book detected: xyz=(-0.130, -0.096, 0.563), center=(247, 186)
[INFO] [1789635105.751663967] [vision_manager]: Book detected: xyz=(0.644, 0.000, 0.869), center=(555, 240)
[INFO] [1789635105.752593791] [vision_manager]: Book detected: xyz=(-0.090, -0.028, 0.401), center=(249, 218)
[INFO] [1789635105.753496403] [vision_manager]: Book detected: xyz=(-0.092, 0.040, 0.400), center=(247, 272)
[INFO] [1789635105.893691266] [vision_manager]: Book detected: xyz=(-0.088, -0.179, 0.401), center=(250, 98)
[INFO] [1789635105.895253404] [vision_manager]: Book detected: xyz=(0.734, 0.005, 0.869), center=(588, 242)
[INFO] [1789635105.896742555] [vision_manager]: Book detected: xyz=(-0.115, -0.096, 0.507), center=(248, 180)
[INFO] [1789635105.898215767] [vision_manager]: Book detected: xyz=(0.638, 0.000, 0.869), center=(553, 240)
[INFO] [1789635105.899634992] [vision_manager]: Book detected: xyz=(-0.091, -0.030, 0.400), center=(248, 216)
[INFO] [1789635105.901017107] [vision_manager]: Book detected: xyz=(-0.092, 0.042, 0.400), center=(247, 273)
[INFO] [1789635106.038845350] [vision_manager]: Book detected: xyz=(-0.088, -0.179, 0.401), center=(250, 98)
[INFO] [1789635106.043165964] [vision_manager]: Book detected: xyz=(0.734, 0.005, 0.869), center=(588, 242)
[INFO] [1789635106.045118452] [vision_manager]: Book detected: xyz=(-0.115, -0.096, 0.516), center=(249, 181)
[INFO] [1789635106.046800110] [vision_manager]: Book detected: xyz=(0.638, 0.000, 0.869), center=(553, 240)
[INFO] [1789635106.047884102] [vision_manager]: Book detected: xyz=(-0.091, -0.032, 0.400), center=(248, 215)
[INFO] [1789635106.049256811] [vision_manager]: Book detected: xyz=(-0.092, 0.040, 0.400), center=(247, 272)
[INFO] [1789635106.190697639] [vision_manager]: Book detected: xyz=(-0.088, -0.178, 0.401), center=(250, 99)
[INFO] [1789635106.192163830] [vision_manager]: Book detected: xyz=(-0.128, -0.096, 0.563), center=(248, 186)
[INFO] [1789635106.193587575] [vision_manager]: Book detected: xyz=(0.734, 0.005, 0.869), center=(588, 242)
[INFO] [1789635106.195054044] [vision_manager]: Book detected: xyz=(0.641, 0.000, 0.869), center=(554, 240)
[INFO] [1789635106.196511932] [vision_manager]: Book detected: xyz=(-0.091, -0.029, 0.401), center=(248, 217)
[INFO] [1789635106.197674123] [vision_manager]: Book detected: xyz=(-0.092, 0.040, 0.400), center=(247, 272)
[INFO] [1789635106.346857854] [vision_manager]: Book detected: xyz=(-0.087, -0.179, 0.401), center=(251, 98)
[INFO] [1789635106.348429534] [vision_manager]: Book detected: xyz=(0.734, 0.005, 0.869), center=(588, 242)
[INFO] [1789635106.349699300] [vision_manager]: Book detected: xyz=(-0.131, -0.096, 0.563), center=(246, 186)
[INFO] [1789635106.350847741] [vision_manager]: Book detected: xyz=(0.644, 0.000, 0.869), center=(555, 240)
[INFO] [1789635106.351973990] [vision_manager]: Book detected: xyz=(-0.092, -0.028, 0.401), center=(247, 218)
[INFO] [1789635106.353129205] [vision_manager]: Book detected: xyz=(-0.093, 0.042, 0.400), center=(246, 273)
[INFO] [1789635106.548911908] [vision_manager]: Book detected: xyz=(-0.087, -0.179, 0.401), center=(251, 98)
[INFO] [1789635106.550460127] [vision_manager]: Book detected: xyz=(0.734, 0.005, 0.869), center=(588, 242)
[INFO] [1789635106.551894088] [vision_manager]: Book detected: xyz=(-0.115, -0.096, 0.507), center=(248, 180)
[INFO] [1789635106.553333056] [vision_manager]: Book detected: xyz=(0.647, 0.000, 0.869), center=(556, 240)
[INFO] [1789635106.554758035] [vision_manager]: Book detected: xyz=(-0.093, 0.042, 0.400), center=(246, 273)
[INFO] [1789635106.735386576] [vision_manager]: Book detected: xyz=(-0.087, -0.180, 0.400), center=(251, 97)
[INFO] [1789635106.737584065] [vision_manager]: Book detected: xyz=(0.734, 0.005, 0.869), center=(588, 242)
[INFO] [1789635106.739598113] [vision_manager]: Book detected: xyz=(-0.131, -0.096, 0.563), center=(246, 186)
[INFO] [1789635106.741649690] [vision_manager]: Book detected: xyz=(0.652, 0.000, 0.869), center=(558, 240)
[INFO] [1789635106.743687281] [vision_manager]: Book detected: xyz=(-0.093, -0.030, 0.400), center=(246, 216)
[INFO] [1789635106.745595991] [vision_manager]: Book detected: xyz=(-0.096, 0.040, 0.400), center=(244, 272)
[INFO] [1789635106.916546296] [vision_manager]: Book detected: xyz=(-0.087, -0.179, 0.401), center=(251, 98)
[INFO] [1789635106.918570963] [vision_manager]: Book detected: xyz=(0.734, 0.005, 0.869), center=(588, 242)
[INFO] [1789635106.921267033] [vision_manager]: Book detected: xyz=(-0.117, -0.096, 0.525), center=(249, 182)
[INFO] [1789635106.923297015] [vision_manager]: Book detected: xyz=(0.658, 0.000, 0.869), center=(560, 240)
[INFO] [1789635106.925117372] [vision_manager]: Book detected: xyz=(-0.091, -0.025, 0.401), center=(248, 220)
[INFO] [1789635106.926520667] [vision_manager]: Book detected: xyz=(-0.092, 0.042, 0.400), center=(247, 273)
[INFO] [1789635107.057448017] [vision_manager]: Book detected: xyz=(-0.087, -0.180, 0.400), center=(251, 97)
[INFO] [1789635107.058783593] [vision_manager]: Book detected: xyz=(0.734, 0.005, 0.869), center=(588, 242)
[INFO] [1789635107.060116658] [vision_manager]: Book detected: xyz=(-0.129, -0.096, 0.544), center=(245, 184)
[INFO] [1789635107.061410319] [vision_manager]: Book detected: xyz=(0.649, 0.000, 0.869), center=(557, 240)
[INFO] [1789635107.062660617] [vision_manager]: Book detected: xyz=(-0.092, -0.027, 0.401), center=(247, 219)
[INFO] [1789635107.063954346] [vision_manager]: Book detected: xyz=(-0.093, 0.039, 0.400), center=(246, 271)
[INFO] [1789635107.227139835] [vision_manager]: Book detected: xyz=(-0.088, -0.180, 0.400), center=(250, 97)
[INFO] [1789635107.229216059] [vision_manager]: Book detected: xyz=(0.734, 0.005, 0.869), center=(588, 242)
[INFO] [1789635107.231258571] [vision_manager]: Book detected: xyz=(-0.117, -0.096, 0.516), center=(248, 181)
[INFO] [1789635107.232912236] [vision_manager]: Book detected: xyz=(0.638, 0.000, 0.869), center=(553, 240)
[INFO] [1789635107.234561694] [vision_manager]: Book detected: xyz=(-0.093, 0.040, 0.400), center=(246, 272)
[INFO] [1789635107.236222112] [vision_manager]: Book detected: xyz=(-0.095, -0.021, 0.411), center=(247, 224)
[INFO] [1789635107.390714677] [vision_manager]: Book detected: xyz=(-0.087, -0.180, 0.400), center=(251, 97)
[INFO] [1789635107.392643027] [vision_manager]: Book detected: xyz=(0.737, 0.005, 0.869), center=(589, 242)
[INFO] [1789635107.394326549] [vision_manager]: Book detected: xyz=(-0.117, -0.096, 0.525), center=(249, 182)
[INFO] [1789635107.395909007] [vision_manager]: Book detected: xyz=(0.658, 0.000, 0.869), center=(560, 240)
[INFO] [1789635107.397554809] [vision_manager]: Book detected: xyz=(-0.091, -0.028, 0.401), center=(248, 218)
[INFO] [1789635107.399178047] [vision_manager]: Book detected: xyz=(-0.093, 0.037, 0.400), center=(246, 269)
[INFO] [1789635107.537069211] [vision_manager]: Book detected: xyz=(-0.087, -0.179, 0.401), center=(251, 98)
[INFO] [1789635107.538496073] [vision_manager]: Book detected: xyz=(0.737, 0.005, 0.869), center=(589, 242)
[INFO] [1789635107.539868528] [vision_manager]: Book detected: xyz=(-0.117, -0.096, 0.516), center=(248, 181)
[INFO] [1789635107.541293824] [vision_manager]: Book detected: xyz=(0.666, 0.000, 0.869), center=(563, 240)
[INFO] [1789635107.542807209] [vision_manager]: Book detected: xyz=(-0.092, -0.028, 0.401), center=(247, 218)
[INFO] [1789635107.544211730] [vision_manager]: Book detected: xyz=(-0.095, 0.035, 0.400), center=(245, 268)
[INFO] [1789635107.702900145] [vision_manager]: Book detected: xyz=(-0.087, -0.179, 0.401), center=(251, 98)
[INFO] [1789635107.704043455] [vision_manager]: Book detected: xyz=(0.737, 0.005, 0.869), center=(589, 242)
[INFO] [1789635107.705108308] [vision_manager]: Book detected: xyz=(-0.121, -0.096, 0.534), center=(248, 183)
[INFO] [1789635107.706122460] [vision_manager]: Book detected: xyz=(0.663, 0.000, 0.869), center=(562, 240)
[INFO] [1789635107.707130701] [vision_manager]: Book detected: xyz=(-0.091, -0.024, 0.402), center=(248, 221)
[INFO] [1789635107.708143663] [vision_manager]: Book detected: xyz=(-0.093, 0.030, 0.400), center=(246, 264)
[INFO] [1789635107.836854032] [vision_manager]: Book detected: xyz=(-0.087, -0.179, 0.401), center=(251, 98)
[INFO] [1789635107.838100029] [vision_manager]: Book detected: xyz=(0.734, 0.005, 0.869), center=(588, 242)
[INFO] [1789635107.839735374] [vision_manager]: Book detected: xyz=(-0.123, -0.096, 0.534), center=(247, 183)
[INFO] [1789635107.841647387] [vision_manager]: Book detected: xyz=(0.655, 0.000, 0.869), center=(559, 240)
[INFO] [1789635107.842753814] [vision_manager]: Book detected: xyz=(-0.092, -0.024, 0.402), center=(247, 221)
[INFO] [1789635107.843655437] [vision_manager]: Book detected: xyz=(-0.093, 0.033, 0.400), center=(246, 266)
[INFO] [1789635107.989915765] [vision_manager]: Book detected: xyz=(-0.087, -0.179, 0.401), center=(251, 98)
[INFO] [1789635107.991542986] [vision_manager]: Book detected: xyz=(0.734, 0.005, 0.869), center=(588, 242)
[INFO] [1789635107.993064245] [vision_manager]: Book detected: xyz=(-0.115, -0.096, 0.507), center=(248, 180)
[INFO] [1789635107.994670836] [vision_manager]: Book detected: xyz=(0.647, 0.000, 0.869), center=(556, 240)
[INFO] [1789635107.996228528] [vision_manager]: Book detected: xyz=(-0.092, -0.025, 0.401), center=(247, 220)
[INFO] [1789635107.997490301] [vision_manager]: Book detected: xyz=(-0.093, 0.039, 0.400), center=(246, 271)
[INFO] [1789635108.131734038] [vision_manager]: Book detected: xyz=(-0.087, -0.179, 0.401), center=(251, 98)
[INFO] [1789635108.132769141] [vision_manager]: Book detected: xyz=(-0.117, -0.096, 0.516), center=(248, 181)
[INFO] [1789635108.133755387] [vision_manager]: Book detected: xyz=(0.734, 0.005, 0.869), center=(588, 242)
[INFO] [1789635108.134750958] [vision_manager]: Book detected: xyz=(0.649, 0.000, 0.869), center=(557, 240)
[INFO] [1789635108.135733956] [vision_manager]: Book detected: xyz=(-0.092, -0.024, 0.402), center=(247, 221)
[INFO] [1789635108.136729215] [vision_manager]: Book detected: xyz=(-0.093, 0.035, 0.400), center=(246, 268)
[INFO] [1789635108.290867654] [vision_manager]: Book detected: xyz=(-0.087, -0.179, 0.401), center=(251, 98)
[INFO] [1789635108.293498587] [vision_manager]: Book detected: xyz=(-0.115, -0.096, 0.507), center=(248, 180)
[INFO] [1789635108.295585674] [vision_manager]: Book detected: xyz=(0.734, 0.005, 0.869), center=(588, 242)
[INFO] [1789635108.297607656] [vision_manager]: Book detected: xyz=(0.658, 0.000, 0.869), center=(560, 240)
[INFO] [1789635108.299595308] [vision_manager]: Book detected: xyz=(-0.092, -0.024, 0.402), center=(247, 221)
[INFO] [1789635108.301669937] [vision_manager]: Book detected: xyz=(-0.095, 0.038, 0.400), center=(245, 270)
[INFO] [1789635108.496923124] [vision_manager]: Book detected: xyz=(-0.087, -0.179, 0.401), center=(251, 98)
[INFO] [1789635108.498335099] [vision_manager]: Book detected: xyz=(-0.117, -0.096, 0.516), center=(248, 181)
[INFO] [1789635108.500203972] [vision_manager]: Book detected: xyz=(0.734, 0.005, 0.869), center=(588, 242)
[INFO] [1789635108.501570981] [vision_manager]: Book detected: xyz=(0.658, 0.000, 0.869), center=(560, 240)
[INFO] [1789635108.502843780] [vision_manager]: Book detected: xyz=(-0.091, -0.025, 0.401), center=(248, 220)
[INFO] [1789635108.505214976] [vision_manager]: Book detected: xyz=(-0.092, 0.035, 0.400), center=(247, 268)
[INFO] [1789635108.665945651] [vision_manager]: Book detected: xyz=(-0.087, -0.179, 0.401), center=(251, 98)
[INFO] [1789635108.667334387] [vision_manager]: Book detected: xyz=(-0.126, -0.096, 0.554), center=(248, 185)
[INFO] [1789635108.668725241] [vision_manager]: Book detected: xyz=(0.734, 0.005, 0.869), center=(588, 242)
[INFO] [1789635108.670073805] [vision_manager]: Book detected: xyz=(0.663, 0.000, 0.869), center=(562, 240)
[INFO] [1789635108.671377732] [vision_manager]: Book detected: xyz=(-0.092, -0.027, 0.401), center=(247, 219)
[INFO] [1789635108.672698357] [vision_manager]: Book detected: xyz=(-0.095, 0.030, 0.400), center=(245, 264)
[INFO] [1789635108.840999919] [vision_manager]: Book detected: xyz=(-0.087, -0.179, 0.401), center=(251, 98)
[INFO] [1789635108.842417078] [vision_manager]: Book detected: xyz=(-0.115, -0.096, 0.516), center=(249, 181)
[INFO] [1789635108.843849730] [vision_manager]: Book detected: xyz=(0.734, 0.005, 0.869), center=(588, 242)
[INFO] [1789635108.845218064] [vision_manager]: Book detected: xyz=(0.649, 0.000, 0.869), center=(557, 240)
[INFO] [1789635108.846654200] [vision_manager]: Book detected: xyz=(-0.092, -0.028, 0.401), center=(247, 218)
[INFO] [1789635108.848103482] [vision_manager]: Book detected: xyz=(-0.093, 0.032, 0.400), center=(246, 265)
[INFO] [1789635109.071986807] [vision_manager]: Book detected: xyz=(-0.087, -0.179, 0.401), center=(251, 98)
[INFO] [1789635109.073184482] [vision_manager]: Book detected: xyz=(-0.115, -0.096, 0.516), center=(249, 181)
[INFO] [1789635109.074359868] [vision_manager]: Book detected: xyz=(0.734, 0.005, 0.869), center=(588, 242)
[INFO] [1789635109.075476788] [vision_manager]: Book detected: xyz=(0.647, 0.000, 0.869), center=(556, 240)
[INFO] [1789635109.076578239] [vision_manager]: Book detected: xyz=(-0.093, 0.035, 0.400), center=(246, 268)
[INFO] [1789635109.077710461] [vision_manager]: Book detected: xyz=(-0.095, -0.021, 0.411), center=(247, 224)
[INFO] [1789635109.253069765] [vision_manager]: Book detected: xyz=(-0.087, -0.179, 0.401), center=(251, 98)
[INFO] [1789635109.254329571] [vision_manager]: Book detected: xyz=(0.734, 0.005, 0.869), center=(588, 242)
[INFO] [1789635109.255395337] [vision_manager]: Book detected: xyz=(-0.115, -0.096, 0.516), center=(249, 181)
[INFO] [1789635109.256385041] [vision_manager]: Book detected: xyz=(0.652, 0.000, 0.869), center=(558, 240)
[INFO] [1789635109.257498560] [vision_manager]: Book detected: xyz=(-0.091, -0.029, 0.401), center=(248, 217)
[INFO] [1789635109.258526396] [vision_manager]: Book detected: xyz=(-0.093, 0.035, 0.400), center=(246, 268)
[INFO] [1789635109.407011051] [vision_manager]: Book detected: xyz=(-0.087, -0.179, 0.401), center=(251, 98)
[INFO] [1789635109.408511107] [vision_manager]: Book detected: xyz=(-0.115, -0.096, 0.516), center=(249, 181)
[INFO] [1789635109.409839857] [vision_manager]: Book detected: xyz=(0.734, 0.005, 0.869), center=(588, 242)
[INFO] [1789635109.411067742] [vision_manager]: Book detected: xyz=(0.644, 0.000, 0.869), center=(555, 240)
[INFO] [1789635109.412279248] [vision_manager]: Book detected: xyz=(-0.093, 0.034, 0.400), center=(246, 267)
[INFO] [1789635109.413482242] [vision_manager]: Book detected: xyz=(-0.093, -0.022, 0.403), center=(247, 223)
[INFO] [1789635109.551694595] [vision_manager]: Book detected: xyz=(-0.087, -0.179, 0.401), center=(251, 98)
[INFO] [1789635109.552768824] [vision_manager]: Book detected: xyz=(-0.123, -0.096, 0.534), center=(247, 183)
[INFO] [1789635109.553736515] [vision_manager]: Book detected: xyz=(0.734, 0.005, 0.869), center=(588, 242)
[INFO] [1789635109.554642801] [vision_manager]: Book detected: xyz=(0.630, 0.000, 0.869), center=(550, 240)
[INFO] [1789635109.555544432] [vision_manager]: Book detected: xyz=(-0.092, -0.029, 0.401), center=(247, 217)
[INFO] [1789635109.556447749] [vision_manager]: Book detected: xyz=(-0.095, 0.035, 0.400), center=(245, 268)
[INFO] [1789635109.683429984] [vision_manager]: Book detected: xyz=(-0.087, -0.180, 0.400), center=(251, 97)
[INFO] [1789635109.684358971] [vision_manager]: Book detected: xyz=(-0.117, -0.096, 0.525), center=(249, 182)
[INFO] [1789635109.685286274] [vision_manager]: Book detected: xyz=(0.734, 0.005, 0.869), center=(588, 242)
[INFO] [1789635109.686156263] [vision_manager]: Book detected: xyz=(0.627, 0.000, 0.869), center=(549, 240)
[INFO] [1789635109.687001553] [vision_manager]: Book detected: xyz=(-0.092, -0.029, 0.401), center=(247, 217)
[INFO] [1789635109.687845051] [vision_manager]: Book detected: xyz=(-0.095, 0.032, 0.400), center=(245, 265)
[INFO] [1789635109.820282027] [vision_manager]: Book detected: xyz=(-0.086, -0.179, 0.401), center=(252, 98)
[INFO] [1789635109.822239727] [vision_manager]: Book detected: xyz=(-0.115, -0.096, 0.516), center=(249, 181)
[INFO] [1789635109.823971971] [vision_manager]: Book detected: xyz=(0.734, 0.005, 0.869), center=(588, 242)
[INFO] [1789635109.825619207] [vision_manager]: Book detected: xyz=(0.644, 0.000, 0.869), center=(555, 240)
[INFO] [1789635109.827779734] [vision_manager]: Book detected: xyz=(-0.093, 0.033, 0.400), center=(246, 266)
[INFO] [1789635109.987313910] [vision_manager]: Book detected: xyz=(-0.087, -0.179, 0.401), center=(251, 98)
[INFO] [1789635109.988567221] [vision_manager]: Book detected: xyz=(-0.115, -0.096, 0.516), center=(249, 181)
[INFO] [1789635109.989970676] [vision_manager]: Book detected: xyz=(0.734, 0.005, 0.869), center=(588, 242)
[INFO] [1789635109.992104986] [vision_manager]: Book detected: xyz=(0.636, 0.000, 0.869), center=(552, 240)
[INFO] [1789635109.993614470] [vision_manager]: Book detected: xyz=(-0.091, -0.028, 0.401), center=(248, 218)
[INFO] [1789635109.994801982] [vision_manager]: Book detected: xyz=(-0.095, 0.033, 0.400), center=(245, 266)
[INFO] [1789635110.127917221] [vision_manager]: Book detected: xyz=(-0.086, -0.179, 0.401), center=(252, 98)
[INFO] [1789635110.129029701] [vision_manager]: Book detected: xyz=(-0.110, -0.096, 0.499), center=(250, 179)
[INFO] [1789635110.130014753] [vision_manager]: Book detected: xyz=(0.734, 0.005, 0.869), center=(588, 242)
[INFO] [1789635110.130963250] [vision_manager]: Book detected: xyz=(0.633, 0.000, 0.869), center=(551, 240)
[INFO] [1789635110.131905362] [vision_manager]: Book detected: xyz=(-0.091, -0.030, 0.400), center=(248, 216)
[INFO] [1789635110.132848667] [vision_manager]: Book detected: xyz=(-0.092, 0.039, 0.400), center=(247, 271)
[INFO] [1789635110.273306775] [vision_manager]: Book detected: xyz=(-0.087, -0.178, 0.401), center=(251, 99)
[INFO] [1789635110.274855725] [vision_manager]: Book detected: xyz=(0.734, 0.005, 0.869), center=(588, 242)
[INFO] [1789635110.276375690] [vision_manager]: Book detected: xyz=(-0.121, -0.096, 0.534), center=(248, 183)
[INFO] [1789635110.277804905] [vision_manager]: Book detected: xyz=(0.644, 0.000, 0.869), center=(555, 240)
[INFO] [1789635110.279147137] [vision_manager]: Book detected: xyz=(-0.092, -0.025, 0.401), center=(247, 220)
[INFO] [1789635110.280424572] [vision_manager]: Book detected: xyz=(-0.096, 0.038, 0.400), center=(244, 270)
[INFO] [1789635110.404975414] [vision_manager]: Book detected: xyz=(-0.087, -0.178, 0.401), center=(251, 99)
[INFO] [1789635110.406114073] [vision_manager]: Book detected: xyz=(0.734, 0.005, 0.869), center=(588, 242)
[INFO] [1789635110.407180711] [vision_manager]: Book detected: xyz=(-0.121, -0.096, 0.534), center=(248, 183)
[INFO] [1789635110.408255732] [vision_manager]: Book detected: xyz=(0.652, 0.000, 0.869), center=(558, 240)
[INFO] [1789635110.409228628] [vision_manager]: Book detected: xyz=(-0.092, -0.027, 0.401), center=(247, 219)
[INFO] [1789635110.410157778] [vision_manager]: Book detected: xyz=(-0.096, 0.039, 0.400), center=(244, 271)
[INFO] [1789635110.554161058] [vision_manager]: Book detected: xyz=(-0.087, -0.179, 0.401), center=(251, 98)
[INFO] [1789635110.555152257] [vision_manager]: Book detected: xyz=(-0.113, -0.096, 0.499), center=(248, 179)
[INFO] [1789635110.556305382] [vision_manager]: Book detected: xyz=(0.734, 0.005, 0.869), center=(588, 242)
[INFO] [1789635110.558089002] [vision_manager]: Book detected: xyz=(0.647, 0.000, 0.869), center=(556, 240)
[INFO] [1789635110.559520461] [vision_manager]: Book detected: xyz=(-0.091, -0.028, 0.401), center=(248, 218)
[INFO] [1789635110.560516112] [vision_manager]: Book detected: xyz=(-0.093, 0.039, 0.400), center=(246, 271)
[INFO] [1789635110.690309076] [vision_manager]: Book detected: xyz=(-0.086, -0.179, 0.401), center=(252, 98)
[INFO] [1789635110.691399392] [vision_manager]: Book detected: xyz=(-0.114, -0.096, 0.507), center=(249, 180)
[INFO] [1789635110.692482287] [vision_manager]: Book detected: xyz=(0.734, 0.005, 0.869), center=(588, 242)
[INFO] [1789635110.693551594] [vision_manager]: Book detected: xyz=(0.658, 0.000, 0.869), center=(560, 240)
[INFO] [1789635110.694601248] [vision_manager]: Book detected: xyz=(-0.091, -0.028, 0.401), center=(248, 218)
[INFO] [1789635110.695640588] [vision_manager]: Book detected: xyz=(-0.093, 0.040, 0.400), center=(246, 272)
[INFO] [1789635110.837431259] [vision_manager]: Book detected: xyz=(-0.087, -0.178, 0.401), center=(251, 99)
[INFO] [1789635110.839032137] [vision_manager]: Book detected: xyz=(0.734, 0.005, 0.869), center=(588, 242)
[INFO] [1789635110.841145036] [vision_manager]: Book detected: xyz=(-0.112, -0.096, 0.499), center=(249, 179)
[INFO] [1789635110.842552652] [vision_manager]: Book detected: xyz=(0.658, 0.000, 0.869), center=(560, 240)
[INFO] [1789635110.843816023] [vision_manager]: Book detected: xyz=(-0.091, -0.027, 0.401), center=(248, 219)
[INFO] [1789635110.845195668] [vision_manager]: Book detected: xyz=(-0.093, 0.040, 0.400), center=(246, 272)
[INFO] [1789635110.985976595] [vision_manager]: Book detected: xyz=(-0.086, -0.179, 0.401), center=(252, 98)
[INFO] [1789635110.986983736] [vision_manager]: Book detected: xyz=(-0.114, -0.096, 0.507), center=(249, 180)
[INFO] [1789635110.987992169] [vision_manager]: Book detected: xyz=(0.734, 0.005, 0.869), center=(588, 242)
[INFO] [1789635110.989045351] [vision_manager]: Book detected: xyz=(0.660, 0.000, 0.869), center=(561, 240)
[INFO] [1789635110.990098334] [vision_manager]: Book detected: xyz=(-0.092, -0.027, 0.401), center=(247, 219)
[INFO] [1789635110.991098515] [vision_manager]: Book detected: xyz=(-0.093, 0.040, 0.400), center=(246, 272)
[INFO] [1789635111.128696815] [vision_manager]: Book detected: xyz=(-0.086, -0.179, 0.401), center=(252, 98)
[INFO] [1789635111.129870214] [vision_manager]: Book detected: xyz=(0.734, 0.005, 0.869), center=(588, 242)
[INFO] [1789635111.130820357] [vision_manager]: Book detected: xyz=(-0.111, -0.096, 0.491), center=(248, 178)
[INFO] [1789635111.131762890] [vision_manager]: Book detected: xyz=(0.655, 0.000, 0.869), center=(559, 240)
[INFO] [1789635111.132683997] [vision_manager]: Book detected: xyz=(-0.092, -0.027, 0.401), center=(247, 219)
[INFO] [1789635111.133594324] [vision_manager]: Book detected: xyz=(-0.095, 0.040, 0.400), center=(245, 272)
[INFO] [1789635111.257503512] [vision_manager]: Book detected: xyz=(-0.086, -0.179, 0.401), center=(252, 98)
[INFO] [1789635111.258593265] [vision_manager]: Book detected: xyz=(0.734, 0.005, 0.869), center=(588, 242)
[INFO] [1789635111.259639883] [vision_manager]: Book detected: xyz=(-0.110, -0.096, 0.491), center=(249, 178)
[INFO] [1789635111.260679562] [vision_manager]: Book detected: xyz=(0.652, 0.000, 0.869), center=(558, 240)
[INFO] [1789635111.261733489] [vision_manager]: Book detected: xyz=(-0.130, -0.078, 0.563), center=(247, 196)
[INFO] [1789635111.262775902] [vision_manager]: Book detected: xyz=(-0.093, 0.039, 0.400), center=(246, 271)
[INFO] [1789635111.382596928] [vision_manager]: Book detected: xyz=(-0.086, -0.179, 0.401), center=(252, 98)
[INFO] [1789635111.383524143] [vision_manager]: Book detected: xyz=(0.734, 0.005, 0.869), center=(588, 242)
[INFO] [1789635111.384417776] [vision_manager]: Book detected: xyz=(-0.112, -0.096, 0.499), center=(249, 179)
[INFO] [1789635111.385288790] [vision_manager]: Book detected: xyz=(0.644, 0.000, 0.869), center=(555, 240)
[INFO] [1789635111.386187888] [vision_manager]: Book detected: xyz=(-0.092, -0.025, 0.401), center=(247, 220)
[INFO] [1789635111.387165820] [vision_manager]: Book detected: xyz=(-0.093, 0.039, 0.400), center=(246, 271)
[INFO] [1789635111.519255365] [vision_manager]: Book detected: xyz=(-0.086, -0.180, 0.400), center=(252, 97)
[INFO] [1789635111.520422700] [vision_manager]: Book detected: xyz=(-0.110, -0.096, 0.499), center=(250, 179)
[INFO] [1789635111.521382840] [vision_manager]: Book detected: xyz=(0.734, 0.005, 0.869), center=(588, 242)
[INFO] [1789635111.522419159] [vision_manager]: Book detected: xyz=(0.649, 0.000, 0.869), center=(557, 240)
[INFO] [1789635111.523482680] [vision_manager]: Book detected: xyz=(-0.091, -0.027, 0.401), center=(248, 219)
[INFO] [1789635111.525400383] [vision_manager]: Book detected: xyz=(-0.093, 0.040, 0.400), center=(246, 272)
[INFO] [1789635111.654019088] [vision_manager]: Book detected: xyz=(-0.086, -0.180, 0.400), center=(252, 97)
[INFO] [1789635111.654979988] [vision_manager]: Book detected: xyz=(-0.112, -0.096, 0.507), center=(250, 180)
[INFO] [1789635111.655893218] [vision_manager]: Book detected: xyz=(0.734, 0.005, 0.869), center=(588, 242)
[INFO] [1789635111.656811682] [vision_manager]: Book detected: xyz=(0.652, 0.000, 0.869), center=(558, 240)
[INFO] [1789635111.657720553] [vision_manager]: Book detected: xyz=(-0.091, -0.023, 0.402), center=(248, 222)
[INFO] [1789635111.658638448] [vision_manager]: Book detected: xyz=(-0.092, 0.039, 0.400), center=(247, 271)
[INFO] [1789635111.805836801] [vision_manager]: Book detected: xyz=(-0.087, -0.178, 0.401), center=(251, 99)
[INFO] [1789635111.806748870] [vision_manager]: Book detected: xyz=(-0.108, -0.096, 0.491), center=(250, 178)
[INFO] [1789635111.807608076] [vision_manager]: Book detected: xyz=(0.734, 0.005, 0.869), center=(588, 242)
[INFO] [1789635111.808468279] [vision_manager]: Book detected: xyz=(0.663, 0.000, 0.869), center=(562, 240)
[INFO] [1789635111.809300896] [vision_manager]: Book detected: xyz=(-0.091, -0.027, 0.401), center=(248, 219)
[INFO] [1789635111.810141488] [vision_manager]: Book detected: xyz=(-0.092, 0.039, 0.400), center=(247, 271)
[INFO] [1789635111.952006064] [vision_manager]: Book detected: xyz=(-0.086, -0.179, 0.401), center=(252, 98)
[INFO] [1789635111.953615122] [vision_manager]: Book detected: xyz=(0.734, 0.005, 0.869), center=(588, 242)
[INFO] [1789635111.955214927] [vision_manager]: Book detected: xyz=(-0.112, -0.096, 0.507), center=(250, 180)
[INFO] [1789635111.956887064] [vision_manager]: Book detected: xyz=(0.663, 0.000, 0.869), center=(562, 240)
[INFO] [1789635111.958228593] [vision_manager]: Book detected: xyz=(-0.091, -0.024, 0.402), center=(248, 221)
[INFO] [1789635111.959560902] [vision_manager]: Book detected: xyz=(-0.093, 0.038, 0.400), center=(246, 270)
[INFO] [1789635112.112285428] [vision_manager]: Book detected: xyz=(-0.086, -0.179, 0.401), center=(252, 98)
[INFO] [1789635112.113259107] [vision_manager]: Book detected: xyz=(0.734, 0.005, 0.869), center=(588, 242)
[INFO] [1789635112.114180436] [vision_manager]: Book detected: xyz=(-0.108, -0.096, 0.483), center=(249, 177)
[INFO] [1789635112.115097038] [vision_manager]: Book detected: xyz=(0.655, 0.000, 0.869), center=(559, 240)
[INFO] [1789635112.116006738] [vision_manager]: Book detected: xyz=(-0.092, -0.049, 0.401), center=(247, 201)
[INFO] [1789635112.116935067] [vision_manager]: Book detected: xyz=(-0.093, 0.040, 0.400), center=(246, 272)
[INFO] [1789635112.264876794] [vision_manager]: Book detected: xyz=(-0.087, -0.179, 0.401), center=(251, 98)
[INFO] [1789635112.265834002] [vision_manager]: Book detected: xyz=(0.734, 0.005, 0.869), center=(588, 242)
[INFO] [1789635112.266754331] [vision_manager]: Book detected: xyz=(-0.112, -0.096, 0.499), center=(249, 179)
[INFO] [1789635112.267666887] [vision_manager]: Book detected: xyz=(0.658, 0.000, 0.869), center=(560, 240)
[INFO] [1789635112.268574860] [vision_manager]: Book detected: xyz=(-0.092, -0.025, 0.401), center=(247, 220)
[INFO] [1789635112.269502006] [vision_manager]: Book detected: xyz=(-0.093, 0.042, 0.400), center=(246, 273)
[INFO] [1789635112.412380562] [vision_manager]: Book detected: xyz=(-0.086, -0.179, 0.401), center=(252, 98)
[INFO] [1789635112.413932298] [vision_manager]: Book detected: xyz=(0.734, 0.005, 0.869), center=(588, 242)
[INFO] [1789635112.415507571] [vision_manager]: Book detected: xyz=(-0.114, -0.096, 0.507), center=(249, 180)
[INFO] [1789635112.416998815] [vision_manager]: Book detected: xyz=(0.652, 0.000, 0.869), center=(558, 240)
[INFO] [1789635112.418972141] [vision_manager]: Book detected: xyz=(-0.091, -0.024, 0.402), center=(248, 221)
[INFO] [1789635112.420860163] [vision_manager]: Book detected: xyz=(-0.093, 0.040, 0.400), center=(246, 272)
[INFO] [1789635112.556140670] [vision_manager]: Book detected: xyz=(-0.086, -0.179, 0.401), center=(252, 98)
[INFO] [1789635112.558748195] [vision_manager]: Book detected: xyz=(0.734, 0.005, 0.869), center=(588, 242)
[INFO] [1789635112.607257519] [vision_manager]: Book detected: xyz=(-0.111, -0.096, 0.491), center=(248, 178)
[INFO] [1789635112.608041533] [vision_manager]: Book detected: xyz=(0.669, 0.000, 0.869), center=(564, 240)
[INFO] [1789635112.608793051] [vision_manager]: Book detected: xyz=(-0.092, -0.029, 0.401), center=(247, 217)
[INFO] [1789635112.609551967] [vision_manager]: Book detected: xyz=(-0.093, 0.042, 0.400), center=(246, 273)
[INFO] [1789635112.744792737] [vision_manager]: Book detected: xyz=(-0.086, -0.179, 0.401), center=(252, 98)
[INFO] [1789635112.745850868] [vision_manager]: Book detected: xyz=(0.734, 0.005, 0.869), center=(588, 242)
[INFO] [1789635112.746856831] [vision_manager]: Book detected: xyz=(-0.110, -0.096, 0.499), center=(250, 179)
[INFO] [1789635112.747822499] [vision_manager]: Book detected: xyz=(0.666, 0.000, 0.869), center=(563, 240)
[INFO] [1789635112.748776384] [vision_manager]: Book detected: xyz=(-0.090, -0.027, 0.401), center=(249, 219)
[INFO] [1789635112.749720845] [vision_manager]: Book detected: xyz=(-0.092, 0.040, 0.400), center=(247, 272)
[INFO] [1789635112.902956936] [vision_manager]: Book detected: xyz=(-0.086, -0.180, 0.400), center=(252, 97)
[INFO] [1789635112.904304371] [vision_manager]: Book detected: xyz=(0.734, 0.005, 0.869), center=(588, 242)
[INFO] [1789635112.905563483] [vision_manager]: Book detected: xyz=(-0.112, -0.096, 0.499), center=(249, 179)
[INFO] [1789635112.906869103] [vision_manager]: Book detected: xyz=(0.660, 0.000, 0.869), center=(561, 240)
[INFO] [1789635112.908807541] [vision_manager]: Book detected: xyz=(-0.092, -0.028, 0.401), center=(247, 218)
[INFO] [1789635112.910563031] [vision_manager]: Book detected: xyz=(-0.095, 0.042, 0.400), center=(245, 273)
[INFO] [1789635113.060380300] [vision_manager]: Book detected: xyz=(-0.086, -0.180, 0.400), center=(252, 97)
[INFO] [1789635113.061396588] [vision_manager]: Book detected: xyz=(0.734, 0.005, 0.869), center=(588, 242)
[INFO] [1789635113.062349327] [vision_manager]: Book detected: xyz=(-0.115, -0.096, 0.507), center=(248, 180)
[INFO] [1789635113.063347255] [vision_manager]: Book detected: xyz=(0.658, 0.000, 0.869), center=(560, 240)
[INFO] [1789635113.064568535] [vision_manager]: Book detected: xyz=(-0.092, -0.025, 0.401), center=(247, 220)
[INFO] [1789635113.065668509] [vision_manager]: Book detected: xyz=(-0.097, 0.039, 0.400), center=(243, 271)
[INFO] [1789635113.182871788] [vision_manager]: Book detected: xyz=(-0.086, -0.180, 0.400), center=(252, 97)
[INFO] [1789635113.183848106] [vision_manager]: Book detected: xyz=(0.734, 0.005, 0.869), center=(588, 242)
[INFO] [1789635113.184778668] [vision_manager]: Book detected: xyz=(-0.113, -0.096, 0.499), center=(248, 179)
[INFO] [1789635113.185683517] [vision_manager]: Book detected: xyz=(0.666, 0.000, 0.869), center=(563, 240)
[INFO] [1789635113.186593070] [vision_manager]: Book detected: xyz=(-0.092, -0.029, 0.401), center=(247, 217)
[INFO] [1789635113.187499018] [vision_manager]: Book detected: xyz=(-0.097, 0.042, 0.400), center=(243, 273)
[INFO] [1789635113.331536473] [vision_manager]: Book detected: xyz=(-0.086, -0.180, 0.400), center=(252, 97)
[INFO] [1789635113.333030288] [vision_manager]: Book detected: xyz=(0.734, 0.005, 0.869), center=(588, 242)
[INFO] [1789635113.334316714] [vision_manager]: Book detected: xyz=(-0.112, -0.096, 0.499), center=(249, 179)
[INFO] [1789635113.335710134] [vision_manager]: Book detected: xyz=(0.660, 0.000, 0.869), center=(561, 240)
[INFO] [1789635113.337536296] [vision_manager]: Book detected: xyz=(-0.092, -0.028, 0.401), center=(247, 218)
[INFO] [1789635113.339539663] [vision_manager]: Book detected: xyz=(-0.096, 0.042, 0.400), center=(244, 273)
[INFO] [1789635113.477884370] [vision_manager]: Book detected: xyz=(-0.086, -0.180, 0.400), center=(252, 97)
[INFO] [1789635113.478927096] [vision_manager]: Book detected: xyz=(0.734, 0.005, 0.869), center=(588, 242)
[INFO] [1789635113.479923840] [vision_manager]: Book detected: xyz=(-0.112, -0.096, 0.499), center=(249, 179)
[INFO] [1789635113.480904989] [vision_manager]: Book detected: xyz=(0.660, 0.000, 0.869), center=(561, 240)
[INFO] [1789635113.481863803] [vision_manager]: Book detected: xyz=(-0.091, -0.055, 0.402), center=(248, 197)
[INFO] [1789635113.482822162] [vision_manager]: Book detected: xyz=(-0.093, 0.040, 0.400), center=(246, 272)
[INFO] [1789635113.697978767] [vision_manager]: Book detected: xyz=(-0.086, -0.179, 0.401), center=(252, 98)
[INFO] [1789635113.702042923] [vision_manager]: Book detected: xyz=(0.734, 0.005, 0.869), center=(588, 242)
[INFO] [1789635113.704382678] [vision_manager]: Book detected: xyz=(-0.112, -0.096, 0.499), center=(249, 179)
[INFO] [1789635113.706003173] [vision_manager]: Book detected: xyz=(0.641, 0.000, 0.869), center=(554, 240)
[INFO] [1789635113.707963557] [vision_manager]: Book detected: xyz=(-0.091, -0.027, 0.401), center=(248, 219)
[INFO] [1789635113.712741415] [vision_manager]: Book detected: xyz=(-0.093, 0.042, 0.400), center=(246, 273)
[INFO] [1789635114.439933731] [vision_manager]: Book detected: xyz=(-0.087, -0.180, 0.400), center=(251, 97)
[INFO] [1789635114.441201295] [vision_manager]: Book detected: xyz=(-0.112, -0.096, 0.499), center=(249, 179)
[INFO] [1789635114.442425673] [vision_manager]: Book detected: xyz=(0.734, 0.005, 0.869), center=(588, 242)
[INFO] [1789635114.443672233] [vision_manager]: Book detected: xyz=(0.630, 0.000, 0.869), center=(550, 240)
[INFO] [1789635114.445036000] [vision_manager]: Book detected: xyz=(-0.091, -0.027, 0.401), center=(248, 219)
[INFO] [1789635114.446416374] [vision_manager]: Book detected: xyz=(-0.095, 0.039, 0.400), center=(245, 271)
[INFO] [1789635114.678333104] [vision_manager]: Book detected: xyz=(-0.086, -0.180, 0.400), center=(252, 97)
[INFO] [1789635114.679595114] [vision_manager]: Book detected: xyz=(-0.112, -0.096, 0.507), center=(250, 180)
[INFO] [1789635114.680821887] [vision_manager]: Book detected: xyz=(0.734, 0.005, 0.869), center=(588, 242)
[INFO] [1789635114.682055423] [vision_manager]: Book detected: xyz=(0.636, 0.000, 0.869), center=(552, 240)
[INFO] [1789635114.683310964] [vision_manager]: Book detected: xyz=(-0.091, -0.024, 0.402), center=(248, 221)
[INFO] [1789635114.684540663] [vision_manager]: Book detected: xyz=(-0.093, 0.038, 0.400), center=(246, 270)
[INFO] [1789635114.837380086] [vision_manager]: Book detected: xyz=(-0.086, -0.179, 0.401), center=(252, 98)
[INFO] [1789635114.838501159] [vision_manager]: Book detected: xyz=(-0.115, -0.096, 0.507), center=(248, 180)
[INFO] [1789635114.839595551] [vision_manager]: Book detected: xyz=(0.734, 0.005, 0.869), center=(588, 242)
[INFO] [1789635114.840616549] [vision_manager]: Book detected: xyz=(0.644, 0.000, 0.869), center=(555, 240)
[INFO] [1789635114.841666373] [vision_manager]: Book detected: xyz=(-0.092, -0.024, 0.402), center=(247, 221)
[INFO] [1789635114.842771635] [vision_manager]: Book detected: xyz=(-0.095, 0.039, 0.400), center=(245, 271)
[INFO] [1789635115.039203882] [vision_manager]: Book detected: xyz=(-0.086, -0.180, 0.400), center=(252, 97)
[INFO] [1789635115.040204248] [vision_manager]: Book detected: xyz=(-0.114, -0.096, 0.507), center=(249, 180)
[INFO] [1789635115.041357825] [vision_manager]: Book detected: xyz=(0.734, 0.005, 0.869), center=(588, 242)
[INFO] [1789635115.042516009] [vision_manager]: Book detected: xyz=(0.636, 0.000, 0.869), center=(552, 240)
[INFO] [1789635115.043498180] [vision_manager]: Book detected: xyz=(-0.091, -0.024, 0.402), center=(248, 221)
[INFO] [1789635115.044420117] [vision_manager]: Book detected: xyz=(-0.095, 0.039, 0.400), center=(245, 271)
[INFO] [1789635115.182170105] [vision_manager]: Book detected: xyz=(-0.086, -0.179, 0.401), center=(252, 98)
[INFO] [1789635115.183335693] [vision_manager]: Book detected: xyz=(-0.114, -0.096, 0.507), center=(249, 180)
[INFO] [1789635115.184430535] [vision_manager]: Book detected: xyz=(0.734, 0.005, 0.869), center=(588, 242)
[INFO] [1789635115.185534589] [vision_manager]: Book detected: xyz=(0.644, 0.000, 0.869), center=(555, 240)
[INFO] [1789635115.186634606] [vision_manager]: Book detected: xyz=(-0.092, -0.025, 0.401), center=(247, 220)
[INFO] [1789635115.187720344] [vision_manager]: Book detected: xyz=(-0.095, 0.040, 0.400), center=(245, 272)
[INFO] [1789635115.339367959] [vision_manager]: Book detected: xyz=(-0.087, -0.180, 0.400), center=(251, 97)
[INFO] [1789635115.340567450] [vision_manager]: Book detected: xyz=(-0.113, -0.096, 0.499), center=(248, 179)
[INFO] [1789635115.341711115] [vision_manager]: Book detected: xyz=(0.734, 0.005, 0.869), center=(588, 242)
[INFO] [1789635115.342780025] [vision_manager]: Book detected: xyz=(0.644, 0.000, 0.869), center=(555, 240)
[INFO] [1789635115.343818605] [vision_manager]: Book detected: xyz=(-0.092, -0.025, 0.401), center=(247, 220)
[INFO] [1789635115.344814854] [vision_manager]: Book detected: xyz=(-0.095, 0.043, 0.400), center=(245, 274)
[INFO] [1789635115.490102128] [vision_manager]: Book detected: xyz=(-0.087, -0.180, 0.400), center=(251, 97)
[INFO] [1789635115.491666664] [vision_manager]: Book detected: xyz=(-0.114, -0.096, 0.507), center=(249, 180)
[INFO] [1789635115.493260039] [vision_manager]: Book detected: xyz=(0.734, 0.005, 0.869), center=(588, 242)
[INFO] [1789635115.494570160] [vision_manager]: Book detected: xyz=(0.644, 0.000, 0.869), center=(555, 240)
[INFO] [1789635115.495798185] [vision_manager]: Book detected: xyz=(-0.091, -0.025, 0.401), center=(248, 220)
[INFO] [1789635115.497005130] [vision_manager]: Book detected: xyz=(-0.095, 0.042, 0.400), center=(245, 273)
[INFO] [1789635115.648661085] [vision_manager]: Book detected: xyz=(-0.086, -0.179, 0.401), center=(252, 98)
[INFO] [1789635115.650419427] [vision_manager]: Book detected: xyz=(-0.115, -0.096, 0.507), center=(248, 180)
[INFO] [1789635115.652696976] [vision_manager]: Book detected: xyz=(0.734, 0.005, 0.869), center=(588, 242)
[INFO] [1789635115.655237821] [vision_manager]: Book detected: xyz=(0.658, 0.000, 0.869), center=(560, 240)
[INFO] [1789635115.656585545] [vision_manager]: Book detected: xyz=(-0.092, -0.028, 0.401), center=(247, 218)
[INFO] [1789635115.657768460] [vision_manager]: Book detected: xyz=(-0.095, 0.042, 0.400), center=(245, 273)
[INFO] [1789635115.792372354] [vision_manager]: Book detected: xyz=(-0.086, -0.179, 0.401), center=(252, 98)
[INFO] [1789635115.793368399] [vision_manager]: Book detected: xyz=(-0.115, -0.096, 0.507), center=(248, 180)
[INFO] [1789635115.794313989] [vision_manager]: Book detected: xyz=(0.734, 0.005, 0.869), center=(588, 242)
[INFO] [1789635115.795244733] [vision_manager]: Book detected: xyz=(0.630, 0.000, 0.869), center=(550, 240)
[INFO] [1789635115.796159748] [vision_manager]: Book detected: xyz=(-0.092, -0.028, 0.401), center=(247, 218)
[INFO] [1789635115.797075748] [vision_manager]: Book detected: xyz=(-0.095, 0.042, 0.400), center=(245, 273)
[INFO] [1789635115.947024138] [vision_manager]: Book detected: xyz=(-0.086, -0.179, 0.401), center=(252, 98)
[INFO] [1789635115.948300204] [vision_manager]: Book detected: xyz=(-0.112, -0.096, 0.507), center=(250, 180)
[INFO] [1789635115.949585003] [vision_manager]: Book detected: xyz=(0.734, 0.005, 0.869), center=(588, 242)
[INFO] [1789635115.950852752] [vision_manager]: Book detected: xyz=(0.649, 0.000, 0.869), center=(557, 240)
[INFO] [1789635115.952114102] [vision_manager]: Book detected: xyz=(-0.091, -0.027, 0.401), center=(248, 219)
[INFO] [1789635115.953214380] [vision_manager]: Book detected: xyz=(-0.093, 0.040, 0.400), center=(246, 272)
[INFO] [1789635116.096626567] [vision_manager]: Book detected: xyz=(-0.086, -0.179, 0.401), center=(252, 98)
[INFO] [1789635116.097925059] [vision_manager]: Book detected: xyz=(-0.114, -0.096, 0.507), center=(249, 180)
[INFO] [1789635116.099215664] [vision_manager]: Book detected: xyz=(0.734, 0.005, 0.869), center=(588, 242)
[INFO] [1789635116.100549783] [vision_manager]: Book detected: xyz=(0.638, 0.000, 0.869), center=(553, 240)
[INFO] [1789635116.101864250] [vision_manager]: Book detected: xyz=(-0.091, -0.027, 0.401), center=(248, 219)
[INFO] [1789635116.103115252] [vision_manager]: Book detected: xyz=(-0.093, 0.039, 0.400), center=(246, 271)
[INFO] [1789635116.261135159] [vision_manager]: Book detected: xyz=(-0.086, -0.179, 0.401), center=(252, 98)
[INFO] [1789635116.262874154] [vision_manager]: Book detected: xyz=(-0.112, -0.096, 0.507), center=(250, 180)
[INFO] [1789635116.264613313] [vision_manager]: Book detected: xyz=(0.734, 0.005, 0.869), center=(588, 242)
[INFO] [1789635116.266310372] [vision_manager]: Book detected: xyz=(0.636, 0.000, 0.869), center=(552, 240)
[INFO] [1789635116.267979913] [vision_manager]: Book detected: xyz=(-0.090, -0.025, 0.401), center=(249, 220)
[INFO] [1789635116.269375978] [vision_manager]: Book detected: xyz=(-0.092, 0.039, 0.400), center=(247, 271)
[INFO] [1789635116.403673423] [vision_manager]: Book detected: xyz=(-0.086, -0.179, 0.401), center=(252, 98)
[INFO] [1789635116.405520307] [vision_manager]: Book detected: xyz=(-0.114, -0.096, 0.507), center=(249, 180)
[INFO] [1789635116.407358502] [vision_manager]: Book detected: xyz=(0.734, 0.005, 0.869), center=(588, 242)
[INFO] [1789635116.409222965] [vision_manager]: Book detected: xyz=(0.638, 0.000, 0.869), center=(553, 240)
[INFO] [1789635116.411098957] [vision_manager]: Book detected: xyz=(-0.091, -0.024, 0.402), center=(248, 221)
[INFO] [1789635116.412630551] [vision_manager]: Book detected: xyz=(-0.092, 0.038, 0.400), center=(247, 270)
[INFO] [1789635116.590193282] [vision_manager]: Book detected: xyz=(-0.086, -0.179, 0.401), center=(252, 98)
[INFO] [1789635116.592442153] [vision_manager]: Book detected: xyz=(-0.112, -0.096, 0.507), center=(250, 180)
[INFO] [1789635116.593746580] [vision_manager]: Book detected: xyz=(0.734, 0.005, 0.869), center=(588, 242)
[INFO] [1789635116.594815805] [vision_manager]: Book detected: xyz=(0.630, 0.000, 0.869), center=(550, 240)
[INFO] [1789635116.595824315] [vision_manager]: Book detected: xyz=(-0.090, -0.025, 0.401), center=(249, 220)
[INFO] [1789635116.596804121] [vision_manager]: Book detected: xyz=(-0.092, 0.038, 0.400), center=(247, 270)
[INFO] [1789635116.853732333] [vision_manager]: Book detected: xyz=(-0.085, -0.179, 0.401), center=(253, 98)
[INFO] [1789635116.854618415] [vision_manager]: Book detected: xyz=(-0.112, -0.096, 0.507), center=(250, 180)
[INFO] [1789635116.855391989] [vision_manager]: Book detected: xyz=(0.734, 0.005, 0.869), center=(588, 242)
[INFO] [1789635116.856202122] [vision_manager]: Book detected: xyz=(0.641, 0.000, 0.869), center=(554, 240)
[INFO] [1789635116.857179752] [vision_manager]: Book detected: xyz=(-0.090, -0.027, 0.401), center=(249, 219)
[INFO] [1789635116.858359984] [vision_manager]: Book detected: xyz=(-0.092, 0.038, 0.400), center=(247, 270)
[INFO] [1789635117.017567232] [vision_manager]: Book detected: xyz=(-0.085, -0.180, 0.400), center=(253, 97)
[INFO] [1789635117.018456850] [vision_manager]: Book detected: xyz=(-0.114, -0.096, 0.525), center=(251, 182)
[INFO] [1789635117.019240624] [vision_manager]: Book detected: xyz=(0.737, 0.005, 0.869), center=(589, 242)
[INFO] [1789635117.019986220] [vision_manager]: Book detected: xyz=(0.649, 0.000, 0.869), center=(557, 240)
[INFO] [1789635117.020725515] [vision_manager]: Book detected: xyz=(-0.090, -0.028, 0.401), center=(249, 218)
[INFO] [1789635117.021554377] [vision_manager]: Book detected: xyz=(-0.092, 0.027, 0.401), center=(247, 261)
[INFO] [1789635117.150562315] [vision_manager]: Book detected: xyz=(-0.085, -0.180, 0.400), center=(253, 97)
[INFO] [1789635117.151409858] [vision_manager]: Book detected: xyz=(-0.114, -0.096, 0.516), center=(250, 181)
[INFO] [1789635117.152182479] [vision_manager]: Book detected: xyz=(0.737, 0.005, 0.869), center=(589, 242)
[INFO] [1789635117.153006146] [vision_manager]: Book detected: xyz=(0.647, 0.000, 0.869), center=(556, 240)
[INFO] [1789635117.153785935] [vision_manager]: Book detected: xyz=(-0.091, -0.027, 0.401), center=(248, 219)
[INFO] [1789635117.154535999] [vision_manager]: Book detected: xyz=(-0.094, 0.024, 0.401), center=(246, 259)
[INFO] [1789635117.286221140] [vision_manager]: Book detected: xyz=(-0.086, -0.179, 0.401), center=(252, 98)
[INFO] [1789635117.287551692] [vision_manager]: Book detected: xyz=(-0.116, -0.096, 0.525), center=(250, 182)
[INFO] [1789635117.288781692] [vision_manager]: Book detected: xyz=(0.734, 0.005, 0.869), center=(588, 242)
[INFO] [1789635117.290002278] [vision_manager]: Book detected: xyz=(0.652, 0.000, 0.869), center=(558, 240)
[INFO] [1789635117.291230075] [vision_manager]: Book detected: xyz=(-0.091, -0.025, 0.401), center=(248, 220)
[INFO] [1789635117.409118706] [vision_manager]: Book detected: xyz=(-0.085, -0.179, 0.401), center=(253, 98)
[INFO] [1789635117.410014260] [vision_manager]: Book detected: xyz=(-0.112, -0.096, 0.507), center=(250, 180)
[INFO] [1789635117.410811521] [vision_manager]: Book detected: xyz=(0.734, 0.005, 0.869), center=(588, 242)
[INFO] [1789635117.411578012] [vision_manager]: Book detected: xyz=(0.625, 0.000, 0.869), center=(548, 240)
[INFO] [1789635117.412323090] [vision_manager]: Book detected: xyz=(-0.090, -0.025, 0.401), center=(249, 220)
[INFO] [1789635117.413222252] [vision_manager]: Book detected: xyz=(-0.092, 0.037, 0.400), center=(247, 269)
[INFO] [1789635117.569495089] [vision_manager]: Book detected: xyz=(-0.085, -0.179, 0.401), center=(253, 98)
[INFO] [1789635117.570817116] [vision_manager]: Book detected: xyz=(-0.110, -0.096, 0.507), center=(251, 180)
[INFO] [1789635117.620580862] [vision_manager]: Book detected: xyz=(0.734, 0.005, 0.869), center=(588, 242)
[INFO] [1789635117.621434210] [vision_manager]: Book detected: xyz=(0.633, 0.000, 0.869), center=(551, 240)
[INFO] [1789635117.622211843] [vision_manager]: Book detected: xyz=(-0.090, -0.028, 0.401), center=(249, 218)
[INFO] [1789635117.622995455] [vision_manager]: Book detected: xyz=(-0.091, 0.040, 0.400), center=(248, 272)
[INFO] [1789635117.821704279] [vision_manager]: Book detected: xyz=(-0.086, -0.179, 0.401), center=(252, 98)
[INFO] [1789635117.823593333] [vision_manager]: Book detected: xyz=(-0.114, -0.096, 0.516), center=(250, 181)
[INFO] [1789635117.825687905] [vision_manager]: Book detected: xyz=(0.734, 0.005, 0.869), center=(588, 242)
[INFO] [1789635117.827366031] [vision_manager]: Book detected: xyz=(0.652, 0.000, 0.869), center=(558, 240)
[INFO] [1789635117.828721855] [vision_manager]: Book detected: xyz=(-0.100, -0.021, 0.439), center=(248, 225)
[INFO] [1789635117.830193178] [vision_manager]: Book detected: xyz=(-0.091, 0.040, 0.400), center=(248, 272)
[INFO] [1789635117.965853054] [vision_manager]: Book detected: xyz=(-0.086, -0.180, 0.400), center=(252, 97)
[INFO] [1789635117.966685424] [vision_manager]: Book detected: xyz=(-0.114, -0.096, 0.516), center=(250, 181)
[INFO] [1789635117.967456451] [vision_manager]: Book detected: xyz=(0.734, 0.005, 0.869), center=(588, 242)
[INFO] [1789635117.968220217] [vision_manager]: Book detected: xyz=(0.655, 0.000, 0.869), center=(559, 240)
[INFO] [1789635117.969162829] [vision_manager]: Book detected: xyz=(-0.101, -0.021, 0.439), center=(247, 225)
[INFO] [1789635117.969926104] [vision_manager]: Book detected: xyz=(-0.092, 0.040, 0.400), center=(247, 272)
[INFO] [1789635118.120709802] [vision_manager]: Book detected: xyz=(-0.086, -0.180, 0.400), center=(252, 97)
[INFO] [1789635118.121616332] [vision_manager]: Book detected: xyz=(-0.114, -0.096, 0.516), center=(250, 181)
[INFO] [1789635118.122550026] [vision_manager]: Book detected: xyz=(0.734, 0.005, 0.869), center=(588, 242)
[INFO] [1789635118.123334409] [vision_manager]: Book detected: xyz=(0.641, 0.000, 0.869), center=(554, 240)
[INFO] [1789635118.124501733] [vision_manager]: Book detected: xyz=(-0.091, -0.025, 0.401), center=(248, 220)
[INFO] [1789635118.125737218] [vision_manager]: Book detected: xyz=(-0.093, 0.035, 0.400), center=(246, 268)
[INFO] [1789635118.338334415] [vision_manager]: Book detected: xyz=(-0.086, -0.180, 0.400), center=(252, 97)
[INFO] [1789635118.340411567] [vision_manager]: Book detected: xyz=(-0.112, -0.096, 0.507), center=(250, 180)
[INFO] [1789635118.342870418] [vision_manager]: Book detected: xyz=(0.734, 0.005, 0.869), center=(588, 242)
[INFO] [1789635118.344221569] [vision_manager]: Book detected: xyz=(0.649, 0.000, 0.869), center=(557, 240)
[INFO] [1789635118.345548969] [vision_manager]: Book detected: xyz=(-0.091, -0.024, 0.402), center=(248, 221)
[INFO] [1789635118.348354700] [vision_manager]: Book detected: xyz=(-0.093, 0.034, 0.400), center=(246, 267)
[INFO] [1789635118.511033149] [vision_manager]: Book detected: xyz=(-0.086, -0.180, 0.400), center=(252, 97)
[INFO] [1789635118.512756962] [vision_manager]: Book detected: xyz=(-0.114, -0.096, 0.516), center=(250, 181)
[INFO] [1789635118.514355657] [vision_manager]: Book detected: xyz=(0.734, 0.005, 0.869), center=(588, 242)
[INFO] [1789635118.515888528] [vision_manager]: Book detected: xyz=(0.641, 0.000, 0.869), center=(554, 240)
[INFO] [1789635118.517618689] [vision_manager]: Book detected: xyz=(-0.098, -0.021, 0.439), center=(249, 225)
[INFO] [1789635118.519345870] [vision_manager]: Book detected: xyz=(-0.091, 0.033, 0.400), center=(248, 266)
[INFO] [1789635118.691299284] [vision_manager]: Book detected: xyz=(-0.086, -0.180, 0.400), center=(252, 97)
[INFO] [1789635118.692428408] [vision_manager]: Book detected: xyz=(-0.116, -0.096, 0.525), center=(250, 182)
[INFO] [1789635118.693433159] [vision_manager]: Book detected: xyz=(0.734, 0.005, 0.869), center=(588, 242)
[INFO] [1789635118.694417989] [vision_manager]: Book detected: xyz=(0.633, 0.000, 0.869), center=(551, 240)
[INFO] [1789635118.695400667] [vision_manager]: Book detected: xyz=(-0.090, -0.027, 0.401), center=(249, 219)
[INFO] [1789635118.696374454] [vision_manager]: Book detected: xyz=(-0.091, 0.037, 0.400), center=(248, 269)
[INFO] [1789635118.920893437] [vision_manager]: Book detected: xyz=(-0.086, -0.179, 0.401), center=(252, 98)
[INFO] [1789635118.922408670] [vision_manager]: Book detected: xyz=(-0.112, -0.096, 0.507), center=(250, 180)
[INFO] [1789635118.923731743] [vision_manager]: Book detected: xyz=(0.734, 0.005, 0.869), center=(588, 242)
[INFO] [1789635118.926871284] [vision_manager]: Book detected: xyz=(0.633, 0.000, 0.869), center=(551, 240)
[INFO] [1789635118.930370793] [vision_manager]: Book detected: xyz=(-0.100, -0.021, 0.439), center=(248, 225)
[INFO] [1789635118.931884423] [vision_manager]: Book detected: xyz=(-0.090, 0.039, 0.400), center=(249, 271)
[INFO] [1789635119.094852498] [vision_manager]: Book detected: xyz=(-0.086, -0.180, 0.400), center=(252, 97)
[INFO] [1789635119.096575629] [vision_manager]: Book detected: xyz=(-0.116, -0.096, 0.525), center=(250, 182)
[INFO] [1789635119.098266123] [vision_manager]: Book detected: xyz=(0.734, 0.005, 0.869), center=(588, 242)
[INFO] [1789635119.099930504] [vision_manager]: Book detected: xyz=(0.630, 0.000, 0.869), center=(550, 240)
[INFO] [1789635119.101633480] [vision_manager]: Book detected: xyz=(-0.090, -0.025, 0.401), center=(249, 220)
[INFO] [1789635119.103355074] [vision_manager]: Book detected: xyz=(-0.091, 0.033, 0.400), center=(248, 266)
[INFO] [1789635119.248364281] [vision_manager]: Book detected: xyz=(-0.086, -0.180, 0.400), center=(252, 97)
[INFO] [1789635119.249577381] [vision_manager]: Book detected: xyz=(-0.117, -0.096, 0.525), center=(249, 182)
[INFO] [1789635119.250747157] [vision_manager]: Book detected: xyz=(0.734, 0.005, 0.869), center=(588, 242)
[INFO] [1789635119.251878783] [vision_manager]: Book detected: xyz=(0.622, 0.000, 0.869), center=(547, 240)
[INFO] [1789635119.252952371] [vision_manager]: Book detected: xyz=(-0.091, -0.024, 0.402), center=(248, 221)
[INFO] [1789635119.254037513] [vision_manager]: Book detected: xyz=(-0.093, 0.028, 0.401), center=(246, 262)
[INFO] [1789635119.394787805] [vision_manager]: Book detected: xyz=(-0.085, -0.180, 0.400), center=(253, 97)
[INFO] [1789635119.395857773] [vision_manager]: Book detected: xyz=(-0.112, -0.096, 0.516), center=(251, 181)
[INFO] [1789635119.396853802] [vision_manager]: Book detected: xyz=(0.734, 0.005, 0.869), center=(588, 242)
[INFO] [1789635119.397841145] [vision_manager]: Book detected: xyz=(0.636, 0.000, 0.869), center=(552, 240)
[INFO] [1789635119.398830764] [vision_manager]: Book detected: xyz=(-0.088, -0.028, 0.401), center=(250, 218)
[INFO] [1789635119.399835083] [vision_manager]: Book detected: xyz=(-0.090, 0.028, 0.401), center=(249, 262)
[INFO] [1789635119.546892915] [vision_manager]: Book detected: xyz=(-0.085, -0.180, 0.400), center=(253, 97)
[INFO] [1789635119.548901330] [vision_manager]: Book detected: xyz=(-0.118, -0.096, 0.534), center=(250, 183)
[INFO] [1789635119.550953620] [vision_manager]: Book detected: xyz=(0.734, 0.005, 0.869), center=(588, 242)
[INFO] [1789635119.552921529] [vision_manager]: Book detected: xyz=(0.641, 0.000, 0.869), center=(554, 240)
[INFO] [1789635119.554525194] [vision_manager]: Book detected: xyz=(-0.090, -0.025, 0.401), center=(249, 220)
[INFO] [1789635119.683435456] [vision_manager]: Book detected: xyz=(-0.085, -0.180, 0.400), center=(253, 97)
[INFO] [1789635119.685006619] [vision_manager]: Book detected: xyz=(-0.118, -0.096, 0.534), center=(250, 183)
[INFO] [1789635119.686603351] [vision_manager]: Book detected: xyz=(0.734, 0.005, 0.869), center=(588, 242)
[INFO] [1789635119.688845770] [vision_manager]: Book detected: xyz=(0.638, 0.000, 0.869), center=(553, 240)
[INFO] [1789635119.690844318] [vision_manager]: Book detected: xyz=(-0.090, -0.025, 0.401), center=(249, 220)
[INFO] [1789635119.692153941] [vision_manager]: Book detected: xyz=(-0.091, 0.023, 0.402), center=(248, 258)
[INFO] [1789635119.816307288] [vision_manager]: Book detected: xyz=(-0.086, -0.180, 0.400), center=(252, 97)
[INFO] [1789635119.817461091] [vision_manager]: Book detected: xyz=(-0.116, -0.096, 0.525), center=(250, 182)
[INFO] [1789635119.818590314] [vision_manager]: Book detected: xyz=(0.734, 0.005, 0.869), center=(588, 242)
[INFO] [1789635119.819640280] [vision_manager]: Book detected: xyz=(0.636, 0.000, 0.869), center=(552, 240)
[INFO] [1789635119.820648800] [vision_manager]: Book detected: xyz=(-0.090, -0.024, 0.402), center=(249, 221)
[INFO] [1789635119.821700442] [vision_manager]: Book detected: xyz=(-0.090, 0.023, 0.402), center=(249, 258)
[INFO] [1789635120.003461857] [vision_manager]: Book detected: xyz=(-0.085, -0.180, 0.400), center=(253, 97)
[INFO] [1789635120.005552500] [vision_manager]: Book detected: xyz=(-0.114, -0.096, 0.525), center=(251, 182)
[INFO] [1789635120.007709679] [vision_manager]: Book detected: xyz=(0.734, 0.005, 0.869), center=(588, 242)
[INFO] [1789635120.010262625] [vision_manager]: Book detected: xyz=(0.644, 0.000, 0.869), center=(555, 240)
[INFO] [1789635120.011663047] [vision_manager]: Book detected: xyz=(-0.089, -0.027, 0.401), center=(250, 219)
[INFO] [1789635120.012942526] [vision_manager]: Book detected: xyz=(-0.088, 0.030, 0.400), center=(250, 264)
[INFO] [1789635120.186989063] [vision_manager]: Book detected: xyz=(-0.085, -0.180, 0.400), center=(253, 97)
[INFO] [1789635120.189226949] [vision_manager]: Book detected: xyz=(-0.114, -0.096, 0.516), center=(250, 181)
[INFO] [1789635120.191112295] [vision_manager]: Book detected: xyz=(0.734, 0.005, 0.869), center=(588, 242)
[INFO] [1789635120.192419074] [vision_manager]: Book detected: xyz=(0.641, 0.000, 0.869), center=(554, 240)
[INFO] [1789635120.193737868] [vision_manager]: Book detected: xyz=(-0.090, -0.027, 0.401), center=(249, 219)
[INFO] [1789635120.195264169] [vision_manager]: Book detected: xyz=(-0.090, 0.038, 0.400), center=(249, 270)
[INFO] [1789635120.339332321] [vision_manager]: Book detected: xyz=(-0.085, -0.180, 0.400), center=(253, 97)
[INFO] [1789635120.340369369] [vision_manager]: Book detected: xyz=(-0.114, -0.096, 0.516), center=(250, 181)
[INFO] [1789635120.341364017] [vision_manager]: Book detected: xyz=(0.734, 0.005, 0.869), center=(588, 242)
[INFO] [1789635120.342355646] [vision_manager]: Book detected: xyz=(0.638, 0.000, 0.869), center=(553, 240)
[INFO] [1789635120.343339444] [vision_manager]: Book detected: xyz=(-0.090, -0.022, 0.403), center=(249, 223)
[INFO] [1789635120.344338164] [vision_manager]: Book detected: xyz=(-0.090, 0.032, 0.400), center=(249, 265)
[INFO] [1789635120.510357704] [vision_manager]: Book detected: xyz=(-0.085, -0.180, 0.400), center=(253, 97)
[INFO] [1789635120.511991109] [vision_manager]: Book detected: xyz=(-0.112, -0.096, 0.516), center=(251, 181)
[INFO] [1789635120.513568011] [vision_manager]: Book detected: xyz=(0.734, 0.005, 0.869), center=(588, 242)
[INFO] [1789635120.515135156] [vision_manager]: Book detected: xyz=(0.652, 0.000, 0.869), center=(558, 240)
[INFO] [1789635120.516529703] [vision_manager]: Book detected: xyz=(-0.089, -0.022, 0.403), center=(250, 223)
[INFO] [1789635120.518699206] [vision_manager]: Book detected: xyz=(-0.090, 0.039, 0.400), center=(249, 271)
[INFO] [1789635120.744054089] [vision_manager]: Book detected: xyz=(-0.086, -0.180, 0.400), center=(252, 97)
[INFO] [1789635120.745245020] [vision_manager]: Book detected: xyz=(-0.112, -0.096, 0.516), center=(251, 181)
[INFO] [1789635120.746381328] [vision_manager]: Book detected: xyz=(0.734, 0.005, 0.869), center=(588, 242)
[INFO] [1789635120.747522736] [vision_manager]: Book detected: xyz=(0.638, 0.000, 0.869), center=(553, 240)
[INFO] [1789635120.748650617] [vision_manager]: Book detected: xyz=(-0.114, -0.021, 0.511), center=(249, 227)
[INFO] [1789635120.750185635] [vision_manager]: Book detected: xyz=(-0.090, 0.038, 0.400), center=(249, 270)
[INFO] [1789635120.751352186] [vision_manager]: No placeable empty shelf position found
[INFO] [1789635120.941562395] [vision_manager]: Book detected: xyz=(-0.085, -0.179, 0.401), center=(253, 98)
[INFO] [1789635120.943311969] [vision_manager]: Book detected: xyz=(-0.116, -0.096, 0.525), center=(250, 182)
[INFO] [1789635120.944639966] [vision_manager]: Book detected: xyz=(0.734, 0.005, 0.869), center=(588, 242)
[INFO] [1789635120.945807092] [vision_manager]: Book detected: xyz=(0.636, 0.000, 0.869), center=(552, 240)
[INFO] [1789635120.946994127] [vision_manager]: Book detected: xyz=(-0.092, -0.021, 0.411), center=(249, 224)
[INFO] [1789635120.948311654] [vision_manager]: Book detected: xyz=(-0.091, 0.034, 0.400), center=(248, 267)
[INFO] [1789635121.126575737] [vision_manager]: Book detected: xyz=(-0.085, -0.179, 0.401), center=(253, 98)
[INFO] [1789635121.127675834] [vision_manager]: Book detected: xyz=(-0.114, -0.096, 0.516), center=(250, 181)
[INFO] [1789635121.128628259] [vision_manager]: Book detected: xyz=(0.734, 0.005, 0.869), center=(588, 242)
[INFO] [1789635121.129616100] [vision_manager]: Book detected: xyz=(0.644, 0.000, 0.869), center=(555, 240)
[INFO] [1789635121.130575991] [vision_manager]: Book detected: xyz=(-0.090, -0.022, 0.403), center=(249, 223)
[INFO] [1789635121.131545823] [vision_manager]: Book detected: xyz=(-0.091, 0.029, 0.400), center=(248, 263)
[INFO] [1789635121.295492643] [vision_manager]: Book detected: xyz=(-0.085, -0.179, 0.401), center=(253, 98)
[INFO] [1789635121.296996364] [vision_manager]: Book detected: xyz=(-0.116, -0.096, 0.534), center=(251, 183)
[INFO] [1789635121.298253076] [vision_manager]: Book detected: xyz=(0.734, 0.005, 0.869), center=(588, 242)
[INFO] [1789635121.299342173] [vision_manager]: Book detected: xyz=(0.638, 0.000, 0.869), center=(553, 240)
[INFO] [1789635121.300403206] [vision_manager]: Book detected: xyz=(-0.098, -0.021, 0.439), center=(249, 225)
[INFO] [1789635121.430959861] [vision_manager]: Book detected: xyz=(-0.085, -0.179, 0.401), center=(253, 98)
[INFO] [1789635121.432246970] [vision_manager]: Book detected: xyz=(-0.116, -0.096, 0.525), center=(250, 182)
[INFO] [1789635121.433498235] [vision_manager]: Book detected: xyz=(0.734, 0.005, 0.869), center=(588, 242)
[INFO] [1789635121.434586230] [vision_manager]: Book detected: xyz=(0.644, 0.000, 0.869), center=(555, 240)
[INFO] [1789635121.436427317] [vision_manager]: Book detected: xyz=(-0.092, -0.021, 0.411), center=(249, 224)
[INFO] [1789635121.847990011] [vision_manager]: Book detected: xyz=(-0.085, -0.179, 0.401), center=(253, 98)
[INFO] [1789635121.849873249] [vision_manager]: Book detected: xyz=(-0.112, -0.096, 0.507), center=(250, 180)
[INFO] [1789635121.851536906] [vision_manager]: Book detected: xyz=(0.734, 0.005, 0.869), center=(588, 242)
[INFO] [1789635121.853113486] [vision_manager]: Book detected: xyz=(0.630, 0.000, 0.869), center=(550, 240)
[INFO] [1789635121.854998974] [vision_manager]: Book detected: xyz=(-0.092, -0.021, 0.411), center=(249, 224)
[INFO] [1789635121.856725422] [vision_manager]: Book detected: xyz=(-0.091, 0.022, 0.402), center=(248, 257)
[INFO] [1789635122.083658010] [vision_manager]: Book detected: xyz=(-0.085, -0.180, 0.400), center=(253, 97)
[INFO] [1789635122.085705700] [vision_manager]: Book detected: xyz=(-0.112, -0.096, 0.507), center=(250, 180)
[INFO] [1789635122.087537885] [vision_manager]: Book detected: xyz=(0.734, 0.005, 0.869), center=(588, 242)
[INFO] [1789635122.088962275] [vision_manager]: Book detected: xyz=(0.625, 0.000, 0.869), center=(548, 240)
[INFO] [1789635122.090250052] [vision_manager]: Book detected: xyz=(-0.092, -0.021, 0.411), center=(249, 224)
[INFO] [1789635122.091668057] [vision_manager]: Book detected: xyz=(-0.092, 0.027, 0.401), center=(247, 261)
[INFO] [1789635122.248067229] [vision_manager]: Book detected: xyz=(-0.085, -0.179, 0.401), center=(253, 98)
[INFO] [1789635122.250443037] [vision_manager]: Book detected: xyz=(-0.110, -0.096, 0.507), center=(251, 180)
[INFO] [1789635122.251850658] [vision_manager]: Book detected: xyz=(0.734, 0.005, 0.869), center=(588, 242)
[INFO] [1789635122.253192408] [vision_manager]: Book detected: xyz=(0.627, 0.000, 0.869), center=(549, 240)
[INFO] [1789635122.254355748] [vision_manager]: Book detected: xyz=(-0.090, -0.022, 0.403), center=(249, 223)
[INFO] [1789635122.255511768] [vision_manager]: Book detected: xyz=(-0.092, 0.025, 0.401), center=(247, 260)
[INFO] [1789635122.409263515] [vision_manager]: Book detected: xyz=(-0.085, -0.179, 0.401), center=(253, 98)
[INFO] [1789635122.410438107] [vision_manager]: Book detected: xyz=(0.734, 0.005, 0.869), center=(588, 242)
[INFO] [1789635122.411224978] [vision_manager]: Book detected: xyz=(-0.110, -0.096, 0.499), center=(250, 179)
[INFO] [1789635122.411974403] [vision_manager]: Book detected: xyz=(0.625, 0.000, 0.869), center=(548, 240)
[INFO] [1789635122.412754111] [vision_manager]: Book detected: xyz=(-0.100, -0.021, 0.439), center=(248, 225)
[INFO] [1789635122.413503290] [vision_manager]: Book detected: xyz=(-0.093, 0.028, 0.401), center=(246, 262)
[INFO] [1789635122.538002675] [vision_manager]: Book detected: xyz=(-0.085, -0.179, 0.401), center=(253, 98)
[INFO] [1789635122.538897243] [vision_manager]: Book detected: xyz=(0.734, 0.005, 0.869), center=(588, 242)
[INFO] [1789635122.539750210] [vision_manager]: Book detected: xyz=(-0.114, -0.096, 0.516), center=(250, 181)
[INFO] [1789635122.540629171] [vision_manager]: Book detected: xyz=(0.636, 0.000, 0.869), center=(552, 240)
[INFO] [1789635122.541492974] [vision_manager]: Book detected: xyz=(-0.107, -0.021, 0.472), center=(248, 226)
[INFO] [1789635122.542160744] [vision_manager]: No placeable empty shelf position found
[INFO] [1789635122.685641978] [vision_manager]: Book detected: xyz=(-0.085, -0.179, 0.401), center=(253, 98)
[INFO] [1789635122.687387166] [vision_manager]: Book detected: xyz=(0.734, 0.005, 0.869), center=(588, 242)
[INFO] [1789635122.688964275] [vision_manager]: Book detected: xyz=(-0.117, -0.096, 0.525), center=(249, 182)
[INFO] [1789635122.690431474] [vision_manager]: Book detected: xyz=(0.644, 0.000, 0.869), center=(555, 240)
[INFO] [1789635122.691890513] [vision_manager]: Book detected: xyz=(-0.100, -0.021, 0.439), center=(248, 225)
[INFO] [1789635122.843888672] [vision_manager]: Book detected: xyz=(-0.085, -0.179, 0.401), center=(253, 98)
[INFO] [1789635122.845777582] [vision_manager]: Book detected: xyz=(0.734, 0.005, 0.869), center=(588, 242)
[INFO] [1789635122.847039930] [vision_manager]: Book detected: xyz=(-0.115, -0.096, 0.516), center=(249, 181)
[INFO] [1789635122.848036739] [vision_manager]: Book detected: xyz=(0.644, 0.000, 0.869), center=(555, 240)
[INFO] [1789635122.849055244] [vision_manager]: Book detected: xyz=(-0.116, -0.021, 0.511), center=(248, 227)
[INFO] [1789635122.849744945] [vision_manager]: No placeable empty shelf position found
[INFO] [1789635122.999962777] [vision_manager]: Book detected: xyz=(-0.085, -0.179, 0.401), center=(253, 98)
[INFO] [1789635123.002122926] [vision_manager]: Book detected: xyz=(0.734, 0.005, 0.869), center=(588, 242)
[INFO] [1789635123.003623139] [vision_manager]: Book detected: xyz=(-0.115, -0.096, 0.516), center=(249, 181)
[INFO] [1789635123.004975159] [vision_manager]: Book detected: xyz=(0.644, 0.000, 0.869), center=(555, 240)
[INFO] [1789635123.006889722] [vision_manager]: Book detected: xyz=(-0.116, -0.021, 0.511), center=(248, 227)
[INFO] [1789635123.007924214] [vision_manager]: No placeable empty shelf position found
[INFO] [1789635123.136926353] [vision_manager]: Book detected: xyz=(-0.086, -0.179, 0.401), center=(252, 98)
[INFO] [1789635123.138511732] [vision_manager]: Book detected: xyz=(0.734, 0.005, 0.869), center=(588, 242)
[INFO] [1789635123.140104032] [vision_manager]: Book detected: xyz=(-0.114, -0.096, 0.516), center=(250, 181)
[INFO] [1789635123.141832665] [vision_manager]: Book detected: xyz=(0.638, 0.000, 0.869), center=(553, 240)
[INFO] [1789635123.143807610] [vision_manager]: Book detected: xyz=(-0.100, -0.021, 0.439), center=(248, 225)
[INFO] [1789635123.274877227] [vision_manager]: Book detected: xyz=(-0.086, -0.179, 0.401), center=(252, 98)
[INFO] [1789635123.276748732] [vision_manager]: Book detected: xyz=(-0.112, -0.096, 0.499), center=(249, 179)
[INFO] [1789635123.278204031] [vision_manager]: Book detected: xyz=(0.734, 0.005, 0.869), center=(588, 242)
[INFO] [1789635123.279566317] [vision_manager]: Book detected: xyz=(0.638, 0.000, 0.869), center=(553, 240)
[INFO] [1789635123.280819260] [vision_manager]: Book detected: xyz=(-0.093, -0.021, 0.411), center=(248, 224)
[INFO] [1789635123.282933976] [vision_manager]: Book detected: xyz=(-0.092, 0.028, 0.401), center=(247, 262)
[INFO] [1789635123.428625918] [vision_manager]: Book detected: xyz=(-0.086, -0.179, 0.401), center=(252, 98)
[INFO] [1789635123.430271396] [vision_manager]: Book detected: xyz=(0.734, 0.005, 0.869), center=(588, 242)
[INFO] [1789635123.431879126] [vision_manager]: Book detected: xyz=(-0.114, -0.096, 0.507), center=(249, 180)
[INFO] [1789635123.433269832] [vision_manager]: Book detected: xyz=(0.647, 0.000, 0.869), center=(556, 240)
[INFO] [1789635123.434723429] [vision_manager]: Book detected: xyz=(-0.116, -0.021, 0.511), center=(248, 227)
[INFO] [1789635123.435663475] [vision_manager]: No placeable empty shelf position found
[INFO] [1789635123.577083108] [vision_manager]: Book detected: xyz=(-0.086, -0.179, 0.401), center=(252, 98)
[INFO] [1789635123.578066177] [vision_manager]: Book detected: xyz=(0.734, 0.005, 0.869), center=(588, 242)
[INFO] [1789635123.579045857] [vision_manager]: Book detected: xyz=(-0.112, -0.096, 0.499), center=(249, 179)
[INFO] [1789635123.579974218] [vision_manager]: Book detected: xyz=(0.647, 0.000, 0.869), center=(556, 240)
[INFO] [1789635123.580861504] [vision_manager]: Book detected: xyz=(-0.116, -0.021, 0.511), center=(248, 227)
[INFO] [1789635123.581758399] [vision_manager]: Book detected: xyz=(-0.093, 0.032, 0.400), center=(246, 265)
[INFO] [1789635123.582382627] [vision_manager]: No placeable empty shelf position found
[INFO] [1789635123.721375859] [vision_manager]: Book detected: xyz=(-0.086, -0.179, 0.401), center=(252, 98)
[INFO] [1789635123.722363334] [vision_manager]: Book detected: xyz=(0.734, 0.005, 0.869), center=(588, 242)
[INFO] [1789635123.723303836] [vision_manager]: Book detected: xyz=(-0.113, -0.096, 0.499), center=(248, 179)
[INFO] [1789635123.724288445] [vision_manager]: Book detected: xyz=(0.630, 0.000, 0.869), center=(550, 240)
[INFO] [1789635123.725450626] [vision_manager]: Book detected: xyz=(-0.126, -0.021, 0.556), center=(248, 228)
[INFO] [1789635123.726504428] [vision_manager]: Book detected: xyz=(-0.093, 0.038, 0.400), center=(246, 270)
[INFO] [1789635123.727133191] [vision_manager]: No placeable empty shelf position found
[INFO] [1789635123.883540503] [vision_manager]: Book detected: xyz=(-0.086, -0.179, 0.401), center=(252, 98)
[INFO] [1789635123.885071571] [vision_manager]: Book detected: xyz=(-0.112, -0.096, 0.499), center=(249, 179)
[INFO] [1789635123.886553776] [vision_manager]: Book detected: xyz=(0.734, 0.005, 0.869), center=(588, 242)
[INFO] [1789635123.888008796] [vision_manager]: Book detected: xyz=(0.633, 0.000, 0.869), center=(551, 240)
[INFO] [1789635123.889509543] [vision_manager]: Book detected: xyz=(-0.116, -0.021, 0.511), center=(248, 227)
[INFO] [1789635123.891067277] [vision_manager]: Book detected: xyz=(-0.092, 0.039, 0.400), center=(247, 271)
[INFO] [1789635123.891888256] [vision_manager]: No placeable empty shelf position found
[INFO] [1789635124.041274029] [vision_manager]: Book detected: xyz=(-0.086, -0.179, 0.401), center=(252, 98)
[INFO] [1789635124.042958726] [vision_manager]: Book detected: xyz=(-0.114, -0.096, 0.507), center=(249, 180)
[INFO] [1789635124.044436095] [vision_manager]: Book detected: xyz=(0.734, 0.005, 0.869), center=(588, 242)
[INFO] [1789635124.045804692] [vision_manager]: Book detected: xyz=(0.630, 0.000, 0.869), center=(550, 240)
[INFO] [1789635124.047138947] [vision_manager]: Book detected: xyz=(-0.107, -0.021, 0.472), center=(248, 226)
[INFO] [1789635124.048463617] [vision_manager]: Book detected: xyz=(-0.092, 0.042, 0.400), center=(247, 273)
[INFO] [1789635124.049386959] [vision_manager]: No placeable empty shelf position found
[INFO] [1789635124.195544688] [vision_manager]: Book detected: xyz=(-0.086, -0.179, 0.401), center=(252, 98)
[INFO] [1789635124.196944066] [vision_manager]: Book detected: xyz=(-0.112, -0.096, 0.507), center=(250, 180)
[INFO] [1789635124.198202514] [vision_manager]: Book detected: xyz=(0.734, 0.005, 0.869), center=(588, 242)
[INFO] [1789635124.199364838] [vision_manager]: Book detected: xyz=(0.644, 0.000, 0.869), center=(555, 240)
[INFO] [1789635124.200543505] [vision_manager]: Book detected: xyz=(-0.107, -0.021, 0.472), center=(248, 226)
[INFO] [1789635124.201811681] [vision_manager]: Book detected: xyz=(-0.091, 0.042, 0.400), center=(248, 273)
[INFO] [1789635124.202641018] [vision_manager]: No placeable empty shelf position found
[INFO] [1789635124.347014082] [vision_manager]: Book detected: xyz=(-0.086, -0.179, 0.401), center=(252, 98)
[INFO] [1789635124.348084987] [vision_manager]: Book detected: xyz=(-0.114, -0.096, 0.507), center=(249, 180)
[INFO] [1789635124.349098844] [vision_manager]: Book detected: xyz=(0.734, 0.005, 0.869), center=(588, 242)
[INFO] [1789635124.350087746] [vision_manager]: Book detected: xyz=(0.644, 0.000, 0.869), center=(555, 240)
[INFO] [1789635124.351064151] [vision_manager]: Book detected: xyz=(-0.107, -0.021, 0.472), center=(248, 226)
[INFO] [1789635124.352045013] [vision_manager]: Book detected: xyz=(-0.091, 0.042, 0.400), center=(248, 273)
[INFO] [1789635124.352761926] [vision_manager]: No placeable empty shelf position found
[INFO] [1789635124.483515570] [vision_manager]: Book detected: xyz=(-0.086, -0.179, 0.401), center=(252, 98)
[INFO] [1789635124.485043610] [vision_manager]: Book detected: xyz=(-0.112, -0.096, 0.499), center=(249, 179)
[INFO] [1789635124.486342773] [vision_manager]: Book detected: xyz=(0.734, 0.005, 0.869), center=(588, 242)
[INFO] [1789635124.487582029] [vision_manager]: Book detected: xyz=(0.633, 0.000, 0.869), center=(551, 240)
[INFO] [1789635124.488928242] [vision_manager]: Book detected: xyz=(-0.107, -0.021, 0.472), center=(248, 226)
[INFO] [1789635124.490158661] [vision_manager]: Book detected: xyz=(-0.091, 0.042, 0.400), center=(248, 273)
[INFO] [1789635124.491114391] [vision_manager]: No placeable empty shelf position found
[INFO] [1789635124.624035301] [vision_manager]: Book detected: xyz=(-0.086, -0.179, 0.401), center=(252, 98)
[INFO] [1789635124.625188481] [vision_manager]: Book detected: xyz=(-0.112, -0.096, 0.499), center=(249, 179)
[INFO] [1789635124.626238168] [vision_manager]: Book detected: xyz=(0.734, 0.005, 0.869), center=(588, 242)
[INFO] [1789635124.627305658] [vision_manager]: Book detected: xyz=(0.638, 0.000, 0.869), center=(553, 240)
[INFO] [1789635124.628362326] [vision_manager]: Book detected: xyz=(-0.100, -0.021, 0.439), center=(248, 225)
[INFO] [1789635124.629362076] [vision_manager]: Book detected: xyz=(-0.091, 0.040, 0.400), center=(248, 272)
[INFO] [1789635124.751988663] [vision_manager]: Book detected: xyz=(-0.086, -0.179, 0.401), center=(252, 98)
[INFO] [1789635124.753576254] [vision_manager]: Book detected: xyz=(-0.110, -0.096, 0.499), center=(250, 179)
[INFO] [1789635124.754915853] [vision_manager]: Book detected: xyz=(0.734, 0.005, 0.869), center=(588, 242)
[INFO] [1789635124.756849504] [vision_manager]: Book detected: xyz=(0.636, 0.000, 0.869), center=(552, 240)
[INFO] [1789635124.758510610] [vision_manager]: Book detected: xyz=(-0.093, -0.021, 0.411), center=(248, 224)
[INFO] [1789635124.759509537] [vision_manager]: Book detected: xyz=(-0.090, 0.039, 0.400), center=(249, 271)
[INFO] [1789635124.892211440] [vision_manager]: Book detected: xyz=(-0.086, -0.180, 0.400), center=(252, 97)
[INFO] [1789635124.894290143] [vision_manager]: Book detected: xyz=(-0.110, -0.096, 0.507), center=(251, 180)
[INFO] [1789635124.896317125] [vision_manager]: Book detected: xyz=(0.734, 0.005, 0.869), center=(588, 242)
[INFO] [1789635124.898351078] [vision_manager]: Book detected: xyz=(0.627, 0.000, 0.869), center=(549, 240)
[INFO] [1789635124.900106558] [vision_manager]: Book detected: xyz=(-0.092, -0.021, 0.411), center=(249, 224)
[INFO] [1789635124.901833197] [vision_manager]: Book detected: xyz=(-0.090, 0.042, 0.400), center=(249, 273)
[INFO] [1789635125.025516680] [vision_manager]: Book detected: xyz=(-0.086, -0.179, 0.401), center=(252, 98)
[INFO] [1789635125.026791132] [vision_manager]: Book detected: xyz=(-0.110, -0.096, 0.499), center=(250, 179)
[INFO] [1789635125.028081248] [vision_manager]: Book detected: xyz=(0.734, 0.005, 0.869), center=(588, 242)
[INFO] [1789635125.029351347] [vision_manager]: Book detected: xyz=(0.616, 0.000, 0.869), center=(545, 240)
[INFO] [1789635125.030584674] [vision_manager]: Book detected: xyz=(-0.093, -0.021, 0.411), center=(248, 224)
[INFO] [1789635125.031880884] [vision_manager]: Book detected: xyz=(-0.091, 0.040, 0.400), center=(248, 272)
[INFO] [1789635125.155957933] [vision_manager]: Book detected: xyz=(-0.086, -0.178, 0.401), center=(252, 99)
[INFO] [1789635125.157093539] [vision_manager]: Book detected: xyz=(-0.110, -0.096, 0.499), center=(250, 179)
[INFO] [1789635125.158241095] [vision_manager]: Book detected: xyz=(0.734, 0.005, 0.869), center=(588, 242)
[INFO] [1789635125.159311001] [vision_manager]: Book detected: xyz=(0.627, 0.000, 0.869), center=(549, 240)
[INFO] [1789635125.160376922] [vision_manager]: Book detected: xyz=(-0.107, -0.021, 0.472), center=(248, 226)
[INFO] [1789635125.161316384] [vision_manager]: Book detected: xyz=(-0.091, 0.040, 0.400), center=(248, 272)
[INFO] [1789635125.161949118] [vision_manager]: No placeable empty shelf position found
[INFO] [1789635125.269326850] [vision_manager]: Book detected: xyz=(-0.086, -0.179, 0.401), center=(252, 98)
[INFO] [1789635125.270499230] [vision_manager]: Book detected: xyz=(-0.110, -0.096, 0.499), center=(250, 179)
[INFO] [1789635125.271762182] [vision_manager]: Book detected: xyz=(0.734, 0.005, 0.869), center=(588, 242)
[INFO] [1789635125.273040124] [vision_manager]: Book detected: xyz=(0.625, 0.000, 0.869), center=(548, 240)
[INFO] [1789635125.274644683] [vision_manager]: Book detected: xyz=(-0.098, -0.021, 0.439), center=(249, 225)
[INFO] [1789635125.276003855] [vision_manager]: Book detected: xyz=(-0.091, 0.043, 0.400), center=(248, 274)
[INFO] [1789635125.391015579] [vision_manager]: Book detected: xyz=(-0.085, -0.179, 0.401), center=(253, 98)
[INFO] [1789635125.392111659] [vision_manager]: Book detected: xyz=(-0.112, -0.096, 0.507), center=(250, 180)
[INFO] [1789635125.393200211] [vision_manager]: Book detected: xyz=(0.734, 0.005, 0.869), center=(588, 242)
[INFO] [1789635125.394471647] [vision_manager]: Book detected: xyz=(0.622, 0.000, 0.869), center=(547, 240)
[INFO] [1789635125.395733199] [vision_manager]: Book detected: xyz=(-0.098, -0.021, 0.439), center=(249, 225)
[INFO] [1789635125.397005391] [vision_manager]: Book detected: xyz=(-0.090, 0.040, 0.400), center=(249, 272)
[INFO] [1789635125.518649258] [vision_manager]: Book detected: xyz=(-0.086, -0.180, 0.400), center=(252, 97)
[INFO] [1789635125.520078824] [vision_manager]: Book detected: xyz=(-0.110, -0.096, 0.507), center=(251, 180)
[INFO] [1789635125.521866827] [vision_manager]: Book detected: xyz=(0.734, 0.005, 0.869), center=(588, 242)
[INFO] [1789635125.523798433] [vision_manager]: Book detected: xyz=(0.633, 0.000, 0.869), center=(551, 240)
[INFO] [1789635125.525371613] [vision_manager]: Book detected: xyz=(-0.092, -0.021, 0.411), center=(249, 224)
[INFO] [1789635125.526692466] [vision_manager]: Book detected: xyz=(-0.090, 0.039, 0.400), center=(249, 271)
[INFO] [1789635125.664617284] [vision_manager]: Book detected: xyz=(-0.085, -0.179, 0.401), center=(253, 98)
[INFO] [1789635125.667022725] [vision_manager]: Book detected: xyz=(-0.112, -0.096, 0.507), center=(250, 180)
[INFO] [1789635125.668673646] [vision_manager]: Book detected: xyz=(0.734, 0.005, 0.869), center=(588, 242)
[INFO] [1789635125.670703782] [vision_manager]: Book detected: xyz=(0.630, 0.000, 0.869), center=(550, 240)
[INFO] [1789635125.672372268] [vision_manager]: Book detected: xyz=(-0.092, -0.021, 0.411), center=(249, 224)
[INFO] [1789635125.673610947] [vision_manager]: Book detected: xyz=(-0.091, 0.042, 0.400), center=(248, 273)
[INFO] [1789635125.822544055] [vision_manager]: Book detected: xyz=(-0.085, -0.180, 0.400), center=(253, 97)
[INFO] [1789635125.825192781] [vision_manager]: Book detected: xyz=(-0.108, -0.096, 0.499), center=(251, 179)
[INFO] [1789635125.827339189] [vision_manager]: Book detected: xyz=(0.734, 0.005, 0.869), center=(588, 242)
[INFO] [1789635125.829311927] [vision_manager]: Book detected: xyz=(0.630, 0.000, 0.869), center=(550, 240)
[INFO] [1789635125.831268202] [vision_manager]: Book detected: xyz=(-0.092, -0.021, 0.411), center=(249, 224)
[INFO] [1789635125.833254876] [vision_manager]: Book detected: xyz=(-0.090, 0.040, 0.400), center=(249, 272)
[INFO] [1789635125.981752680] [vision_manager]: Book detected: xyz=(-0.085, -0.180, 0.400), center=(253, 97)
[INFO] [1789635125.982823219] [vision_manager]: Book detected: xyz=(-0.110, -0.096, 0.499), center=(250, 179)
[INFO] [1789635125.983837913] [vision_manager]: Book detected: xyz=(0.734, 0.005, 0.869), center=(588, 242)
[INFO] [1789635125.984848815] [vision_manager]: Book detected: xyz=(0.630, 0.000, 0.869), center=(550, 240)
[INFO] [1789635125.985852754] [vision_manager]: Book detected: xyz=(-0.093, -0.021, 0.411), center=(248, 224)
[INFO] [1789635125.986997204] [vision_manager]: Book detected: xyz=(-0.091, 0.040, 0.400), center=(248, 272)
[INFO] [1789635126.139951601] [vision_manager]: Book detected: xyz=(-0.085, -0.180, 0.400), center=(253, 97)
[INFO] [1789635126.141011933] [vision_manager]: Book detected: xyz=(-0.112, -0.096, 0.507), center=(250, 180)
[INFO] [1789635126.141934140] [vision_manager]: Book detected: xyz=(0.734, 0.005, 0.869), center=(588, 242)
[INFO] [1789635126.142845853] [vision_manager]: Book detected: xyz=(0.630, 0.000, 0.869), center=(550, 240)
[INFO] [1789635126.143763440] [vision_manager]: Book detected: xyz=(-0.093, -0.021, 0.411), center=(248, 224)
[INFO] [1789635126.144679927] [vision_manager]: Book detected: xyz=(-0.091, 0.037, 0.400), center=(248, 269)
[INFO] [1789635126.291736921] [vision_manager]: Book detected: xyz=(-0.085, -0.180, 0.400), center=(253, 97)
[INFO] [1789635126.292891723] [vision_manager]: Book detected: xyz=(-0.110, -0.096, 0.507), center=(251, 180)
[INFO] [1789635126.293927577] [vision_manager]: Book detected: xyz=(0.734, 0.005, 0.869), center=(588, 242)
[INFO] [1789635126.294843904] [vision_manager]: Book detected: xyz=(0.633, 0.000, 0.869), center=(551, 240)
[INFO] [1789635126.299162290] [vision_manager]: Book detected: xyz=(-0.098, -0.021, 0.439), center=(249, 225)
[INFO] [1789635126.300687987] [vision_manager]: Book detected: xyz=(-0.090, 0.030, 0.400), center=(249, 264)
[INFO] [1789635126.431282083] [vision_manager]: Book detected: xyz=(-0.086, -0.180, 0.400), center=(252, 97)
[INFO] [1789635126.432463444] [vision_manager]: Book detected: xyz=(-0.108, -0.096, 0.499), center=(251, 179)
[INFO] [1789635126.433527621] [vision_manager]: Book detected: xyz=(0.734, 0.005, 0.869), center=(588, 242)
[INFO] [1789635126.434576641] [vision_manager]: Book detected: xyz=(0.622, 0.003, 0.869), center=(547, 241)
[INFO] [1789635126.435622719] [vision_manager]: Book detected: xyz=(-0.098, -0.021, 0.439), center=(249, 225)
[INFO] [1789635126.436667203] [vision_manager]: Book detected: xyz=(-0.090, 0.024, 0.401), center=(249, 259)
[INFO] [1789635126.559256674] [vision_manager]: Book detected: xyz=(-0.086, -0.180, 0.400), center=(252, 97)
[INFO] [1789635126.561147366] [vision_manager]: Book detected: xyz=(-0.110, -0.096, 0.507), center=(251, 180)
[INFO] [1789635126.563061899] [vision_manager]: Book detected: xyz=(0.734, 0.005, 0.869), center=(588, 242)
[INFO] [1789635126.565186230] [vision_manager]: Book detected: xyz=(0.641, 0.000, 0.869), center=(554, 240)
[INFO] [1789635126.567314034] [vision_manager]: Book detected: xyz=(-0.098, -0.021, 0.439), center=(249, 225)
[INFO] [1789635126.569115755] [vision_manager]: Book detected: xyz=(-0.090, 0.030, 0.400), center=(249, 264)
[INFO] [1789635126.676697411] [vision_manager]: Book detected: xyz=(-0.085, -0.180, 0.400), center=(253, 97)
[INFO] [1789635126.677699033] [vision_manager]: Book detected: xyz=(-0.112, -0.096, 0.507), center=(250, 180)
[INFO] [1789635126.678656842] [vision_manager]: Book detected: xyz=(0.734, 0.005, 0.869), center=(588, 242)
[INFO] [1789635126.679588042] [vision_manager]: Book detected: xyz=(0.630, 0.000, 0.869), center=(550, 240)
[INFO] [1789635126.680502900] [vision_manager]: Book detected: xyz=(-0.107, -0.021, 0.472), center=(248, 226)
[INFO] [1789635126.681457473] [vision_manager]: Book detected: xyz=(-0.091, 0.024, 0.401), center=(248, 259)
[INFO] [1789635126.682110049] [vision_manager]: No placeable empty shelf position found
[INFO] [1789635126.805814966] [vision_manager]: Book detected: xyz=(-0.085, -0.180, 0.400), center=(253, 97)
[INFO] [1789635126.807584448] [vision_manager]: Book detected: xyz=(-0.114, -0.096, 0.516), center=(250, 181)
[INFO] [1789635126.809095895] [vision_manager]: Book detected: xyz=(0.734, 0.005, 0.869), center=(588, 242)
[INFO] [1789635126.810560072] [vision_manager]: Book detected: xyz=(0.641, 0.000, 0.869), center=(554, 240)
[INFO] [1789635126.812022636] [vision_manager]: Book detected: xyz=(-0.098, -0.021, 0.439), center=(249, 225)
[INFO] [1789635126.940427104] [vision_manager]: Book detected: xyz=(-0.086, -0.180, 0.400), center=(252, 97)
[INFO] [1789635126.942671638] [vision_manager]: Book detected: xyz=(-0.114, -0.096, 0.516), center=(250, 181)
[INFO] [1789635126.944798095] [vision_manager]: Book detected: xyz=(0.734, 0.005, 0.869), center=(588, 242)
[INFO] [1789635126.946232972] [vision_manager]: Book detected: xyz=(0.641, 0.000, 0.869), center=(554, 240)
[INFO] [1789635126.947525028] [vision_manager]: Book detected: xyz=(-0.092, -0.021, 0.411), center=(249, 224)
[INFO] [1789635126.948896569] [vision_manager]: Book detected: xyz=(-0.093, 0.020, 0.402), center=(247, 256)
[INFO] [1789635127.078370126] [vision_manager]: Book detected: xyz=(-0.086, -0.180, 0.400), center=(252, 97)
[INFO] [1789635127.079212606] [vision_manager]: Book detected: xyz=(-0.114, -0.096, 0.516), center=(250, 181)
[INFO] [1789635127.079969124] [vision_manager]: Book detected: xyz=(0.734, 0.005, 0.869), center=(588, 242)
[INFO] [1789635127.080730200] [vision_manager]: Book detected: xyz=(0.647, 0.000, 0.869), center=(556, 240)
[INFO] [1789635127.081497941] [vision_manager]: Book detected: xyz=(-0.090, -0.022, 0.403), center=(249, 223)
[INFO] [1789635127.082289603] [vision_manager]: Book detected: xyz=(-0.091, 0.033, 0.400), center=(248, 266)
[INFO] [1789635127.216099996] [vision_manager]: Book detected: xyz=(-0.086, -0.180, 0.400), center=(252, 97)
[INFO] [1789635127.216970190] [vision_manager]: Book detected: xyz=(-0.112, -0.096, 0.507), center=(250, 180)
[INFO] [1789635127.217776323] [vision_manager]: Book detected: xyz=(0.734, 0.005, 0.869), center=(588, 242)
[INFO] [1789635127.218566055] [vision_manager]: Book detected: xyz=(0.625, 0.000, 0.869), center=(548, 240)
[INFO] [1789635127.219364721] [vision_manager]: Book detected: xyz=(-0.100, -0.021, 0.439), center=(248, 225)
[INFO] [1789635127.220121044] [vision_manager]: Book detected: xyz=(-0.092, 0.032, 0.400), center=(247, 265)
[INFO] [1789635127.353366308] [vision_manager]: Book detected: xyz=(-0.086, -0.180, 0.400), center=(252, 97)
[INFO] [1789635127.355234341] [vision_manager]: Book detected: xyz=(-0.114, -0.096, 0.507), center=(249, 180)
[INFO] [1789635127.356811089] [vision_manager]: Book detected: xyz=(0.734, 0.005, 0.869), center=(588, 242)
[INFO] [1789635127.358315355] [vision_manager]: Book detected: xyz=(0.644, 0.000, 0.869), center=(555, 240)
[INFO] [1789635127.359761447] [vision_manager]: Book detected: xyz=(-0.091, -0.022, 0.403), center=(248, 223)
[INFO] [1789635127.361219584] [vision_manager]: Book detected: xyz=(-0.093, 0.032, 0.400), center=(246, 265)
[INFO] [1789635127.473620973] [vision_manager]: Book detected: xyz=(-0.086, -0.180, 0.400), center=(252, 97)
[INFO] [1789635127.474586592] [vision_manager]: Book detected: xyz=(-0.114, -0.096, 0.507), center=(249, 180)
[INFO] [1789635127.475504238] [vision_manager]: Book detected: xyz=(0.734, 0.005, 0.869), center=(588, 242)
[INFO] [1789635127.476418577] [vision_manager]: Book detected: xyz=(0.638, 0.000, 0.869), center=(553, 240)
[INFO] [1789635127.477331868] [vision_manager]: Book detected: xyz=(-0.091, -0.023, 0.402), center=(248, 222)
[INFO] [1789635127.478242489] [vision_manager]: Book detected: xyz=(-0.093, 0.035, 0.400), center=(246, 268)
[INFO] [1789635127.593738430] [vision_manager]: Book detected: xyz=(-0.086, -0.179, 0.401), center=(252, 98)
[INFO] [1789635127.594744565] [vision_manager]: Book detected: xyz=(0.734, 0.005, 0.869), center=(588, 242)
[INFO] [1789635127.595691706] [vision_manager]: Book detected: xyz=(-0.114, -0.096, 0.507), center=(249, 180)
[INFO] [1789635127.596613116] [vision_manager]: Book detected: xyz=(0.652, 0.000, 0.869), center=(558, 240)
[INFO] [1789635127.597525963] [vision_manager]: Book detected: xyz=(-0.091, -0.025, 0.401), center=(248, 220)
[INFO] [1789635127.598436318] [vision_manager]: Book detected: xyz=(-0.093, 0.040, 0.400), center=(246, 272)
[INFO] [1789635127.722353969] [vision_manager]: Book detected: xyz=(-0.086, -0.179, 0.401), center=(252, 98)
[INFO] [1789635127.723359725] [vision_manager]: Book detected: xyz=(0.734, 0.005, 0.869), center=(588, 242)
[INFO] [1789635127.724315289] [vision_manager]: Book detected: xyz=(-0.112, -0.096, 0.507), center=(250, 180)
[INFO] [1789635127.725266617] [vision_manager]: Book detected: xyz=(0.666, 0.000, 0.869), center=(563, 240)
[INFO] [1789635127.726214070] [vision_manager]: Book detected: xyz=(-0.091, -0.024, 0.402), center=(248, 221)
[INFO] [1789635127.727130173] [vision_manager]: Book detected: xyz=(-0.092, 0.040, 0.400), center=(247, 272)
[INFO] [1789635127.835271709] [vision_manager]: Book detected: xyz=(-0.085, -0.180, 0.400), center=(253, 97)
[INFO] [1789635127.836272048] [vision_manager]: Book detected: xyz=(-0.112, -0.096, 0.507), center=(250, 180)
[INFO] [1789635127.837224597] [vision_manager]: Book detected: xyz=(0.734, 0.005, 0.869), center=(588, 242)
[INFO] [1789635127.838194315] [vision_manager]: Book detected: xyz=(0.658, 0.000, 0.869), center=(560, 240)
[INFO] [1789635127.839141951] [vision_manager]: Book detected: xyz=(-0.100, -0.021, 0.439), center=(248, 225)
[INFO] [1789635127.840088336] [vision_manager]: Book detected: xyz=(-0.092, 0.040, 0.400), center=(247, 272)
[INFO] [1789635127.945257978] [vision_manager]: Book detected: xyz=(-0.085, -0.179, 0.401), center=(253, 98)
[INFO] [1789635127.946872983] [vision_manager]: Book detected: xyz=(0.737, 0.005, 0.869), center=(589, 242)
[INFO] [1789635127.948665594] [vision_manager]: Book detected: xyz=(-0.114, -0.096, 0.516), center=(250, 181)
[INFO] [1789635127.949814490] [vision_manager]: Book detected: xyz=(0.674, 0.000, 0.869), center=(566, 240)
[INFO] [1789635127.950810021] [vision_manager]: Book detected: xyz=(-0.091, -0.025, 0.401), center=(248, 220)
[INFO] [1789635127.951788393] [vision_manager]: Book detected: xyz=(-0.093, 0.039, 0.400), center=(246, 271)
[INFO] [1789635128.076290657] [vision_manager]: Book detected: xyz=(-0.086, -0.180, 0.400), center=(252, 97)
[INFO] [1789635128.077383460] [vision_manager]: Book detected: xyz=(0.734, 0.005, 0.869), center=(588, 242)
[INFO] [1789635128.078439345] [vision_manager]: Book detected: xyz=(-0.115, -0.096, 0.516), center=(249, 181)
[INFO] [1789635128.079476240] [vision_manager]: Book detected: xyz=(0.652, 0.000, 0.869), center=(558, 240)
[INFO] [1789635128.080512272] [vision_manager]: Book detected: xyz=(-0.091, -0.024, 0.402), center=(248, 221)
[INFO] [1789635128.081560609] [vision_manager]: Book detected: xyz=(-0.095, 0.038, 0.400), center=(245, 270)
[INFO] [1789635128.186933633] [vision_manager]: Book detected: xyz=(-0.086, -0.179, 0.401), center=(252, 98)
[INFO] [1789635128.187927341] [vision_manager]: Book detected: xyz=(-0.114, -0.096, 0.516), center=(250, 181)
[INFO] [1789635128.188887677] [vision_manager]: Book detected: xyz=(0.734, 0.005, 0.869), center=(588, 242)
[INFO] [1789635128.189837492] [vision_manager]: Book detected: xyz=(0.658, 0.000, 0.869), center=(560, 240)
[INFO] [1789635128.190825786] [vision_manager]: Book detected: xyz=(-0.128, -0.080, 0.563), center=(248, 195)
[INFO] [1789635128.191902630] [vision_manager]: Book detected: xyz=(-0.092, 0.038, 0.400), center=(247, 270)
[INFO] [1789635128.192949731] [vision_manager]: Book detected: xyz=(-0.126, -0.007, 0.563), center=(249, 236)
[INFO] [1789635128.193577179] [vision_manager]: No placeable empty shelf position found
[INFO] [1789635128.302018568] [vision_manager]: Book detected: xyz=(-0.086, -0.179, 0.401), center=(252, 98)
[INFO] [1789635128.303033633] [vision_manager]: Book detected: xyz=(0.734, 0.005, 0.869), center=(588, 242)
[INFO] [1789635128.303987953] [vision_manager]: Book detected: xyz=(-0.123, -0.096, 0.534), center=(247, 183)
[INFO] [1789635128.304931959] [vision_manager]: Book detected: xyz=(0.669, 0.000, 0.869), center=(564, 240)
[INFO] [1789635128.305879751] [vision_manager]: Book detected: xyz=(-0.091, -0.023, 0.402), center=(248, 222)
[INFO] [1789635128.306796151] [vision_manager]: Book detected: xyz=(-0.095, 0.027, 0.401), center=(245, 261)
[INFO] [1789635128.410179852] [vision_manager]: Book detected: xyz=(-0.086, -0.179, 0.401), center=(252, 98)
[INFO] [1789635128.411172696] [vision_manager]: Book detected: xyz=(0.734, 0.005, 0.869), center=(588, 242)
[INFO] [1789635128.412122796] [vision_manager]: Book detected: xyz=(-0.122, -0.096, 0.525), center=(246, 182)
[INFO] [1789635128.413029965] [vision_manager]: Book detected: xyz=(0.663, 0.000, 0.869), center=(562, 240)
[INFO] [1789635128.413948514] [vision_manager]: Book detected: xyz=(-0.093, -0.022, 0.403), center=(247, 223)
[INFO] [1789635128.414875427] [vision_manager]: Book detected: xyz=(-0.095, 0.032, 0.400), center=(245, 265)
[INFO] [1789635128.526221270] [vision_manager]: Book detected: xyz=(-0.086, -0.179, 0.401), center=(252, 98)
[INFO] [1789635128.527441633] [vision_manager]: Book detected: xyz=(0.734, 0.005, 0.869), center=(588, 242)
[INFO] [1789635128.528598000] [vision_manager]: Book detected: xyz=(-0.122, -0.096, 0.525), center=(246, 182)
[INFO] [1789635128.529632859] [vision_manager]: Book detected: xyz=(0.660, 0.000, 0.869), center=(561, 240)
[INFO] [1789635128.531560360] [vision_manager]: Book detected: xyz=(-0.091, -0.023, 0.402), center=(248, 222)
[INFO] [1789635128.532538674] [vision_manager]: Book detected: xyz=(-0.095, 0.033, 0.400), center=(245, 266)
[INFO] [1789635128.649646215] [vision_manager]: Book detected: xyz=(-0.086, -0.179, 0.401), center=(252, 98)
[INFO] [1789635128.651230560] [vision_manager]: Book detected: xyz=(0.734, 0.005, 0.869), center=(588, 242)
[INFO] [1789635128.652626589] [vision_manager]: Book detected: xyz=(-0.115, -0.096, 0.516), center=(249, 181)
[INFO] [1789635128.653932070] [vision_manager]: Book detected: xyz=(0.666, 0.000, 0.869), center=(563, 240)
[INFO] [1789635128.655255883] [vision_manager]: Book detected: xyz=(-0.090, -0.024, 0.402), center=(249, 221)
[INFO] [1789635128.656638105] [vision_manager]: Book detected: xyz=(-0.092, 0.038, 0.400), center=(247, 270)
[INFO] [1789635128.779953496] [vision_manager]: Book detected: xyz=(-0.086, -0.179, 0.401), center=(252, 98)
[INFO] [1789635128.781587756] [vision_manager]: Book detected: xyz=(0.737, 0.005, 0.869), center=(589, 242)
[INFO] [1789635128.783341283] [vision_manager]: Book detected: xyz=(-0.122, -0.096, 0.525), center=(246, 182)
[INFO] [1789635128.785080491] [vision_manager]: Book detected: xyz=(0.663, 0.000, 0.869), center=(562, 240)
[INFO] [1789635128.787456902] [vision_manager]: Book detected: xyz=(-0.091, -0.022, 0.403), center=(248, 223)
[INFO] [1789635128.789463702] [vision_manager]: Book detected: xyz=(-0.093, 0.033, 0.400), center=(246, 266)
[INFO] [1789635128.907522415] [vision_manager]: Book detected: xyz=(-0.087, -0.179, 0.401), center=(251, 98)
[INFO] [1789635128.908729741] [vision_manager]: Book detected: xyz=(0.734, 0.005, 0.869), center=(588, 242)
[INFO] [1789635128.909861126] [vision_manager]: Book detected: xyz=(-0.121, -0.096, 0.525), center=(247, 182)
[INFO] [1789635128.911012609] [vision_manager]: Book detected: xyz=(0.658, 0.000, 0.869), center=(560, 240)
[INFO] [1789635128.912293455] [vision_manager]: Book detected: xyz=(-0.091, -0.022, 0.403), center=(248, 223)
[INFO] [1789635128.913451413] [vision_manager]: Book detected: xyz=(-0.092, 0.038, 0.400), center=(247, 270)
[INFO] [1789635129.034857237] [vision_manager]: Book detected: xyz=(-0.086, -0.179, 0.401), center=(252, 98)
[INFO] [1789635129.037174383] [vision_manager]: Book detected: xyz=(0.734, 0.005, 0.869), center=(588, 242)
[INFO] [1789635129.039574386] [vision_manager]: Book detected: xyz=(-0.115, -0.096, 0.516), center=(249, 181)
[INFO] [1789635129.041286842] [vision_manager]: Book detected: xyz=(0.630, 0.000, 0.869), center=(550, 240)
[INFO] [1789635129.042784606] [vision_manager]: Book detected: xyz=(-0.100, -0.021, 0.439), center=(248, 225)
[INFO] [1789635129.044284183] [vision_manager]: Book detected: xyz=(-0.092, 0.040, 0.400), center=(247, 272)
[INFO] [1789635129.179544108] [vision_manager]: Book detected: xyz=(-0.085, -0.179, 0.401), center=(253, 98)
[INFO] [1789635129.181079877] [vision_manager]: Book detected: xyz=(-0.115, -0.096, 0.516), center=(249, 181)
[INFO] [1789635129.182571546] [vision_manager]: Book detected: xyz=(0.734, 0.005, 0.869), center=(588, 242)
[INFO] [1789635129.183877549] [vision_manager]: Book detected: xyz=(0.641, 0.000, 0.869), center=(554, 240)
[INFO] [1789635129.185136136] [vision_manager]: Book detected: xyz=(-0.107, -0.021, 0.472), center=(248, 226)
[INFO] [1789635129.186391788] [vision_manager]: Book detected: xyz=(-0.092, 0.038, 0.400), center=(247, 270)
[INFO] [1789635129.187239260] [vision_manager]: No placeable empty shelf position found
[INFO] [1789635129.348346807] [vision_manager]: Book detected: xyz=(-0.086, -0.179, 0.401), center=(252, 98)
[INFO] [1789635129.349441138] [vision_manager]: Book detected: xyz=(-0.115, -0.096, 0.516), center=(249, 181)
[INFO] [1789635129.350471291] [vision_manager]: Book detected: xyz=(0.734, 0.005, 0.869), center=(588, 242)
[INFO] [1789635129.351480793] [vision_manager]: Book detected: xyz=(0.641, 0.000, 0.869), center=(554, 240)
[INFO] [1789635129.352496477] [vision_manager]: Book detected: xyz=(-0.116, -0.021, 0.511), center=(248, 227)
[INFO] [1789635129.353475770] [vision_manager]: Book detected: xyz=(-0.092, 0.034, 0.400), center=(247, 267)
[INFO] [1789635129.354127501] [vision_manager]: No placeable empty shelf position found
[INFO] [1789635129.495574567] [vision_manager]: Book detected: xyz=(-0.086, -0.180, 0.400), center=(252, 97)
[INFO] [1789635129.497532483] [vision_manager]: Book detected: xyz=(-0.116, -0.096, 0.525), center=(250, 182)
[INFO] [1789635129.499181557] [vision_manager]: Book detected: xyz=(0.734, 0.005, 0.869), center=(588, 242)
[INFO] [1789635129.500700847] [vision_manager]: Book detected: xyz=(0.633, 0.003, 0.869), center=(551, 241)
[INFO] [1789635129.502258156] [vision_manager]: Book detected: xyz=(-0.090, -0.023, 0.402), center=(249, 222)
[INFO] [1789635129.503782437] [vision_manager]: Book detected: xyz=(-0.092, 0.028, 0.401), center=(247, 262)
[INFO] [1789635129.639661792] [vision_manager]: Book detected: xyz=(-0.086, -0.180, 0.400), center=(252, 97)
[INFO] [1789635129.641268073] [vision_manager]: Book detected: xyz=(-0.112, -0.096, 0.507), center=(250, 180)
[INFO] [1789635129.642637151] [vision_manager]: Book detected: xyz=(0.734, 0.005, 0.869), center=(588, 242)
[INFO] [1789635129.643875542] [vision_manager]: Book detected: xyz=(0.641, 0.000, 0.869), center=(554, 240)
[INFO] [1789635129.645149526] [vision_manager]: Book detected: xyz=(-0.091, -0.022, 0.403), center=(248, 223)
[INFO] [1789635129.646454149] [vision_manager]: Book detected: xyz=(-0.093, 0.029, 0.400), center=(246, 263)
[INFO] [1789635129.824355001] [vision_manager]: Book detected: xyz=(-0.086, -0.180, 0.400), center=(252, 97)
[INFO] [1789635129.826079737] [vision_manager]: Book detected: xyz=(-0.112, -0.096, 0.507), center=(250, 180)
[INFO] [1789635129.827258233] [vision_manager]: Book detected: xyz=(0.734, 0.005, 0.869), center=(588, 242)
[INFO] [1789635129.828402792] [vision_manager]: Book detected: xyz=(0.666, 0.000, 0.869), center=(563, 240)
[INFO] [1789635129.829569761] [vision_manager]: Book detected: xyz=(-0.100, -0.021, 0.439), center=(248, 225)
[INFO] [1789635129.830834356] [vision_manager]: Book detected: xyz=(-0.092, 0.022, 0.402), center=(247, 257)
[INFO] [1789635129.958529754] [vision_manager]: Book detected: xyz=(-0.086, -0.179, 0.401), center=(252, 98)
[INFO] [1789635129.959641922] [vision_manager]: Book detected: xyz=(-0.114, -0.096, 0.516), center=(250, 181)
[INFO] [1789635129.960728673] [vision_manager]: Book detected: xyz=(0.737, 0.005, 0.869), center=(589, 242)
[INFO] [1789635129.961845655] [vision_manager]: Book detected: xyz=(0.658, 0.000, 0.869), center=(560, 240)
[INFO] [1789635129.962944617] [vision_manager]: Book detected: xyz=(-0.092, -0.021, 0.411), center=(249, 224)
[INFO] [1789635130.128318144] [vision_manager]: Book detected: xyz=(-0.086, -0.179, 0.401), center=(252, 98)
[INFO] [1789635130.129924770] [vision_manager]: Book detected: xyz=(-0.112, -0.096, 0.507), center=(250, 180)
[INFO] [1789635130.131830736] [vision_manager]: Book detected: xyz=(0.734, 0.005, 0.869), center=(588, 242)
[INFO] [1789635130.134734166] [vision_manager]: Book detected: xyz=(0.652, 0.000, 0.869), center=(558, 240)
[INFO] [1789635130.136494263] [vision_manager]: Book detected: xyz=(-0.100, -0.021, 0.439), center=(248, 225)
[INFO] [1789635130.366178183] [vision_manager]: Book detected: xyz=(-0.086, -0.179, 0.401), center=(252, 98)
[INFO] [1789635130.367340960] [vision_manager]: Book detected: xyz=(-0.112, -0.096, 0.516), center=(251, 181)
[INFO] [1789635130.368393759] [vision_manager]: Book detected: xyz=(0.734, 0.005, 0.869), center=(588, 242)
[INFO] [1789635130.369446487] [vision_manager]: Book detected: xyz=(0.652, 0.000, 0.869), center=(558, 240)
[INFO] [1789635130.370488471] [vision_manager]: Book detected: xyz=(-0.092, -0.021, 0.411), center=(249, 224)
[INFO] [1789635130.371475656] [vision_manager]: Book detected: xyz=(-0.091, 0.023, 0.402), center=(248, 258)
[INFO] [1789635130.498290584] [vision_manager]: Book detected: xyz=(-0.086, -0.179, 0.401), center=(252, 98)
[INFO] [1789635130.499638823] [vision_manager]: Book detected: xyz=(-0.108, -0.096, 0.499), center=(251, 179)
[INFO] [1789635130.500935988] [vision_manager]: Book detected: xyz=(0.734, 0.005, 0.869), center=(588, 242)
[INFO] [1789635130.502229790] [vision_manager]: Book detected: xyz=(0.633, 0.000, 0.869), center=(551, 240)
[INFO] [1789635130.503531789] [vision_manager]: Book detected: xyz=(-0.092, -0.021, 0.411), center=(249, 224)
[INFO] [1789635130.504767503] [vision_manager]: Book detected: xyz=(-0.091, 0.025, 0.401), center=(248, 260)
[INFO] [1789635130.692264470] [vision_manager]: Book detected: xyz=(-0.086, -0.179, 0.401), center=(252, 98)
[INFO] [1789635130.693770744] [vision_manager]: Book detected: xyz=(-0.110, -0.096, 0.499), center=(250, 179)
[INFO] [1789635130.695199972] [vision_manager]: Book detected: xyz=(0.734, 0.005, 0.869), center=(588, 242)
[INFO] [1789635130.696492456] [vision_manager]: Book detected: xyz=(0.633, 0.000, 0.869), center=(551, 240)
[INFO] [1789635130.697731400] [vision_manager]: Book detected: xyz=(-0.092, -0.021, 0.411), center=(249, 224)
[INFO] [1789635130.899456225] [vision_manager]: Book detected: xyz=(-0.086, -0.179, 0.401), center=(252, 98)
[INFO] [1789635130.901402131] [vision_manager]: Book detected: xyz=(-0.112, -0.096, 0.507), center=(250, 180)
[INFO] [1789635130.902991854] [vision_manager]: Book detected: xyz=(0.734, 0.005, 0.869), center=(588, 242)
[INFO] [1789635130.904493492] [vision_manager]: Book detected: xyz=(0.647, 0.000, 0.869), center=(556, 240)
[INFO] [1789635130.905951279] [vision_manager]: Book detected: xyz=(-0.098, -0.021, 0.439), center=(249, 225)
[INFO] [1789635130.907457854] [vision_manager]: Book detected: xyz=(-0.091, 0.033, 0.400), center=(248, 266)
[INFO] [1789635131.072709673] [vision_manager]: Book detected: xyz=(-0.086, -0.179, 0.401), center=(252, 98)
[INFO] [1789635131.073945424] [vision_manager]: Book detected: xyz=(-0.110, -0.096, 0.499), center=(250, 179)
[INFO] [1789635131.075097850] [vision_manager]: Book detected: xyz=(0.734, 0.005, 0.869), center=(588, 242)
[INFO] [1789635131.076231993] [vision_manager]: Book detected: xyz=(0.660, 0.000, 0.869), center=(561, 240)
[INFO] [1789635131.077362494] [vision_manager]: Book detected: xyz=(-0.100, -0.021, 0.439), center=(248, 225)
[INFO] [1789635131.078490542] [vision_manager]: Book detected: xyz=(-0.092, 0.030, 0.400), center=(247, 264)
[INFO] [1789635131.262462514] [vision_manager]: Book detected: xyz=(-0.086, -0.179, 0.401), center=(252, 98)
[INFO] [1789635131.263957789] [vision_manager]: Book detected: xyz=(-0.108, -0.096, 0.499), center=(251, 179)
[INFO] [1789635131.265343987] [vision_manager]: Book detected: xyz=(0.734, 0.005, 0.869), center=(588, 242)
[INFO] [1789635131.266773486] [vision_manager]: Book detected: xyz=(0.641, 0.000, 0.869), center=(554, 240)
[INFO] [1789635131.268231430] [vision_manager]: Book detected: xyz=(-0.098, -0.021, 0.439), center=(249, 225)
[INFO] [1789635131.269598752] [vision_manager]: Book detected: xyz=(-0.091, 0.033, 0.400), center=(248, 266)
[INFO] [1789635131.423745735] [vision_manager]: Book detected: xyz=(-0.086, -0.179, 0.401), center=(252, 98)
[INFO] [1789635131.425302929] [vision_manager]: Book detected: xyz=(-0.110, -0.096, 0.499), center=(250, 179)
[INFO] [1789635131.426751456] [vision_manager]: Book detected: xyz=(0.734, 0.005, 0.869), center=(588, 242)
[INFO] [1789635131.428351394] [vision_manager]: Book detected: xyz=(0.658, 0.000, 0.869), center=(560, 240)
[INFO] [1789635131.429837805] [vision_manager]: Book detected: xyz=(-0.098, -0.021, 0.439), center=(249, 225)
[INFO] [1789635131.431264779] [vision_manager]: Book detected: xyz=(-0.091, 0.027, 0.401), center=(248, 261)
[INFO] [1789635131.582804976] [vision_manager]: Book detected: xyz=(-0.086, -0.179, 0.401), center=(252, 98)
[INFO] [1789635131.584395851] [vision_manager]: Book detected: xyz=(-0.108, -0.096, 0.499), center=(251, 179)
[INFO] [1789635131.586018247] [vision_manager]: Book detected: xyz=(0.734, 0.005, 0.869), center=(588, 242)
[INFO] [1789635131.587662625] [vision_manager]: Book detected: xyz=(0.655, 0.000, 0.869), center=(559, 240)
[INFO] [1789635131.589239868] [vision_manager]: Book detected: xyz=(-0.098, -0.021, 0.439), center=(249, 225)
[INFO] [1789635131.757162795] [vision_manager]: Book detected: xyz=(-0.086, -0.179, 0.401), center=(252, 98)
[INFO] [1789635131.758590176] [vision_manager]: Book detected: xyz=(-0.108, -0.096, 0.499), center=(251, 179)
[INFO] [1789635131.760106418] [vision_manager]: Book detected: xyz=(0.734, 0.005, 0.869), center=(588, 242)
[INFO] [1789635131.761513492] [vision_manager]: Book detected: xyz=(0.649, 0.000, 0.869), center=(557, 240)
[INFO] [1789635131.762973440] [vision_manager]: Book detected: xyz=(-0.106, -0.021, 0.472), center=(249, 226)
[INFO] [1789635131.763929649] [vision_manager]: No placeable empty shelf position found
[INFO] [1789635131.954262830] [vision_manager]: Book detected: xyz=(-0.086, -0.179, 0.401), center=(252, 98)
[INFO] [1789635131.955848750] [vision_manager]: Book detected: xyz=(-0.110, -0.096, 0.499), center=(250, 179)
[INFO] [1789635131.957358158] [vision_manager]: Book detected: xyz=(0.734, 0.005, 0.869), center=(588, 242)
[INFO] [1789635131.958839631] [vision_manager]: Book detected: xyz=(0.644, 0.000, 0.869), center=(555, 240)
[INFO] [1789635131.960275934] [vision_manager]: Book detected: xyz=(-0.092, -0.021, 0.411), center=(249, 224)
[INFO] [1789635132.104782940] [vision_manager]: Book detected: xyz=(-0.086, -0.179, 0.401), center=(252, 98)
[INFO] [1789635132.106449599] [vision_manager]: Book detected: xyz=(-0.108, -0.096, 0.499), center=(251, 179)
[INFO] [1789635132.108017442] [vision_manager]: Book detected: xyz=(0.734, 0.005, 0.869), center=(588, 242)
[INFO] [1789635132.109297590] [vision_manager]: Book detected: xyz=(0.655, 0.000, 0.869), center=(559, 240)
[INFO] [1789635132.110527821] [vision_manager]: Book detected: xyz=(-0.098, -0.021, 0.439), center=(249, 225)
[INFO] [1789635132.286515064] [vision_manager]: Book detected: xyz=(-0.085, -0.179, 0.401), center=(253, 98)
[INFO] [1789635132.288179498] [vision_manager]: Book detected: xyz=(-0.110, -0.096, 0.507), center=(251, 180)
[INFO] [1789635132.289656531] [vision_manager]: Book detected: xyz=(0.734, 0.005, 0.869), center=(588, 242)
[INFO] [1789635132.290982276] [vision_manager]: Book detected: xyz=(0.666, 0.000, 0.869), center=(563, 240)
[INFO] [1789635132.292728203] [vision_manager]: Book detected: xyz=(-0.098, -0.021, 0.439), center=(249, 225)
[INFO] [1789635132.436295714] [vision_manager]: Book detected: xyz=(-0.085, -0.179, 0.401), center=(253, 98)
[INFO] [1789635132.437504038] [vision_manager]: Book detected: xyz=(-0.108, -0.096, 0.499), center=(251, 179)
[INFO] [1789635132.438691061] [vision_manager]: Book detected: xyz=(0.734, 0.005, 0.869), center=(588, 242)
[INFO] [1789635132.439791622] [vision_manager]: Book detected: xyz=(0.644, 0.000, 0.869), center=(555, 240)
[INFO] [1789635132.440859503] [vision_manager]: Book detected: xyz=(-0.092, -0.021, 0.411), center=(249, 224)
[INFO] [1789635132.601617609] [vision_manager]: Book detected: xyz=(-0.086, -0.179, 0.401), center=(252, 98)
[INFO] [1789635132.602961026] [vision_manager]: Book detected: xyz=(-0.110, -0.096, 0.507), center=(251, 180)
[INFO] [1789635132.604378032] [vision_manager]: Book detected: xyz=(0.734, 0.005, 0.869), center=(588, 242)
[INFO] [1789635132.605609597] [vision_manager]: Book detected: xyz=(0.660, 0.000, 0.869), center=(561, 240)
[INFO] [1789635132.607005012] [vision_manager]: Book detected: xyz=(-0.092, -0.021, 0.411), center=(249, 224)
[INFO] [1789635132.774405529] [vision_manager]: Book detected: xyz=(-0.086, -0.179, 0.401), center=(252, 98)
[INFO] [1789635132.775529527] [vision_manager]: Book detected: xyz=(-0.108, -0.096, 0.499), center=(251, 179)
[INFO] [1789635132.776821540] [vision_manager]: Book detected: xyz=(0.734, 0.005, 0.869), center=(588, 242)
[INFO] [1789635132.777844448] [vision_manager]: Book detected: xyz=(0.655, 0.000, 0.869), center=(559, 240)
[INFO] [1789635132.778894666] [vision_manager]: Book detected: xyz=(-0.091, -0.022, 0.403), center=(248, 223)
[INFO] [1789635133.064166819] [vision_manager]: Book detected: xyz=(-0.085, -0.179, 0.401), center=(253, 98)
[INFO] [1789635133.066223754] [vision_manager]: Book detected: xyz=(-0.108, -0.096, 0.499), center=(251, 179)
[INFO] [1789635133.067597925] [vision_manager]: Book detected: xyz=(0.734, 0.005, 0.869), center=(588, 242)
[INFO] [1789635133.068891965] [vision_manager]: Book detected: xyz=(0.652, 0.000, 0.869), center=(558, 240)
[INFO] [1789635133.070166631] [vision_manager]: Book detected: xyz=(-0.090, -0.022, 0.403), center=(249, 223)
[INFO] [1789635133.303608520] [vision_manager]: Book detected: xyz=(-0.086, -0.179, 0.401), center=(252, 98)
[INFO] [1789635133.307219298] [vision_manager]: Book detected: xyz=(-0.108, -0.096, 0.491), center=(250, 178)
[INFO] [1789635133.308276068] [vision_manager]: Book detected: xyz=(0.734, 0.005, 0.869), center=(588, 242)
[INFO] [1789635133.313447151] [vision_manager]: Book detected: xyz=(0.655, 0.000, 0.869), center=(559, 240)
[INFO] [1789635133.314645001] [vision_manager]: Book detected: xyz=(-0.091, -0.023, 0.402), center=(248, 222)
[INFO] [1789635133.637604556] [vision_manager]: Book detected: xyz=(-0.085, -0.179, 0.401), center=(253, 98)
[INFO] [1789635133.640786355] [vision_manager]: Book detected: xyz=(-0.108, -0.096, 0.499), center=(251, 179)
[INFO] [1789635133.642941800] [vision_manager]: Book detected: xyz=(0.734, 0.005, 0.869), center=(588, 242)
[INFO] [1789635133.645586021] [vision_manager]: Book detected: xyz=(0.663, 0.000, 0.869), center=(562, 240)
[INFO] [1789635133.647245041] [vision_manager]: Book detected: xyz=(-0.091, -0.023, 0.402), center=(248, 222)
[INFO] [1789635134.595939536] [vision_manager]: Book detected: xyz=(-0.085, -0.179, 0.401), center=(253, 98)
[INFO] [1789635134.611790006] [vision_manager]: Book detected: xyz=(-0.108, -0.096, 0.491), center=(250, 178)
[INFO] [1789635134.615182037] [vision_manager]: Book detected: xyz=(0.734, 0.005, 0.869), center=(588, 242)
[INFO] [1789635134.617647346] [vision_manager]: Book detected: xyz=(0.638, 0.000, 0.869), center=(553, 240)
[INFO] [1789635134.621588198] [vision_manager]: Book detected: xyz=(-0.091, -0.022, 0.403), center=(248, 223)
[INFO] [1789635134.624626828] [vision_manager]: Book detected: xyz=(-0.092, 0.024, 0.401), center=(247, 259)
[INFO] [1789635135.087174889] [vision_manager]: Book detected: xyz=(-0.085, -0.180, 0.400), center=(253, 97)
[INFO] [1789635135.088722953] [vision_manager]: Book detected: xyz=(-0.110, -0.096, 0.507), center=(251, 180)
[INFO] [1789635135.090287541] [vision_manager]: Book detected: xyz=(0.734, 0.005, 0.869), center=(588, 242)
[INFO] [1789635135.091723345] [vision_manager]: Book detected: xyz=(0.647, 0.000, 0.869), center=(556, 240)
[INFO] [1789635135.093171961] [vision_manager]: Book detected: xyz=(-0.092, -0.021, 0.411), center=(249, 224)
[INFO] [1789635135.397103988] [vision_manager]: Book detected: xyz=(-0.085, -0.180, 0.400), center=(253, 97)
[INFO] [1789635135.398513672] [vision_manager]: Book detected: xyz=(-0.110, -0.096, 0.507), center=(251, 180)
[INFO] [1789635135.399847015] [vision_manager]: Book detected: xyz=(0.734, 0.005, 0.869), center=(588, 242)
[INFO] [1789635135.401211770] [vision_manager]: Book detected: xyz=(0.649, 0.000, 0.869), center=(557, 240)
[INFO] [1789635135.402461833] [vision_manager]: Book detected: xyz=(-0.090, -0.023, 0.402), center=(249, 222)
[INFO] [1789635135.644584746] [vision_manager]: Book detected: xyz=(-0.085, -0.180, 0.400), center=(253, 97)
[INFO] [1789635135.646729397] [vision_manager]: Book detected: xyz=(-0.110, -0.096, 0.507), center=(251, 180)
[INFO] [1789635135.648378768] [vision_manager]: Book detected: xyz=(0.734, 0.005, 0.869), center=(588, 242)
[INFO] [1789635135.650179002] [vision_manager]: Book detected: xyz=(0.647, 0.000, 0.869), center=(556, 240)
[INFO] [1789635135.652378689] [vision_manager]: Book detected: xyz=(-0.090, -0.022, 0.403), center=(249, 223)
[INFO] [1789635135.653985636] [vision_manager]: Book detected: xyz=(-0.090, 0.038, 0.400), center=(249, 270)
[INFO] [1789635135.863403057] [vision_manager]: Book detected: xyz=(-0.085, -0.180, 0.400), center=(253, 97)
[INFO] [1789635135.867199488] [vision_manager]: Book detected: xyz=(-0.110, -0.096, 0.507), center=(251, 180)
[INFO] [1789635135.870475171] [vision_manager]: Book detected: xyz=(0.734, 0.005, 0.869), center=(588, 242)
[INFO] [1789635135.873149022] [vision_manager]: Book detected: xyz=(0.625, 0.000, 0.869), center=(548, 240)
[INFO] [1789635135.875424780] [vision_manager]: Book detected: xyz=(-0.090, -0.023, 0.402), center=(249, 222)
[INFO] [1789635136.110766605] [vision_manager]: Book detected: xyz=(-0.085, -0.180, 0.400), center=(253, 97)
[INFO] [1789635136.112353433] [vision_manager]: Book detected: xyz=(-0.110, -0.096, 0.507), center=(251, 180)
[INFO] [1789635136.113965171] [vision_manager]: Book detected: xyz=(0.734, 0.005, 0.869), center=(588, 242)
[INFO] [1789635136.115234277] [vision_manager]: Book detected: xyz=(0.647, 0.000, 0.869), center=(556, 240)
[INFO] [1789635136.116581795] [vision_manager]: Book detected: xyz=(-0.090, -0.022, 0.403), center=(249, 223)
[INFO] [1789635136.318203332] [vision_manager]: Book detected: xyz=(-0.086, -0.180, 0.400), center=(252, 97)
[INFO] [1789635136.320154189] [vision_manager]: Book detected: xyz=(-0.110, -0.096, 0.507), center=(251, 180)
[INFO] [1789635136.322044100] [vision_manager]: Book detected: xyz=(0.734, 0.005, 0.869), center=(588, 242)
[INFO] [1789635136.324115950] [vision_manager]: Book detected: xyz=(0.636, 0.000, 0.869), center=(552, 240)
[INFO] [1789635136.325368663] [vision_manager]: Book detected: xyz=(-0.090, -0.022, 0.403), center=(249, 223)
[INFO] [1789635136.505528042] [vision_manager]: Book detected: xyz=(-0.086, -0.180, 0.400), center=(252, 97)
[INFO] [1789635136.506502289] [vision_manager]: Book detected: xyz=(-0.110, -0.096, 0.507), center=(251, 180)
[INFO] [1789635136.507427102] [vision_manager]: Book detected: xyz=(0.734, 0.005, 0.869), center=(588, 242)
[INFO] [1789635136.508324088] [vision_manager]: Book detected: xyz=(0.644, 0.000, 0.869), center=(555, 240)
[INFO] [1789635136.509196544] [vision_manager]: Book detected: xyz=(-0.090, -0.022, 0.403), center=(249, 223)
[INFO] [1789635136.639549366] [vision_manager]: Book detected: xyz=(-0.086, -0.180, 0.400), center=(252, 97)
[INFO] [1789635136.640760741] [vision_manager]: Book detected: xyz=(-0.110, -0.096, 0.507), center=(251, 180)
[INFO] [1789635136.641879616] [vision_manager]: Book detected: xyz=(0.734, 0.005, 0.869), center=(588, 242)
[INFO] [1789635136.642956865] [vision_manager]: Book detected: xyz=(0.641, 0.000, 0.869), center=(554, 240)
[INFO] [1789635136.644020777] [vision_manager]: Book detected: xyz=(-0.089, -0.022, 0.403), center=(250, 223)
[INFO] [1789635136.797312008] [vision_manager]: Book detected: xyz=(-0.086, -0.180, 0.400), center=(252, 97)
[INFO] [1789635136.798390773] [vision_manager]: Book detected: xyz=(-0.112, -0.096, 0.516), center=(251, 181)
[INFO] [1789635136.799509037] [vision_manager]: Book detected: xyz=(0.734, 0.005, 0.869), center=(588, 242)
[INFO] [1789635136.800521463] [vision_manager]: Book detected: xyz=(0.611, 0.000, 0.869), center=(543, 240)
[INFO] [1789635136.801542603] [vision_manager]: Book detected: xyz=(-0.090, -0.022, 0.403), center=(249, 223)
[INFO] [1789635136.965439313] [vision_manager]: Book detected: xyz=(-0.086, -0.180, 0.400), center=(252, 97)
[INFO] [1789635136.966712770] [vision_manager]: Book detected: xyz=(-0.114, -0.096, 0.516), center=(250, 181)
[INFO] [1789635136.967934813] [vision_manager]: Book detected: xyz=(0.734, 0.005, 0.869), center=(588, 242)
[INFO] [1789635136.969019619] [vision_manager]: Book detected: xyz=(0.636, 0.000, 0.869), center=(552, 240)
[INFO] [1789635136.970061893] [vision_manager]: Book detected: xyz=(-0.090, -0.025, 0.401), center=(249, 220)
[INFO] [1789635136.971105435] [vision_manager]: Book detected: xyz=(-0.090, 0.030, 0.400), center=(249, 264)
[INFO] [1789635137.228341973] [vision_manager]: Book detected: xyz=(-0.086, -0.180, 0.400), center=(252, 97)
[INFO] [1789635137.229632605] [vision_manager]: Book detected: xyz=(-0.114, -0.096, 0.525), center=(251, 182)
[INFO] [1789635137.230766526] [vision_manager]: Book detected: xyz=(0.734, 0.005, 0.869), center=(588, 242)
[INFO] [1789635137.231956496] [vision_manager]: Book detected: xyz=(0.638, 0.000, 0.869), center=(553, 240)
[INFO] [1789635137.232999719] [vision_manager]: Book detected: xyz=(-0.092, -0.021, 0.411), center=(249, 224)
[INFO] [1789635137.467411150] [vision_manager]: Book detected: xyz=(-0.085, -0.180, 0.400), center=(253, 97)
[INFO] [1789635137.468985042] [vision_manager]: Book detected: xyz=(-0.110, -0.096, 0.507), center=(251, 180)
[INFO] [1789635137.470464387] [vision_manager]: Book detected: xyz=(0.734, 0.005, 0.869), center=(588, 242)
[INFO] [1789635137.471900901] [vision_manager]: Book detected: xyz=(0.638, 0.000, 0.869), center=(553, 240)
[INFO] [1789635137.473162990] [vision_manager]: Book detected: xyz=(-0.091, -0.022, 0.403), center=(248, 223)
[INFO] [1789635137.474370623] [vision_manager]: Book detected: xyz=(-0.090, 0.037, 0.400), center=(249, 269)
[INFO] [1789635137.631954057] [vision_manager]: Book detected: xyz=(-0.085, -0.180, 0.400), center=(253, 97)
[INFO] [1789635137.633512333] [vision_manager]: Book detected: xyz=(-0.114, -0.096, 0.525), center=(251, 182)
[INFO] [1789635137.634903938] [vision_manager]: Book detected: xyz=(0.734, 0.005, 0.869), center=(588, 242)
[INFO] [1789635137.636124406] [vision_manager]: Book detected: xyz=(0.638, 0.000, 0.869), center=(553, 240)
[INFO] [1789635137.637418698] [vision_manager]: Book detected: xyz=(-0.090, -0.023, 0.402), center=(249, 222)
[INFO] [1789635137.638612704] [vision_manager]: Book detected: xyz=(-0.090, 0.037, 0.400), center=(249, 269)
[INFO] [1789635137.805934370] [vision_manager]: Book detected: xyz=(-0.086, -0.180, 0.400), center=(252, 97)
[INFO] [1789635137.807649506] [vision_manager]: Book detected: xyz=(-0.114, -0.096, 0.516), center=(250, 181)
[INFO] [1789635137.809734262] [vision_manager]: Book detected: xyz=(0.734, 0.005, 0.869), center=(588, 242)
[INFO] [1789635137.812128290] [vision_manager]: Book detected: xyz=(0.636, 0.000, 0.869), center=(552, 240)
[INFO] [1789635137.813592926] [vision_manager]: Book detected: xyz=(-0.093, -0.021, 0.411), center=(248, 224)
[INFO] [1789635137.815146614] [vision_manager]: Book detected: xyz=(-0.091, 0.035, 0.400), center=(248, 268)
[INFO] [1789635137.962076457] [vision_manager]: Book detected: xyz=(-0.086, -0.180, 0.400), center=(252, 97)
[INFO] [1789635137.963393699] [vision_manager]: Book detected: xyz=(-0.112, -0.096, 0.516), center=(251, 181)
[INFO] [1789635137.964449325] [vision_manager]: Book detected: xyz=(0.734, 0.005, 0.869), center=(588, 242)
[INFO] [1789635137.965732951] [vision_manager]: Book detected: xyz=(0.625, 0.000, 0.869), center=(548, 240)
[INFO] [1789635137.966728630] [vision_manager]: Book detected: xyz=(-0.091, -0.023, 0.402), center=(248, 222)
[INFO] [1789635137.967809261] [vision_manager]: Book detected: xyz=(-0.091, 0.034, 0.400), center=(248, 267)
[INFO] [1789635138.132671300] [vision_manager]: Book detected: xyz=(-0.087, -0.180, 0.400), center=(251, 97)
[INFO] [1789635138.133613891] [vision_manager]: Book detected: xyz=(-0.114, -0.096, 0.516), center=(250, 181)
[INFO] [1789635138.134479828] [vision_manager]: Book detected: xyz=(0.734, 0.005, 0.869), center=(588, 242)
[INFO] [1789635138.135352344] [vision_manager]: Book detected: xyz=(0.622, 0.000, 0.869), center=(547, 240)
[INFO] [1789635138.136195458] [vision_manager]: Book detected: xyz=(-0.091, -0.023, 0.402), center=(248, 222)
[INFO] [1789635138.274140564] [vision_manager]: Book detected: xyz=(-0.086, -0.180, 0.400), center=(252, 97)
[INFO] [1789635138.275026327] [vision_manager]: Book detected: xyz=(-0.110, -0.096, 0.507), center=(251, 180)
[INFO] [1789635138.275866466] [vision_manager]: Book detected: xyz=(0.734, 0.005, 0.869), center=(588, 242)
[INFO] [1789635138.276704927] [vision_manager]: Book detected: xyz=(0.619, 0.000, 0.869), center=(546, 240)
[INFO] [1789635138.277516134] [vision_manager]: Book detected: xyz=(-0.126, -0.004, 0.563), center=(249, 238)
[INFO] [1789635138.278088232] [vision_manager]: No placeable empty shelf position found
[INFO] [1789635138.419574817] [vision_manager]: Book detected: xyz=(-0.087, -0.180, 0.400), center=(251, 97)
[INFO] [1789635138.420542798] [vision_manager]: Book detected: xyz=(-0.114, -0.096, 0.516), center=(250, 181)
[INFO] [1789635138.421480053] [vision_manager]: Book detected: xyz=(0.734, 0.005, 0.869), center=(588, 242)
[INFO] [1789635138.422399010] [vision_manager]: Book detected: xyz=(0.619, 0.000, 0.869), center=(546, 240)
[INFO] [1789635138.423323670] [vision_manager]: Book detected: xyz=(-0.090, -0.022, 0.403), center=(249, 223)
[INFO] [1789635138.549069664] [vision_manager]: Book detected: xyz=(-0.086, -0.180, 0.400), center=(252, 97)
[INFO] [1789635138.550002558] [vision_manager]: Book detected: xyz=(-0.112, -0.096, 0.516), center=(251, 181)
[INFO] [1789635138.550895862] [vision_manager]: Book detected: xyz=(0.734, 0.005, 0.869), center=(588, 242)
[INFO] [1789635138.551785662] [vision_manager]: Book detected: xyz=(0.622, 0.000, 0.869), center=(547, 240)
[INFO] [1789635138.552658966] [vision_manager]: Book detected: xyz=(-0.126, -0.005, 0.563), center=(249, 237)
[INFO] [1789635138.553264299] [vision_manager]: No placeable empty shelf position found
[INFO] [1789635138.691746268] [vision_manager]: Book detected: xyz=(-0.086, -0.180, 0.400), center=(252, 97)
[INFO] [1789635138.692760276] [vision_manager]: Book detected: xyz=(-0.114, -0.096, 0.525), center=(251, 182)
[INFO] [1789635138.693699871] [vision_manager]: Book detected: xyz=(0.734, 0.005, 0.869), center=(588, 242)
[INFO] [1789635138.694634184] [vision_manager]: Book detected: xyz=(0.636, 0.000, 0.869), center=(552, 240)
[INFO] [1789635138.695609226] [vision_manager]: Book detected: xyz=(-0.090, -0.023, 0.402), center=(249, 222)
[INFO] [1789635138.884939970] [vision_manager]: Book detected: xyz=(-0.086, -0.180, 0.400), center=(252, 97)
[INFO] [1789635138.886311888] [vision_manager]: Book detected: xyz=(-0.114, -0.096, 0.525), center=(251, 182)
[INFO] [1789635138.887556439] [vision_manager]: Book detected: xyz=(0.734, 0.005, 0.869), center=(588, 242)
[INFO] [1789635138.888807286] [vision_manager]: Book detected: xyz=(0.627, 0.000, 0.869), center=(549, 240)
[INFO] [1789635138.890034402] [vision_manager]: Book detected: xyz=(-0.090, -0.023, 0.402), center=(249, 222)
[INFO] [1789635139.080672966] [vision_manager]: Book detected: xyz=(-0.086, -0.180, 0.400), center=(252, 97)
[INFO] [1789635139.082054820] [vision_manager]: Book detected: xyz=(-0.118, -0.096, 0.544), center=(251, 184)
[INFO] [1789635139.083293582] [vision_manager]: Book detected: xyz=(0.734, 0.005, 0.869), center=(588, 242)
[INFO] [1789635139.084346758] [vision_manager]: Book detected: xyz=(0.630, 0.000, 0.869), center=(550, 240)
[INFO] [1789635139.085394830] [vision_manager]: Book detected: xyz=(-0.090, -0.030, 0.400), center=(249, 216)
[INFO] [1789635139.086439530] [vision_manager]: Book detected: xyz=(-0.090, 0.028, 0.401), center=(249, 262)
[INFO] [1789635139.209269831] [vision_manager]: Book detected: xyz=(-0.086, -0.180, 0.400), center=(252, 97)
[INFO] [1789635139.210236131] [vision_manager]: Book detected: xyz=(-0.116, -0.096, 0.525), center=(250, 182)
[INFO] [1789635139.211152900] [vision_manager]: Book detected: xyz=(0.734, 0.005, 0.869), center=(588, 242)
[INFO] [1789635139.212060983] [vision_manager]: Book detected: xyz=(0.625, 0.000, 0.869), center=(548, 240)
[INFO] [1789635139.212965638] [vision_manager]: Book detected: xyz=(-0.092, -0.021, 0.411), center=(249, 224)
[INFO] [1789635139.213869955] [vision_manager]: Book detected: xyz=(-0.090, 0.037, 0.400), center=(249, 269)
[INFO] [1789635139.364607202] [vision_manager]: Book detected: xyz=(-0.086, -0.180, 0.400), center=(252, 97)
[INFO] [1789635139.365700885] [vision_manager]: Book detected: xyz=(-0.116, -0.096, 0.525), center=(250, 182)
[INFO] [1789635139.366760013] [vision_manager]: Book detected: xyz=(0.734, 0.005, 0.869), center=(588, 242)
[INFO] [1789635139.367807550] [vision_manager]: Book detected: xyz=(0.630, 0.000, 0.869), center=(550, 240)
[INFO] [1789635139.368850668] [vision_manager]: Book detected: xyz=(-0.090, -0.022, 0.403), center=(249, 223)
[INFO] [1789635139.482976791] [vision_manager]: Book detected: xyz=(-0.086, -0.180, 0.400), center=(252, 97)
[INFO] [1789635139.483953586] [vision_manager]: Book detected: xyz=(-0.114, -0.096, 0.516), center=(250, 181)
[INFO] [1789635139.484869109] [vision_manager]: Book detected: xyz=(0.734, 0.005, 0.869), center=(588, 242)
[INFO] [1789635139.485802922] [vision_manager]: Book detected: xyz=(0.633, 0.000, 0.869), center=(551, 240)
[INFO] [1789635139.486721566] [vision_manager]: Book detected: xyz=(-0.090, -0.022, 0.403), center=(249, 223)
[INFO] [1789635139.625693910] [vision_manager]: Book detected: xyz=(-0.087, -0.180, 0.400), center=(251, 97)
[INFO] [1789635139.626953170] [vision_manager]: Book detected: xyz=(-0.116, -0.096, 0.525), center=(250, 182)
[INFO] [1789635139.628187366] [vision_manager]: Book detected: xyz=(0.734, 0.005, 0.869), center=(588, 242)
[INFO] [1789635139.629393411] [vision_manager]: Book detected: xyz=(0.636, 0.000, 0.869), center=(552, 240)
[INFO] [1789635139.630599325] [vision_manager]: Book detected: xyz=(-0.092, -0.021, 0.411), center=(249, 224)
[INFO] [1789635139.774360661] [vision_manager]: Book detected: xyz=(-0.087, -0.180, 0.400), center=(251, 97)
[INFO] [1789635139.776259736] [vision_manager]: Book detected: xyz=(-0.116, -0.096, 0.525), center=(250, 182)
[INFO] [1789635139.777725562] [vision_manager]: Book detected: xyz=(0.734, 0.005, 0.869), center=(588, 242)
[INFO] [1789635139.779195304] [vision_manager]: Book detected: xyz=(0.627, 0.000, 0.869), center=(549, 240)
[INFO] [1789635139.780687254] [vision_manager]: Book detected: xyz=(-0.092, -0.021, 0.411), center=(249, 224)
[INFO] [1789635139.919045484] [vision_manager]: Book detected: xyz=(-0.087, -0.180, 0.400), center=(251, 97)
[INFO] [1789635139.920039185] [vision_manager]: Book detected: xyz=(-0.116, -0.096, 0.525), center=(250, 182)
[INFO] [1789635139.920979836] [vision_manager]: Book detected: xyz=(0.734, 0.005, 0.869), center=(588, 242)
[INFO] [1789635139.921923035] [vision_manager]: Book detected: xyz=(0.625, 0.000, 0.869), center=(548, 240)
[INFO] [1789635139.922851477] [vision_manager]: Book detected: xyz=(-0.100, -0.021, 0.439), center=(248, 225)
[INFO] [1789635139.923735367] [vision_manager]: Book detected: xyz=(-0.090, 0.037, 0.400), center=(249, 269)
[INFO] [1789635140.070692434] [vision_manager]: Book detected: xyz=(-0.087, -0.180, 0.400), center=(251, 97)
[INFO] [1789635140.072824030] [vision_manager]: Book detected: xyz=(-0.116, -0.096, 0.525), center=(250, 182)
[INFO] [1789635140.074403057] [vision_manager]: Book detected: xyz=(0.734, 0.005, 0.869), center=(588, 242)
[INFO] [1789635140.075845523] [vision_manager]: Book detected: xyz=(0.638, 0.000, 0.869), center=(553, 240)
[INFO] [1789635140.077190732] [vision_manager]: Book detected: xyz=(-0.091, -0.022, 0.403), center=(248, 223)
[INFO] [1789635140.078401757] [vision_manager]: Book detected: xyz=(-0.091, 0.039, 0.400), center=(248, 271)
[INFO] [1789635140.223970094] [vision_manager]: Book detected: xyz=(-0.087, -0.180, 0.400), center=(251, 97)
[INFO] [1789635140.224996686] [vision_manager]: Book detected: xyz=(-0.114, -0.096, 0.516), center=(250, 181)
[INFO] [1789635140.225969324] [vision_manager]: Book detected: xyz=(0.734, 0.005, 0.869), center=(588, 242)
[INFO] [1789635140.226935722] [vision_manager]: Book detected: xyz=(0.619, 0.000, 0.869), center=(546, 240)
[INFO] [1789635140.227893725] [vision_manager]: Book detected: xyz=(-0.093, -0.021, 0.411), center=(248, 224)
[INFO] [1789635140.228830919] [vision_manager]: Book detected: xyz=(-0.090, 0.040, 0.400), center=(249, 272)
[INFO] [1789635140.373711857] [vision_manager]: Book detected: xyz=(-0.086, -0.179, 0.401), center=(252, 98)
[INFO] [1789635140.374830484] [vision_manager]: Book detected: xyz=(-0.114, -0.096, 0.516), center=(250, 181)
[INFO] [1789635140.376153695] [vision_manager]: Book detected: xyz=(0.734, 0.005, 0.869), center=(588, 242)
[INFO] [1789635140.377702634] [vision_manager]: Book detected: xyz=(0.606, 0.000, 0.869), center=(541, 240)
[INFO] [1789635140.379354302] [vision_manager]: Book detected: xyz=(-0.093, -0.021, 0.411), center=(248, 224)
[INFO] [1789635140.380406212] [vision_manager]: Book detected: xyz=(-0.091, 0.040, 0.400), center=(248, 272)
[INFO] [1789635140.527539208] [vision_manager]: Book detected: xyz=(-0.087, -0.180, 0.400), center=(251, 97)
[INFO] [1789635140.528536891] [vision_manager]: Book detected: xyz=(-0.112, -0.096, 0.516), center=(251, 181)
[INFO] [1789635140.529490982] [vision_manager]: Book detected: xyz=(0.734, 0.005, 0.869), center=(588, 242)
[INFO] [1789635140.530413718] [vision_manager]: Book detected: xyz=(0.627, 0.000, 0.869), center=(549, 240)
[INFO] [1789635140.531339342] [vision_manager]: Book detected: xyz=(-0.092, -0.021, 0.411), center=(249, 224)
[INFO] [1789635140.660159510] [vision_manager]: Book detected: xyz=(-0.086, -0.179, 0.401), center=(252, 98)
[INFO] [1789635140.661213031] [vision_manager]: Book detected: xyz=(-0.114, -0.096, 0.516), center=(250, 181)
[INFO] [1789635140.662200973] [vision_manager]: Book detected: xyz=(0.734, 0.005, 0.869), center=(588, 242)
[INFO] [1789635140.663141590] [vision_manager]: Book detected: xyz=(0.625, 0.000, 0.869), center=(548, 240)
[INFO] [1789635140.664061022] [vision_manager]: Book detected: xyz=(-0.090, -0.022, 0.403), center=(249, 223)
[INFO] [1789635140.800626463] [vision_manager]: Book detected: xyz=(-0.086, -0.179, 0.401), center=(252, 98)
[INFO] [1789635140.803468749] [vision_manager]: Book detected: xyz=(-0.112, -0.096, 0.516), center=(251, 181)
[INFO] [1789635140.805548912] [vision_manager]: Book detected: xyz=(0.734, 0.005, 0.869), center=(588, 242)
[INFO] [1789635140.807182781] [vision_manager]: Book detected: xyz=(0.633, 0.000, 0.869), center=(551, 240)
[INFO] [1789635140.808929912] [vision_manager]: Book detected: xyz=(-0.090, -0.022, 0.403), center=(249, 223)
[INFO] [1789635140.810478703] [vision_manager]: Book detected: xyz=(-0.090, 0.040, 0.400), center=(249, 272)
[INFO] [1789635140.938219165] [vision_manager]: Book detected: xyz=(-0.087, -0.179, 0.401), center=(251, 98)
[INFO] [1789635140.939183771] [vision_manager]: Book detected: xyz=(-0.114, -0.096, 0.516), center=(250, 181)
[INFO] [1789635140.940101165] [vision_manager]: Book detected: xyz=(0.734, 0.005, 0.869), center=(588, 242)
[INFO] [1789635140.941014963] [vision_manager]: Book detected: xyz=(0.633, 0.000, 0.869), center=(551, 240)
[INFO] [1789635140.941951608] [vision_manager]: Book detected: xyz=(-0.090, -0.022, 0.403), center=(249, 223)
[INFO] [1789635141.082675424] [vision_manager]: Book detected: xyz=(-0.086, -0.179, 0.401), center=(252, 98)
[INFO] [1789635141.084121279] [vision_manager]: Book detected: xyz=(-0.114, -0.096, 0.516), center=(250, 181)
[INFO] [1789635141.085918467] [vision_manager]: Book detected: xyz=(0.734, 0.005, 0.869), center=(588, 242)
[INFO] [1789635141.087871396] [vision_manager]: Book detected: xyz=(0.630, 0.000, 0.869), center=(550, 240)
[INFO] [1789635141.089395431] [vision_manager]: Book detected: xyz=(-0.090, -0.022, 0.403), center=(249, 223)
[INFO] [1789635141.090528047] [vision_manager]: Book detected: xyz=(-0.090, 0.040, 0.400), center=(249, 272)
[INFO] [1789635141.234389711] [vision_manager]: Book detected: xyz=(-0.086, -0.179, 0.401), center=(252, 98)
[INFO] [1789635141.235535659] [vision_manager]: Book detected: xyz=(-0.114, -0.096, 0.516), center=(250, 181)
[INFO] [1789635141.236564514] [vision_manager]: Book detected: xyz=(0.734, 0.005, 0.869), center=(588, 242)
[INFO] [1789635141.237563142] [vision_manager]: Book detected: xyz=(0.630, 0.000, 0.869), center=(550, 240)
[INFO] [1789635141.238554643] [vision_manager]: Book detected: xyz=(-0.090, -0.022, 0.403), center=(249, 223)
[INFO] [1789635141.239587455] [vision_manager]: Book detected: xyz=(-0.091, 0.040, 0.400), center=(248, 272)
[INFO] [1789635141.376852862] [vision_manager]: Book detected: xyz=(-0.086, -0.179, 0.401), center=(252, 98)
[INFO] [1789635141.378647396] [vision_manager]: Book detected: xyz=(-0.114, -0.096, 0.516), center=(250, 181)
[INFO] [1789635141.380106383] [vision_manager]: Book detected: xyz=(0.734, 0.005, 0.869), center=(588, 242)
[INFO] [1789635141.381543690] [vision_manager]: Book detected: xyz=(0.614, 0.000, 0.869), center=(544, 240)
[INFO] [1789635141.382985795] [vision_manager]: Book detected: xyz=(-0.090, -0.023, 0.402), center=(249, 222)
[INFO] [1789635141.384493185] [vision_manager]: Book detected: xyz=(-0.090, 0.040, 0.400), center=(249, 272)
[INFO] [1789635141.497636206] [vision_manager]: Book detected: xyz=(-0.086, -0.180, 0.400), center=(252, 97)
[INFO] [1789635141.498630198] [vision_manager]: Book detected: xyz=(-0.114, -0.096, 0.525), center=(251, 182)
[INFO] [1789635141.499555217] [vision_manager]: Book detected: xyz=(0.734, 0.005, 0.869), center=(588, 242)
[INFO] [1789635141.500469575] [vision_manager]: Book detected: xyz=(0.611, 0.000, 0.869), center=(543, 240)
[INFO] [1789635141.501381070] [vision_manager]: Book detected: xyz=(-0.090, -0.022, 0.403), center=(249, 223)
[INFO] [1789635141.614355487] [vision_manager]: Book detected: xyz=(-0.086, -0.180, 0.400), center=(252, 97)
[INFO] [1789635141.615449513] [vision_manager]: Book detected: xyz=(-0.116, -0.096, 0.525), center=(250, 182)
[INFO] [1789635141.616496036] [vision_manager]: Book detected: xyz=(0.734, 0.005, 0.869), center=(588, 242)
[INFO] [1789635141.617567404] [vision_manager]: Book detected: xyz=(0.630, 0.000, 0.869), center=(550, 240)
[INFO] [1789635141.618623888] [vision_manager]: Book detected: xyz=(-0.090, -0.022, 0.403), center=(249, 223)
[INFO] [1789635141.745435945] [vision_manager]: Book detected: xyz=(-0.086, -0.180, 0.400), center=(252, 97)
[INFO] [1789635141.746542651] [vision_manager]: Book detected: xyz=(-0.114, -0.096, 0.516), center=(250, 181)
[INFO] [1789635141.747562855] [vision_manager]: Book detected: xyz=(0.734, 0.005, 0.869), center=(588, 242)
[INFO] [1789635141.748485393] [vision_manager]: Book detected: xyz=(0.622, 0.000, 0.869), center=(547, 240)
[INFO] [1789635141.749404253] [vision_manager]: Book detected: xyz=(-0.091, -0.022, 0.403), center=(248, 223)
[INFO] [1789635141.750321933] [vision_manager]: Book detected: xyz=(-0.091, 0.039, 0.400), center=(248, 271)
[INFO] [1789635141.884125304] [vision_manager]: Book detected: xyz=(-0.087, -0.179, 0.401), center=(251, 98)
[INFO] [1789635141.885677164] [vision_manager]: Book detected: xyz=(-0.112, -0.096, 0.507), center=(250, 180)
[INFO] [1789635141.887252426] [vision_manager]: Book detected: xyz=(0.734, 0.005, 0.869), center=(588, 242)
[INFO] [1789635141.888765198] [vision_manager]: Book detected: xyz=(0.606, 0.003, 0.869), center=(541, 241)
[INFO] [1789635141.890255918] [vision_manager]: Book detected: xyz=(-0.090, -0.022, 0.403), center=(249, 223)
[INFO] [1789635141.891662558] [vision_manager]: Book detected: xyz=(-0.090, 0.040, 0.400), center=(249, 272)
[INFO] [1789635142.002259514] [vision_manager]: Book detected: xyz=(-0.087, -0.179, 0.401), center=(251, 98)
[INFO] [1789635142.004079353] [vision_manager]: Book detected: xyz=(-0.112, -0.096, 0.507), center=(250, 180)
[INFO] [1789635142.005843545] [vision_manager]: Book detected: xyz=(0.734, 0.005, 0.869), center=(588, 242)
[INFO] [1789635142.007017935] [vision_manager]: Book detected: xyz=(0.611, 0.000, 0.869), center=(543, 240)
[INFO] [1789635142.008137089] [vision_manager]: Book detected: xyz=(-0.091, -0.022, 0.403), center=(248, 223)
[INFO] [1789635142.009111835] [vision_manager]: Book detected: xyz=(-0.090, 0.040, 0.400), center=(249, 272)
[INFO] [1789635142.121941872] [vision_manager]: Book detected: xyz=(-0.087, -0.179, 0.401), center=(251, 98)
[INFO] [1789635142.123031779] [vision_manager]: Book detected: xyz=(-0.112, -0.096, 0.507), center=(250, 180)
[INFO] [1789635142.124064023] [vision_manager]: Book detected: xyz=(0.734, 0.005, 0.869), center=(588, 242)
[INFO] [1789635142.125111194] [vision_manager]: Book detected: xyz=(0.622, 0.000, 0.869), center=(547, 240)
[INFO] [1789635142.126129303] [vision_manager]: Book detected: xyz=(-0.091, -0.022, 0.403), center=(248, 223)
[INFO] [1789635142.127108410] [vision_manager]: Book detected: xyz=(-0.091, 0.042, 0.400), center=(248, 273)
[INFO] [1789635142.255324025] [vision_manager]: Book detected: xyz=(-0.086, -0.179, 0.401), center=(252, 98)
[INFO] [1789635142.256692683] [vision_manager]: Book detected: xyz=(-0.112, -0.096, 0.507), center=(250, 180)
[INFO] [1789635142.258010741] [vision_manager]: Book detected: xyz=(0.734, 0.005, 0.869), center=(588, 242)
[INFO] [1789635142.259304273] [vision_manager]: Book detected: xyz=(0.614, 0.000, 0.869), center=(544, 240)
[INFO] [1789635142.260575128] [vision_manager]: Book detected: xyz=(-0.090, -0.023, 0.402), center=(249, 222)
[INFO] [1789635142.373498606] [vision_manager]: Book detected: xyz=(-0.087, -0.179, 0.401), center=(251, 98)
[INFO] [1789635142.375001782] [vision_manager]: Book detected: xyz=(-0.112, -0.096, 0.507), center=(250, 180)
[INFO] [1789635142.376589399] [vision_manager]: Book detected: xyz=(0.734, 0.005, 0.869), center=(588, 242)
[INFO] [1789635142.377932546] [vision_manager]: Book detected: xyz=(0.611, 0.000, 0.869), center=(543, 240)
[INFO] [1789635142.379159797] [vision_manager]: Book detected: xyz=(-0.090, -0.023, 0.402), center=(249, 222)
[INFO] [1789635142.380371281] [vision_manager]: Book detected: xyz=(-0.090, 0.038, 0.400), center=(249, 270)
[INFO] [1789635142.492154761] [vision_manager]: Book detected: xyz=(-0.087, -0.179, 0.401), center=(251, 98)
[INFO] [1789635142.493383920] [vision_manager]: Book detected: xyz=(-0.114, -0.096, 0.507), center=(249, 180)
[INFO] [1789635142.494428031] [vision_manager]: Book detected: xyz=(0.734, 0.005, 0.869), center=(588, 242)
[INFO] [1789635142.495415279] [vision_manager]: Book detected: xyz=(0.625, 0.000, 0.869), center=(548, 240)
[INFO] [1789635142.496357597] [vision_manager]: Book detected: xyz=(-0.091, -0.023, 0.402), center=(248, 222)
[INFO] [1789635142.497332697] [vision_manager]: Book detected: xyz=(-0.091, 0.038, 0.400), center=(248, 270)
[INFO] [1789635142.613895603] [vision_manager]: Book detected: xyz=(-0.086, -0.179, 0.401), center=(252, 98)
[INFO] [1789635142.614834706] [vision_manager]: Book detected: xyz=(-0.114, -0.096, 0.507), center=(249, 180)
[INFO] [1789635142.615737172] [vision_manager]: Book detected: xyz=(0.734, 0.005, 0.869), center=(588, 242)
[INFO] [1789635142.616597863] [vision_manager]: Book detected: xyz=(0.641, 0.000, 0.869), center=(554, 240)
[INFO] [1789635142.617482260] [vision_manager]: Book detected: xyz=(-0.091, -0.024, 0.402), center=(248, 221)
[INFO] [1789635142.618358551] [vision_manager]: Book detected: xyz=(-0.093, 0.039, 0.400), center=(246, 271)
[INFO] [1789635142.743273910] [vision_manager]: Book detected: xyz=(-0.086, -0.179, 0.401), center=(252, 98)
[INFO] [1789635142.744370281] [vision_manager]: Book detected: xyz=(-0.114, -0.096, 0.507), center=(249, 180)
[INFO] [1789635142.745416275] [vision_manager]: Book detected: xyz=(0.734, 0.005, 0.869), center=(588, 242)
[INFO] [1789635142.746456326] [vision_manager]: Book detected: xyz=(0.633, 0.000, 0.869), center=(551, 240)
[INFO] [1789635142.747373423] [vision_manager]: Book detected: xyz=(-0.091, -0.023, 0.402), center=(248, 222)
[INFO] [1789635142.748289568] [vision_manager]: Book detected: xyz=(-0.092, 0.034, 0.400), center=(247, 267)
[INFO] [1789635142.964167461] [vision_manager]: Book detected: xyz=(-0.087, -0.179, 0.401), center=(251, 98)
[INFO] [1789635142.965144803] [vision_manager]: Book detected: xyz=(-0.114, -0.096, 0.507), center=(249, 180)
[INFO] [1789635142.966106185] [vision_manager]: Book detected: xyz=(0.734, 0.005, 0.869), center=(588, 242)
[INFO] [1789635142.967059740] [vision_manager]: Book detected: xyz=(0.627, 0.000, 0.869), center=(549, 240)
[INFO] [1789635142.967989531] [vision_manager]: Book detected: xyz=(-0.091, -0.022, 0.403), center=(248, 223)
[INFO] [1789635142.968906569] [vision_manager]: Book detected: xyz=(-0.092, 0.040, 0.400), center=(247, 272)
[INFO] [1789635143.128021433] [vision_manager]: Book detected: xyz=(-0.087, -0.179, 0.401), center=(251, 98)
[INFO] [1789635143.129311531] [vision_manager]: Book detected: xyz=(-0.112, -0.096, 0.499), center=(249, 179)
[INFO] [1789635143.130523963] [vision_manager]: Book detected: xyz=(0.734, 0.005, 0.869), center=(588, 242)
[INFO] [1789635143.131745277] [vision_manager]: Book detected: xyz=(0.608, 0.003, 0.869), center=(542, 241)
[INFO] [1789635143.132971838] [vision_manager]: Book detected: xyz=(-0.091, -0.022, 0.403), center=(248, 223)
[INFO] [1789635143.134101602] [vision_manager]: Book detected: xyz=(-0.092, 0.035, 0.400), center=(247, 268)
[INFO] [1789635143.292260266] [vision_manager]: Book detected: xyz=(-0.087, -0.179, 0.401), center=(251, 98)
[INFO] [1789635143.293270316] [vision_manager]: Book detected: xyz=(-0.110, -0.096, 0.499), center=(250, 179)
[INFO] [1789635143.294206909] [vision_manager]: Book detected: xyz=(0.734, 0.005, 0.869), center=(588, 242)
[INFO] [1789635143.295112695] [vision_manager]: Book detected: xyz=(0.622, 0.000, 0.869), center=(547, 240)
[INFO] [1789635143.296036744] [vision_manager]: Book detected: xyz=(-0.091, -0.022, 0.403), center=(248, 223)
[INFO] [1789635143.296965275] [vision_manager]: Book detected: xyz=(-0.091, 0.039, 0.400), center=(248, 271)
[INFO] [1789635143.424557632] [vision_manager]: Book detected: xyz=(-0.087, -0.179, 0.401), center=(251, 98)
[INFO] [1789635143.425576136] [vision_manager]: Book detected: xyz=(-0.112, -0.096, 0.499), center=(249, 179)
[INFO] [1789635143.426758193] [vision_manager]: Book detected: xyz=(0.734, 0.005, 0.869), center=(588, 242)
[INFO] [1789635143.427859381] [vision_manager]: Book detected: xyz=(0.619, 0.000, 0.869), center=(546, 240)
[INFO] [1789635143.428829940] [vision_manager]: Book detected: xyz=(-0.091, -0.022, 0.403), center=(248, 223)
[INFO] [1789635143.430109795] [vision_manager]: Book detected: xyz=(-0.092, 0.039, 0.400), center=(247, 271)
[INFO] [1789635143.586793170] [vision_manager]: Book detected: xyz=(-0.087, -0.179, 0.401), center=(251, 98)
[INFO] [1789635143.587778349] [vision_manager]: Book detected: xyz=(0.734, 0.005, 0.869), center=(588, 242)
[INFO] [1789635143.588720104] [vision_manager]: Book detected: xyz=(-0.113, -0.096, 0.499), center=(248, 179)
[INFO] [1789635143.589645239] [vision_manager]: Book detected: xyz=(0.619, 0.000, 0.869), center=(546, 240)
[INFO] [1789635143.590575929] [vision_manager]: Book detected: xyz=(-0.091, -0.022, 0.403), center=(248, 223)
[INFO] [1789635143.591483688] [vision_manager]: Book detected: xyz=(-0.093, 0.040, 0.400), center=(246, 272)
[INFO] [1789635143.746155026] [vision_manager]: Book detected: xyz=(-0.087, -0.179, 0.401), center=(251, 98)
[INFO] [1789635143.747653320] [vision_manager]: Book detected: xyz=(-0.110, -0.096, 0.491), center=(249, 178)
[INFO] [1789635143.749225582] [vision_manager]: Book detected: xyz=(0.734, 0.005, 0.869), center=(588, 242)
[INFO] [1789635143.750712287] [vision_manager]: Book detected: xyz=(0.625, 0.000, 0.869), center=(548, 240)
[INFO] [1789635143.752180326] [vision_manager]: Book detected: xyz=(-0.091, -0.022, 0.403), center=(248, 223)
[INFO] [1789635143.753629510] [vision_manager]: Book detected: xyz=(-0.092, 0.035, 0.400), center=(247, 268)
[INFO] [1789635143.875105842] [vision_manager]: Book detected: xyz=(-0.086, -0.179, 0.401), center=(252, 98)
[INFO] [1789635143.876495763] [vision_manager]: Book detected: xyz=(0.734, 0.005, 0.869), center=(588, 242)
[INFO] [1789635143.878017762] [vision_manager]: Book detected: xyz=(-0.112, -0.096, 0.499), center=(249, 179)
[INFO] [1789635143.879419002] [vision_manager]: Book detected: xyz=(0.644, 0.000, 0.869), center=(555, 240)
[INFO] [1789635143.881463022] [vision_manager]: Book detected: xyz=(-0.093, -0.021, 0.411), center=(248, 224)
[INFO] [1789635143.883305604] [vision_manager]: Book detected: xyz=(-0.092, 0.037, 0.400), center=(247, 269)
[INFO] [1789635144.031813475] [vision_manager]: Book detected: xyz=(-0.086, -0.179, 0.401), center=(252, 98)
[INFO] [1789635144.033658836] [vision_manager]: Book detected: xyz=(0.734, 0.005, 0.869), center=(588, 242)
[INFO] [1789635144.035225050] [vision_manager]: Book detected: xyz=(-0.110, -0.096, 0.491), center=(249, 178)
[INFO] [1789635144.036774076] [vision_manager]: Book detected: xyz=(0.644, 0.000, 0.869), center=(555, 240)
[INFO] [1789635144.038341903] [vision_manager]: Book detected: xyz=(-0.093, -0.021, 0.411), center=(248, 224)
[INFO] [1789635144.039905072] [vision_manager]: Book detected: xyz=(-0.092, 0.040, 0.400), center=(247, 272)
[INFO] [1789635144.194616901] [vision_manager]: Book detected: xyz=(-0.086, -0.179, 0.401), center=(252, 98)
[INFO] [1789635144.195806862] [vision_manager]: Book detected: xyz=(0.734, 0.005, 0.869), center=(588, 242)
[INFO] [1789635144.196905168] [vision_manager]: Book detected: xyz=(-0.112, -0.096, 0.499), center=(249, 179)
[INFO] [1789635144.197944366] [vision_manager]: Book detected: xyz=(0.638, 0.000, 0.869), center=(553, 240)
[INFO] [1789635144.199042334] [vision_manager]: Book detected: xyz=(-0.093, -0.021, 0.411), center=(248, 224)
[INFO] [1789635144.200157704] [vision_manager]: Book detected: xyz=(-0.091, 0.039, 0.400), center=(248, 271)
[INFO] [1789635144.363625248] [vision_manager]: Book detected: xyz=(-0.087, -0.179, 0.401), center=(251, 98)
[INFO] [1789635144.365229996] [vision_manager]: Book detected: xyz=(0.734, 0.005, 0.869), center=(588, 242)
[INFO] [1789635144.366745209] [vision_manager]: Book detected: xyz=(-0.112, -0.096, 0.499), center=(249, 179)
[INFO] [1789635144.368038936] [vision_manager]: Book detected: xyz=(0.636, 0.003, 0.869), center=(552, 241)
[INFO] [1789635144.369320535] [vision_manager]: Book detected: xyz=(-0.093, -0.021, 0.411), center=(248, 224)
[INFO] [1789635144.370612620] [vision_manager]: Book detected: xyz=(-0.091, 0.043, 0.400), center=(248, 274)
[INFO] [1789635144.532722168] [vision_manager]: Book detected: xyz=(-0.087, -0.179, 0.401), center=(251, 98)
[INFO] [1789635144.534330081] [vision_manager]: Book detected: xyz=(-0.110, -0.096, 0.491), center=(249, 178)
[INFO] [1789635144.535440234] [vision_manager]: Book detected: xyz=(0.734, 0.005, 0.869), center=(588, 242)
[INFO] [1789635144.536418810] [vision_manager]: Book detected: xyz=(0.625, 0.000, 0.869), center=(548, 240)
[INFO] [1789635144.537672441] [vision_manager]: Book detected: xyz=(-0.100, -0.021, 0.439), center=(248, 225)
[INFO] [1789635144.538647241] [vision_manager]: Book detected: xyz=(-0.091, 0.042, 0.400), center=(248, 273)
[INFO] [1789635144.672591268] [vision_manager]: Book detected: xyz=(-0.087, -0.179, 0.401), center=(251, 98)
[INFO] [1789635144.674732817] [vision_manager]: Book detected: xyz=(0.737, 0.005, 0.869), center=(589, 242)
[INFO] [1789635144.677036287] [vision_manager]: Book detected: xyz=(-0.110, -0.096, 0.491), center=(249, 178)
[INFO] [1789635144.678713682] [vision_manager]: Book detected: xyz=(0.649, 0.003, 0.869), center=(557, 241)
[INFO] [1789635144.680449084] [vision_manager]: Book detected: xyz=(-0.100, -0.021, 0.439), center=(248, 225)
[INFO] [1789635144.681924579] [vision_manager]: Book detected: xyz=(-0.091, 0.042, 0.400), center=(248, 273)
[INFO] [1789635144.830291570] [vision_manager]: Book detected: xyz=(-0.087, -0.179, 0.401), center=(251, 98)
[INFO] [1789635144.832195648] [vision_manager]: Book detected: xyz=(0.737, 0.005, 0.869), center=(589, 242)
[INFO] [1789635144.833852278] [vision_manager]: Book detected: xyz=(-0.113, -0.096, 0.499), center=(248, 179)
[INFO] [1789635144.835392402] [vision_manager]: Book detected: xyz=(0.655, 0.003, 0.869), center=(559, 241)
[INFO] [1789635144.837038521] [vision_manager]: Book detected: xyz=(-0.101, -0.021, 0.439), center=(247, 225)
[INFO] [1789635144.838568462] [vision_manager]: Book detected: xyz=(-0.092, 0.043, 0.400), center=(247, 274)
[INFO] [1789635144.998946957] [vision_manager]: Book detected: xyz=(-0.086, -0.179, 0.401), center=(252, 98)
[INFO] [1789635145.001140258] [vision_manager]: Book detected: xyz=(0.734, 0.005, 0.869), center=(588, 242)
[INFO] [1789635145.003014245] [vision_manager]: Book detected: xyz=(-0.112, -0.096, 0.499), center=(249, 179)
[INFO] [1789635145.004513071] [vision_manager]: Book detected: xyz=(0.649, 0.000, 0.869), center=(557, 240)
[INFO] [1789635145.006701082] [vision_manager]: Book detected: xyz=(-0.101, -0.021, 0.439), center=(247, 225)
[INFO] [1789635145.008819694] [vision_manager]: Book detected: xyz=(-0.092, 0.042, 0.400), center=(247, 273)
[INFO] [1789635145.172636620] [vision_manager]: Book detected: xyz=(-0.086, -0.179, 0.401), center=(252, 98)
[INFO] [1789635145.173993634] [vision_manager]: Book detected: xyz=(0.737, 0.005, 0.869), center=(589, 242)
[INFO] [1789635145.175271391] [vision_manager]: Book detected: xyz=(-0.113, -0.096, 0.499), center=(248, 179)
[INFO] [1789635145.176580934] [vision_manager]: Book detected: xyz=(0.663, 0.000, 0.869), center=(562, 240)
[INFO] [1789635145.178108114] [vision_manager]: Book detected: xyz=(-0.095, -0.021, 0.411), center=(247, 224)
[INFO] [1789635145.179315045] [vision_manager]: Book detected: xyz=(-0.093, 0.043, 0.400), center=(246, 274)
[INFO] [1789635145.331155787] [vision_manager]: Book detected: xyz=(-0.086, -0.179, 0.401), center=(252, 98)
[INFO] [1789635145.332464854] [vision_manager]: Book detected: xyz=(0.734, 0.005, 0.869), center=(588, 242)
[INFO] [1789635145.333762293] [vision_manager]: Book detected: xyz=(-0.113, -0.096, 0.499), center=(248, 179)
[INFO] [1789635145.335296224] [vision_manager]: Book detected: xyz=(0.655, 0.000, 0.869), center=(559, 240)
[INFO] [1789635145.336599247] [vision_manager]: Book detected: xyz=(-0.093, -0.021, 0.411), center=(248, 224)
[INFO] [1789635145.337656833] [vision_manager]: Book detected: xyz=(-0.092, 0.040, 0.400), center=(247, 272)
[INFO] [1789635145.483983580] [vision_manager]: Book detected: xyz=(-0.086, -0.179, 0.401), center=(252, 98)
[INFO] [1789635145.485939289] [vision_manager]: Book detected: xyz=(0.734, 0.005, 0.869), center=(588, 242)
[INFO] [1789635145.487854935] [vision_manager]: Book detected: xyz=(-0.114, -0.096, 0.507), center=(249, 180)
[INFO] [1789635145.489891319] [vision_manager]: Book detected: xyz=(0.652, 0.000, 0.869), center=(558, 240)
[INFO] [1789635145.491833306] [vision_manager]: Book detected: xyz=(-0.095, -0.021, 0.411), center=(247, 224)
[INFO] [1789635145.493463721] [vision_manager]: Book detected: xyz=(-0.092, 0.042, 0.400), center=(247, 273)
[INFO] [1789635145.640190498] [vision_manager]: Book detected: xyz=(-0.086, -0.179, 0.401), center=(252, 98)
[INFO] [1789635145.641820277] [vision_manager]: Book detected: xyz=(0.734, 0.005, 0.869), center=(588, 242)
[INFO] [1789635145.643840406] [vision_manager]: Book detected: xyz=(-0.114, -0.096, 0.507), center=(249, 180)
[INFO] [1789635145.645279801] [vision_manager]: Book detected: xyz=(0.652, 0.000, 0.869), center=(558, 240)
[INFO] [1789635145.646247401] [vision_manager]: Book detected: xyz=(-0.095, -0.021, 0.411), center=(247, 224)
[INFO] [1789635145.647179803] [vision_manager]: Book detected: xyz=(-0.092, 0.042, 0.400), center=(247, 273)
[INFO] [1789635145.780548878] [vision_manager]: Book detected: xyz=(-0.086, -0.179, 0.401), center=(252, 98)
[INFO] [1789635145.782240387] [vision_manager]: Book detected: xyz=(0.734, 0.005, 0.869), center=(588, 242)
[INFO] [1789635145.783850129] [vision_manager]: Book detected: xyz=(-0.113, -0.096, 0.499), center=(248, 179)
[INFO] [1789635145.785460933] [vision_manager]: Book detected: xyz=(0.652, 0.000, 0.869), center=(558, 240)
[INFO] [1789635145.787301053] [vision_manager]: Book detected: xyz=(-0.093, -0.022, 0.403), center=(247, 223)
[INFO] [1789635145.788905244] [vision_manager]: Book detected: xyz=(-0.092, 0.040, 0.400), center=(247, 272)
[INFO] [1789635145.932685883] [vision_manager]: Book detected: xyz=(-0.086, -0.179, 0.401), center=(252, 98)
[INFO] [1789635145.934403651] [vision_manager]: Book detected: xyz=(0.734, 0.005, 0.869), center=(588, 242)
[INFO] [1789635145.936036418] [vision_manager]: Book detected: xyz=(-0.113, -0.096, 0.499), center=(248, 179)
[INFO] [1789635145.937742376] [vision_manager]: Book detected: xyz=(0.636, 0.000, 0.869), center=(552, 240)
[INFO] [1789635145.939408959] [vision_manager]: Book detected: xyz=(-0.093, -0.022, 0.403), center=(247, 223)
[INFO] [1789635145.941043583] [vision_manager]: Book detected: xyz=(-0.092, 0.039, 0.400), center=(247, 271)
[INFO] [1789635146.128457350] [vision_manager]: Book detected: xyz=(-0.086, -0.180, 0.400), center=(252, 97)
[INFO] [1789635146.130760496] [vision_manager]: Book detected: xyz=(-0.110, -0.096, 0.491), center=(249, 178)
[INFO] [1789635146.132901091] [vision_manager]: Book detected: xyz=(0.734, 0.005, 0.869), center=(588, 242)
[INFO] [1789635146.134832875] [vision_manager]: Book detected: xyz=(0.630, 0.000, 0.869), center=(550, 240)
[INFO] [1789635146.136885160] [vision_manager]: Book detected: xyz=(-0.091, -0.022, 0.403), center=(248, 223)
[INFO] [1789635146.138844289] [vision_manager]: Book detected: xyz=(-0.092, 0.039, 0.400), center=(247, 271)
[INFO] [1789635146.318596676] [vision_manager]: Book detected: xyz=(-0.086, -0.180, 0.400), center=(252, 97)
[INFO] [1789635146.320582319] [vision_manager]: Book detected: xyz=(-0.112, -0.096, 0.507), center=(250, 180)
[INFO] [1789635146.322310464] [vision_manager]: Book detected: xyz=(0.734, 0.005, 0.869), center=(588, 242)
[INFO] [1789635146.324020882] [vision_manager]: Book detected: xyz=(0.633, 0.000, 0.869), center=(551, 240)
[INFO] [1789635146.325792510] [vision_manager]: Book detected: xyz=(-0.128, 0.000, 0.563), center=(248, 240)
[INFO] [1789635146.331061539] [vision_manager]: Book detected: xyz=(-0.090, 0.039, 0.400), center=(249, 271)
[INFO] [1789635146.332178731] [vision_manager]: No placeable empty shelf position found
[INFO] [1789635146.524916109] [vision_manager]: Book detected: xyz=(-0.086, -0.180, 0.400), center=(252, 97)
[INFO] [1789635146.526712490] [vision_manager]: Book detected: xyz=(-0.114, -0.096, 0.507), center=(249, 180)
[INFO] [1789635146.528259849] [vision_manager]: Book detected: xyz=(0.734, 0.005, 0.869), center=(588, 242)
[INFO] [1789635146.529775457] [vision_manager]: Book detected: xyz=(0.649, 0.000, 0.869), center=(557, 240)
[INFO] [1789635146.531313301] [vision_manager]: Book detected: xyz=(-0.091, -0.022, 0.403), center=(248, 223)
[INFO] [1789635146.532799847] [vision_manager]: Book detected: xyz=(-0.091, 0.040, 0.400), center=(248, 272)
[INFO] [1789635146.680809313] [vision_manager]: Book detected: xyz=(-0.086, -0.179, 0.401), center=(252, 98)
[INFO] [1789635146.682237429] [vision_manager]: Book detected: xyz=(-0.112, -0.096, 0.499), center=(249, 179)
[INFO] [1789635146.683507537] [vision_manager]: Book detected: xyz=(0.734, 0.005, 0.869), center=(588, 242)
[INFO] [1789635146.684849617] [vision_manager]: Book detected: xyz=(0.633, 0.003, 0.869), center=(551, 241)
[INFO] [1789635146.686231718] [vision_manager]: Book detected: xyz=(-0.093, -0.022, 0.403), center=(247, 223)
[INFO] [1789635146.687976193] [vision_manager]: Book detected: xyz=(-0.092, 0.039, 0.400), center=(247, 271)
[INFO] [1789635146.885509981] [vision_manager]: Book detected: xyz=(-0.086, -0.180, 0.400), center=(252, 97)
[INFO] [1789635146.886952758] [vision_manager]: Book detected: xyz=(-0.112, -0.096, 0.507), center=(250, 180)
[INFO] [1789635146.888347348] [vision_manager]: Book detected: xyz=(0.734, 0.005, 0.869), center=(588, 242)
[INFO] [1789635146.889927168] [vision_manager]: Book detected: xyz=(0.638, 0.000, 0.869), center=(553, 240)
[INFO] [1789635146.891233325] [vision_manager]: Book detected: xyz=(-0.091, -0.022, 0.403), center=(248, 223)
[INFO] [1789635146.892548163] [vision_manager]: Book detected: xyz=(-0.091, 0.039, 0.400), center=(248, 271)
[INFO] [1789635147.179884969] [vision_manager]: Book detected: xyz=(-0.086, -0.180, 0.400), center=(252, 97)
[INFO] [1789635147.180861717] [vision_manager]: Book detected: xyz=(-0.110, -0.096, 0.499), center=(250, 179)
[INFO] [1789635147.181789892] [vision_manager]: Book detected: xyz=(0.734, 0.005, 0.869), center=(588, 242)
[INFO] [1789635147.182809968] [vision_manager]: Book detected: xyz=(0.625, 0.000, 0.869), center=(548, 240)
[INFO] [1789635147.183744328] [vision_manager]: Book detected: xyz=(-0.091, -0.023, 0.402), center=(248, 222)
[INFO] [1789635147.184670534] [vision_manager]: Book detected: xyz=(-0.091, 0.039, 0.400), center=(248, 271)
[INFO] [1789635147.365030114] [vision_manager]: Book detected: xyz=(-0.086, -0.180, 0.400), center=(252, 97)
[INFO] [1789635147.366207252] [vision_manager]: Book detected: xyz=(-0.110, -0.096, 0.507), center=(251, 180)
[INFO] [1789635147.367224613] [vision_manager]: Book detected: xyz=(0.734, 0.005, 0.869), center=(588, 242)
[INFO] [1789635147.368204670] [vision_manager]: Book detected: xyz=(0.636, 0.000, 0.869), center=(552, 240)
[INFO] [1789635147.369174211] [vision_manager]: Book detected: xyz=(-0.090, -0.023, 0.402), center=(249, 222)
[INFO] [1789635147.540858107] [vision_manager]: Book detected: xyz=(-0.086, -0.180, 0.400), center=(252, 97)
[INFO] [1789635147.542303032] [vision_manager]: Book detected: xyz=(-0.110, -0.096, 0.499), center=(250, 179)
[INFO] [1789635147.543693930] [vision_manager]: Book detected: xyz=(0.737, 0.005, 0.869), center=(589, 242)
[INFO] [1789635147.544957048] [vision_manager]: Book detected: xyz=(0.649, 0.000, 0.869), center=(557, 240)
[INFO] [1789635147.546224242] [vision_manager]: Book detected: xyz=(-0.091, -0.023, 0.402), center=(248, 222)
[INFO] [1789635147.547467221] [vision_manager]: Book detected: xyz=(-0.092, 0.039, 0.400), center=(247, 271)
[INFO] [1789635147.746783584] [vision_manager]: Book detected: xyz=(-0.086, -0.182, 0.400), center=(252, 96)
[INFO] [1789635147.748186488] [vision_manager]: Book detected: xyz=(-0.108, -0.096, 0.491), center=(250, 178)
[INFO] [1789635147.749683304] [vision_manager]: Book detected: xyz=(0.734, 0.005, 0.869), center=(588, 242)
[INFO] [1789635147.750947337] [vision_manager]: Book detected: xyz=(0.619, 0.000, 0.869), center=(546, 240)
[INFO] [1789635147.752138944] [vision_manager]: Book detected: xyz=(-0.128, -0.002, 0.563), center=(248, 239)
[INFO] [1789635147.753257880] [vision_manager]: Book detected: xyz=(-0.091, 0.038, 0.400), center=(248, 270)
[INFO] [1789635147.753965216] [vision_manager]: No placeable empty shelf position found
[INFO] [1789635147.891254717] [vision_manager]: Book detected: xyz=(-0.086, -0.182, 0.400), center=(252, 96)
[INFO] [1789635147.892478250] [vision_manager]: Book detected: xyz=(-0.108, -0.096, 0.499), center=(251, 179)
[INFO] [1789635147.893648469] [vision_manager]: Book detected: xyz=(0.734, 0.005, 0.869), center=(588, 242)
[INFO] [1789635147.894768515] [vision_manager]: Book detected: xyz=(0.619, 0.000, 0.869), center=(546, 240)
[INFO] [1789635147.895771361] [vision_manager]: Book detected: xyz=(-0.126, -0.004, 0.563), center=(249, 238)
[INFO] [1789635147.896467096] [vision_manager]: No placeable empty shelf position found
[INFO] [1789635148.074774865] [vision_manager]: Book detected: xyz=(-0.086, -0.182, 0.400), center=(252, 96)
[INFO] [1789635148.076506226] [vision_manager]: Book detected: xyz=(-0.110, -0.096, 0.507), center=(251, 180)
[INFO] [1789635148.078119083] [vision_manager]: Book detected: xyz=(0.734, 0.005, 0.869), center=(588, 242)
[INFO] [1789635148.079687866] [vision_manager]: Book detected: xyz=(0.630, 0.000, 0.869), center=(550, 240)
[INFO] [1789635148.081269877] [vision_manager]: Book detected: xyz=(-0.091, -0.024, 0.402), center=(248, 221)
[INFO] [1789635148.082820445] [vision_manager]: Book detected: xyz=(-0.090, 0.037, 0.400), center=(249, 269)
[INFO] [1789635148.244751513] [vision_manager]: Book detected: xyz=(-0.086, -0.182, 0.400), center=(252, 96)
[INFO] [1789635148.246636445] [vision_manager]: Book detected: xyz=(-0.110, -0.096, 0.499), center=(250, 179)
[INFO] [1789635148.248351467] [vision_manager]: Book detected: xyz=(0.734, 0.005, 0.869), center=(588, 242)
[INFO] [1789635148.249920578] [vision_manager]: Book detected: xyz=(0.636, 0.000, 0.869), center=(552, 240)
[INFO] [1789635148.251615085] [vision_manager]: Book detected: xyz=(-0.126, -0.002, 0.563), center=(249, 239)
[INFO] [1789635148.253438188] [vision_manager]: Book detected: xyz=(-0.091, 0.038, 0.400), center=(248, 270)
[INFO] [1789635148.255310060] [vision_manager]: No placeable empty shelf position found
[INFO] [1789635148.498474098] [vision_manager]: Book detected: xyz=(-0.086, -0.182, 0.400), center=(252, 96)
[INFO] [1789635148.500397584] [vision_manager]: Book detected: xyz=(-0.107, -0.096, 0.491), center=(251, 178)
[INFO] [1789635148.502321009] [vision_manager]: Book detected: xyz=(0.734, 0.005, 0.869), center=(588, 242)
[INFO] [1789635148.504281692] [vision_manager]: Book detected: xyz=(0.627, 0.000, 0.869), center=(549, 240)
[INFO] [1789635148.506081370] [vision_manager]: Book detected: xyz=(-0.126, -0.004, 0.563), center=(249, 238)
[INFO] [1789635148.507774194] [vision_manager]: Book detected: xyz=(-0.090, 0.038, 0.400), center=(249, 270)
[INFO] [1789635148.508892238] [vision_manager]: No placeable empty shelf position found
[INFO] [1789635148.686994798] [vision_manager]: Book detected: xyz=(-0.086, -0.182, 0.400), center=(252, 96)
[INFO] [1789635148.688194660] [vision_manager]: Book detected: xyz=(-0.107, -0.096, 0.483), center=(250, 177)
[INFO] [1789635148.689334653] [vision_manager]: Book detected: xyz=(0.734, 0.005, 0.869), center=(588, 242)
[INFO] [1789635148.690478215] [vision_manager]: Book detected: xyz=(0.638, 0.000, 0.869), center=(553, 240)
[INFO] [1789635148.691542675] [vision_manager]: Book detected: xyz=(-0.126, -0.004, 0.563), center=(249, 238)
[INFO] [1789635148.692341479] [vision_manager]: No placeable empty shelf position found
[INFO] [1789635148.834915046] [vision_manager]: Book detected: xyz=(-0.086, -0.182, 0.400), center=(252, 96)
[INFO] [1789635148.836044467] [vision_manager]: Book detected: xyz=(-0.108, -0.096, 0.499), center=(251, 179)
[INFO] [1789635148.837145795] [vision_manager]: Book detected: xyz=(0.734, 0.005, 0.869), center=(588, 242)
[INFO] [1789635148.838247750] [vision_manager]: Book detected: xyz=(0.644, 0.000, 0.869), center=(555, 240)
[INFO] [1789635148.839313826] [vision_manager]: Book detected: xyz=(-0.126, -0.004, 0.563), center=(249, 238)
[INFO] [1789635148.840016218] [vision_manager]: No placeable empty shelf position found
[INFO] [1789635148.979847644] [vision_manager]: Book detected: xyz=(-0.086, -0.182, 0.400), center=(252, 96)
[INFO] [1789635148.981564834] [vision_manager]: Book detected: xyz=(-0.105, -0.096, 0.483), center=(251, 177)
[INFO] [1789635148.983275133] [vision_manager]: Book detected: xyz=(0.734, 0.005, 0.869), center=(588, 242)
[INFO] [1789635148.984796859] [vision_manager]: Book detected: xyz=(0.638, 0.000, 0.869), center=(553, 240)
[INFO] [1789635148.986201297] [vision_manager]: Book detected: xyz=(-0.090, -0.024, 0.402), center=(249, 221)
[INFO] [1789635149.142336171] [vision_manager]: Book detected: xyz=(-0.086, -0.182, 0.400), center=(252, 96)
[INFO] [1789635149.144157632] [vision_manager]: Book detected: xyz=(-0.107, -0.096, 0.491), center=(251, 178)
[INFO] [1789635149.145875005] [vision_manager]: Book detected: xyz=(0.737, 0.005, 0.869), center=(589, 242)
[INFO] [1789635149.147706302] [vision_manager]: Book detected: xyz=(0.652, 0.000, 0.869), center=(558, 240)
[INFO] [1789635149.150336436] [vision_manager]: Book detected: xyz=(-0.126, -0.004, 0.563), center=(249, 238)
[INFO] [1789635149.151457625] [vision_manager]: No placeable empty shelf position found
[INFO] [1789635149.306573204] [vision_manager]: Book detected: xyz=(-0.086, -0.180, 0.400), center=(252, 97)
[INFO] [1789635149.308188472] [vision_manager]: Book detected: xyz=(-0.105, -0.096, 0.483), center=(251, 177)
[INFO] [1789635149.309600844] [vision_manager]: Book detected: xyz=(0.734, 0.005, 0.869), center=(588, 242)
[INFO] [1789635149.310978603] [vision_manager]: Book detected: xyz=(0.652, 0.000, 0.869), center=(558, 240)
[INFO] [1789635149.312406846] [vision_manager]: Book detected: xyz=(-0.126, -0.004, 0.563), center=(249, 238)
[INFO] [1789635149.313451636] [vision_manager]: No placeable empty shelf position found
[INFO] [1789635149.467860983] [vision_manager]: Book detected: xyz=(-0.086, -0.180, 0.400), center=(252, 97)
[INFO] [1789635149.469128542] [vision_manager]: Book detected: xyz=(-0.110, -0.096, 0.507), center=(251, 180)
[INFO] [1789635149.470239346] [vision_manager]: Book detected: xyz=(0.734, 0.005, 0.869), center=(588, 242)
[INFO] [1789635149.471307877] [vision_manager]: Book detected: xyz=(0.649, 0.000, 0.869), center=(557, 240)
[INFO] [1789635149.472498210] [vision_manager]: Book detected: xyz=(-0.090, -0.023, 0.402), center=(249, 222)
[INFO] [1789635149.473925609] [vision_manager]: Book detected: xyz=(-0.088, 0.038, 0.400), center=(250, 270)
[INFO] [1789635149.604964607] [vision_manager]: Book detected: xyz=(-0.086, -0.182, 0.400), center=(252, 96)
[INFO] [1789635149.605996878] [vision_manager]: Book detected: xyz=(-0.108, -0.096, 0.499), center=(251, 179)
[INFO] [1789635149.606987873] [vision_manager]: Book detected: xyz=(0.737, 0.005, 0.869), center=(589, 242)
[INFO] [1789635149.607961643] [vision_manager]: Book detected: xyz=(0.658, 0.000, 0.869), center=(560, 240)
[INFO] [1789635149.608950169] [vision_manager]: Book detected: xyz=(-0.090, -0.024, 0.402), center=(249, 221)
[INFO] [1789635149.609886374] [vision_manager]: Book detected: xyz=(-0.090, 0.038, 0.400), center=(249, 270)
[INFO] [1789635149.749266932] [vision_manager]: Book detected: xyz=(-0.086, -0.180, 0.400), center=(252, 97)
[INFO] [1789635149.750247432] [vision_manager]: Book detected: xyz=(-0.110, -0.096, 0.507), center=(251, 180)
[INFO] [1789635149.751183191] [vision_manager]: Book detected: xyz=(0.734, 0.005, 0.869), center=(588, 242)
[INFO] [1789635149.752107116] [vision_manager]: Book detected: xyz=(0.625, 0.000, 0.869), center=(548, 240)
[INFO] [1789635149.753005153] [vision_manager]: Book detected: xyz=(-0.126, 0.000, 0.563), center=(249, 240)
[INFO] [1789635149.753922218] [vision_manager]: Book detected: xyz=(-0.090, 0.037, 0.400), center=(249, 269)
[INFO] [1789635149.754567028] [vision_manager]: No placeable empty shelf position found
[INFO] [1789635149.890932976] [vision_manager]: Book detected: xyz=(-0.086, -0.180, 0.400), center=(252, 97)
[INFO] [1789635149.891997533] [vision_manager]: Book detected: xyz=(-0.108, -0.096, 0.491), center=(250, 178)
[INFO] [1789635149.892995536] [vision_manager]: Book detected: xyz=(0.734, 0.005, 0.869), center=(588, 242)
[INFO] [1789635149.893930887] [vision_manager]: Book detected: xyz=(0.647, 0.000, 0.869), center=(556, 240)
[INFO] [1789635149.894859597] [vision_manager]: Book detected: xyz=(-0.126, -0.002, 0.563), center=(249, 239)
[INFO] [1789635149.895776140] [vision_manager]: Book detected: xyz=(-0.091, 0.037, 0.400), center=(248, 269)
[INFO] [1789635149.896428249] [vision_manager]: No placeable empty shelf position found
[INFO] [1789635150.033948609] [vision_manager]: Book detected: xyz=(-0.086, -0.180, 0.400), center=(252, 97)
[INFO] [1789635150.035087991] [vision_manager]: Book detected: xyz=(-0.110, -0.096, 0.499), center=(250, 179)
[INFO] [1789635150.036173777] [vision_manager]: Book detected: xyz=(0.734, 0.005, 0.869), center=(588, 242)
[INFO] [1789635150.037189860] [vision_manager]: Book detected: xyz=(0.641, 0.000, 0.869), center=(554, 240)
[INFO] [1789635150.038160948] [vision_manager]: Book detected: xyz=(-0.126, 0.000, 0.563), center=(249, 240)
[INFO] [1789635150.039143346] [vision_manager]: Book detected: xyz=(-0.090, 0.038, 0.400), center=(249, 270)
[INFO] [1789635150.039822774] [vision_manager]: No placeable empty shelf position found
[INFO] [1789635150.187779068] [vision_manager]: Book detected: xyz=(-0.086, -0.180, 0.400), center=(252, 97)
[INFO] [1789635150.189233244] [vision_manager]: Book detected: xyz=(-0.108, -0.096, 0.491), center=(250, 178)
[INFO] [1789635150.190447221] [vision_manager]: Book detected: xyz=(0.734, 0.005, 0.869), center=(588, 242)
[INFO] [1789635150.191635884] [vision_manager]: Book detected: xyz=(0.622, 0.000, 0.869), center=(547, 240)
[INFO] [1789635150.193242118] [vision_manager]: Book detected: xyz=(-0.090, -0.022, 0.403), center=(249, 223)
[INFO] [1789635150.195374344] [vision_manager]: Book detected: xyz=(-0.090, 0.034, 0.400), center=(249, 267)
[INFO] [1789635150.349744465] [vision_manager]: Book detected: xyz=(-0.086, -0.180, 0.400), center=(252, 97)
[INFO] [1789635150.351402087] [vision_manager]: Book detected: xyz=(-0.107, -0.096, 0.491), center=(251, 178)
[INFO] [1789635150.352800969] [vision_manager]: Book detected: xyz=(0.734, 0.005, 0.869), center=(588, 242)
[INFO] [1789635150.354291565] [vision_manager]: Book detected: xyz=(0.636, 0.000, 0.869), center=(552, 240)
[INFO] [1789635150.355645663] [vision_manager]: Book detected: xyz=(-0.090, -0.022, 0.403), center=(249, 223)
[INFO] [1789635150.357021122] [vision_manager]: Book detected: xyz=(-0.090, 0.034, 0.400), center=(249, 267)
[INFO] [1789635150.499463402] [vision_manager]: Book detected: xyz=(-0.086, -0.180, 0.400), center=(252, 97)
[INFO] [1789635150.500800690] [vision_manager]: Book detected: xyz=(-0.108, -0.096, 0.499), center=(251, 179)
[INFO] [1789635150.502337354] [vision_manager]: Book detected: xyz=(0.734, 0.005, 0.869), center=(588, 242)
[INFO] [1789635150.503720982] [vision_manager]: Book detected: xyz=(0.641, 0.000, 0.869), center=(554, 240)
[INFO] [1789635150.505217458] [vision_manager]: Book detected: xyz=(-0.090, -0.023, 0.402), center=(249, 222)
[INFO] [1789635150.506929944] [vision_manager]: Book detected: xyz=(-0.088, 0.038, 0.400), center=(250, 270)
[INFO] [1789635150.641185046] [vision_manager]: Book detected: xyz=(-0.086, -0.180, 0.400), center=(252, 97)
[INFO] [1789635150.642200453] [vision_manager]: Book detected: xyz=(-0.107, -0.096, 0.491), center=(251, 178)
[INFO] [1789635150.643094112] [vision_manager]: Book detected: xyz=(0.734, 0.005, 0.869), center=(588, 242)
[INFO] [1789635150.643965544] [vision_manager]: Book detected: xyz=(0.616, 0.000, 0.869), center=(545, 240)
[INFO] [1789635150.644838014] [vision_manager]: Book detected: xyz=(-0.090, -0.023, 0.402), center=(249, 222)
[INFO] [1789635150.784240582] [vision_manager]: Book detected: xyz=(-0.086, -0.180, 0.400), center=(252, 97)
[INFO] [1789635150.785166867] [vision_manager]: Book detected: xyz=(-0.108, -0.096, 0.499), center=(251, 179)
[INFO] [1789635150.786034306] [vision_manager]: Book detected: xyz=(0.734, 0.005, 0.869), center=(588, 242)
[INFO] [1789635150.786895230] [vision_manager]: Book detected: xyz=(0.644, 0.000, 0.869), center=(555, 240)
[INFO] [1789635150.787730793] [vision_manager]: Book detected: xyz=(-0.090, -0.023, 0.402), center=(249, 222)
[INFO] [1789635150.925598763] [vision_manager]: Book detected: xyz=(-0.086, -0.180, 0.400), center=(252, 97)
[INFO] [1789635150.926760410] [vision_manager]: Book detected: xyz=(-0.108, -0.096, 0.499), center=(251, 179)
[INFO] [1789635150.927844759] [vision_manager]: Book detected: xyz=(0.737, 0.005, 0.869), center=(589, 242)
[INFO] [1789635150.928837774] [vision_manager]: Book detected: xyz=(0.658, 0.000, 0.869), center=(560, 240)
[INFO] [1789635150.929811487] [vision_manager]: Book detected: xyz=(-0.126, -0.002, 0.563), center=(249, 239)
[INFO] [1789635150.930863225] [vision_manager]: Book detected: xyz=(-0.090, 0.037, 0.400), center=(249, 269)
[INFO] [1789635150.931549661] [vision_manager]: No placeable empty shelf position found
[INFO] [1789635151.065980902] [vision_manager]: Book detected: xyz=(-0.086, -0.180, 0.400), center=(252, 97)
[INFO] [1789635151.067072002] [vision_manager]: Book detected: xyz=(-0.107, -0.096, 0.491), center=(251, 178)
[INFO] [1789635151.068082428] [vision_manager]: Book detected: xyz=(0.734, 0.005, 0.869), center=(588, 242)
[INFO] [1789635151.069074433] [vision_manager]: Book detected: xyz=(0.647, 0.000, 0.869), center=(556, 240)
[INFO] [1789635151.070103687] [vision_manager]: Book detected: xyz=(-0.090, -0.023, 0.402), center=(249, 222)
[INFO] [1789635151.208872971] [vision_manager]: Book detected: xyz=(-0.086, -0.180, 0.400), center=(252, 97)
[INFO] [1789635151.210824053] [vision_manager]: Book detected: xyz=(-0.107, -0.096, 0.491), center=(251, 178)
[INFO] [1789635151.212733436] [vision_manager]: Book detected: xyz=(0.737, 0.005, 0.869), center=(589, 242)
[INFO] [1789635151.214732932] [vision_manager]: Book detected: xyz=(0.644, 0.000, 0.869), center=(555, 240)
[INFO] [1789635151.216535204] [vision_manager]: Book detected: xyz=(-0.090, -0.023, 0.402), center=(249, 222)
[INFO] [1789635151.218115210] [vision_manager]: Book detected: xyz=(-0.091, 0.034, 0.400), center=(248, 267)
[INFO] [1789635151.377928431] [vision_manager]: Book detected: xyz=(-0.086, -0.180, 0.400), center=(252, 97)
[INFO] [1789635151.380496698] [vision_manager]: Book detected: xyz=(-0.107, -0.096, 0.491), center=(251, 178)
[INFO] [1789635151.383075703] [vision_manager]: Book detected: xyz=(0.737, 0.005, 0.869), center=(589, 242)
[INFO] [1789635151.384683851] [vision_manager]: Book detected: xyz=(0.652, 0.000, 0.869), center=(558, 240)
[INFO] [1789635151.386209470] [vision_manager]: Book detected: xyz=(-0.124, -0.004, 0.563), center=(250, 238)
[INFO] [1789635151.387092716] [vision_manager]: No placeable empty shelf position found
[INFO] [1789635151.552802110] [vision_manager]: Book detected: xyz=(-0.086, -0.180, 0.400), center=(252, 97)
[INFO] [1789635151.554284183] [vision_manager]: Book detected: xyz=(-0.105, -0.096, 0.483), center=(251, 177)
[INFO] [1789635151.555640721] [vision_manager]: Book detected: xyz=(0.734, 0.005, 0.869), center=(588, 242)
[INFO] [1789635151.556995844] [vision_manager]: Book detected: xyz=(0.647, 0.000, 0.869), center=(556, 240)
[INFO] [1789635151.558234453] [vision_manager]: Book detected: xyz=(-0.126, -0.002, 0.563), center=(249, 239)
[INFO] [1789635151.559627950] [vision_manager]: Book detected: xyz=(-0.090, 0.038, 0.400), center=(249, 270)
[INFO] [1789635151.560602128] [vision_manager]: No placeable empty shelf position found
[INFO] [1789635151.682613216] [vision_manager]: Book detected: xyz=(-0.086, -0.180, 0.400), center=(252, 97)
[INFO] [1789635151.683840844] [vision_manager]: Book detected: xyz=(-0.107, -0.096, 0.491), center=(251, 178)
[INFO] [1789635151.684898523] [vision_manager]: Book detected: xyz=(0.737, 0.005, 0.869), center=(589, 242)
[INFO] [1789635151.685926834] [vision_manager]: Book detected: xyz=(0.647, 0.000, 0.869), center=(556, 240)
[INFO] [1789635151.686957042] [vision_manager]: Book detected: xyz=(-0.126, -0.002, 0.563), center=(249, 239)
[INFO] [1789635151.687996513] [vision_manager]: Book detected: xyz=(-0.090, 0.039, 0.400), center=(249, 271)
[INFO] [1789635151.688696261] [vision_manager]: No placeable empty shelf position found
[INFO] [1789635151.823959985] [vision_manager]: Book detected: xyz=(-0.087, -0.180, 0.400), center=(251, 97)
[INFO] [1789635151.825729017] [vision_manager]: Book detected: xyz=(-0.107, -0.096, 0.491), center=(251, 178)
[INFO] [1789635151.827368843] [vision_manager]: Book detected: xyz=(0.734, 0.005, 0.869), center=(588, 242)
[INFO] [1789635151.828737695] [vision_manager]: Book detected: xyz=(0.630, 0.000, 0.869), center=(550, 240)
[INFO] [1789635151.830086700] [vision_manager]: Book detected: xyz=(-0.126, -0.002, 0.563), center=(249, 239)
[INFO] [1789635151.830940191] [vision_manager]: No placeable empty shelf position found
[INFO] [1789635151.954623531] [vision_manager]: Book detected: xyz=(-0.086, -0.180, 0.400), center=(252, 97)
[INFO] [1789635151.955577542] [vision_manager]: Book detected: xyz=(-0.107, -0.096, 0.483), center=(250, 177)
[INFO] [1789635151.956474860] [vision_manager]: Book detected: xyz=(0.734, 0.005, 0.869), center=(588, 242)
[INFO] [1789635151.957353584] [vision_manager]: Book detected: xyz=(0.625, 0.000, 0.869), center=(548, 240)
[INFO] [1789635151.958244719] [vision_manager]: Book detected: xyz=(-0.126, -0.002, 0.563), center=(249, 239)
[INFO] [1789635151.959163449] [vision_manager]: Book detected: xyz=(-0.090, 0.039, 0.400), center=(249, 271)
[INFO] [1789635151.959820609] [vision_manager]: No placeable empty shelf position found
[INFO] [1789635152.089665711] [vision_manager]: Book detected: xyz=(-0.087, -0.180, 0.400), center=(251, 97)
[INFO] [1789635152.090700789] [vision_manager]: Book detected: xyz=(-0.108, -0.096, 0.491), center=(250, 178)
[INFO] [1789635152.091684975] [vision_manager]: Book detected: xyz=(0.734, 0.005, 0.869), center=(588, 242)
[INFO] [1789635152.092665680] [vision_manager]: Book detected: xyz=(0.647, 0.000, 0.869), center=(556, 240)
[INFO] [1789635152.093657425] [vision_manager]: Book detected: xyz=(-0.090, -0.022, 0.403), center=(249, 223)
[INFO] [1789635152.094643558] [vision_manager]: Book detected: xyz=(-0.090, 0.039, 0.400), center=(249, 271)
[INFO] [1789635152.236932004] [vision_manager]: Book detected: xyz=(-0.086, -0.179, 0.401), center=(252, 98)
[INFO] [1789635152.238318416] [vision_manager]: Book detected: xyz=(-0.107, -0.096, 0.483), center=(250, 177)
[INFO] [1789635152.239631349] [vision_manager]: Book detected: xyz=(0.734, 0.005, 0.869), center=(588, 242)
[INFO] [1789635152.240951438] [vision_manager]: Book detected: xyz=(0.652, 0.000, 0.869), center=(558, 240)
[INFO] [1789635152.242182784] [vision_manager]: Book detected: xyz=(-0.126, -0.002, 0.563), center=(249, 239)
[INFO] [1789635152.243335889] [vision_manager]: Book detected: xyz=(-0.090, 0.040, 0.400), center=(249, 272)
[INFO] [1789635152.244136088] [vision_manager]: No placeable empty shelf position found
[INFO] [1789635152.377967579] [vision_manager]: Book detected: xyz=(-0.086, -0.179, 0.401), center=(252, 98)
[INFO] [1789635152.378998114] [vision_manager]: Book detected: xyz=(-0.108, -0.096, 0.491), center=(250, 178)
[INFO] [1789635152.380018820] [vision_manager]: Book detected: xyz=(0.734, 0.005, 0.869), center=(588, 242)
[INFO] [1789635152.381193338] [vision_manager]: Book detected: xyz=(0.638, 0.000, 0.869), center=(553, 240)
[INFO] [1789635152.382462542] [vision_manager]: Book detected: xyz=(-0.126, -0.002, 0.563), center=(249, 239)
[INFO] [1789635152.383582986] [vision_manager]: Book detected: xyz=(-0.091, 0.042, 0.400), center=(248, 273)
[INFO] [1789635152.384298903] [vision_manager]: No placeable empty shelf position found
[INFO] [1789635152.525083760] [vision_manager]: Book detected: xyz=(-0.086, -0.180, 0.400), center=(252, 97)
[INFO] [1789635152.526357082] [vision_manager]: Book detected: xyz=(-0.107, -0.096, 0.483), center=(250, 177)
[INFO] [1789635152.527657342] [vision_manager]: Book detected: xyz=(0.737, 0.005, 0.869), center=(589, 242)
[INFO] [1789635152.529731006] [vision_manager]: Book detected: xyz=(0.663, 0.000, 0.869), center=(562, 240)
[INFO] [1789635152.531733616] [vision_manager]: Book detected: xyz=(-0.126, -0.002, 0.563), center=(249, 239)
[INFO] [1789635152.533594294] [vision_manager]: Book detected: xyz=(-0.088, 0.039, 0.400), center=(250, 271)
[INFO] [1789635152.534638506] [vision_manager]: No placeable empty shelf position found
[INFO] [1789635152.684265954] [vision_manager]: Book detected: xyz=(-0.086, -0.180, 0.400), center=(252, 97)
[INFO] [1789635152.685310771] [vision_manager]: Book detected: xyz=(-0.108, -0.096, 0.491), center=(250, 178)
[INFO] [1789635152.686320810] [vision_manager]: Book detected: xyz=(0.734, 0.005, 0.869), center=(588, 242)
[INFO] [1789635152.687323510] [vision_manager]: Book detected: xyz=(0.647, 0.000, 0.869), center=(556, 240)
[INFO] [1789635152.688323712] [vision_manager]: Book detected: xyz=(-0.090, -0.023, 0.402), center=(249, 222)
[INFO] [1789635152.689337023] [vision_manager]: Book detected: xyz=(-0.090, 0.037, 0.400), center=(249, 269)
[INFO] [1789635152.839408154] [vision_manager]: Book detected: xyz=(-0.086, -0.180, 0.400), center=(252, 97)
[INFO] [1789635152.840540368] [vision_manager]: Book detected: xyz=(-0.108, -0.096, 0.491), center=(250, 178)
[INFO] [1789635152.841712695] [vision_manager]: Book detected: xyz=(0.734, 0.005, 0.869), center=(588, 242)
[INFO] [1789635152.842778732] [vision_manager]: Book detected: xyz=(0.647, 0.000, 0.869), center=(556, 240)
[INFO] [1789635152.843810519] [vision_manager]: Book detected: xyz=(-0.090, -0.023, 0.402), center=(249, 222)
[INFO] [1789635152.844825156] [vision_manager]: Book detected: xyz=(-0.091, 0.030, 0.400), center=(248, 264)
[INFO] [1789635152.993432387] [vision_manager]: Book detected: xyz=(-0.086, -0.180, 0.400), center=(252, 97)
[INFO] [1789635152.994789293] [vision_manager]: Book detected: xyz=(-0.110, -0.096, 0.499), center=(250, 179)
[INFO] [1789635152.996112980] [vision_manager]: Book detected: xyz=(0.734, 0.005, 0.869), center=(588, 242)
[INFO] [1789635152.997417251] [vision_manager]: Book detected: xyz=(0.641, 0.000, 0.869), center=(554, 240)
[INFO] [1789635152.998577890] [vision_manager]: Book detected: xyz=(-0.093, -0.021, 0.411), center=(248, 224)
[INFO] [1789635152.999690833] [vision_manager]: Book detected: xyz=(-0.091, 0.033, 0.400), center=(248, 266)
[INFO] [1789635153.139290809] [vision_manager]: Book detected: xyz=(-0.086, -0.179, 0.401), center=(252, 98)
[INFO] [1789635153.140982021] [vision_manager]: Book detected: xyz=(-0.112, -0.096, 0.507), center=(250, 180)
[INFO] [1789635153.190485834] [vision_manager]: Book detected: xyz=(0.734, 0.005, 0.869), center=(588, 242)
[INFO] [1789635153.191403756] [vision_manager]: Book detected: xyz=(0.641, 0.000, 0.869), center=(554, 240)
[INFO] [1789635153.192268232] [vision_manager]: Book detected: xyz=(-0.091, -0.022, 0.403), center=(248, 223)
[INFO] [1789635153.193167223] [vision_manager]: Book detected: xyz=(-0.091, 0.039, 0.400), center=(248, 271)
[INFO] [1789635153.344116748] [vision_manager]: Book detected: xyz=(-0.087, -0.180, 0.400), center=(251, 97)
[INFO] [1789635153.346308559] [vision_manager]: Book detected: xyz=(-0.110, -0.096, 0.499), center=(250, 179)
[INFO] [1789635153.348282242] [vision_manager]: Book detected: xyz=(0.734, 0.005, 0.869), center=(588, 242)
[INFO] [1789635153.349904865] [vision_manager]: Book detected: xyz=(0.649, 0.000, 0.869), center=(557, 240)
[INFO] [1789635153.351351488] [vision_manager]: Book detected: xyz=(-0.091, -0.022, 0.403), center=(248, 223)
[INFO] [1789635153.352750665] [vision_manager]: Book detected: xyz=(-0.091, 0.034, 0.400), center=(248, 267)
[INFO] [1789635153.481657588] [vision_manager]: Book detected: xyz=(-0.086, -0.180, 0.400), center=(252, 97)
[INFO] [1789635153.482615034] [vision_manager]: Book detected: xyz=(-0.112, -0.096, 0.507), center=(250, 180)
[INFO] [1789635153.483521626] [vision_manager]: Book detected: xyz=(0.734, 0.005, 0.869), center=(588, 242)
[INFO] [1789635153.484411647] [vision_manager]: Book detected: xyz=(0.660, 0.000, 0.869), center=(561, 240)
[INFO] [1789635153.485296366] [vision_manager]: Book detected: xyz=(-0.091, -0.022, 0.403), center=(248, 223)
[INFO] [1789635153.486185761] [vision_manager]: Book detected: xyz=(-0.091, 0.037, 0.400), center=(248, 269)
[INFO] [1789635153.623346041] [vision_manager]: Book detected: xyz=(-0.086, -0.180, 0.400), center=(252, 97)
[INFO] [1789635153.625096754] [vision_manager]: Book detected: xyz=(-0.112, -0.096, 0.507), center=(250, 180)
[INFO] [1789635153.626789651] [vision_manager]: Book detected: xyz=(0.734, 0.005, 0.869), center=(588, 242)
[INFO] [1789635153.628341942] [vision_manager]: Book detected: xyz=(0.658, 0.000, 0.869), center=(560, 240)
[INFO] [1789635153.629771529] [vision_manager]: Book detected: xyz=(-0.091, -0.022, 0.403), center=(248, 223)
[INFO] [1789635153.631259409] [vision_manager]: Book detected: xyz=(-0.091, 0.035, 0.400), center=(248, 268)
[INFO] [1789635153.772066642] [vision_manager]: Book detected: xyz=(-0.087, -0.180, 0.400), center=(251, 97)
[INFO] [1789635153.773187424] [vision_manager]: Book detected: xyz=(0.737, 0.005, 0.869), center=(589, 242)
[INFO] [1789635153.774272900] [vision_manager]: Book detected: xyz=(-0.114, -0.096, 0.507), center=(249, 180)
[INFO] [1789635153.775346618] [vision_manager]: Book detected: xyz=(0.660, 0.000, 0.869), center=(561, 240)
[INFO] [1789635153.776426695] [vision_manager]: Book detected: xyz=(-0.090, -0.023, 0.402), center=(249, 222)
[INFO] [1789635153.777564451] [vision_manager]: Book detected: xyz=(-0.091, 0.038, 0.400), center=(248, 270)
[INFO] [1789635153.935266520] [vision_manager]: Book detected: xyz=(-0.087, -0.180, 0.400), center=(251, 97)
[INFO] [1789635153.936618387] [vision_manager]: Book detected: xyz=(-0.114, -0.096, 0.507), center=(249, 180)
[INFO] [1789635153.937857350] [vision_manager]: Book detected: xyz=(0.734, 0.005, 0.869), center=(588, 242)
[INFO] [1789635153.939172874] [vision_manager]: Book detected: xyz=(0.663, 0.000, 0.869), center=(562, 240)
[INFO] [1789635153.940514106] [vision_manager]: Book detected: xyz=(-0.091, -0.023, 0.402), center=(248, 222)
[INFO] [1789635153.941935520] [vision_manager]: Book detected: xyz=(-0.091, 0.037, 0.400), center=(248, 269)
[INFO] [1789635154.112893303] [vision_manager]: Book detected: xyz=(-0.087, -0.180, 0.400), center=(251, 97)
[INFO] [1789635154.114432158] [vision_manager]: Book detected: xyz=(-0.114, -0.096, 0.507), center=(249, 180)
[INFO] [1789635154.115925714] [vision_manager]: Book detected: xyz=(0.734, 0.005, 0.869), center=(588, 242)
[INFO] [1789635154.117225585] [vision_manager]: Book detected: xyz=(0.647, 0.000, 0.869), center=(556, 240)
[INFO] [1789635154.118592261] [vision_manager]: Book detected: xyz=(-0.091, -0.022, 0.403), center=(248, 223)
[INFO] [1789635154.119834054] [vision_manager]: Book detected: xyz=(-0.091, 0.039, 0.400), center=(248, 271)
[INFO] [1789635154.287551143] [vision_manager]: Book detected: xyz=(-0.086, -0.180, 0.400), center=(252, 97)
[INFO] [1789635154.289683859] [vision_manager]: Book detected: xyz=(-0.110, -0.096, 0.499), center=(250, 179)
[INFO] [1789635154.291594772] [vision_manager]: Book detected: xyz=(0.734, 0.005, 0.869), center=(588, 242)
[INFO] [1789635154.293678474] [vision_manager]: Book detected: xyz=(0.652, 0.000, 0.869), center=(558, 240)
[INFO] [1789635154.295505673] [vision_manager]: Book detected: xyz=(-0.091, -0.022, 0.403), center=(248, 223)
[INFO] [1789635154.297056400] [vision_manager]: Book detected: xyz=(-0.091, 0.040, 0.400), center=(248, 272)
[INFO] [1789635154.443321211] [vision_manager]: Book detected: xyz=(-0.086, -0.180, 0.400), center=(252, 97)
[INFO] [1789635154.444515663] [vision_manager]: Book detected: xyz=(-0.108, -0.096, 0.491), center=(250, 178)
[INFO] [1789635154.445628763] [vision_manager]: Book detected: xyz=(0.734, 0.005, 0.869), center=(588, 242)
[INFO] [1789635154.446749011] [vision_manager]: Book detected: xyz=(0.636, 0.000, 0.869), center=(552, 240)
[INFO] [1789635154.447817900] [vision_manager]: Book detected: xyz=(-0.090, -0.022, 0.403), center=(249, 223)
[INFO] [1789635154.588541830] [vision_manager]: Book detected: xyz=(-0.086, -0.180, 0.400), center=(252, 97)
[INFO] [1789635154.589629361] [vision_manager]: Book detected: xyz=(-0.110, -0.096, 0.507), center=(251, 180)
[INFO] [1789635154.590691191] [vision_manager]: Book detected: xyz=(0.734, 0.005, 0.869), center=(588, 242)
[INFO] [1789635154.591631202] [vision_manager]: Book detected: xyz=(0.636, 0.000, 0.869), center=(552, 240)
[INFO] [1789635154.592548041] [vision_manager]: Book detected: xyz=(-0.090, -0.022, 0.403), center=(249, 223)
[INFO] [1789635154.717332266] [vision_manager]: Book detected: xyz=(-0.086, -0.180, 0.400), center=(252, 97)
[INFO] [1789635154.718565823] [vision_manager]: Book detected: xyz=(-0.112, -0.096, 0.507), center=(250, 180)
[INFO] [1789635154.719727224] [vision_manager]: Book detected: xyz=(0.734, 0.005, 0.869), center=(588, 242)
[INFO] [1789635154.721045562] [vision_manager]: Book detected: xyz=(0.647, 0.000, 0.869), center=(556, 240)
[INFO] [1789635154.722179287] [vision_manager]: Book detected: xyz=(-0.092, -0.021, 0.411), center=(249, 224)
[INFO] [1789635154.723315874] [vision_manager]: Book detected: xyz=(-0.090, 0.039, 0.400), center=(249, 271)
[INFO] [1789635154.862658613] [vision_manager]: Book detected: xyz=(-0.086, -0.178, 0.401), center=(252, 99)
[INFO] [1789635154.863796359] [vision_manager]: Book detected: xyz=(-0.112, -0.096, 0.507), center=(250, 180)
[INFO] [1789635154.864702419] [vision_manager]: Book detected: xyz=(0.734, 0.005, 0.869), center=(588, 242)
[INFO] [1789635154.865569301] [vision_manager]: Book detected: xyz=(0.644, 0.000, 0.869), center=(555, 240)
[INFO] [1789635154.866553150] [vision_manager]: Book detected: xyz=(-0.092, -0.021, 0.411), center=(249, 224)
[INFO] [1789635155.039561651] [vision_manager]: Book detected: xyz=(-0.086, -0.180, 0.400), center=(252, 97)
[INFO] [1789635155.040805304] [vision_manager]: Book detected: xyz=(-0.110, -0.096, 0.499), center=(250, 179)
[INFO] [1789635155.041822036] [vision_manager]: Book detected: xyz=(0.734, 0.005, 0.869), center=(588, 242)
[INFO] [1789635155.042825774] [vision_manager]: Book detected: xyz=(0.641, 0.000, 0.869), center=(554, 240)
[INFO] [1789635155.043850742] [vision_manager]: Book detected: xyz=(-0.093, -0.021, 0.411), center=(248, 224)
[INFO] [1789635155.204044888] [vision_manager]: Book detected: xyz=(-0.086, -0.180, 0.400), center=(252, 97)
[INFO] [1789635155.205251521] [vision_manager]: Book detected: xyz=(-0.110, -0.096, 0.499), center=(250, 179)
[INFO] [1789635155.206396844] [vision_manager]: Book detected: xyz=(0.734, 0.005, 0.869), center=(588, 242)
[INFO] [1789635155.207549202] [vision_manager]: Book detected: xyz=(0.633, 0.000, 0.869), center=(551, 240)
[INFO] [1789635155.208740276] [vision_manager]: Book detected: xyz=(-0.092, -0.021, 0.411), center=(249, 224)
[INFO] [1789635155.367171307] [vision_manager]: Book detected: xyz=(-0.086, -0.179, 0.401), center=(252, 98)
[INFO] [1789635155.368623029] [vision_manager]: Book detected: xyz=(-0.112, -0.096, 0.507), center=(250, 180)
[INFO] [1789635155.370010108] [vision_manager]: Book detected: xyz=(0.734, 0.005, 0.869), center=(588, 242)
[INFO] [1789635155.371412242] [vision_manager]: Book detected: xyz=(0.633, 0.000, 0.869), center=(551, 240)
[INFO] [1789635155.372957202] [vision_manager]: Book detected: xyz=(-0.092, -0.021, 0.411), center=(249, 224)
[INFO] [1789635155.500179170] [vision_manager]: Book detected: xyz=(-0.086, -0.180, 0.400), center=(252, 97)
[INFO] [1789635155.501112590] [vision_manager]: Book detected: xyz=(-0.112, -0.096, 0.507), center=(250, 180)
[INFO] [1789635155.501994849] [vision_manager]: Book detected: xyz=(0.734, 0.005, 0.869), center=(588, 242)
[INFO] [1789635155.502892392] [vision_manager]: Book detected: xyz=(0.633, 0.000, 0.869), center=(551, 240)
[INFO] [1789635155.503782144] [vision_manager]: Book detected: xyz=(-0.092, -0.021, 0.411), center=(249, 224)
[INFO] [1789635155.504668508] [vision_manager]: Book detected: xyz=(-0.090, 0.040, 0.400), center=(249, 272)
[INFO] [1789635155.640635618] [vision_manager]: Book detected: xyz=(-0.086, -0.179, 0.401), center=(252, 98)
[INFO] [1789635155.642191374] [vision_manager]: Book detected: xyz=(-0.112, -0.096, 0.507), center=(250, 180)
[INFO] [1789635155.643410836] [vision_manager]: Book detected: xyz=(0.734, 0.005, 0.869), center=(588, 242)
[INFO] [1789635155.644737788] [vision_manager]: Book detected: xyz=(0.647, 0.000, 0.869), center=(556, 240)
[INFO] [1789635155.645885255] [vision_manager]: Book detected: xyz=(-0.098, -0.021, 0.439), center=(249, 225)
[INFO] [1789635155.647247489] [vision_manager]: Book detected: xyz=(-0.091, 0.038, 0.400), center=(248, 270)
[INFO] [1789635155.757688856] [vision_manager]: Book detected: xyz=(-0.086, -0.179, 0.401), center=(252, 98)
[INFO] [1789635155.758509335] [vision_manager]: Book detected: xyz=(-0.110, -0.096, 0.499), center=(250, 179)
[INFO] [1789635155.759267643] [vision_manager]: Book detected: xyz=(0.734, 0.005, 0.869), center=(588, 242)
[INFO] [1789635155.760203922] [vision_manager]: Book detected: xyz=(0.647, 0.000, 0.869), center=(556, 240)
[INFO] [1789635155.761359095] [vision_manager]: Book detected: xyz=(-0.093, -0.021, 0.411), center=(248, 224)
[INFO] [1789635155.763030264] [vision_manager]: Book detected: xyz=(-0.090, 0.034, 0.400), center=(249, 267)
[INFO] [1789635155.908580147] [vision_manager]: Book detected: xyz=(-0.086, -0.179, 0.401), center=(252, 98)
[INFO] [1789635155.909383016] [vision_manager]: Book detected: xyz=(-0.110, -0.096, 0.499), center=(250, 179)
[INFO] [1789635155.910131311] [vision_manager]: Book detected: xyz=(0.734, 0.005, 0.869), center=(588, 242)
[INFO] [1789635155.910871151] [vision_manager]: Book detected: xyz=(0.649, 0.000, 0.869), center=(557, 240)
[INFO] [1789635155.911589921] [vision_manager]: Book detected: xyz=(-0.093, -0.021, 0.411), center=(248, 224)
[INFO] [1789635155.912297114] [vision_manager]: Book detected: xyz=(-0.091, 0.035, 0.400), center=(248, 268)
[INFO] [1789635156.040735601] [vision_manager]: Book detected: xyz=(-0.086, -0.180, 0.400), center=(252, 97)
[INFO] [1789635156.041546790] [vision_manager]: Book detected: xyz=(-0.110, -0.096, 0.499), center=(250, 179)
[INFO] [1789635156.042294342] [vision_manager]: Book detected: xyz=(0.734, 0.005, 0.869), center=(588, 242)
[INFO] [1789635156.043001612] [vision_manager]: Book detected: xyz=(0.625, 0.003, 0.869), center=(548, 241)
[INFO] [1789635156.043849646] [vision_manager]: Book detected: xyz=(-0.100, -0.021, 0.439), center=(248, 225)
[INFO] [1789635156.045022342] [vision_manager]: Book detected: xyz=(-0.091, 0.033, 0.400), center=(248, 266)
[INFO] [1789635156.188566831] [vision_manager]: Book detected: xyz=(-0.085, -0.179, 0.401), center=(253, 98)
[INFO] [1789635156.190817963] [vision_manager]: Book detected: xyz=(-0.108, -0.096, 0.499), center=(251, 179)
[INFO] [1789635156.193279590] [vision_manager]: Book detected: xyz=(0.734, 0.005, 0.869), center=(588, 242)
[INFO] [1789635156.194868107] [vision_manager]: Book detected: xyz=(0.630, 0.003, 0.869), center=(550, 241)
[INFO] [1789635156.196184671] [vision_manager]: Book detected: xyz=(-0.100, -0.021, 0.439), center=(248, 225)
[INFO] [1789635156.197122535] [vision_manager]: Book detected: xyz=(-0.091, 0.033, 0.400), center=(248, 266)
[INFO] [1789635156.333241597] [vision_manager]: Book detected: xyz=(-0.085, -0.179, 0.401), center=(253, 98)
[INFO] [1789635156.334446447] [vision_manager]: Book detected: xyz=(-0.107, -0.096, 0.491), center=(251, 178)
[INFO] [1789635156.335606513] [vision_manager]: Book detected: xyz=(0.734, 0.005, 0.869), center=(588, 242)
[INFO] [1789635156.336759288] [vision_manager]: Book detected: xyz=(0.638, 0.003, 0.869), center=(553, 241)
[INFO] [1789635156.337741210] [vision_manager]: Book detected: xyz=(-0.092, -0.021, 0.411), center=(249, 224)
[INFO] [1789635156.485565330] [vision_manager]: Book detected: xyz=(-0.085, -0.180, 0.400), center=(253, 97)
[INFO] [1789635156.486678174] [vision_manager]: Book detected: xyz=(-0.107, -0.096, 0.491), center=(251, 178)
[INFO] [1789635156.487724835] [vision_manager]: Book detected: xyz=(0.734, 0.005, 0.869), center=(588, 242)
[INFO] [1789635156.488760728] [vision_manager]: Book detected: xyz=(0.611, 0.003, 0.869), center=(543, 241)
[INFO] [1789635156.489810168] [vision_manager]: Book detected: xyz=(-0.098, -0.021, 0.439), center=(249, 225)
[INFO] [1789635156.637971545] [vision_manager]: Book detected: xyz=(-0.085, -0.180, 0.400), center=(253, 97)
[INFO] [1789635156.639289516] [vision_manager]: Book detected: xyz=(-0.107, -0.096, 0.491), center=(251, 178)
[INFO] [1789635156.640318311] [vision_manager]: Book detected: xyz=(0.734, 0.005, 0.869), center=(588, 242)
[INFO] [1789635156.641634939] [vision_manager]: Book detected: xyz=(0.627, 0.000, 0.869), center=(549, 240)
[INFO] [1789635156.642487984] [vision_manager]: Book detected: xyz=(-0.092, -0.021, 0.411), center=(249, 224)
[INFO] [1789635156.784123114] [vision_manager]: Book detected: xyz=(-0.085, -0.180, 0.400), center=(253, 97)
[INFO] [1789635156.785030510] [vision_manager]: Book detected: xyz=(-0.108, -0.096, 0.499), center=(251, 179)
[INFO] [1789635156.786025742] [vision_manager]: Book detected: xyz=(0.734, 0.005, 0.869), center=(588, 242)
[INFO] [1789635156.786947947] [vision_manager]: Book detected: xyz=(0.636, 0.000, 0.869), center=(552, 240)
[INFO] [1789635156.787713380] [vision_manager]: Book detected: xyz=(-0.092, -0.021, 0.411), center=(249, 224)
[INFO] [1789635156.923878794] [vision_manager]: Book detected: xyz=(-0.085, -0.179, 0.401), center=(253, 98)
[INFO] [1789635156.924679037] [vision_manager]: Book detected: xyz=(-0.110, -0.096, 0.499), center=(250, 179)
[INFO] [1789635156.925443540] [vision_manager]: Book detected: xyz=(0.734, 0.005, 0.869), center=(588, 242)
[INFO] [1789635156.926750899] [vision_manager]: Book detected: xyz=(0.649, 0.000, 0.869), center=(557, 240)
[INFO] [1789635156.927545112] [vision_manager]: Book detected: xyz=(-0.092, -0.021, 0.411), center=(249, 224)
[INFO] [1789635157.071243885] [vision_manager]: Book detected: xyz=(-0.085, -0.179, 0.401), center=(253, 98)
[INFO] [1789635157.072162415] [vision_manager]: Book detected: xyz=(-0.110, -0.096, 0.499), center=(250, 179)
[INFO] [1789635157.073108662] [vision_manager]: Book detected: xyz=(0.734, 0.005, 0.869), center=(588, 242)
[INFO] [1789635157.073975314] [vision_manager]: Book detected: xyz=(0.638, 0.000, 0.869), center=(553, 240)
[INFO] [1789635157.074840573] [vision_manager]: Book detected: xyz=(-0.098, -0.021, 0.439), center=(249, 225)
[INFO] [1789635157.217422813] [vision_manager]: Book detected: xyz=(-0.085, -0.179, 0.401), center=(253, 98)
[INFO] [1789635157.218239530] [vision_manager]: Book detected: xyz=(-0.108, -0.096, 0.499), center=(251, 179)
[INFO] [1789635157.219001736] [vision_manager]: Book detected: xyz=(0.734, 0.005, 0.869), center=(588, 242)
[INFO] [1789635157.219760746] [vision_manager]: Book detected: xyz=(0.644, 0.000, 0.869), center=(555, 240)
[INFO] [1789635157.220523022] [vision_manager]: Book detected: xyz=(-0.098, -0.021, 0.439), center=(249, 225)
[INFO] [1789635157.350438812] [vision_manager]: Book detected: xyz=(-0.085, -0.180, 0.400), center=(253, 97)
[INFO] [1789635157.351853127] [vision_manager]: Book detected: xyz=(-0.110, -0.096, 0.507), center=(251, 180)
[INFO] [1789635157.353104463] [vision_manager]: Book detected: xyz=(0.734, 0.005, 0.869), center=(588, 242)
[INFO] [1789635157.354511149] [vision_manager]: Book detected: xyz=(0.652, 0.000, 0.869), center=(558, 240)
[INFO] [1789635157.355834743] [vision_manager]: Book detected: xyz=(-0.098, -0.021, 0.439), center=(249, 225)
[INFO] [1789635157.480551300] [vision_manager]: Book detected: xyz=(-0.085, -0.180, 0.400), center=(253, 97)
[INFO] [1789635157.481392648] [vision_manager]: Book detected: xyz=(-0.110, -0.096, 0.507), center=(251, 180)
[INFO] [1789635157.482348726] [vision_manager]: Book detected: xyz=(0.734, 0.005, 0.869), center=(588, 242)
[INFO] [1789635157.483790728] [vision_manager]: Book detected: xyz=(0.660, 0.000, 0.869), center=(561, 240)
[INFO] [1789635157.485085169] [vision_manager]: Book detected: xyz=(-0.106, -0.021, 0.472), center=(249, 226)
[INFO] [1789635157.485978209] [vision_manager]: No placeable empty shelf position found
[INFO] [1789635157.622862911] [vision_manager]: Book detected: xyz=(-0.085, -0.180, 0.400), center=(253, 97)
[INFO] [1789635157.623755271] [vision_manager]: Book detected: xyz=(-0.110, -0.096, 0.507), center=(251, 180)
[INFO] [1789635157.624573126] [vision_manager]: Book detected: xyz=(0.734, 0.005, 0.869), center=(588, 242)
[INFO] [1789635157.625374287] [vision_manager]: Book detected: xyz=(0.658, 0.000, 0.869), center=(560, 240)
[INFO] [1789635157.626143946] [vision_manager]: Book detected: xyz=(-0.107, -0.021, 0.472), center=(248, 226)
[INFO] [1789635157.626893686] [vision_manager]: Book detected: xyz=(-0.091, 0.037, 0.400), center=(248, 269)
[INFO] [1789635157.627401213] [vision_manager]: No placeable empty shelf position found
[INFO] [1789635157.778690530] [vision_manager]: Book detected: xyz=(-0.085, -0.180, 0.400), center=(253, 97)
[INFO] [1789635157.780455524] [vision_manager]: Book detected: xyz=(-0.112, -0.096, 0.516), center=(251, 181)
[INFO] [1789635157.782383549] [vision_manager]: Book detected: xyz=(0.734, 0.005, 0.869), center=(588, 242)
[INFO] [1789635157.784198534] [vision_manager]: Book detected: xyz=(0.663, 0.000, 0.869), center=(562, 240)
[INFO] [1789635157.785934541] [vision_manager]: Book detected: xyz=(-0.098, -0.021, 0.439), center=(249, 225)
[INFO] [1789635157.787500102] [vision_manager]: Book detected: xyz=(-0.091, 0.040, 0.400), center=(248, 272)
[INFO] [1789635157.948690886] [vision_manager]: Book detected: xyz=(-0.085, -0.180, 0.400), center=(253, 97)
[INFO] [1789635157.950392237] [vision_manager]: Book detected: xyz=(-0.112, -0.096, 0.516), center=(251, 181)
[INFO] [1789635157.951965074] [vision_manager]: Book detected: xyz=(0.734, 0.005, 0.869), center=(588, 242)
[INFO] [1789635157.953617691] [vision_manager]: Book detected: xyz=(0.649, 0.000, 0.869), center=(557, 240)
[INFO] [1789635157.955232577] [vision_manager]: Book detected: xyz=(-0.098, -0.021, 0.439), center=(249, 225)
[INFO] [1789635157.956799494] [vision_manager]: Book detected: xyz=(-0.090, 0.043, 0.400), center=(249, 274)
[INFO] [1789635158.111449410] [vision_manager]: Book detected: xyz=(-0.085, -0.180, 0.400), center=(253, 97)
[INFO] [1789635158.112987318] [vision_manager]: Book detected: xyz=(-0.112, -0.096, 0.516), center=(251, 181)
[INFO] [1789635158.114382356] [vision_manager]: Book detected: xyz=(0.734, 0.005, 0.869), center=(588, 242)
[INFO] [1789635158.115440924] [vision_manager]: Book detected: xyz=(0.647, 0.000, 0.869), center=(556, 240)
[INFO] [1789635158.116535091] [vision_manager]: Book detected: xyz=(-0.098, -0.021, 0.439), center=(249, 225)
[INFO] [1789635158.254591754] [vision_manager]: Book detected: xyz=(-0.085, -0.180, 0.400), center=(253, 97)
[INFO] [1789635158.255493715] [vision_manager]: Book detected: xyz=(-0.112, -0.096, 0.516), center=(251, 181)
[INFO] [1789635158.262214330] [vision_manager]: Book detected: xyz=(0.734, 0.005, 0.869), center=(588, 242)
[INFO] [1789635158.263105463] [vision_manager]: Book detected: xyz=(0.655, 0.000, 0.869), center=(559, 240)
[INFO] [1789635158.263834564] [vision_manager]: Book detected: xyz=(-0.098, -0.021, 0.439), center=(249, 225)
[INFO] [1789635158.264570707] [vision_manager]: Book detected: xyz=(-0.091, 0.039, 0.400), center=(248, 271)
[INFO] [1789635158.419012334] [vision_manager]: Book detected: xyz=(-0.085, -0.180, 0.400), center=(253, 97)
[INFO] [1789635158.420165153] [vision_manager]: Book detected: xyz=(-0.114, -0.096, 0.516), center=(250, 181)
[INFO] [1789635158.421233634] [vision_manager]: Book detected: xyz=(0.734, 0.005, 0.869), center=(588, 242)
[INFO] [1789635158.422535751] [vision_manager]: Book detected: xyz=(0.649, 0.000, 0.869), center=(557, 240)
[INFO] [1789635158.423551771] [vision_manager]: Book detected: xyz=(-0.090, -0.023, 0.402), center=(249, 222)
[INFO] [1789635158.426067123] [vision_manager]: Book detected: xyz=(-0.092, 0.040, 0.400), center=(247, 272)
[INFO] [1789635158.570689207] [vision_manager]: Book detected: xyz=(-0.085, -0.180, 0.400), center=(253, 97)
[INFO] [1789635158.572224440] [vision_manager]: Book detected: xyz=(-0.112, -0.096, 0.507), center=(250, 180)
[INFO] [1789635158.573334582] [vision_manager]: Book detected: xyz=(0.734, 0.005, 0.869), center=(588, 242)
[INFO] [1789635158.574219376] [vision_manager]: Book detected: xyz=(0.641, 0.000, 0.869), center=(554, 240)
[INFO] [1789635158.575065254] [vision_manager]: Book detected: xyz=(-0.090, -0.025, 0.401), center=(249, 220)
[INFO] [1789635158.575909412] [vision_manager]: Book detected: xyz=(-0.092, 0.040, 0.400), center=(247, 272)
[INFO] [1789635158.725250875] [vision_manager]: Book detected: xyz=(-0.085, -0.180, 0.400), center=(253, 97)
[INFO] [1789635158.726518402] [vision_manager]: Book detected: xyz=(-0.110, -0.096, 0.507), center=(251, 180)
[INFO] [1789635158.727734285] [vision_manager]: Book detected: xyz=(0.734, 0.005, 0.869), center=(588, 242)
[INFO] [1789635158.728926461] [vision_manager]: Book detected: xyz=(0.658, 0.000, 0.869), center=(560, 240)
[INFO] [1789635158.730134856] [vision_manager]: Book detected: xyz=(-0.100, -0.021, 0.439), center=(248, 225)
[INFO] [1789635158.731270641] [vision_manager]: Book detected: xyz=(-0.091, 0.040, 0.400), center=(248, 272)
[INFO] [1789635158.876818114] [vision_manager]: Book detected: xyz=(-0.085, -0.180, 0.400), center=(253, 97)
[INFO] [1789635158.877623323] [vision_manager]: Book detected: xyz=(-0.110, -0.096, 0.507), center=(251, 180)
[INFO] [1789635158.878390544] [vision_manager]: Book detected: xyz=(0.734, 0.005, 0.869), center=(588, 242)
[INFO] [1789635158.879153627] [vision_manager]: Book detected: xyz=(0.655, 0.000, 0.869), center=(559, 240)
[INFO] [1789635158.879894095] [vision_manager]: Book detected: xyz=(-0.088, -0.028, 0.401), center=(250, 218)
[INFO] [1789635158.880646050] [vision_manager]: Book detected: xyz=(-0.091, 0.039, 0.400), center=(248, 271)
[INFO] [1789635159.042439383] [vision_manager]: Book detected: xyz=(-0.085, -0.180, 0.400), center=(253, 97)
[INFO] [1789635159.043532414] [vision_manager]: Book detected: xyz=(-0.112, -0.096, 0.507), center=(250, 180)
[INFO] [1789635159.044584375] [vision_manager]: Book detected: xyz=(0.734, 0.005, 0.869), center=(588, 242)
[INFO] [1789635159.045628715] [vision_manager]: Book detected: xyz=(0.641, 0.000, 0.869), center=(554, 240)
[INFO] [1789635159.046624545] [vision_manager]: Book detected: xyz=(-0.090, -0.027, 0.401), center=(249, 219)
[INFO] [1789635159.047573855] [vision_manager]: Book detected: xyz=(-0.091, 0.042, 0.400), center=(248, 273)
[INFO] [1789635159.193116530] [vision_manager]: Book detected: xyz=(-0.085, -0.180, 0.400), center=(253, 97)
[INFO] [1789635159.194682244] [vision_manager]: Book detected: xyz=(-0.112, -0.096, 0.516), center=(251, 181)
[INFO] [1789635159.196110586] [vision_manager]: Book detected: xyz=(0.734, 0.005, 0.869), center=(588, 242)
[INFO] [1789635159.197546251] [vision_manager]: Book detected: xyz=(0.660, 0.000, 0.869), center=(561, 240)
[INFO] [1789635159.198936669] [vision_manager]: Book detected: xyz=(-0.092, -0.021, 0.411), center=(249, 224)
[INFO] [1789635159.200177697] [vision_manager]: Book detected: xyz=(-0.090, 0.042, 0.400), center=(249, 273)
[INFO] [1789635159.353109330] [vision_manager]: Book detected: xyz=(-0.086, -0.180, 0.400), center=(252, 97)
[INFO] [1789635159.354074856] [vision_manager]: Book detected: xyz=(-0.112, -0.096, 0.507), center=(250, 180)
[INFO] [1789635159.354996065] [vision_manager]: Book detected: xyz=(0.734, 0.005, 0.869), center=(588, 242)
[INFO] [1789635159.355885873] [vision_manager]: Book detected: xyz=(0.649, 0.000, 0.869), center=(557, 240)
[INFO] [1789635159.356777845] [vision_manager]: Book detected: xyz=(-0.090, -0.023, 0.402), center=(249, 222)
[INFO] [1789635159.357667117] [vision_manager]: Book detected: xyz=(-0.091, 0.040, 0.400), center=(248, 272)
[INFO] [1789635159.499518117] [vision_manager]: Book detected: xyz=(-0.086, -0.180, 0.400), center=(252, 97)
[INFO] [1789635159.500842861] [vision_manager]: Book detected: xyz=(-0.112, -0.096, 0.507), center=(250, 180)
[INFO] [1789635159.502139514] [vision_manager]: Book detected: xyz=(0.734, 0.005, 0.869), center=(588, 242)
[INFO] [1789635159.503381275] [vision_manager]: Book detected: xyz=(0.649, 0.000, 0.869), center=(557, 240)
[INFO] [1789635159.504598008] [vision_manager]: Book detected: xyz=(-0.090, -0.024, 0.402), center=(249, 221)
[INFO] [1789635159.505736160] [vision_manager]: Book detected: xyz=(-0.090, 0.039, 0.400), center=(249, 271)
[INFO] [1789635159.645852770] [vision_manager]: Book detected: xyz=(-0.086, -0.180, 0.400), center=(252, 97)
[INFO] [1789635159.647356536] [vision_manager]: Book detected: xyz=(-0.112, -0.096, 0.507), center=(250, 180)
[INFO] [1789635159.648822640] [vision_manager]: Book detected: xyz=(0.734, 0.005, 0.869), center=(588, 242)
[INFO] [1789635159.650054828] [vision_manager]: Book detected: xyz=(0.644, 0.000, 0.869), center=(555, 240)
[INFO] [1789635159.651260347] [vision_manager]: Book detected: xyz=(-0.090, -0.024, 0.402), center=(249, 221)
[INFO] [1789635159.652504820] [vision_manager]: Book detected: xyz=(-0.091, 0.037, 0.400), center=(248, 269)
[INFO] [1789635159.787492528] [vision_manager]: Book detected: xyz=(-0.086, -0.180, 0.400), center=(252, 97)
[INFO] [1789635159.789011268] [vision_manager]: Book detected: xyz=(-0.114, -0.096, 0.516), center=(250, 181)
[INFO] [1789635159.790464890] [vision_manager]: Book detected: xyz=(0.734, 0.005, 0.869), center=(588, 242)
[INFO] [1789635159.791892901] [vision_manager]: Book detected: xyz=(0.644, 0.000, 0.869), center=(555, 240)
[INFO] [1789635159.793266409] [vision_manager]: Book detected: xyz=(-0.090, -0.022, 0.403), center=(249, 223)
[INFO] [1789635159.794475162] [vision_manager]: Book detected: xyz=(-0.090, 0.028, 0.401), center=(249, 262)
[INFO] [1789635159.998993610] [vision_manager]: Book detected: xyz=(-0.086, -0.180, 0.400), center=(252, 97)
[INFO] [1789635160.000032018] [vision_manager]: Book detected: xyz=(-0.114, -0.096, 0.516), center=(250, 181)
[INFO] [1789635160.000918634] [vision_manager]: Book detected: xyz=(0.734, 0.005, 0.869), center=(588, 242)
[INFO] [1789635160.001796229] [vision_manager]: Book detected: xyz=(0.641, 0.000, 0.869), center=(554, 240)
[INFO] [1789635160.002681067] [vision_manager]: Book detected: xyz=(-0.089, -0.022, 0.403), center=(250, 223)
[INFO] [1789635160.003560431] [vision_manager]: Book detected: xyz=(-0.090, 0.035, 0.400), center=(249, 268)
[INFO] [1789635160.140626284] [vision_manager]: Book detected: xyz=(-0.086, -0.180, 0.400), center=(252, 97)
[INFO] [1789635160.142279656] [vision_manager]: Book detected: xyz=(-0.110, -0.096, 0.499), center=(250, 179)
[INFO] [1789635160.143793710] [vision_manager]: Book detected: xyz=(0.734, 0.005, 0.869), center=(588, 242)
[INFO] [1789635160.145103854] [vision_manager]: Book detected: xyz=(0.644, 0.000, 0.869), center=(555, 240)
[INFO] [1789635160.146403139] [vision_manager]: Book detected: xyz=(-0.128, -0.089, 0.563), center=(248, 190)
[INFO] [1789635160.147677756] [vision_manager]: Book detected: xyz=(-0.091, 0.035, 0.400), center=(248, 268)
[INFO] [1789635160.148949455] [vision_manager]: Book detected: xyz=(-0.126, -0.007, 0.563), center=(249, 236)
[INFO] [1789635160.149803628] [vision_manager]: No placeable empty shelf position found
[INFO] [1789635160.275076933] [vision_manager]: Book detected: xyz=(-0.086, -0.180, 0.400), center=(252, 97)
[INFO] [1789635160.277117916] [vision_manager]: Book detected: xyz=(-0.112, -0.096, 0.507), center=(250, 180)
[INFO] [1789635160.279226999] [vision_manager]: Book detected: xyz=(0.734, 0.005, 0.869), center=(588, 242)
[INFO] [1789635160.280435431] [vision_manager]: Book detected: xyz=(0.630, 0.000, 0.869), center=(550, 240)
[INFO] [1789635160.281487552] [vision_manager]: Book detected: xyz=(-0.128, -0.083, 0.563), center=(248, 193)
[INFO] [1789635160.282523070] [vision_manager]: Book detected: xyz=(-0.091, 0.025, 0.401), center=(248, 260)
[INFO] [1789635160.283534608] [vision_manager]: Book detected: xyz=(-0.126, -0.005, 0.563), center=(249, 237)
[INFO] [1789635160.284213997] [vision_manager]: No placeable empty shelf position found
[INFO] [1789635160.413178981] [vision_manager]: Book detected: xyz=(-0.086, -0.180, 0.400), center=(252, 97)
[INFO] [1789635160.414226888] [vision_manager]: Book detected: xyz=(-0.114, -0.096, 0.516), center=(250, 181)
[INFO] [1789635160.415147335] [vision_manager]: Book detected: xyz=(0.734, 0.005, 0.869), center=(588, 242)
[INFO] [1789635160.416061556] [vision_manager]: Book detected: xyz=(0.638, 0.000, 0.869), center=(553, 240)
[INFO] [1789635160.416972972] [vision_manager]: Book detected: xyz=(-0.090, -0.022, 0.403), center=(249, 223)
[INFO] [1789635160.417912083] [vision_manager]: Book detected: xyz=(-0.092, 0.033, 0.400), center=(247, 266)
[INFO] [1789635160.552808253] [vision_manager]: Book detected: xyz=(-0.086, -0.180, 0.400), center=(252, 97)
[INFO] [1789635160.553887609] [vision_manager]: Book detected: xyz=(-0.114, -0.096, 0.516), center=(250, 181)
[INFO] [1789635160.554927253] [vision_manager]: Book detected: xyz=(0.734, 0.005, 0.869), center=(588, 242)
[INFO] [1789635160.555974877] [vision_manager]: Book detected: xyz=(0.630, 0.000, 0.869), center=(550, 240)
[INFO] [1789635160.557023947] [vision_manager]: Book detected: xyz=(-0.098, -0.021, 0.439), center=(249, 225)
[INFO] [1789635160.558097350] [vision_manager]: Book detected: xyz=(-0.092, 0.032, 0.400), center=(247, 265)
[INFO] [1789635160.693175287] [vision_manager]: Book detected: xyz=(-0.086, -0.180, 0.400), center=(252, 97)
[INFO] [1789635160.694269207] [vision_manager]: Book detected: xyz=(-0.114, -0.096, 0.516), center=(250, 181)
[INFO] [1789635160.695425446] [vision_manager]: Book detected: xyz=(0.734, 0.005, 0.869), center=(588, 242)
[INFO] [1789635160.696399328] [vision_manager]: Book detected: xyz=(0.614, 0.000, 0.869), center=(544, 240)
[INFO] [1789635160.697460316] [vision_manager]: Book detected: xyz=(-0.098, -0.021, 0.439), center=(249, 225)
[INFO] [1789635160.698463274] [vision_manager]: Book detected: xyz=(-0.091, 0.030, 0.400), center=(248, 264)
[INFO] [1789635160.829758645] [vision_manager]: Book detected: xyz=(-0.086, -0.180, 0.400), center=(252, 97)
[INFO] [1789635160.830623347] [vision_manager]: Book detected: xyz=(-0.114, -0.096, 0.525), center=(251, 182)
[INFO] [1789635160.831452501] [vision_manager]: Book detected: xyz=(0.734, 0.005, 0.869), center=(588, 242)
[INFO] [1789635160.832269197] [vision_manager]: Book detected: xyz=(0.636, 0.000, 0.869), center=(552, 240)
[INFO] [1789635160.833132771] [vision_manager]: Book detected: xyz=(-0.091, -0.021, 0.411), center=(250, 224)
[INFO] [1789635160.833903280] [vision_manager]: Book detected: xyz=(-0.091, 0.033, 0.400), center=(248, 266)
[INFO] [1789635160.979040388] [vision_manager]: Book detected: xyz=(-0.085, -0.180, 0.400), center=(253, 97)
[INFO] [1789635160.980545536] [vision_manager]: Book detected: xyz=(-0.114, -0.096, 0.525), center=(251, 182)
[INFO] [1789635160.981826757] [vision_manager]: Book detected: xyz=(0.734, 0.005, 0.869), center=(588, 242)
[INFO] [1789635160.983074605] [vision_manager]: Book detected: xyz=(0.638, 0.000, 0.869), center=(553, 240)
[INFO] [1789635160.984286554] [vision_manager]: Book detected: xyz=(-0.092, -0.021, 0.411), center=(249, 224)
[INFO] [1789635160.985591514] [vision_manager]: Book detected: xyz=(-0.092, 0.028, 0.401), center=(247, 262)
[INFO] [1789635161.123293582] [vision_manager]: Book detected: xyz=(-0.085, -0.180, 0.400), center=(253, 97)
[INFO] [1789635161.125266514] [vision_manager]: Book detected: xyz=(-0.116, -0.096, 0.525), center=(250, 182)
[INFO] [1789635161.126842058] [vision_manager]: Book detected: xyz=(0.734, 0.005, 0.869), center=(588, 242)
[INFO] [1789635161.128308885] [vision_manager]: Book detected: xyz=(0.622, 0.000, 0.869), center=(547, 240)
[INFO] [1789635161.129835629] [vision_manager]: Book detected: xyz=(-0.090, -0.022, 0.403), center=(249, 223)
[INFO] [1789635161.131532929] [vision_manager]: Book detected: xyz=(-0.092, 0.025, 0.401), center=(247, 260)
[INFO] [1789635161.265822834] [vision_manager]: Book detected: xyz=(-0.085, -0.180, 0.400), center=(253, 97)
[INFO] [1789635161.266994524] [vision_manager]: Book detected: xyz=(-0.114, -0.096, 0.516), center=(250, 181)
[INFO] [1789635161.268018606] [vision_manager]: Book detected: xyz=(0.734, 0.005, 0.869), center=(588, 242)
[INFO] [1789635161.268956231] [vision_manager]: Book detected: xyz=(0.636, 0.000, 0.869), center=(552, 240)
[INFO] [1789635161.269892661] [vision_manager]: Book detected: xyz=(-0.090, -0.023, 0.402), center=(249, 222)
[INFO] [1789635161.270806589] [vision_manager]: Book detected: xyz=(-0.092, 0.040, 0.400), center=(247, 272)
[INFO] [1789635161.388348744] [vision_manager]: Book detected: xyz=(-0.085, -0.180, 0.400), center=(253, 97)
[INFO] [1789635161.389319538] [vision_manager]: Book detected: xyz=(-0.112, -0.096, 0.499), center=(249, 179)
[INFO] [1789635161.390257599] [vision_manager]: Book detected: xyz=(0.734, 0.005, 0.869), center=(588, 242)
[INFO] [1789635161.391167743] [vision_manager]: Book detected: xyz=(0.630, 0.000, 0.869), center=(550, 240)
[INFO] [1789635161.392073233] [vision_manager]: Book detected: xyz=(-0.091, -0.023, 0.402), center=(248, 222)
[INFO] [1789635161.392967236] [vision_manager]: Book detected: xyz=(-0.093, 0.040, 0.400), center=(246, 272)
[INFO] [1789635161.530373563] [vision_manager]: Book detected: xyz=(-0.085, -0.182, 0.400), center=(253, 96)
[INFO] [1789635161.531803725] [vision_manager]: Book detected: xyz=(-0.114, -0.096, 0.516), center=(250, 181)
[INFO] [1789635161.533181373] [vision_manager]: Book detected: xyz=(0.734, 0.005, 0.869), center=(588, 242)
[INFO] [1789635161.534558215] [vision_manager]: Book detected: xyz=(0.627, 0.000, 0.869), center=(549, 240)
[INFO] [1789635161.535984732] [vision_manager]: Book detected: xyz=(-0.090, -0.022, 0.403), center=(249, 223)
[INFO] [1789635161.537368159] [vision_manager]: Book detected: xyz=(-0.091, 0.034, 0.400), center=(248, 267)
[INFO] [1789635161.664945247] [vision_manager]: Book detected: xyz=(-0.085, -0.182, 0.400), center=(253, 96)
[INFO] [1789635161.666180769] [vision_manager]: Book detected: xyz=(-0.116, -0.096, 0.525), center=(250, 182)
[INFO] [1789635161.667339407] [vision_manager]: Book detected: xyz=(0.734, 0.005, 0.869), center=(588, 242)
[INFO] [1789635161.668502798] [vision_manager]: Book detected: xyz=(0.625, 0.000, 0.869), center=(548, 240)
[INFO] [1789635161.669728776] [vision_manager]: Book detected: xyz=(-0.091, -0.022, 0.403), center=(248, 223)
[INFO] [1789635161.671043459] [vision_manager]: Book detected: xyz=(-0.092, 0.032, 0.400), center=(247, 265)
[INFO] [1789635161.811154677] [vision_manager]: Book detected: xyz=(-0.085, -0.180, 0.400), center=(253, 97)
[INFO] [1789635161.812593195] [vision_manager]: Book detected: xyz=(-0.114, -0.096, 0.516), center=(250, 181)
[INFO] [1789635161.813982137] [vision_manager]: Book detected: xyz=(0.734, 0.005, 0.869), center=(588, 242)
[INFO] [1789635161.815415691] [vision_manager]: Book detected: xyz=(0.622, 0.000, 0.869), center=(547, 240)
[INFO] [1789635161.816883108] [vision_manager]: Book detected: xyz=(-0.090, -0.022, 0.403), center=(249, 223)
[INFO] [1789635161.818276713] [vision_manager]: Book detected: xyz=(-0.092, 0.039, 0.400), center=(247, 271)
[INFO] [1789635161.952553930] [vision_manager]: Book detected: xyz=(-0.086, -0.180, 0.400), center=(252, 97)
[INFO] [1789635161.953711545] [vision_manager]: Book detected: xyz=(-0.115, -0.096, 0.516), center=(249, 181)
[INFO] [1789635161.954748438] [vision_manager]: Book detected: xyz=(0.734, 0.005, 0.869), center=(588, 242)
[INFO] [1789635161.955784666] [vision_manager]: Book detected: xyz=(0.619, 0.000, 0.869), center=(546, 240)
[INFO] [1789635161.956824140] [vision_manager]: Book detected: xyz=(-0.090, -0.024, 0.402), center=(249, 221)
[INFO] [1789635161.957863541] [vision_manager]: Book detected: xyz=(-0.092, 0.040, 0.400), center=(247, 272)
[INFO] [1789635162.084099800] [vision_manager]: Book detected: xyz=(-0.086, -0.180, 0.400), center=(252, 97)
[INFO] [1789635162.085161353] [vision_manager]: Book detected: xyz=(0.734, 0.005, 0.869), center=(588, 242)
[INFO] [1789635162.086170130] [vision_manager]: Book detected: xyz=(-0.112, -0.096, 0.499), center=(249, 179)
[INFO] [1789635162.087169002] [vision_manager]: Book detected: xyz=(0.614, 0.000, 0.869), center=(544, 240)
[INFO] [1789635162.088155351] [vision_manager]: Book detected: xyz=(-0.091, -0.025, 0.401), center=(248, 220)
[INFO] [1789635162.089030096] [vision_manager]: Book detected: xyz=(-0.093, 0.042, 0.400), center=(246, 273)
[INFO] [1789635162.223321236] [vision_manager]: Book detected: xyz=(-0.085, -0.180, 0.400), center=(253, 97)
[INFO] [1789635162.224281296] [vision_manager]: Book detected: xyz=(0.734, 0.005, 0.869), center=(588, 242)
[INFO] [1789635162.225191990] [vision_manager]: Book detected: xyz=(-0.112, -0.096, 0.499), center=(249, 179)
[INFO] [1789635162.226130217] [vision_manager]: Book detected: xyz=(0.619, 0.000, 0.869), center=(546, 240)
[INFO] [1789635162.227045836] [vision_manager]: Book detected: xyz=(-0.091, -0.029, 0.401), center=(248, 217)
[INFO] [1789635162.228001073] [vision_manager]: Book detected: xyz=(-0.093, 0.042, 0.400), center=(246, 273)
[INFO] [1789635162.343856280] [vision_manager]: Book detected: xyz=(-0.085, -0.180, 0.400), center=(253, 97)
[INFO] [1789635162.344795908] [vision_manager]: Book detected: xyz=(0.734, 0.005, 0.869), center=(588, 242)
[INFO] [1789635162.345692947] [vision_manager]: Book detected: xyz=(-0.112, -0.096, 0.507), center=(250, 180)
[INFO] [1789635162.346551727] [vision_manager]: Book detected: xyz=(0.619, 0.000, 0.869), center=(546, 240)
[INFO] [1789635162.347410930] [vision_manager]: Book detected: xyz=(-0.091, -0.027, 0.401), center=(248, 219)
[INFO] [1789635162.348273609] [vision_manager]: Book detected: xyz=(-0.092, 0.043, 0.400), center=(247, 274)
[INFO] [1789635162.485636511] [vision_manager]: Book detected: xyz=(-0.085, -0.180, 0.400), center=(253, 97)
[INFO] [1789635162.486910553] [vision_manager]: Book detected: xyz=(0.734, 0.005, 0.869), center=(588, 242)
[INFO] [1789635162.488144310] [vision_manager]: Book detected: xyz=(-0.112, -0.096, 0.507), center=(250, 180)
[INFO] [1789635162.489362567] [vision_manager]: Book detected: xyz=(0.627, 0.000, 0.869), center=(549, 240)
[INFO] [1789635162.490581082] [vision_manager]: Book detected: xyz=(-0.091, -0.025, 0.401), center=(248, 220)
[INFO] [1789635162.491786404] [vision_manager]: Book detected: xyz=(-0.092, 0.043, 0.400), center=(247, 274)
[INFO] [1789635162.619409635] [vision_manager]: Book detected: xyz=(-0.085, -0.180, 0.400), center=(253, 97)
[INFO] [1789635162.620665460] [vision_manager]: Book detected: xyz=(0.734, 0.005, 0.869), center=(588, 242)
[INFO] [1789635162.621877962] [vision_manager]: Book detected: xyz=(-0.112, -0.096, 0.507), center=(250, 180)
[INFO] [1789635162.623098165] [vision_manager]: Book detected: xyz=(0.633, 0.000, 0.869), center=(551, 240)
[INFO] [1789635162.624314052] [vision_manager]: Book detected: xyz=(-0.090, -0.024, 0.402), center=(249, 221)
[INFO] [1789635162.625565377] [vision_manager]: Book detected: xyz=(-0.092, 0.043, 0.400), center=(247, 274)
[INFO] [1789635162.758380474] [vision_manager]: Book detected: xyz=(-0.085, -0.180, 0.400), center=(253, 97)
[INFO] [1789635162.759879475] [vision_manager]: Book detected: xyz=(0.737, 0.005, 0.869), center=(589, 242)
[INFO] [1789635162.761338454] [vision_manager]: Book detected: xyz=(-0.108, -0.096, 0.491), center=(250, 178)
[INFO] [1789635162.762779168] [vision_manager]: Book detected: xyz=(0.655, 0.000, 0.869), center=(559, 240)
[INFO] [1789635162.764076852] [vision_manager]: Book detected: xyz=(-0.091, -0.025, 0.401), center=(248, 220)
[INFO] [1789635162.765355633] [vision_manager]: Book detected: xyz=(-0.092, 0.044, 0.400), center=(247, 275)
[INFO] [1789635162.881651485] [vision_manager]: Book detected: xyz=(-0.085, -0.180, 0.400), center=(253, 97)
[INFO] [1789635162.882604192] [vision_manager]: Book detected: xyz=(-0.114, -0.096, 0.507), center=(249, 180)
[INFO] [1789635162.883543984] [vision_manager]: Book detected: xyz=(0.734, 0.005, 0.869), center=(588, 242)
[INFO] [1789635162.884536764] [vision_manager]: Book detected: xyz=(0.625, 0.000, 0.869), center=(548, 240)
[INFO] [1789635162.885711407] [vision_manager]: Book detected: xyz=(-0.091, -0.022, 0.403), center=(248, 223)
[INFO] [1789635162.887219367] [vision_manager]: Book detected: xyz=(-0.091, 0.043, 0.400), center=(248, 274)
[INFO] [1789635163.080473533] [vision_manager]: Book detected: xyz=(-0.085, -0.180, 0.400), center=(253, 97)
[INFO] [1789635163.082171303] [vision_manager]: Book detected: xyz=(-0.112, -0.096, 0.507), center=(250, 180)
[INFO] [1789635163.083454607] [vision_manager]: Book detected: xyz=(0.734, 0.005, 0.869), center=(588, 242)
[INFO] [1789635163.084690194] [vision_manager]: Book detected: xyz=(0.627, 0.000, 0.869), center=(549, 240)
[INFO] [1789635163.086069602] [vision_manager]: Book detected: xyz=(-0.090, -0.022, 0.403), center=(249, 223)
[INFO] [1789635163.087431515] [vision_manager]: Book detected: xyz=(-0.091, 0.044, 0.400), center=(248, 275)
[INFO] [1789635163.251698651] [vision_manager]: Book detected: xyz=(-0.085, -0.180, 0.400), center=(253, 97)
[INFO] [1789635163.253232428] [vision_manager]: Book detected: xyz=(0.734, 0.005, 0.869), center=(588, 242)
[INFO] [1789635163.254743448] [vision_manager]: Book detected: xyz=(-0.110, -0.096, 0.499), center=(250, 179)
[INFO] [1789635163.257312337] [vision_manager]: Book detected: xyz=(0.652, 0.000, 0.869), center=(558, 240)
[INFO] [1789635163.259552053] [vision_manager]: Book detected: xyz=(-0.090, -0.024, 0.402), center=(249, 221)
[INFO] [1789635163.260773185] [vision_manager]: Book detected: xyz=(-0.092, 0.044, 0.400), center=(247, 275)
[INFO] [1789635163.400637042] [vision_manager]: Book detected: xyz=(-0.085, -0.180, 0.400), center=(253, 97)
[INFO] [1789635163.402269976] [vision_manager]: Book detected: xyz=(0.734, 0.005, 0.869), center=(588, 242)
[INFO] [1789635163.403567950] [vision_manager]: Book detected: xyz=(-0.110, -0.096, 0.491), center=(249, 178)
[INFO] [1789635163.404941462] [vision_manager]: Book detected: xyz=(0.630, 0.003, 0.869), center=(550, 241)
[INFO] [1789635163.406342653] [vision_manager]: Book detected: xyz=(-0.090, -0.024, 0.402), center=(249, 221)
[INFO] [1789635163.407628519] [vision_manager]: Book detected: xyz=(-0.091, 0.045, 0.401), center=(248, 276)
[INFO] [1789635163.531424626] [vision_manager]: Book detected: xyz=(-0.085, -0.180, 0.400), center=(253, 97)
[INFO] [1789635163.532416942] [vision_manager]: Book detected: xyz=(0.734, 0.005, 0.869), center=(588, 242)
[INFO] [1789635163.533443448] [vision_manager]: Book detected: xyz=(-0.112, -0.096, 0.499), center=(249, 179)
[INFO] [1789635163.534341857] [vision_manager]: Book detected: xyz=(0.633, 0.000, 0.869), center=(551, 240)
[INFO] [1789635163.535224515] [vision_manager]: Book detected: xyz=(-0.091, -0.024, 0.402), center=(248, 221)
[INFO] [1789635163.536091194] [vision_manager]: Book detected: xyz=(-0.092, 0.045, 0.401), center=(247, 276)
[INFO] [1789635163.652916520] [vision_manager]: Book detected: xyz=(-0.086, -0.180, 0.400), center=(252, 97)
[INFO] [1789635163.654018049] [vision_manager]: Book detected: xyz=(0.734, 0.005, 0.869), center=(588, 242)
[INFO] [1789635163.654936111] [vision_manager]: Book detected: xyz=(-0.112, -0.096, 0.499), center=(249, 179)
[INFO] [1789635163.655856141] [vision_manager]: Book detected: xyz=(0.641, 0.000, 0.869), center=(554, 240)
[INFO] [1789635163.656771111] [vision_manager]: Book detected: xyz=(-0.091, -0.024, 0.402), center=(248, 221)
[INFO] [1789635163.657677216] [vision_manager]: Book detected: xyz=(-0.091, 0.044, 0.400), center=(248, 275)
[INFO] [1789635163.781743873] [vision_manager]: Book detected: xyz=(-0.085, -0.180, 0.400), center=(253, 97)
[INFO] [1789635163.782991846] [vision_manager]: Book detected: xyz=(0.734, 0.005, 0.869), center=(588, 242)
[INFO] [1789635163.784209578] [vision_manager]: Book detected: xyz=(-0.112, -0.096, 0.499), center=(249, 179)
[INFO] [1789635163.785421025] [vision_manager]: Book detected: xyz=(0.633, 0.000, 0.869), center=(551, 240)
[INFO] [1789635163.786637968] [vision_manager]: Book detected: xyz=(-0.091, -0.024, 0.402), center=(248, 221)
[INFO] [1789635163.787880277] [vision_manager]: Book detected: xyz=(-0.091, 0.044, 0.400), center=(248, 275)
[INFO] [1789635163.908812019] [vision_manager]: Book detected: xyz=(-0.086, -0.180, 0.400), center=(252, 97)
[INFO] [1789635163.909890264] [vision_manager]: Book detected: xyz=(0.734, 0.005, 0.869), center=(588, 242)
[INFO] [1789635163.910897723] [vision_manager]: Book detected: xyz=(0.649, 0.000, 0.869), center=(557, 240)
[INFO] [1789635163.911913421] [vision_manager]: Book detected: xyz=(-0.111, -0.096, 0.491), center=(248, 178)
[INFO] [1789635163.912902483] [vision_manager]: Book detected: xyz=(-0.093, -0.023, 0.402), center=(247, 222)
[INFO] [1789635163.913878261] [vision_manager]: Book detected: xyz=(-0.095, 0.044, 0.400), center=(245, 275)
[INFO] [1789635164.038432441] [vision_manager]: Book detected: xyz=(-0.085, -0.180, 0.400), center=(253, 97)
[INFO] [1789635164.040289595] [vision_manager]: Book detected: xyz=(0.734, 0.005, 0.869), center=(588, 242)
[INFO] [1789635164.042271963] [vision_manager]: Book detected: xyz=(0.649, 0.000, 0.869), center=(557, 240)
[INFO] [1789635164.043472795] [vision_manager]: Book detected: xyz=(-0.110, -0.096, 0.483), center=(248, 177)
[INFO] [1789635164.044624357] [vision_manager]: Book detected: xyz=(-0.091, -0.025, 0.401), center=(248, 220)
[INFO] [1789635164.045809960] [vision_manager]: Book detected: xyz=(-0.093, 0.044, 0.400), center=(246, 275)
[INFO] [1789635164.156391914] [vision_manager]: Book detected: xyz=(-0.085, -0.180, 0.400), center=(253, 97)
[INFO] [1789635164.157940526] [vision_manager]: Book detected: xyz=(0.734, 0.005, 0.869), center=(588, 242)
[INFO] [1789635164.159032876] [vision_manager]: Book detected: xyz=(0.649, 0.000, 0.869), center=(557, 240)
[INFO] [1789635164.160214445] [vision_manager]: Book detected: xyz=(-0.110, -0.096, 0.491), center=(249, 178)
[INFO] [1789635164.161835311] [vision_manager]: Book detected: xyz=(-0.091, -0.024, 0.402), center=(248, 221)
[INFO] [1789635164.163306012] [vision_manager]: Book detected: xyz=(-0.093, 0.044, 0.400), center=(246, 275)
[INFO] [1789635164.303431715] [vision_manager]: Book detected: xyz=(-0.086, -0.180, 0.400), center=(252, 97)
[INFO] [1789635164.304410832] [vision_manager]: Book detected: xyz=(0.734, 0.005, 0.869), center=(588, 242)
[INFO] [1789635164.305305939] [vision_manager]: Book detected: xyz=(-0.112, -0.096, 0.499), center=(249, 179)
[INFO] [1789635164.306202477] [vision_manager]: Book detected: xyz=(0.647, 0.000, 0.869), center=(556, 240)
[INFO] [1789635164.307055666] [vision_manager]: Book detected: xyz=(-0.091, -0.024, 0.402), center=(248, 221)
[INFO] [1789635164.307907004] [vision_manager]: Book detected: xyz=(-0.092, 0.044, 0.400), center=(247, 275)
[INFO] [1789635164.454979894] [vision_manager]: Book detected: xyz=(-0.086, -0.180, 0.400), center=(252, 97)
[INFO] [1789635164.455986993] [vision_manager]: Book detected: xyz=(0.734, 0.005, 0.869), center=(588, 242)
[INFO] [1789635164.456920230] [vision_manager]: Book detected: xyz=(-0.112, -0.096, 0.499), center=(249, 179)
[INFO] [1789635164.457840460] [vision_manager]: Book detected: xyz=(0.644, 0.000, 0.869), center=(555, 240)
[INFO] [1789635164.458786094] [vision_manager]: Book detected: xyz=(-0.092, -0.021, 0.411), center=(249, 224)
[INFO] [1789635164.459722574] [vision_manager]: Book detected: xyz=(-0.091, 0.045, 0.401), center=(248, 276)
[INFO] [1789635164.617151429] [vision_manager]: Book detected: xyz=(-0.086, -0.180, 0.400), center=(252, 97)
[INFO] [1789635164.618450336] [vision_manager]: Book detected: xyz=(0.734, 0.005, 0.869), center=(588, 242)
[INFO] [1789635164.619680005] [vision_manager]: Book detected: xyz=(-0.110, -0.096, 0.491), center=(249, 178)
[INFO] [1789635164.620886681] [vision_manager]: Book detected: xyz=(0.644, 0.000, 0.869), center=(555, 240)
[INFO] [1789635164.622206889] [vision_manager]: Book detected: xyz=(-0.091, -0.024, 0.402), center=(248, 221)
[INFO] [1789635164.623420061] [vision_manager]: Book detected: xyz=(-0.092, 0.044, 0.400), center=(247, 275)
[INFO] [1789635164.758177202] [vision_manager]: Book detected: xyz=(-0.086, -0.180, 0.400), center=(252, 97)
[INFO] [1789635164.759143986] [vision_manager]: Book detected: xyz=(0.734, 0.005, 0.869), center=(588, 242)
[INFO] [1789635164.760062135] [vision_manager]: Book detected: xyz=(0.655, 0.000, 0.869), center=(559, 240)
[INFO] [1789635164.760964206] [vision_manager]: Book detected: xyz=(-0.111, -0.096, 0.491), center=(248, 178)
[INFO] [1789635164.761854798] [vision_manager]: Book detected: xyz=(-0.091, -0.023, 0.402), center=(248, 222)
[INFO] [1789635164.762752849] [vision_manager]: Book detected: xyz=(-0.093, 0.045, 0.401), center=(246, 276)
[INFO] [1789635164.895364775] [vision_manager]: Book detected: xyz=(-0.087, -0.179, 0.401), center=(251, 98)
[INFO] [1789635164.896598086] [vision_manager]: Book detected: xyz=(0.734, 0.005, 0.869), center=(588, 242)
[INFO] [1789635164.897604820] [vision_manager]: Book detected: xyz=(-0.112, -0.096, 0.499), center=(249, 179)
[INFO] [1789635164.898601904] [vision_manager]: Book detected: xyz=(0.647, 0.000, 0.869), center=(556, 240)
[INFO] [1789635164.899841669] [vision_manager]: Book detected: xyz=(-0.109, -0.021, 0.472), center=(247, 226)
[INFO] [1789635164.901240123] [vision_manager]: Book detected: xyz=(-0.092, 0.044, 0.400), center=(247, 275)
[INFO] [1789635164.902174874] [vision_manager]: No placeable empty shelf position found
[INFO] [1789635165.087092740] [vision_manager]: Book detected: xyz=(-0.087, -0.179, 0.401), center=(251, 98)
[INFO] [1789635165.088749411] [vision_manager]: Book detected: xyz=(0.734, 0.005, 0.869), center=(588, 242)
[INFO] [1789635165.090366511] [vision_manager]: Book detected: xyz=(0.649, 0.000, 0.869), center=(557, 240)
[INFO] [1789635165.093219463] [vision_manager]: Book detected: xyz=(-0.113, -0.096, 0.499), center=(248, 179)
[INFO] [1789635165.095343079] [vision_manager]: Book detected: xyz=(-0.093, -0.023, 0.402), center=(247, 222)
[INFO] [1789635165.096753688] [vision_manager]: Book detected: xyz=(-0.092, 0.044, 0.400), center=(247, 275)
[INFO] [1789635165.239639272] [vision_manager]: Book detected: xyz=(-0.087, -0.180, 0.400), center=(251, 97)
[INFO] [1789635165.241375244] [vision_manager]: Book detected: xyz=(0.734, 0.005, 0.869), center=(588, 242)
[INFO] [1789635165.243080385] [vision_manager]: Book detected: xyz=(0.636, 0.000, 0.869), center=(552, 240)
[INFO] [1789635165.244768388] [vision_manager]: Book detected: xyz=(-0.111, -0.096, 0.491), center=(248, 178)
[INFO] [1789635165.246519070] [vision_manager]: Book detected: xyz=(-0.091, -0.024, 0.402), center=(248, 221)
[INFO] [1789635165.248054676] [vision_manager]: Book detected: xyz=(-0.093, 0.045, 0.401), center=(246, 276)
[INFO] [1789635165.434154950] [vision_manager]: Book detected: xyz=(-0.086, -0.180, 0.400), center=(252, 97)
[INFO] [1789635165.435123162] [vision_manager]: Book detected: xyz=(0.734, 0.005, 0.869), center=(588, 242)
[INFO] [1789635165.435989312] [vision_manager]: Book detected: xyz=(-0.113, -0.096, 0.499), center=(248, 179)
[INFO] [1789635165.436878502] [vision_manager]: Book detected: xyz=(0.616, 0.000, 0.869), center=(545, 240)
[INFO] [1789635165.437744977] [vision_manager]: Book detected: xyz=(-0.091, -0.023, 0.402), center=(248, 222)
[INFO] [1789635165.438605392] [vision_manager]: Book detected: xyz=(-0.093, 0.045, 0.401), center=(246, 276)
[INFO] [1789635165.585146507] [vision_manager]: Book detected: xyz=(-0.086, -0.180, 0.400), center=(252, 97)
[INFO] [1789635165.586026480] [vision_manager]: Book detected: xyz=(0.734, 0.005, 0.869), center=(588, 242)
[INFO] [1789635165.586856767] [vision_manager]: Book detected: xyz=(-0.113, -0.096, 0.499), center=(248, 179)
[INFO] [1789635165.587674075] [vision_manager]: Book detected: xyz=(0.641, 0.000, 0.869), center=(554, 240)
[INFO] [1789635165.588518818] [vision_manager]: Book detected: xyz=(-0.092, -0.028, 0.401), center=(247, 218)
[INFO] [1789635165.589370576] [vision_manager]: Book detected: xyz=(-0.093, 0.044, 0.400), center=(246, 275)
[INFO] [1789635165.741143783] [vision_manager]: Book detected: xyz=(-0.086, -0.180, 0.400), center=(252, 97)
[INFO] [1789635165.742148645] [vision_manager]: Book detected: xyz=(0.734, 0.005, 0.869), center=(588, 242)
[INFO] [1789635165.743028832] [vision_manager]: Book detected: xyz=(-0.113, -0.096, 0.499), center=(248, 179)
[INFO] [1789635165.743898962] [vision_manager]: Book detected: xyz=(0.644, 0.000, 0.869), center=(555, 240)
[INFO] [1789635165.744755332] [vision_manager]: Book detected: xyz=(-0.091, -0.028, 0.401), center=(248, 218)
[INFO] [1789635165.745605949] [vision_manager]: Book detected: xyz=(-0.092, 0.043, 0.400), center=(247, 274)
[INFO] [1789635165.886136675] [vision_manager]: Book detected: xyz=(-0.086, -0.180, 0.400), center=(252, 97)
[INFO] [1789635165.887109928] [vision_manager]: Book detected: xyz=(0.734, 0.005, 0.869), center=(588, 242)
[INFO] [1789635165.888015562] [vision_manager]: Book detected: xyz=(-0.111, -0.096, 0.491), center=(248, 178)
[INFO] [1789635165.888915040] [vision_manager]: Book detected: xyz=(0.647, 0.000, 0.869), center=(556, 240)
[INFO] [1789635165.889806787] [vision_manager]: Book detected: xyz=(-0.091, -0.028, 0.401), center=(248, 218)
[INFO] [1789635165.890684459] [vision_manager]: Book detected: xyz=(-0.093, 0.043, 0.400), center=(246, 274)
[INFO] [1789635166.038941928] [vision_manager]: Book detected: xyz=(-0.086, -0.180, 0.400), center=(252, 97)
[INFO] [1789635166.040250770] [vision_manager]: Book detected: xyz=(0.734, 0.005, 0.869), center=(588, 242)
[INFO] [1789635166.041485363] [vision_manager]: Book detected: xyz=(0.641, 0.000, 0.869), center=(554, 240)
[INFO] [1789635166.042696601] [vision_manager]: Book detected: xyz=(-0.129, -0.096, 0.554), center=(246, 185)
[INFO] [1789635166.043905524] [vision_manager]: Book detected: xyz=(-0.092, -0.025, 0.401), center=(247, 220)
[INFO] [1789635166.045161513] [vision_manager]: Book detected: xyz=(-0.095, 0.043, 0.400), center=(245, 274)
[INFO] [1789635166.172379889] [vision_manager]: Book detected: xyz=(-0.086, -0.180, 0.400), center=(252, 97)
[INFO] [1789635166.173475322] [vision_manager]: Book detected: xyz=(0.734, 0.005, 0.869), center=(588, 242)
[INFO] [1789635166.174439975] [vision_manager]: Book detected: xyz=(-0.112, -0.096, 0.499), center=(249, 179)
[INFO] [1789635166.175359025] [vision_manager]: Book detected: xyz=(0.625, 0.000, 0.869), center=(548, 240)
[INFO] [1789635166.176288886] [vision_manager]: Book detected: xyz=(-0.091, -0.025, 0.401), center=(248, 220)
[INFO] [1789635166.177220786] [vision_manager]: Book detected: xyz=(-0.092, 0.043, 0.400), center=(247, 274)
[INFO] [1789635166.302622120] [vision_manager]: Book detected: xyz=(-0.087, -0.180, 0.400), center=(251, 97)
[INFO] [1789635166.304138095] [vision_manager]: Book detected: xyz=(0.734, 0.005, 0.869), center=(588, 242)
[INFO] [1789635166.305474486] [vision_manager]: Book detected: xyz=(-0.113, -0.096, 0.499), center=(248, 179)
[INFO] [1789635166.306469266] [vision_manager]: Book detected: xyz=(0.636, 0.000, 0.869), center=(552, 240)
[INFO] [1789635166.307406207] [vision_manager]: Book detected: xyz=(-0.091, -0.027, 0.401), center=(248, 219)
[INFO] [1789635166.308326094] [vision_manager]: Book detected: xyz=(-0.093, 0.043, 0.400), center=(246, 274)
[INFO] [1789635166.455299202] [vision_manager]: Book detected: xyz=(-0.086, -0.180, 0.400), center=(252, 97)
[INFO] [1789635166.456617273] [vision_manager]: Book detected: xyz=(0.734, 0.005, 0.869), center=(588, 242)
[INFO] [1789635166.457887489] [vision_manager]: Book detected: xyz=(0.630, 0.000, 0.869), center=(550, 240)
[INFO] [1789635166.459495915] [vision_manager]: Book detected: xyz=(-0.115, -0.096, 0.499), center=(247, 179)
[INFO] [1789635166.461701801] [vision_manager]: Book detected: xyz=(-0.092, -0.027, 0.401), center=(247, 219)
[INFO] [1789635166.463079734] [vision_manager]: Book detected: xyz=(-0.095, 0.043, 0.400), center=(245, 274)
[INFO] [1789635166.602695553] [vision_manager]: Book detected: xyz=(-0.086, -0.180, 0.400), center=(252, 97)
[INFO] [1789635166.603678280] [vision_manager]: Book detected: xyz=(0.734, 0.005, 0.869), center=(588, 242)
[INFO] [1789635166.604591859] [vision_manager]: Book detected: xyz=(-0.107, -0.096, 0.483), center=(250, 177)
[INFO] [1789635166.605491406] [vision_manager]: Book detected: xyz=(0.641, 0.000, 0.869), center=(554, 240)
[INFO] [1789635166.606357149] [vision_manager]: Book detected: xyz=(-0.091, -0.027, 0.401), center=(248, 219)
[INFO] [1789635166.607238269] [vision_manager]: Book detected: xyz=(-0.092, 0.043, 0.400), center=(247, 274)
[INFO] [1789635166.768140484] [vision_manager]: Book detected: xyz=(-0.086, -0.180, 0.400), center=(252, 97)
[INFO] [1789635166.769240112] [vision_manager]: Book detected: xyz=(0.734, 0.005, 0.869), center=(588, 242)
[INFO] [1789635166.770302408] [vision_manager]: Book detected: xyz=(-0.110, -0.096, 0.491), center=(249, 178)
[INFO] [1789635166.771351111] [vision_manager]: Book detected: xyz=(0.614, 0.000, 0.869), center=(544, 240)
[INFO] [1789635166.772393188] [vision_manager]: Book detected: xyz=(-0.091, -0.024, 0.402), center=(248, 221)
[INFO] [1789635166.773436479] [vision_manager]: Book detected: xyz=(-0.093, 0.043, 0.400), center=(246, 274)
[INFO] [1789635166.962771749] [vision_manager]: Book detected: xyz=(-0.086, -0.180, 0.400), center=(252, 97)
[INFO] [1789635166.964320420] [vision_manager]: Book detected: xyz=(0.734, 0.005, 0.869), center=(588, 242)
[INFO] [1789635166.965779724] [vision_manager]: Book detected: xyz=(-0.110, -0.096, 0.491), center=(249, 178)
[INFO] [1789635166.966966478] [vision_manager]: Book detected: xyz=(0.636, 0.000, 0.869), center=(552, 240)
[INFO] [1789635166.968033553] [vision_manager]: Book detected: xyz=(-0.091, -0.051, 0.401), center=(248, 200)
[INFO] [1789635166.969101713] [vision_manager]: Book detected: xyz=(-0.092, 0.043, 0.400), center=(247, 274)
[INFO] [1789635167.148016241] [vision_manager]: Book detected: xyz=(-0.086, -0.180, 0.400), center=(252, 97)
[INFO] [1789635167.149283681] [vision_manager]: Book detected: xyz=(0.734, 0.005, 0.869), center=(588, 242)
[INFO] [1789635167.150555917] [vision_manager]: Book detected: xyz=(-0.110, -0.096, 0.499), center=(250, 179)
[INFO] [1789635167.152119179] [vision_manager]: Book detected: xyz=(0.641, 0.000, 0.869), center=(554, 240)
[INFO] [1789635167.153868440] [vision_manager]: Book detected: xyz=(-0.091, -0.027, 0.401), center=(248, 219)
[INFO] [1789635167.155002842] [vision_manager]: Book detected: xyz=(-0.092, 0.042, 0.400), center=(247, 273)
[INFO] [1789635167.313136145] [vision_manager]: Book detected: xyz=(-0.086, -0.180, 0.400), center=(252, 97)
[INFO] [1789635167.314908128] [vision_manager]: Book detected: xyz=(0.734, 0.005, 0.869), center=(588, 242)
[INFO] [1789635167.316218106] [vision_manager]: Book detected: xyz=(-0.110, -0.096, 0.499), center=(250, 179)
[INFO] [1789635167.317203079] [vision_manager]: Book detected: xyz=(0.636, 0.000, 0.869), center=(552, 240)
[INFO] [1789635167.318128041] [vision_manager]: Book detected: xyz=(-0.090, -0.027, 0.401), center=(249, 219)
[INFO] [1789635167.319082506] [vision_manager]: Book detected: xyz=(-0.091, 0.042, 0.400), center=(248, 273)
[INFO] [1789635167.458246826] [vision_manager]: Book detected: xyz=(-0.086, -0.180, 0.400), center=(252, 97)
[INFO] [1789635167.459959395] [vision_manager]: Book detected: xyz=(0.734, 0.005, 0.869), center=(588, 242)
[INFO] [1789635167.461917661] [vision_manager]: Book detected: xyz=(-0.112, -0.096, 0.507), center=(250, 180)
[INFO] [1789635167.463362463] [vision_manager]: Book detected: xyz=(0.630, 0.000, 0.869), center=(550, 240)
[INFO] [1789635167.464583319] [vision_manager]: Book detected: xyz=(-0.090, -0.024, 0.402), center=(249, 221)
[INFO] [1789635167.465785332] [vision_manager]: Book detected: xyz=(-0.091, 0.040, 0.400), center=(248, 272)
[INFO] [1789635167.621364076] [vision_manager]: Book detected: xyz=(-0.086, -0.180, 0.400), center=(252, 97)
[INFO] [1789635167.622608266] [vision_manager]: Book detected: xyz=(0.734, 0.005, 0.869), center=(588, 242)
[INFO] [1789635167.623691125] [vision_manager]: Book detected: xyz=(-0.114, -0.096, 0.516), center=(250, 181)
[INFO] [1789635167.624688821] [vision_manager]: Book detected: xyz=(0.641, 0.000, 0.869), center=(554, 240)
[INFO] [1789635167.625837935] [vision_manager]: Book detected: xyz=(-0.090, -0.023, 0.402), center=(249, 222)
[INFO] [1789635167.627039256] [vision_manager]: Book detected: xyz=(-0.092, 0.040, 0.400), center=(247, 272)
[INFO] [1789635167.755277459] [vision_manager]: Book detected: xyz=(-0.086, -0.180, 0.400), center=(252, 97)
[INFO] [1789635167.756250929] [vision_manager]: Book detected: xyz=(0.734, 0.005, 0.869), center=(588, 242)
[INFO] [1789635167.757164798] [vision_manager]: Book detected: xyz=(-0.117, -0.096, 0.525), center=(249, 182)
[INFO] [1789635167.758079525] [vision_manager]: Book detected: xyz=(0.641, 0.000, 0.869), center=(554, 240)
[INFO] [1789635167.759178869] [vision_manager]: Book detected: xyz=(-0.090, -0.024, 0.402), center=(249, 221)
[INFO] [1789635167.760581752] [vision_manager]: Book detected: xyz=(-0.093, 0.032, 0.400), center=(246, 265)
[INFO] [1789635167.900522426] [vision_manager]: Book detected: xyz=(-0.086, -0.180, 0.400), center=(252, 97)
[INFO] [1789635167.901561315] [vision_manager]: Book detected: xyz=(0.734, 0.005, 0.869), center=(588, 242)
[INFO] [1789635167.902520990] [vision_manager]: Book detected: xyz=(-0.112, -0.096, 0.507), center=(250, 180)
[INFO] [1789635167.903409769] [vision_manager]: Book detected: xyz=(0.638, 0.000, 0.869), center=(553, 240)
[INFO] [1789635167.904291176] [vision_manager]: Book detected: xyz=(-0.091, -0.022, 0.403), center=(248, 223)
[INFO] [1789635167.905182869] [vision_manager]: Book detected: xyz=(-0.093, 0.039, 0.400), center=(246, 271)
[INFO] [1789635168.053996537] [vision_manager]: Book detected: xyz=(-0.086, -0.180, 0.400), center=(252, 97)
[INFO] [1789635168.055364480] [vision_manager]: Book detected: xyz=(0.734, 0.005, 0.869), center=(588, 242)
[INFO] [1789635168.056503869] [vision_manager]: Book detected: xyz=(-0.112, -0.096, 0.507), center=(250, 180)
[INFO] [1789635168.057479329] [vision_manager]: Book detected: xyz=(0.630, 0.000, 0.869), center=(550, 240)
[INFO] [1789635168.058466833] [vision_manager]: Book detected: xyz=(-0.090, -0.024, 0.402), center=(249, 221)
[INFO] [1789635168.059439574] [vision_manager]: Book detected: xyz=(-0.093, 0.040, 0.400), center=(246, 272)
[INFO] [1789635168.188467529] [vision_manager]: Book detected: xyz=(-0.086, -0.180, 0.400), center=(252, 97)
[INFO] [1789635168.189602906] [vision_manager]: Book detected: xyz=(-0.112, -0.096, 0.516), center=(251, 181)
[INFO] [1789635168.190562401] [vision_manager]: Book detected: xyz=(0.734, 0.005, 0.869), center=(588, 242)
[INFO] [1789635168.191477614] [vision_manager]: Book detected: xyz=(0.633, 0.000, 0.869), center=(551, 240)
[INFO] [1789635168.192401841] [vision_manager]: Book detected: xyz=(-0.090, -0.025, 0.401), center=(249, 220)
[INFO] [1789635168.193316419] [vision_manager]: Book detected: xyz=(-0.092, 0.040, 0.400), center=(247, 272)
[INFO] [1789635168.331346713] [vision_manager]: Book detected: xyz=(-0.086, -0.180, 0.400), center=(252, 97)
[INFO] [1789635168.332481559] [vision_manager]: Book detected: xyz=(-0.114, -0.096, 0.516), center=(250, 181)
[INFO] [1789635168.333556680] [vision_manager]: Book detected: xyz=(0.734, 0.005, 0.869), center=(588, 242)
[INFO] [1789635168.334599562] [vision_manager]: Book detected: xyz=(0.625, 0.000, 0.869), center=(548, 240)
[INFO] [1789635168.335577334] [vision_manager]: Book detected: xyz=(-0.090, -0.027, 0.401), center=(249, 219)
[INFO] [1789635168.336517948] [vision_manager]: Book detected: xyz=(-0.091, 0.042, 0.400), center=(248, 273)
[INFO] [1789635168.487479393] [vision_manager]: Book detected: xyz=(-0.086, -0.180, 0.400), center=(252, 97)
[INFO] [1789635168.488520927] [vision_manager]: Book detected: xyz=(-0.112, -0.096, 0.507), center=(250, 180)
[INFO] [1789635168.489538774] [vision_manager]: Book detected: xyz=(0.734, 0.005, 0.869), center=(588, 242)
[INFO] [1789635168.490565986] [vision_manager]: Book detected: xyz=(0.411, 0.000, 0.593), center=(540, 240)
[INFO] [1789635168.491586014] [vision_manager]: Book detected: xyz=(-0.090, -0.027, 0.401), center=(249, 219)
[INFO] [1789635168.492611069] [vision_manager]: Book detected: xyz=(-0.092, 0.042, 0.400), center=(247, 273)
[INFO] [1789635168.634992577] [vision_manager]: Book detected: xyz=(-0.086, -0.180, 0.400), center=(252, 97)
[INFO] [1789635168.636709180] [vision_manager]: Book detected: xyz=(-0.112, -0.096, 0.507), center=(250, 180)
[INFO] [1789635168.638590110] [vision_manager]: Book detected: xyz=(0.734, 0.005, 0.869), center=(588, 242)
[INFO] [1789635168.639792584] [vision_manager]: Book detected: xyz=(0.619, 0.000, 0.869), center=(546, 240)
[INFO] [1789635168.640776728] [vision_manager]: Book detected: xyz=(-0.090, -0.027, 0.401), center=(249, 219)
[INFO] [1789635168.641693362] [vision_manager]: Book detected: xyz=(-0.092, 0.040, 0.400), center=(247, 272)
[INFO] [1789635168.768863240] [vision_manager]: Book detected: xyz=(-0.086, -0.180, 0.400), center=(252, 97)
[INFO] [1789635168.770481315] [vision_manager]: Book detected: xyz=(-0.112, -0.096, 0.507), center=(250, 180)
[INFO] [1789635168.771622704] [vision_manager]: Book detected: xyz=(0.734, 0.005, 0.869), center=(588, 242)
[INFO] [1789635168.772565410] [vision_manager]: Book detected: xyz=(0.627, 0.000, 0.869), center=(549, 240)
[INFO] [1789635168.773486083] [vision_manager]: Book detected: xyz=(-0.090, -0.027, 0.401), center=(249, 219)
[INFO] [1789635168.774404749] [vision_manager]: Book detected: xyz=(-0.091, 0.040, 0.400), center=(248, 272)
[INFO] [1789635168.909010700] [vision_manager]: Book detected: xyz=(-0.086, -0.180, 0.400), center=(252, 97)
[INFO] [1789635168.910648479] [vision_manager]: Book detected: xyz=(0.734, 0.005, 0.869), center=(588, 242)
[INFO] [1789635168.911944738] [vision_manager]: Book detected: xyz=(-0.112, -0.096, 0.507), center=(250, 180)
[INFO] [1789635168.913454544] [vision_manager]: Book detected: xyz=(0.633, 0.000, 0.869), center=(551, 240)
[INFO] [1789635168.914768698] [vision_manager]: Book detected: xyz=(-0.091, -0.022, 0.403), center=(248, 223)
[INFO] [1789635168.916196060] [vision_manager]: Book detected: xyz=(-0.091, 0.040, 0.400), center=(248, 272)
[INFO] [1789635169.092258422] [vision_manager]: Book detected: xyz=(-0.086, -0.180, 0.400), center=(252, 97)
[INFO] [1789635169.093849661] [vision_manager]: Book detected: xyz=(0.737, 0.005, 0.869), center=(589, 242)
[INFO] [1789635169.095429762] [vision_manager]: Book detected: xyz=(-0.110, -0.096, 0.507), center=(251, 180)
[INFO] [1789635169.096936086] [vision_manager]: Book detected: xyz=(0.649, 0.000, 0.869), center=(557, 240)
[INFO] [1789635169.098443058] [vision_manager]: Book detected: xyz=(-0.092, 0.040, 0.400), center=(247, 272)
[INFO] [1789635169.099859132] [vision_manager]: Book detected: xyz=(-0.091, -0.022, 0.403), center=(248, 223)
[INFO] [1789635169.260215152] [vision_manager]: Book detected: xyz=(-0.086, -0.180, 0.400), center=(252, 97)
[INFO] [1789635169.261314807] [vision_manager]: Book detected: xyz=(0.737, 0.005, 0.869), center=(589, 242)
[INFO] [1789635169.262233965] [vision_manager]: Book detected: xyz=(-0.112, -0.096, 0.507), center=(250, 180)
[INFO] [1789635169.263154101] [vision_manager]: Book detected: xyz=(0.655, 0.000, 0.869), center=(559, 240)
[INFO] [1789635169.264068104] [vision_manager]: Book detected: xyz=(-0.091, -0.022, 0.403), center=(248, 223)
[INFO] [1789635169.264974829] [vision_manager]: Book detected: xyz=(-0.091, 0.040, 0.400), center=(248, 272)
[INFO] [1789635169.413675281] [vision_manager]: Book detected: xyz=(-0.086, -0.180, 0.400), center=(252, 97)
[INFO] [1789635169.415155757] [vision_manager]: Book detected: xyz=(-0.112, -0.096, 0.507), center=(250, 180)
[INFO] [1789635169.416600061] [vision_manager]: Book detected: xyz=(0.734, 0.005, 0.869), center=(588, 242)
[INFO] [1789635169.418835719] [vision_manager]: Book detected: xyz=(0.636, 0.000, 0.869), center=(552, 240)
[INFO] [1789635169.420814945] [vision_manager]: Book detected: xyz=(-0.091, -0.022, 0.403), center=(248, 223)
[INFO] [1789635169.422198123] [vision_manager]: Book detected: xyz=(-0.091, 0.040, 0.400), center=(248, 272)
[INFO] [1789635169.580681356] [vision_manager]: Book detected: xyz=(-0.086, -0.180, 0.400), center=(252, 97)
[INFO] [1789635169.581697911] [vision_manager]: Book detected: xyz=(-0.112, -0.096, 0.507), center=(250, 180)
[INFO] [1789635169.582676622] [vision_manager]: Book detected: xyz=(0.734, 0.005, 0.869), center=(588, 242)
[INFO] [1789635169.583636943] [vision_manager]: Book detected: xyz=(0.627, 0.000, 0.869), center=(549, 240)
[INFO] [1789635169.584568022] [vision_manager]: Book detected: xyz=(-0.091, -0.022, 0.403), center=(248, 223)
[INFO] [1789635169.585519427] [vision_manager]: Book detected: xyz=(-0.091, 0.040, 0.400), center=(248, 272)
[INFO] [1789635169.765779509] [vision_manager]: Book detected: xyz=(-0.086, -0.180, 0.400), center=(252, 97)
[INFO] [1789635169.766821144] [vision_manager]: Book detected: xyz=(-0.112, -0.096, 0.507), center=(250, 180)
[INFO] [1789635169.767813911] [vision_manager]: Book detected: xyz=(0.734, 0.005, 0.869), center=(588, 242)
[INFO] [1789635169.768848463] [vision_manager]: Book detected: xyz=(0.627, 0.000, 0.869), center=(549, 240)
[INFO] [1789635169.769806912] [vision_manager]: Book detected: xyz=(-0.091, -0.022, 0.403), center=(248, 223)
[INFO] [1789635169.770754436] [vision_manager]: Book detected: xyz=(-0.092, 0.040, 0.400), center=(247, 272)
[INFO] [1789635169.923107070] [vision_manager]: Book detected: xyz=(-0.086, -0.180, 0.400), center=(252, 97)
[INFO] [1789635169.924094717] [vision_manager]: Book detected: xyz=(-0.112, -0.096, 0.507), center=(250, 180)
[INFO] [1789635169.925013304] [vision_manager]: Book detected: xyz=(0.734, 0.005, 0.869), center=(588, 242)
[INFO] [1789635169.925916276] [vision_manager]: Book detected: xyz=(0.636, 0.000, 0.869), center=(552, 240)
[INFO] [1789635169.926819188] [vision_manager]: Book detected: xyz=(-0.091, -0.022, 0.403), center=(248, 223)
[INFO] [1789635169.927722305] [vision_manager]: Book detected: xyz=(-0.091, 0.040, 0.400), center=(248, 272)
[INFO] [1789635170.063703874] [vision_manager]: Book detected: xyz=(-0.087, -0.180, 0.400), center=(251, 97)
[INFO] [1789635170.064759990] [vision_manager]: Book detected: xyz=(-0.110, -0.096, 0.499), center=(250, 179)
[INFO] [1789635170.071435559] [vision_manager]: Book detected: xyz=(0.734, 0.005, 0.869), center=(588, 242)
[INFO] [1789635170.072368678] [vision_manager]: Book detected: xyz=(0.641, 0.000, 0.869), center=(554, 240)
[INFO] [1789635170.073259319] [vision_manager]: Book detected: xyz=(-0.093, -0.022, 0.403), center=(247, 223)
[INFO] [1789635170.074159293] [vision_manager]: Book detected: xyz=(-0.091, 0.038, 0.400), center=(248, 270)
[INFO] [1789635170.214438998] [vision_manager]: Book detected: xyz=(-0.086, -0.180, 0.400), center=(252, 97)
[INFO] [1789635170.215480872] [vision_manager]: Book detected: xyz=(-0.110, -0.096, 0.507), center=(251, 180)
[INFO] [1789635170.216352470] [vision_manager]: Book detected: xyz=(0.734, 0.005, 0.869), center=(588, 242)
[INFO] [1789635170.217282491] [vision_manager]: Book detected: xyz=(0.641, 0.000, 0.869), center=(554, 240)
[INFO] [1789635170.218164302] [vision_manager]: Book detected: xyz=(-0.091, -0.022, 0.403), center=(248, 223)
[INFO] [1789635170.219059223] [vision_manager]: Book detected: xyz=(-0.090, 0.038, 0.400), center=(249, 270)
[INFO] [1789635170.348575087] [vision_manager]: Book detected: xyz=(-0.086, -0.180, 0.400), center=(252, 97)
[INFO] [1789635170.350145983] [vision_manager]: Book detected: xyz=(-0.112, -0.096, 0.507), center=(250, 180)
[INFO] [1789635170.351420010] [vision_manager]: Book detected: xyz=(0.734, 0.005, 0.869), center=(588, 242)
[INFO] [1789635170.352718080] [vision_manager]: Book detected: xyz=(0.633, 0.000, 0.869), center=(551, 240)
[INFO] [1789635170.354007795] [vision_manager]: Book detected: xyz=(-0.091, 0.039, 0.400), center=(248, 271)
[INFO] [1789635170.355947026] [vision_manager]: Book detected: xyz=(-0.126, -0.004, 0.563), center=(249, 238)
[INFO] [1789635170.357026611] [vision_manager]: No placeable empty shelf position found
[INFO] [1789635170.477870137] [vision_manager]: Book detected: xyz=(-0.086, -0.180, 0.400), center=(252, 97)
[INFO] [1789635170.479401186] [vision_manager]: Book detected: xyz=(-0.110, -0.096, 0.507), center=(251, 180)
[INFO] [1789635170.480846758] [vision_manager]: Book detected: xyz=(0.734, 0.005, 0.869), center=(588, 242)
[INFO] [1789635170.482339160] [vision_manager]: Book detected: xyz=(0.647, 0.000, 0.869), center=(556, 240)
[INFO] [1789635170.483838469] [vision_manager]: Book detected: xyz=(-0.091, -0.023, 0.402), center=(248, 222)
[INFO] [1789635170.485338649] [vision_manager]: Book detected: xyz=(-0.091, 0.038, 0.400), center=(248, 270)
[INFO] [1789635170.612963456] [vision_manager]: Book detected: xyz=(-0.086, -0.180, 0.400), center=(252, 97)
[INFO] [1789635170.614821548] [vision_manager]: Book detected: xyz=(-0.110, -0.096, 0.507), center=(251, 180)
[INFO] [1789635170.616652024] [vision_manager]: Book detected: xyz=(0.734, 0.005, 0.869), center=(588, 242)
[INFO] [1789635170.618528407] [vision_manager]: Book detected: xyz=(0.641, 0.000, 0.869), center=(554, 240)
[INFO] [1789635170.620761255] [vision_manager]: Book detected: xyz=(-0.091, -0.023, 0.402), center=(248, 222)
[INFO] [1789635170.622956019] [vision_manager]: Book detected: xyz=(-0.090, 0.038, 0.400), center=(249, 270)
[INFO] [1789635170.741220280] [vision_manager]: Book detected: xyz=(-0.086, -0.180, 0.400), center=(252, 97)
[INFO] [1789635170.743035136] [vision_manager]: Book detected: xyz=(-0.110, -0.096, 0.507), center=(251, 180)
[INFO] [1789635170.744125504] [vision_manager]: Book detected: xyz=(0.734, 0.005, 0.869), center=(588, 242)
[INFO] [1789635170.745084497] [vision_manager]: Book detected: xyz=(0.641, 0.000, 0.869), center=(554, 240)
[INFO] [1789635170.746015079] [vision_manager]: Book detected: xyz=(-0.091, -0.023, 0.402), center=(248, 222)
[INFO] [1789635170.746943090] [vision_manager]: Book detected: xyz=(-0.090, 0.038, 0.400), center=(249, 270)
[INFO] [1789635170.888215387] [vision_manager]: Book detected: xyz=(-0.086, -0.180, 0.400), center=(252, 97)
[INFO] [1789635170.889191830] [vision_manager]: Book detected: xyz=(-0.110, -0.096, 0.507), center=(251, 180)
[INFO] [1789635170.890113850] [vision_manager]: Book detected: xyz=(0.734, 0.005, 0.869), center=(588, 242)
[INFO] [1789635170.891013724] [vision_manager]: Book detected: xyz=(0.644, 0.000, 0.869), center=(555, 240)
[INFO] [1789635170.891993841] [vision_manager]: Book detected: xyz=(-0.090, -0.023, 0.402), center=(249, 222)
[INFO] [1789635170.892994278] [vision_manager]: Book detected: xyz=(-0.090, 0.038, 0.400), center=(249, 270)
[INFO] [1789635171.045523349] [vision_manager]: Book detected: xyz=(-0.087, -0.180, 0.400), center=(251, 97)
[INFO] [1789635171.046652416] [vision_manager]: Book detected: xyz=(-0.110, -0.096, 0.507), center=(251, 180)
[INFO] [1789635171.047699783] [vision_manager]: Book detected: xyz=(0.734, 0.005, 0.869), center=(588, 242)
[INFO] [1789635171.048734425] [vision_manager]: Book detected: xyz=(0.641, 0.000, 0.869), center=(554, 240)
[INFO] [1789635171.049763389] [vision_manager]: Book detected: xyz=(-0.091, -0.024, 0.402), center=(248, 221)
[INFO] [1789635171.050800080] [vision_manager]: Book detected: xyz=(-0.091, 0.039, 0.400), center=(248, 271)
[INFO] [1789635171.175799993] [vision_manager]: Book detected: xyz=(-0.087, -0.180, 0.400), center=(251, 97)
[INFO] [1789635171.177323102] [vision_manager]: Book detected: xyz=(-0.110, -0.096, 0.507), center=(251, 180)
[INFO] [1789635171.178737288] [vision_manager]: Book detected: xyz=(0.734, 0.005, 0.869), center=(588, 242)
[INFO] [1789635171.180017186] [vision_manager]: Book detected: xyz=(0.638, 0.000, 0.869), center=(553, 240)
[INFO] [1789635171.181297193] [vision_manager]: Book detected: xyz=(-0.090, -0.022, 0.403), center=(249, 223)
[INFO] [1789635171.182620989] [vision_manager]: Book detected: xyz=(-0.090, 0.039, 0.400), center=(249, 271)
[INFO] [1789635171.370897537] [vision_manager]: Book detected: xyz=(-0.086, -0.180, 0.400), center=(252, 97)
[INFO] [1789635171.372292368] [vision_manager]: Book detected: xyz=(-0.110, -0.096, 0.507), center=(251, 180)
[INFO] [1789635171.373591743] [vision_manager]: Book detected: xyz=(0.734, 0.005, 0.869), center=(588, 242)
[INFO] [1789635171.374882577] [vision_manager]: Book detected: xyz=(0.633, 0.000, 0.869), center=(551, 240)
[INFO] [1789635171.376199812] [vision_manager]: Book detected: xyz=(-0.092, -0.021, 0.411), center=(249, 224)
[INFO] [1789635171.377355092] [vision_manager]: Book detected: xyz=(-0.090, 0.039, 0.400), center=(249, 271)
[INFO] [1789635171.510132043] [vision_manager]: Book detected: xyz=(-0.086, -0.180, 0.400), center=(252, 97)
[INFO] [1789635171.511902130] [vision_manager]: Book detected: xyz=(-0.112, -0.096, 0.507), center=(250, 180)
[INFO] [1789635171.513393220] [vision_manager]: Book detected: xyz=(0.734, 0.005, 0.869), center=(588, 242)
[INFO] [1789635171.514843044] [vision_manager]: Book detected: xyz=(0.644, 0.000, 0.869), center=(555, 240)
[INFO] [1789635171.516308664] [vision_manager]: Book detected: xyz=(-0.090, -0.022, 0.403), center=(249, 223)
[INFO] [1789635171.517773807] [vision_manager]: Book detected: xyz=(-0.090, 0.037, 0.400), center=(249, 269)
[INFO] [1789635171.651229971] [vision_manager]: Book detected: xyz=(-0.086, -0.180, 0.400), center=(252, 97)
[INFO] [1789635171.652206262] [vision_manager]: Book detected: xyz=(-0.112, -0.096, 0.516), center=(251, 181)
[INFO] [1789635171.653129366] [vision_manager]: Book detected: xyz=(0.734, 0.005, 0.869), center=(588, 242)
[INFO] [1789635171.654033215] [vision_manager]: Book detected: xyz=(0.638, 0.000, 0.869), center=(553, 240)
[INFO] [1789635171.654944886] [vision_manager]: Book detected: xyz=(-0.090, -0.022, 0.403), center=(249, 223)
[INFO] [1789635171.655830350] [vision_manager]: Book detected: xyz=(-0.090, 0.039, 0.400), center=(249, 271)
[INFO] [1789635171.812624627] [vision_manager]: Book detected: xyz=(-0.086, -0.180, 0.400), center=(252, 97)
[INFO] [1789635171.813614596] [vision_manager]: Book detected: xyz=(-0.114, -0.096, 0.516), center=(250, 181)
[INFO] [1789635171.814568958] [vision_manager]: Book detected: xyz=(0.734, 0.005, 0.869), center=(588, 242)
[INFO] [1789635171.815518691] [vision_manager]: Book detected: xyz=(0.630, 0.000, 0.869), center=(550, 240)
[INFO] [1789635171.816437871] [vision_manager]: Book detected: xyz=(-0.091, -0.022, 0.403), center=(248, 223)
[INFO] [1789635171.817365900] [vision_manager]: Book detected: xyz=(-0.090, 0.038, 0.400), center=(249, 270)
[INFO] [1789635171.943600633] [vision_manager]: Book detected: xyz=(-0.086, -0.180, 0.400), center=(252, 97)
[INFO] [1789635171.945100950] [vision_manager]: Book detected: xyz=(-0.112, -0.096, 0.516), center=(251, 181)
[INFO] [1789635171.946559253] [vision_manager]: Book detected: xyz=(0.734, 0.005, 0.869), center=(588, 242)
[INFO] [1789635171.948033124] [vision_manager]: Book detected: xyz=(0.641, 0.000, 0.869), center=(554, 240)
[INFO] [1789635171.949562026] [vision_manager]: Book detected: xyz=(-0.090, -0.023, 0.402), center=(249, 222)
[INFO] [1789635171.951094573] [vision_manager]: Book detected: xyz=(-0.090, 0.037, 0.400), center=(249, 269)
[INFO] [1789635172.064724253] [vision_manager]: Book detected: xyz=(-0.086, -0.179, 0.401), center=(252, 98)
[INFO] [1789635172.066018368] [vision_manager]: Book detected: xyz=(-0.112, -0.096, 0.507), center=(250, 180)
[INFO] [1789635172.067278425] [vision_manager]: Book detected: xyz=(0.734, 0.005, 0.869), center=(588, 242)
[INFO] [1789635172.068511245] [vision_manager]: Book detected: xyz=(0.649, 0.000, 0.869), center=(557, 240)
[INFO] [1789635172.069700721] [vision_manager]: Book detected: xyz=(-0.090, -0.025, 0.401), center=(249, 220)
[INFO] [1789635172.070755935] [vision_manager]: Book detected: xyz=(-0.091, 0.038, 0.400), center=(248, 270)
[INFO] [1789635172.192531401] [vision_manager]: Book detected: xyz=(-0.086, -0.179, 0.401), center=(252, 98)
[INFO] [1789635172.193625366] [vision_manager]: Book detected: xyz=(-0.114, -0.096, 0.516), center=(250, 181)
[INFO] [1789635172.194661922] [vision_manager]: Book detected: xyz=(0.734, 0.005, 0.869), center=(588, 242)
[INFO] [1789635172.195655860] [vision_manager]: Book detected: xyz=(0.619, 0.000, 0.869), center=(546, 240)
[INFO] [1789635172.196567834] [vision_manager]: Book detected: xyz=(-0.090, -0.027, 0.401), center=(249, 219)
[INFO] [1789635172.197479273] [vision_manager]: Book detected: xyz=(-0.091, 0.033, 0.400), center=(248, 266)
[INFO] [1789635172.323133129] [vision_manager]: Book detected: xyz=(-0.085, -0.179, 0.401), center=(253, 98)
[INFO] [1789635172.324633034] [vision_manager]: Book detected: xyz=(-0.112, -0.096, 0.516), center=(251, 181)
[INFO] [1789635172.326089785] [vision_manager]: Book detected: xyz=(0.734, 0.005, 0.869), center=(588, 242)
[INFO] [1789635172.327534878] [vision_manager]: Book detected: xyz=(0.619, 0.000, 0.869), center=(546, 240)
[INFO] [1789635172.328970646] [vision_manager]: Book detected: xyz=(-0.090, -0.027, 0.401), center=(249, 219)
[INFO] [1789635172.330409086] [vision_manager]: Book detected: xyz=(-0.091, 0.032, 0.400), center=(248, 265)
[INFO] [1789635172.445785041] [vision_manager]: Book detected: xyz=(-0.086, -0.180, 0.400), center=(252, 97)
[INFO] [1789635172.447641418] [vision_manager]: Book detected: xyz=(-0.112, -0.096, 0.507), center=(250, 180)
[INFO] [1789635172.449214488] [vision_manager]: Book detected: xyz=(0.734, 0.005, 0.869), center=(588, 242)
[INFO] [1789635172.450744493] [vision_manager]: Book detected: xyz=(0.644, 0.000, 0.869), center=(555, 240)
[INFO] [1789635172.452288493] [vision_manager]: Book detected: xyz=(-0.091, -0.025, 0.401), center=(248, 220)
[INFO] [1789635172.453778210] [vision_manager]: Book detected: xyz=(-0.092, 0.038, 0.400), center=(247, 270)
[INFO] [1789635172.573222000] [vision_manager]: Book detected: xyz=(-0.086, -0.179, 0.401), center=(252, 98)
[INFO] [1789635172.574269294] [vision_manager]: Book detected: xyz=(-0.112, -0.096, 0.507), center=(250, 180)
[INFO] [1789635172.575257338] [vision_manager]: Book detected: xyz=(0.734, 0.005, 0.869), center=(588, 242)
[INFO] [1789635172.576197112] [vision_manager]: Book detected: xyz=(0.655, 0.000, 0.869), center=(559, 240)
[INFO] [1789635172.577146802] [vision_manager]: Book detected: xyz=(-0.090, -0.027, 0.401), center=(249, 219)
[INFO] [1789635172.578079558] [vision_manager]: Book detected: xyz=(-0.092, 0.039, 0.400), center=(247, 271)
[INFO] [1789635172.709637468] [vision_manager]: Book detected: xyz=(-0.085, -0.180, 0.400), center=(253, 97)
[INFO] [1789635172.711310984] [vision_manager]: Book detected: xyz=(0.734, 0.005, 0.869), center=(588, 242)
[INFO] [1789635172.712928695] [vision_manager]: Book detected: xyz=(-0.112, -0.096, 0.507), center=(250, 180)
[INFO] [1789635172.714456295] [vision_manager]: Book detected: xyz=(0.647, 0.000, 0.869), center=(556, 240)
[INFO] [1789635172.716037752] [vision_manager]: Book detected: xyz=(-0.091, -0.027, 0.401), center=(248, 219)
[INFO] [1789635172.717502041] [vision_manager]: Book detected: xyz=(-0.092, 0.040, 0.400), center=(247, 272)
[INFO] [1789635172.838950602] [vision_manager]: Book detected: xyz=(-0.085, -0.179, 0.401), center=(253, 98)
[INFO] [1789635172.840029950] [vision_manager]: Book detected: xyz=(0.734, 0.005, 0.869), center=(588, 242)
[INFO] [1789635172.841078233] [vision_manager]: Book detected: xyz=(-0.112, -0.096, 0.499), center=(249, 179)
[INFO] [1789635172.842120259] [vision_manager]: Book detected: xyz=(0.633, 0.003, 0.869), center=(551, 241)
[INFO] [1789635172.843162633] [vision_manager]: Book detected: xyz=(-0.091, -0.027, 0.401), center=(248, 219)
[INFO] [1789635172.844109435] [vision_manager]: Book detected: xyz=(-0.093, 0.042, 0.400), center=(246, 273)
[INFO] [1789635172.996470574] [vision_manager]: Book detected: xyz=(-0.086, -0.179, 0.401), center=(252, 98)
[INFO] [1789635172.997747143] [vision_manager]: Book detected: xyz=(0.734, 0.005, 0.869), center=(588, 242)
[INFO] [1789635172.998958649] [vision_manager]: Book detected: xyz=(-0.110, -0.096, 0.499), center=(250, 179)
[INFO] [1789635173.000190090] [vision_manager]: Book detected: xyz=(0.633, 0.000, 0.869), center=(551, 240)
[INFO] [1789635173.001407516] [vision_manager]: Book detected: xyz=(-0.091, -0.024, 0.402), center=(248, 221)
[INFO] [1789635173.002626306] [vision_manager]: Book detected: xyz=(-0.092, 0.042, 0.400), center=(247, 273)
[INFO] [1789635173.163565629] [vision_manager]: Book detected: xyz=(-0.086, -0.179, 0.401), center=(252, 98)
[INFO] [1789635173.165110628] [vision_manager]: Book detected: xyz=(0.734, 0.005, 0.869), center=(588, 242)
[INFO] [1789635173.166603634] [vision_manager]: Book detected: xyz=(-0.112, -0.096, 0.507), center=(250, 180)
[INFO] [1789635173.167951518] [vision_manager]: Book detected: xyz=(0.638, 0.000, 0.869), center=(553, 240)
[INFO] [1789635173.169191865] [vision_manager]: Book detected: xyz=(-0.090, -0.023, 0.402), center=(249, 222)
[INFO] [1789635173.170451783] [vision_manager]: Book detected: xyz=(-0.091, 0.040, 0.400), center=(248, 272)
[INFO] [1789635173.328182047] [vision_manager]: Book detected: xyz=(-0.086, -0.179, 0.401), center=(252, 98)
[INFO] [1789635173.329530633] [vision_manager]: Book detected: xyz=(0.734, 0.005, 0.869), center=(588, 242)
[INFO] [1789635173.330875466] [vision_manager]: Book detected: xyz=(-0.114, -0.096, 0.507), center=(249, 180)
[INFO] [1789635173.332286232] [vision_manager]: Book detected: xyz=(0.644, 0.000, 0.869), center=(555, 240)
[INFO] [1789635173.333595908] [vision_manager]: Book detected: xyz=(-0.090, -0.022, 0.403), center=(249, 223)
[INFO] [1789635173.334884288] [vision_manager]: Book detected: xyz=(-0.091, 0.042, 0.400), center=(248, 273)
[INFO] [1789635173.516145570] [vision_manager]: Book detected: xyz=(-0.086, -0.179, 0.401), center=(252, 98)
[INFO] [1789635173.517595000] [vision_manager]: Book detected: xyz=(0.734, 0.005, 0.869), center=(588, 242)
[INFO] [1789635173.518854548] [vision_manager]: Book detected: xyz=(-0.110, -0.096, 0.499), center=(250, 179)
[INFO] [1789635173.520113699] [vision_manager]: Book detected: xyz=(0.647, 0.000, 0.869), center=(556, 240)
[INFO] [1789635173.521307579] [vision_manager]: Book detected: xyz=(-0.090, -0.022, 0.403), center=(249, 223)
[INFO] [1789635173.522445671] [vision_manager]: Book detected: xyz=(-0.091, 0.040, 0.400), center=(248, 272)
[INFO] [1789635173.675996077] [vision_manager]: Book detected: xyz=(-0.086, -0.179, 0.401), center=(252, 98)
[INFO] [1789635173.677184013] [vision_manager]: Book detected: xyz=(0.734, 0.005, 0.869), center=(588, 242)
[INFO] [1789635173.678142004] [vision_manager]: Book detected: xyz=(-0.112, -0.096, 0.507), center=(250, 180)
[INFO] [1789635173.679064459] [vision_manager]: Book detected: xyz=(0.644, 0.000, 0.869), center=(555, 240)
[INFO] [1789635173.679956582] [vision_manager]: Book detected: xyz=(-0.090, -0.023, 0.402), center=(249, 222)
[INFO] [1789635173.680849785] [vision_manager]: Book detected: xyz=(-0.092, 0.040, 0.400), center=(247, 272)
[INFO] [1789635173.835706055] [vision_manager]: Book detected: xyz=(-0.086, -0.180, 0.400), center=(252, 97)
[INFO] [1789635173.836758353] [vision_manager]: Book detected: xyz=(-0.110, -0.096, 0.507), center=(251, 180)
[INFO] [1789635173.837788322] [vision_manager]: Book detected: xyz=(0.734, 0.005, 0.869), center=(588, 242)
[INFO] [1789635173.838831229] [vision_manager]: Book detected: xyz=(0.636, 0.000, 0.869), center=(552, 240)
[INFO] [1789635173.839869892] [vision_manager]: Book detected: xyz=(-0.090, -0.024, 0.402), center=(249, 221)
[INFO] [1789635173.840988216] [vision_manager]: Book detected: xyz=(-0.091, 0.039, 0.400), center=(248, 271)
[INFO] [1789635174.200862256] [vision_manager]: Book detected: xyz=(-0.086, -0.179, 0.401), center=(252, 98)
[INFO] [1789635174.202250720] [vision_manager]: Book detected: xyz=(-0.112, -0.096, 0.507), center=(250, 180)
[INFO] [1789635174.203491604] [vision_manager]: Book detected: xyz=(0.734, 0.005, 0.869), center=(588, 242)
[INFO] [1789635174.204752542] [vision_manager]: Book detected: xyz=(0.644, 0.000, 0.869), center=(555, 240)
[INFO] [1789635174.205982896] [vision_manager]: Book detected: xyz=(-0.090, -0.023, 0.402), center=(249, 222)
[INFO] [1789635174.207222035] [vision_manager]: Book detected: xyz=(-0.092, 0.038, 0.400), center=(247, 270)
[INFO] [1789635174.398293483] [vision_manager]: Book detected: xyz=(-0.086, -0.179, 0.401), center=(252, 98)
[INFO] [1789635174.400170649] [vision_manager]: Book detected: xyz=(0.734, 0.005, 0.869), center=(588, 242)
[INFO] [1789635174.401761404] [vision_manager]: Book detected: xyz=(-0.112, -0.096, 0.507), center=(250, 180)
[INFO] [1789635174.403451927] [vision_manager]: Book detected: xyz=(0.649, 0.000, 0.869), center=(557, 240)
[INFO] [1789635174.406293899] [vision_manager]: Book detected: xyz=(-0.090, -0.022, 0.403), center=(249, 223)
[INFO] [1789635174.410824649] [vision_manager]: Book detected: xyz=(-0.092, 0.035, 0.400), center=(247, 268)
[INFO] [1789635174.562636270] [vision_manager]: Book detected: xyz=(-0.086, -0.179, 0.401), center=(252, 98)
[INFO] [1789635174.565214938] [vision_manager]: Book detected: xyz=(0.734, 0.005, 0.869), center=(588, 242)
[INFO] [1789635174.567232252] [vision_manager]: Book detected: xyz=(-0.112, -0.096, 0.499), center=(249, 179)
[INFO] [1789635174.569211005] [vision_manager]: Book detected: xyz=(0.647, 0.000, 0.869), center=(556, 240)
[INFO] [1789635174.571553906] [vision_manager]: Book detected: xyz=(-0.100, -0.021, 0.439), center=(248, 225)
[INFO] [1789635174.573284593] [vision_manager]: Book detected: xyz=(-0.093, 0.039, 0.400), center=(246, 271)
[INFO] [1789635174.710588849] [vision_manager]: Book detected: xyz=(-0.086, -0.179, 0.401), center=(252, 98)
[INFO] [1789635174.711646645] [vision_manager]: Book detected: xyz=(0.734, 0.005, 0.869), center=(588, 242)
[INFO] [1789635174.712647427] [vision_manager]: Book detected: xyz=(-0.112, -0.096, 0.499), center=(249, 179)
[INFO] [1789635174.713650220] [vision_manager]: Book detected: xyz=(0.627, 0.000, 0.869), center=(549, 240)
[INFO] [1789635174.714637652] [vision_manager]: Book detected: xyz=(-0.100, -0.021, 0.439), center=(248, 225)
[INFO] [1789635174.715587889] [vision_manager]: Book detected: xyz=(-0.092, 0.039, 0.400), center=(247, 271)
[INFO] [1789635174.858210654] [vision_manager]: Book detected: xyz=(-0.086, -0.179, 0.401), center=(252, 98)
[INFO] [1789635174.859854429] [vision_manager]: Book detected: xyz=(-0.112, -0.096, 0.507), center=(250, 180)
[INFO] [1789635174.861267120] [vision_manager]: Book detected: xyz=(0.734, 0.005, 0.869), center=(588, 242)
[INFO] [1789635174.862617315] [vision_manager]: Book detected: xyz=(0.644, 0.000, 0.869), center=(555, 240)
[INFO] [1789635174.863985177] [vision_manager]: Book detected: xyz=(-0.090, -0.023, 0.402), center=(249, 222)
[INFO] [1789635174.865393057] [vision_manager]: Book detected: xyz=(-0.091, 0.038, 0.400), center=(248, 270)
[INFO] [1789635175.082335694] [vision_manager]: Book detected: xyz=(-0.086, -0.180, 0.400), center=(252, 97)
[INFO] [1789635175.083680014] [vision_manager]: Book detected: xyz=(-0.112, -0.096, 0.507), center=(250, 180)
[INFO] [1789635175.085252301] [vision_manager]: Book detected: xyz=(0.734, 0.005, 0.869), center=(588, 242)
[INFO] [1789635175.086813593] [vision_manager]: Book detected: xyz=(0.636, 0.000, 0.869), center=(552, 240)
[INFO] [1789635175.088040362] [vision_manager]: Book detected: xyz=(-0.090, -0.022, 0.403), center=(249, 223)
[INFO] [1789635175.089314508] [vision_manager]: Book detected: xyz=(-0.092, 0.038, 0.400), center=(247, 270)
[INFO] [1789635175.272035219] [vision_manager]: Book detected: xyz=(-0.086, -0.180, 0.400), center=(252, 97)
[INFO] [1789635175.273571469] [vision_manager]: Book detected: xyz=(-0.112, -0.096, 0.507), center=(250, 180)
[INFO] [1789635175.274903920] [vision_manager]: Book detected: xyz=(0.734, 0.005, 0.869), center=(588, 242)
[INFO] [1789635175.276176148] [vision_manager]: Book detected: xyz=(0.641, 0.000, 0.869), center=(554, 240)
[INFO] [1789635175.277417842] [vision_manager]: Book detected: xyz=(-0.090, -0.023, 0.402), center=(249, 222)
[INFO] [1789635175.278689557] [vision_manager]: Book detected: xyz=(-0.091, 0.038, 0.400), center=(248, 270)
[INFO] [1789635175.420312725] [vision_manager]: Book detected: xyz=(-0.086, -0.180, 0.400), center=(252, 97)
[INFO] [1789635175.421352210] [vision_manager]: Book detected: xyz=(-0.112, -0.096, 0.507), center=(250, 180)
[INFO] [1789635175.422353588] [vision_manager]: Book detected: xyz=(0.734, 0.005, 0.869), center=(588, 242)
[INFO] [1789635175.423306628] [vision_manager]: Book detected: xyz=(0.633, 0.000, 0.869), center=(551, 240)
[INFO] [1789635175.424254477] [vision_manager]: Book detected: xyz=(-0.090, -0.024, 0.402), center=(249, 221)
[INFO] [1789635175.425202105] [vision_manager]: Book detected: xyz=(-0.091, 0.037, 0.400), center=(248, 269)
[INFO] [1789635175.577688417] [vision_manager]: Book detected: xyz=(-0.086, -0.180, 0.400), center=(252, 97)
[INFO] [1789635175.579418696] [vision_manager]: Book detected: xyz=(-0.110, -0.096, 0.507), center=(251, 180)
[INFO] [1789635175.580790776] [vision_manager]: Book detected: xyz=(0.734, 0.005, 0.869), center=(588, 242)
[INFO] [1789635175.582192006] [vision_manager]: Book detected: xyz=(0.644, 0.000, 0.869), center=(555, 240)
[INFO] [1789635175.583610515] [vision_manager]: Book detected: xyz=(-0.090, -0.027, 0.401), center=(249, 219)
[INFO] [1789635175.585205030] [vision_manager]: Book detected: xyz=(-0.090, 0.039, 0.400), center=(249, 271)
[INFO] [1789635175.722338948] [vision_manager]: Book detected: xyz=(-0.086, -0.180, 0.400), center=(252, 97)
[INFO] [1789635175.723688202] [vision_manager]: Book detected: xyz=(-0.112, -0.096, 0.516), center=(251, 181)
[INFO] [1789635175.724762439] [vision_manager]: Book detected: xyz=(0.734, 0.005, 0.869), center=(588, 242)
[INFO] [1789635175.725947762] [vision_manager]: Book detected: xyz=(0.627, 0.000, 0.869), center=(549, 240)
[INFO] [1789635175.727223408] [vision_manager]: Book detected: xyz=(-0.090, -0.022, 0.403), center=(249, 223)
[INFO] [1789635175.728632862] [vision_manager]: Book detected: xyz=(-0.088, 0.038, 0.400), center=(250, 270)
[INFO] [1789635175.861547210] [vision_manager]: Book detected: xyz=(-0.086, -0.180, 0.400), center=(252, 97)
[INFO] [1789635175.863579314] [vision_manager]: Book detected: xyz=(-0.112, -0.096, 0.516), center=(251, 181)
[INFO] [1789635175.865537945] [vision_manager]: Book detected: xyz=(0.734, 0.005, 0.869), center=(588, 242)
[INFO] [1789635175.867536208] [vision_manager]: Book detected: xyz=(0.638, 0.000, 0.869), center=(553, 240)
[INFO] [1789635175.869222956] [vision_manager]: Book detected: xyz=(-0.090, -0.022, 0.403), center=(249, 223)
[INFO] [1789635176.015664421] [vision_manager]: Book detected: xyz=(-0.085, -0.180, 0.400), center=(253, 97)
[INFO] [1789635176.016937217] [vision_manager]: Book detected: xyz=(-0.110, -0.096, 0.507), center=(251, 180)
[INFO] [1789635176.018105776] [vision_manager]: Book detected: xyz=(0.734, 0.005, 0.869), center=(588, 242)
[INFO] [1789635176.019197266] [vision_manager]: Book detected: xyz=(0.622, 0.000, 0.869), center=(547, 240)
[INFO] [1789635176.020279932] [vision_manager]: Book detected: xyz=(-0.090, -0.022, 0.403), center=(249, 223)
[INFO] [1789635176.172406774] [vision_manager]: Book detected: xyz=(-0.086, -0.180, 0.400), center=(252, 97)
[INFO] [1789635176.174007600] [vision_manager]: Book detected: xyz=(-0.107, -0.096, 0.491), center=(251, 178)
[INFO] [1789635176.175310639] [vision_manager]: Book detected: xyz=(0.734, 0.005, 0.869), center=(588, 242)
[INFO] [1789635176.176598292] [vision_manager]: Book detected: xyz=(0.652, 0.000, 0.869), center=(558, 240)
[INFO] [1789635176.177933871] [vision_manager]: Book detected: xyz=(-0.090, -0.032, 0.400), center=(249, 215)
[INFO] [1789635176.179237955] [vision_manager]: Book detected: xyz=(-0.090, 0.039, 0.400), center=(249, 271)
[INFO] [1789635176.326483455] [vision_manager]: Book detected: xyz=(-0.086, -0.180, 0.400), center=(252, 97)
[INFO] [1789635176.327974389] [vision_manager]: Book detected: xyz=(-0.112, -0.096, 0.516), center=(251, 181)
[INFO] [1789635176.329416763] [vision_manager]: Book detected: xyz=(0.734, 0.005, 0.869), center=(588, 242)
[INFO] [1789635176.330851611] [vision_manager]: Book detected: xyz=(0.644, 0.000, 0.869), center=(555, 240)
[INFO] [1789635176.332295779] [vision_manager]: Book detected: xyz=(-0.089, -0.027, 0.401), center=(250, 219)
[INFO] [1789635176.333751424] [vision_manager]: Book detected: xyz=(-0.090, 0.035, 0.400), center=(249, 268)
[INFO] [1789635176.480587891] [vision_manager]: Book detected: xyz=(-0.086, -0.180, 0.400), center=(252, 97)
[INFO] [1789635176.481897773] [vision_manager]: Book detected: xyz=(-0.114, -0.096, 0.516), center=(250, 181)
[INFO] [1789635176.482959580] [vision_manager]: Book detected: xyz=(0.734, 0.005, 0.869), center=(588, 242)
[INFO] [1789635176.483977346] [vision_manager]: Book detected: xyz=(0.649, 0.000, 0.869), center=(557, 240)
[INFO] [1789635176.484994791] [vision_manager]: Book detected: xyz=(-0.090, -0.024, 0.402), center=(249, 221)
[INFO] [1789635176.485991210] [vision_manager]: Book detected: xyz=(-0.091, 0.038, 0.400), center=(248, 270)
[INFO] [1789635176.634834457] [vision_manager]: Book detected: xyz=(-0.086, -0.180, 0.400), center=(252, 97)
[INFO] [1789635176.636460096] [vision_manager]: Book detected: xyz=(-0.114, -0.096, 0.516), center=(250, 181)
[INFO] [1789635176.637980277] [vision_manager]: Book detected: xyz=(0.734, 0.005, 0.869), center=(588, 242)
[INFO] [1789635176.639560831] [vision_manager]: Book detected: xyz=(0.658, 0.000, 0.869), center=(560, 240)
[INFO] [1789635176.641111110] [vision_manager]: Book detected: xyz=(-0.090, -0.024, 0.402), center=(249, 221)
[INFO] [1789635176.642553943] [vision_manager]: Book detected: xyz=(-0.091, 0.038, 0.400), center=(248, 270)
[INFO] [1789635176.778582950] [vision_manager]: Book detected: xyz=(-0.086, -0.180, 0.400), center=(252, 97)
[INFO] [1789635176.779632640] [vision_manager]: Book detected: xyz=(-0.114, -0.096, 0.516), center=(250, 181)
[INFO] [1789635176.780546427] [vision_manager]: Book detected: xyz=(0.734, 0.005, 0.869), center=(588, 242)
[INFO] [1789635176.781428657] [vision_manager]: Book detected: xyz=(0.649, 0.000, 0.869), center=(557, 240)
[INFO] [1789635176.782327130] [vision_manager]: Book detected: xyz=(-0.092, -0.021, 0.411), center=(249, 224)
[INFO] [1789635176.783210362] [vision_manager]: Book detected: xyz=(-0.090, 0.040, 0.400), center=(249, 272)
[INFO] [1789635176.934249563] [vision_manager]: Book detected: xyz=(-0.086, -0.180, 0.400), center=(252, 97)
[INFO] [1789635176.935926842] [vision_manager]: Book detected: xyz=(-0.112, -0.096, 0.507), center=(250, 180)
[INFO] [1789635176.937473567] [vision_manager]: Book detected: xyz=(0.734, 0.005, 0.869), center=(588, 242)
[INFO] [1789635176.938848484] [vision_manager]: Book detected: xyz=(0.655, 0.000, 0.869), center=(559, 240)
[INFO] [1789635176.940054204] [vision_manager]: Book detected: xyz=(-0.090, -0.025, 0.401), center=(249, 220)
[INFO] [1789635176.941253928] [vision_manager]: Book detected: xyz=(-0.090, 0.042, 0.400), center=(249, 273)
[INFO] [1789635177.086543031] [vision_manager]: Book detected: xyz=(-0.086, -0.180, 0.400), center=(252, 97)
[INFO] [1789635177.088167293] [vision_manager]: Book detected: xyz=(-0.112, -0.096, 0.516), center=(251, 181)
[INFO] [1789635177.089772828] [vision_manager]: Book detected: xyz=(0.734, 0.005, 0.869), center=(588, 242)
[INFO] [1789635177.091355414] [vision_manager]: Book detected: xyz=(0.647, 0.000, 0.869), center=(556, 240)
[INFO] [1789635177.092721489] [vision_manager]: Book detected: xyz=(-0.092, -0.021, 0.411), center=(249, 224)
[INFO] [1789635177.224227473] [vision_manager]: Book detected: xyz=(-0.086, -0.180, 0.400), center=(252, 97)
[INFO] [1789635177.226101307] [vision_manager]: Book detected: xyz=(-0.112, -0.096, 0.516), center=(251, 181)
[INFO] [1789635177.228103092] [vision_manager]: Book detected: xyz=(0.734, 0.005, 0.869), center=(588, 242)
[INFO] [1789635177.229761361] [vision_manager]: Book detected: xyz=(0.641, 0.000, 0.869), center=(554, 240)
[INFO] [1789635177.231131508] [vision_manager]: Book detected: xyz=(-0.090, -0.024, 0.402), center=(249, 221)
[INFO] [1789635177.232474783] [vision_manager]: Book detected: xyz=(-0.090, 0.042, 0.400), center=(249, 273)
[INFO] [1789635177.367993467] [vision_manager]: Book detected: xyz=(-0.086, -0.180, 0.400), center=(252, 97)
[INFO] [1789635177.369185783] [vision_manager]: Book detected: xyz=(-0.110, -0.096, 0.507), center=(251, 180)
[INFO] [1789635177.370275842] [vision_manager]: Book detected: xyz=(0.734, 0.005, 0.869), center=(588, 242)
[INFO] [1789635177.371364475] [vision_manager]: Book detected: xyz=(0.658, 0.000, 0.869), center=(560, 240)
[INFO] [1789635177.372933432] [vision_manager]: Book detected: xyz=(-0.089, -0.023, 0.402), center=(250, 222)
[INFO] [1789635177.374856831] [vision_manager]: Book detected: xyz=(-0.090, 0.039, 0.400), center=(249, 271)
[INFO] [1789635177.531353581] [vision_manager]: Book detected: xyz=(-0.086, -0.180, 0.400), center=(252, 97)
[INFO] [1789635177.532491233] [vision_manager]: Book detected: xyz=(-0.114, -0.096, 0.516), center=(250, 181)
[INFO] [1789635177.533546766] [vision_manager]: Book detected: xyz=(0.734, 0.005, 0.869), center=(588, 242)
[INFO] [1789635177.534558799] [vision_manager]: Book detected: xyz=(0.641, 0.000, 0.869), center=(554, 240)
[INFO] [1789635177.535517054] [vision_manager]: Book detected: xyz=(-0.091, -0.021, 0.411), center=(250, 224)
[INFO] [1789635177.536425007] [vision_manager]: Book detected: xyz=(-0.090, 0.033, 0.400), center=(249, 266)
[INFO] [1789635177.669358725] [vision_manager]: Book detected: xyz=(-0.086, -0.180, 0.400), center=(252, 97)
[INFO] [1789635177.670308283] [vision_manager]: Book detected: xyz=(-0.110, -0.096, 0.507), center=(251, 180)
[INFO] [1789635177.671219412] [vision_manager]: Book detected: xyz=(0.734, 0.005, 0.869), center=(588, 242)
[INFO] [1789635177.672098910] [vision_manager]: Book detected: xyz=(0.622, 0.000, 0.869), center=(547, 240)
[INFO] [1789635177.672950030] [vision_manager]: Book detected: xyz=(-0.092, -0.021, 0.411), center=(249, 224)
[INFO] [1789635177.673802593] [vision_manager]: Book detected: xyz=(-0.091, 0.038, 0.400), center=(248, 270)
[INFO] [1789635177.807299688] [vision_manager]: Book detected: xyz=(-0.086, -0.180, 0.400), center=(252, 97)
[INFO] [1789635177.809010772] [vision_manager]: Book detected: xyz=(-0.112, -0.096, 0.507), center=(250, 180)
[INFO] [1789635177.810765275] [vision_manager]: Book detected: xyz=(0.734, 0.005, 0.869), center=(588, 242)
[INFO] [1789635177.812316341] [vision_manager]: Book detected: xyz=(0.633, 0.000, 0.869), center=(551, 240)
[INFO] [1789635177.813696270] [vision_manager]: Book detected: xyz=(-0.090, -0.022, 0.403), center=(249, 223)
[INFO] [1789635177.815065565] [vision_manager]: Book detected: xyz=(-0.092, 0.037, 0.400), center=(247, 269)
[INFO] [1789635177.948043899] [vision_manager]: Book detected: xyz=(-0.086, -0.180, 0.400), center=(252, 97)
[INFO] [1789635177.949166102] [vision_manager]: Book detected: xyz=(0.734, 0.005, 0.869), center=(588, 242)
[INFO] [1789635177.950179179] [vision_manager]: Book detected: xyz=(-0.112, -0.096, 0.507), center=(250, 180)
[INFO] [1789635177.951196958] [vision_manager]: Book detected: xyz=(0.641, 0.000, 0.869), center=(554, 240)
[INFO] [1789635177.952215102] [vision_manager]: Book detected: xyz=(-0.092, -0.021, 0.411), center=(249, 224)
[INFO] [1789635177.953244646] [vision_manager]: Book detected: xyz=(-0.092, 0.038, 0.400), center=(247, 270)
[INFO] [1789635178.103514094] [vision_manager]: Book detected: xyz=(-0.087, -0.180, 0.400), center=(251, 97)
[INFO] [1789635178.105154418] [vision_manager]: Book detected: xyz=(-0.112, -0.096, 0.507), center=(250, 180)
[INFO] [1789635178.106716231] [vision_manager]: Book detected: xyz=(0.734, 0.005, 0.869), center=(588, 242)
[INFO] [1789635178.108348026] [vision_manager]: Book detected: xyz=(0.636, 0.000, 0.869), center=(552, 240)
[INFO] [1789635178.109683692] [vision_manager]: Book detected: xyz=(-0.092, -0.021, 0.411), center=(249, 224)
[INFO] [1789635178.111007776] [vision_manager]: Book detected: xyz=(-0.091, 0.035, 0.400), center=(248, 268)
[INFO] [1789635178.256917874] [vision_manager]: Book detected: xyz=(-0.086, -0.180, 0.400), center=(252, 97)
[INFO] [1789635178.258923787] [vision_manager]: Book detected: xyz=(-0.114, -0.096, 0.516), center=(250, 181)
[INFO] [1789635178.260437112] [vision_manager]: Book detected: xyz=(0.734, 0.005, 0.869), center=(588, 242)
[INFO] [1789635178.261763833] [vision_manager]: Book detected: xyz=(0.644, 0.000, 0.869), center=(555, 240)
[INFO] [1789635178.262915957] [vision_manager]: Book detected: xyz=(-0.090, -0.022, 0.403), center=(249, 223)
[INFO] [1789635178.264077705] [vision_manager]: Book detected: xyz=(-0.091, 0.035, 0.400), center=(248, 268)
[INFO] [1789635178.410700860] [vision_manager]: Book detected: xyz=(-0.087, -0.180, 0.400), center=(251, 97)
[INFO] [1789635178.411698981] [vision_manager]: Book detected: xyz=(-0.112, -0.096, 0.507), center=(250, 180)
[INFO] [1789635178.412667026] [vision_manager]: Book detected: xyz=(0.734, 0.005, 0.869), center=(588, 242)
[INFO] [1789635178.413645459] [vision_manager]: Book detected: xyz=(0.641, 0.000, 0.869), center=(554, 240)
[INFO] [1789635178.414591227] [vision_manager]: Book detected: xyz=(-0.090, -0.023, 0.402), center=(249, 222)
[INFO] [1789635178.415532352] [vision_manager]: Book detected: xyz=(-0.091, 0.038, 0.400), center=(248, 270)
[INFO] [1789635178.563953204] [vision_manager]: Book detected: xyz=(-0.087, -0.180, 0.400), center=(251, 97)
[INFO] [1789635178.565806009] [vision_manager]: Book detected: xyz=(-0.115, -0.096, 0.516), center=(249, 181)
[INFO] [1789635178.615464664] [vision_manager]: Book detected: xyz=(0.734, 0.005, 0.869), center=(588, 242)
[INFO] [1789635178.617053640] [vision_manager]: Book detected: xyz=(0.638, 0.000, 0.869), center=(553, 240)
[INFO] [1789635178.617936624] [vision_manager]: Book detected: xyz=(-0.090, -0.023, 0.402), center=(249, 222)
[INFO] [1789635178.618761941] [vision_manager]: Book detected: xyz=(-0.092, 0.033, 0.400), center=(247, 266)
[INFO] [1789635178.751244082] [vision_manager]: Book detected: xyz=(-0.087, -0.180, 0.400), center=(251, 97)
[INFO] [1789635178.752222140] [vision_manager]: Book detected: xyz=(-0.115, -0.096, 0.516), center=(249, 181)
[INFO] [1789635178.753135545] [vision_manager]: Book detected: xyz=(0.734, 0.005, 0.869), center=(588, 242)
[INFO] [1789635178.754054686] [vision_manager]: Book detected: xyz=(0.638, 0.000, 0.869), center=(553, 240)
[INFO] [1789635178.754956475] [vision_manager]: Book detected: xyz=(-0.090, -0.023, 0.402), center=(249, 222)
[INFO] [1789635178.755852232] [vision_manager]: Book detected: xyz=(-0.091, 0.028, 0.401), center=(248, 262)
[INFO] [1789635178.875839897] [vision_manager]: Book detected: xyz=(-0.087, -0.180, 0.400), center=(251, 97)
[INFO] [1789635178.877363148] [vision_manager]: Book detected: xyz=(-0.123, -0.096, 0.544), center=(248, 184)
[INFO] [1789635178.878812597] [vision_manager]: Book detected: xyz=(0.734, 0.005, 0.869), center=(588, 242)
[INFO] [1789635178.880268625] [vision_manager]: Book detected: xyz=(0.625, 0.000, 0.869), center=(548, 240)
[INFO] [1789635178.881711498] [vision_manager]: Book detected: xyz=(-0.090, -0.023, 0.402), center=(249, 222)
[INFO] [1789635178.883066071] [vision_manager]: Book detected: xyz=(-0.092, 0.022, 0.402), center=(247, 257)
[INFO] [1789635178.983889739] [vision_manager]: Book detected: xyz=(-0.087, -0.180, 0.400), center=(251, 97)
[INFO] [1789635178.984985030] [vision_manager]: Book detected: xyz=(-0.117, -0.096, 0.525), center=(249, 182)
[INFO] [1789635178.986057997] [vision_manager]: Book detected: xyz=(0.734, 0.005, 0.869), center=(588, 242)
[INFO] [1789635178.987087807] [vision_manager]: Book detected: xyz=(0.638, 0.000, 0.869), center=(553, 240)
[INFO] [1789635178.988085872] [vision_manager]: Book detected: xyz=(-0.092, -0.021, 0.411), center=(249, 224)
[INFO] [1789635179.096010219] [vision_manager]: Book detected: xyz=(-0.087, -0.179, 0.401), center=(251, 98)
[INFO] [1789635179.097010360] [vision_manager]: Book detected: xyz=(-0.120, -0.096, 0.534), center=(249, 183)
[INFO] [1789635179.097956249] [vision_manager]: Book detected: xyz=(0.734, 0.005, 0.869), center=(588, 242)
[INFO] [1789635179.098872550] [vision_manager]: Book detected: xyz=(0.638, 0.000, 0.869), center=(553, 240)
[INFO] [1789635179.099790656] [vision_manager]: Book detected: xyz=(-0.090, -0.022, 0.403), center=(249, 223)
[INFO] [1789635179.100720260] [vision_manager]: Book detected: xyz=(-0.091, 0.023, 0.402), center=(248, 258)
[INFO] [1789635179.231149570] [vision_manager]: Book detected: xyz=(-0.087, -0.179, 0.401), center=(251, 98)
[INFO] [1789635179.233012634] [vision_manager]: Book detected: xyz=(-0.114, -0.096, 0.516), center=(250, 181)
[INFO] [1789635179.234583909] [vision_manager]: Book detected: xyz=(0.734, 0.005, 0.869), center=(588, 242)
[INFO] [1789635179.236028618] [vision_manager]: Book detected: xyz=(0.638, 0.000, 0.869), center=(553, 240)
[INFO] [1789635179.237519061] [vision_manager]: Book detected: xyz=(-0.098, -0.021, 0.439), center=(249, 225)
[INFO] [1789635179.363229727] [vision_manager]: Book detected: xyz=(-0.087, -0.179, 0.401), center=(251, 98)
[INFO] [1789635179.365091221] [vision_manager]: Book detected: xyz=(-0.116, -0.096, 0.525), center=(250, 182)
[INFO] [1789635179.366934221] [vision_manager]: Book detected: xyz=(0.734, 0.005, 0.869), center=(588, 242)
[INFO] [1789635179.368732810] [vision_manager]: Book detected: xyz=(0.641, 0.000, 0.869), center=(554, 240)
[INFO] [1789635179.370199390] [vision_manager]: Book detected: xyz=(-0.092, -0.021, 0.411), center=(249, 224)
[INFO] [1789635179.476886735] [vision_manager]: Book detected: xyz=(-0.086, -0.179, 0.401), center=(252, 98)
[INFO] [1789635179.477848996] [vision_manager]: Book detected: xyz=(-0.118, -0.096, 0.534), center=(250, 183)
[INFO] [1789635179.478762183] [vision_manager]: Book detected: xyz=(0.734, 0.005, 0.869), center=(588, 242)
[INFO] [1789635179.479681604] [vision_manager]: Book detected: xyz=(0.647, 0.000, 0.869), center=(556, 240)
[INFO] [1789635179.480562909] [vision_manager]: Book detected: xyz=(-0.092, -0.021, 0.411), center=(249, 224)
[INFO] [1789635179.603386206] [vision_manager]: Book detected: xyz=(-0.086, -0.179, 0.401), center=(252, 98)
[INFO] [1789635179.604828209] [vision_manager]: Book detected: xyz=(-0.116, -0.096, 0.525), center=(250, 182)
[INFO] [1789635179.606110444] [vision_manager]: Book detected: xyz=(0.734, 0.005, 0.869), center=(588, 242)
[INFO] [1789635179.607341481] [vision_manager]: Book detected: xyz=(0.644, 0.000, 0.869), center=(555, 240)
[INFO] [1789635179.608657685] [vision_manager]: Book detected: xyz=(-0.092, -0.021, 0.411), center=(249, 224)
[INFO] [1789635179.609913321] [vision_manager]: Book detected: xyz=(-0.091, 0.030, 0.400), center=(248, 264)
[INFO] [1789635179.713156842] [vision_manager]: Book detected: xyz=(-0.086, -0.179, 0.401), center=(252, 98)
[INFO] [1789635179.714152103] [vision_manager]: Book detected: xyz=(0.734, 0.005, 0.869), center=(588, 242)
[INFO] [1789635179.715079224] [vision_manager]: Book detected: xyz=(-0.124, -0.096, 0.554), center=(249, 185)
[INFO] [1789635179.715983710] [vision_manager]: Book detected: xyz=(0.641, 0.000, 0.869), center=(554, 240)
[INFO] [1789635179.716905654] [vision_manager]: Book detected: xyz=(-0.092, -0.021, 0.411), center=(249, 224)
[INFO] [1789635179.717824466] [vision_manager]: Book detected: xyz=(-0.092, 0.024, 0.401), center=(247, 259)
[INFO] [1789635179.847491081] [vision_manager]: Book detected: xyz=(-0.086, -0.179, 0.401), center=(252, 98)
[INFO] [1789635179.849709851] [vision_manager]: Book detected: xyz=(0.734, 0.005, 0.869), center=(588, 242)
[INFO] [1789635179.851444936] [vision_manager]: Book detected: xyz=(-0.116, -0.096, 0.525), center=(250, 182)
[INFO] [1789635179.853475639] [vision_manager]: Book detected: xyz=(0.638, 0.000, 0.869), center=(553, 240)
[INFO] [1789635179.854856807] [vision_manager]: Book detected: xyz=(-0.090, -0.022, 0.403), center=(249, 223)
[INFO] [1789635179.856018687] [vision_manager]: Book detected: xyz=(-0.091, 0.032, 0.400), center=(248, 265)
[INFO] [1789635180.048750821] [vision_manager]: Book detected: xyz=(-0.087, -0.179, 0.401), center=(251, 98)
[INFO] [1789635180.051770037] [vision_manager]: Book detected: xyz=(0.734, 0.005, 0.869), center=(588, 242)
[INFO] [1789635180.053347698] [vision_manager]: Book detected: xyz=(-0.123, -0.096, 0.544), center=(248, 184)
[INFO] [1789635180.055785024] [vision_manager]: Book detected: xyz=(0.641, 0.000, 0.869), center=(554, 240)
[INFO] [1789635180.057279734] [vision_manager]: Book detected: xyz=(-0.090, -0.022, 0.403), center=(249, 223)
[INFO] [1789635180.058500888] [vision_manager]: Book detected: xyz=(-0.092, 0.028, 0.401), center=(247, 262)
[INFO] [1789635180.313624220] [vision_manager]: Book detected: xyz=(-0.087, -0.180, 0.400), center=(251, 97)
[INFO] [1789635180.314696576] [vision_manager]: Book detected: xyz=(0.734, 0.005, 0.869), center=(588, 242)
[INFO] [1789635180.315780707] [vision_manager]: Book detected: xyz=(-0.117, -0.096, 0.516), center=(248, 181)
[INFO] [1789635180.316852316] [vision_manager]: Book detected: xyz=(0.638, 0.000, 0.869), center=(553, 240)
[INFO] [1789635180.317868909] [vision_manager]: Book detected: xyz=(-0.093, -0.021, 0.411), center=(248, 224)
[INFO] [1789635180.318919169] [vision_manager]: Book detected: xyz=(-0.092, 0.037, 0.400), center=(247, 269)
[INFO] [1789635180.477158369] [vision_manager]: Book detected: xyz=(-0.087, -0.180, 0.400), center=(251, 97)
[INFO] [1789635180.478290121] [vision_manager]: Book detected: xyz=(0.734, 0.005, 0.869), center=(588, 242)
[INFO] [1789635180.479331415] [vision_manager]: Book detected: xyz=(-0.114, -0.096, 0.507), center=(249, 180)
[INFO] [1789635180.480396874] [vision_manager]: Book detected: xyz=(0.633, 0.000, 0.869), center=(551, 240)
[INFO] [1789635180.481480910] [vision_manager]: Book detected: xyz=(-0.091, -0.023, 0.402), center=(248, 222)
[INFO] [1789635180.482531816] [vision_manager]: Book detected: xyz=(-0.092, 0.043, 0.400), center=(247, 274)
[INFO] [1789635180.633875791] [vision_manager]: Book detected: xyz=(-0.087, -0.180, 0.400), center=(251, 97)
[INFO] [1789635180.635455600] [vision_manager]: Book detected: xyz=(0.734, 0.005, 0.869), center=(588, 242)
[INFO] [1789635180.636900198] [vision_manager]: Book detected: xyz=(-0.114, -0.096, 0.507), center=(249, 180)
[INFO] [1789635180.638359372] [vision_manager]: Book detected: xyz=(0.616, 0.000, 0.869), center=(545, 240)
[INFO] [1789635180.639839657] [vision_manager]: Book detected: xyz=(-0.091, -0.022, 0.403), center=(248, 223)
[INFO] [1789635180.641855083] [vision_manager]: Book detected: xyz=(-0.092, 0.043, 0.400), center=(247, 274)
[INFO] [1789635180.810858334] [vision_manager]: Book detected: xyz=(-0.087, -0.180, 0.400), center=(251, 97)
[INFO] [1789635180.815185038] [vision_manager]: Book detected: xyz=(0.734, 0.005, 0.869), center=(588, 242)
[INFO] [1789635180.817164045] [vision_manager]: Book detected: xyz=(-0.112, -0.096, 0.499), center=(249, 179)
[INFO] [1789635180.818996057] [vision_manager]: Book detected: xyz=(0.619, 0.003, 0.869), center=(546, 241)
[INFO] [1789635180.819888540] [vision_manager]: Book detected: xyz=(-0.091, -0.024, 0.402), center=(248, 221)
[INFO] [1789635180.820709158] [vision_manager]: Book detected: xyz=(-0.092, 0.042, 0.400), center=(247, 273)
[INFO] [1789635181.003668097] [vision_manager]: Book detected: xyz=(-0.087, -0.180, 0.400), center=(251, 97)
[INFO] [1789635181.005926245] [vision_manager]: Book detected: xyz=(0.734, 0.005, 0.869), center=(588, 242)
[INFO] [1789635181.008744153] [vision_manager]: Book detected: xyz=(-0.120, -0.096, 0.534), center=(249, 183)
[INFO] [1789635181.010285626] [vision_manager]: Book detected: xyz=(0.649, 0.000, 0.869), center=(557, 240)
[INFO] [1789635181.012795729] [vision_manager]: Book detected: xyz=(-0.091, -0.023, 0.402), center=(248, 222)
[INFO] [1789635181.014226660] [vision_manager]: Book detected: xyz=(-0.093, 0.042, 0.400), center=(246, 273)
[INFO] [1789635181.160835617] [vision_manager]: Book detected: xyz=(-0.086, -0.180, 0.400), center=(252, 97)
[INFO] [1789635181.162371967] [vision_manager]: Book detected: xyz=(-0.112, -0.096, 0.507), center=(250, 180)
[INFO] [1789635181.163835898] [vision_manager]: Book detected: xyz=(0.734, 0.005, 0.869), center=(588, 242)
[INFO] [1789635181.165298143] [vision_manager]: Book detected: xyz=(0.633, 0.000, 0.869), center=(551, 240)
[INFO] [1789635181.166819373] [vision_manager]: Book detected: xyz=(-0.091, -0.025, 0.401), center=(248, 220)
[INFO] [1789635181.168329695] [vision_manager]: Book detected: xyz=(-0.092, 0.042, 0.400), center=(247, 273)
[INFO] [1789635181.298735728] [vision_manager]: Book detected: xyz=(-0.086, -0.180, 0.400), center=(252, 97)
[INFO] [1789635181.299803064] [vision_manager]: Book detected: xyz=(-0.115, -0.096, 0.516), center=(249, 181)
[INFO] [1789635181.300847935] [vision_manager]: Book detected: xyz=(0.734, 0.005, 0.869), center=(588, 242)
[INFO] [1789635181.301841304] [vision_manager]: Book detected: xyz=(0.636, 0.000, 0.869), center=(552, 240)
[INFO] [1789635181.302840072] [vision_manager]: Book detected: xyz=(-0.091, -0.023, 0.402), center=(248, 222)
[INFO] [1789635181.303920140] [vision_manager]: Book detected: xyz=(-0.093, 0.038, 0.400), center=(246, 270)
[INFO] [1789635181.442751567] [vision_manager]: Book detected: xyz=(-0.086, -0.180, 0.400), center=(252, 97)
[INFO] [1789635181.443817578] [vision_manager]: Book detected: xyz=(-0.115, -0.096, 0.516), center=(249, 181)
[INFO] [1789635181.444793273] [vision_manager]: Book detected: xyz=(0.734, 0.005, 0.869), center=(588, 242)
[INFO] [1789635181.445768593] [vision_manager]: Book detected: xyz=(0.625, 0.000, 0.869), center=(548, 240)
[INFO] [1789635181.446786797] [vision_manager]: Book detected: xyz=(-0.090, -0.023, 0.402), center=(249, 222)
[INFO] [1789635181.447810336] [vision_manager]: Book detected: xyz=(-0.092, 0.035, 0.400), center=(247, 268)
[INFO] [1789635181.583436230] [vision_manager]: Book detected: xyz=(-0.086, -0.180, 0.400), center=(252, 97)
[INFO] [1789635181.584508661] [vision_manager]: Book detected: xyz=(-0.120, -0.096, 0.544), center=(250, 184)
[INFO] [1789635181.585483103] [vision_manager]: Book detected: xyz=(0.734, 0.005, 0.869), center=(588, 242)
[INFO] [1789635181.586450917] [vision_manager]: Book detected: xyz=(0.630, 0.000, 0.869), center=(550, 240)
[INFO] [1789635181.587481930] [vision_manager]: Book detected: xyz=(-0.090, -0.023, 0.402), center=(249, 222)
[INFO] [1789635181.588567152] [vision_manager]: Book detected: xyz=(-0.092, 0.033, 0.400), center=(247, 266)
[INFO] [1789635181.713615662] [vision_manager]: Book detected: xyz=(-0.086, -0.180, 0.400), center=(252, 97)
[INFO] [1789635181.714598856] [vision_manager]: Book detected: xyz=(-0.116, -0.096, 0.525), center=(250, 182)
[INFO] [1789635181.715494917] [vision_manager]: Book detected: xyz=(0.734, 0.005, 0.869), center=(588, 242)
[INFO] [1789635181.716426744] [vision_manager]: Book detected: xyz=(0.649, 0.000, 0.869), center=(557, 240)
[INFO] [1789635181.717359409] [vision_manager]: Book detected: xyz=(-0.090, -0.024, 0.402), center=(249, 221)
[INFO] [1789635181.718260419] [vision_manager]: Book detected: xyz=(-0.092, 0.027, 0.401), center=(247, 261)
[INFO] [1789635181.868259690] [vision_manager]: Book detected: xyz=(-0.086, -0.180, 0.400), center=(252, 97)
[INFO] [1789635181.869835416] [vision_manager]: Book detected: xyz=(-0.114, -0.096, 0.525), center=(251, 182)
[INFO] [1789635181.871374545] [vision_manager]: Book detected: xyz=(0.734, 0.005, 0.869), center=(588, 242)
[INFO] [1789635181.872793398] [vision_manager]: Book detected: xyz=(0.649, 0.000, 0.869), center=(557, 240)
[INFO] [1789635181.874250636] [vision_manager]: Book detected: xyz=(-0.089, -0.024, 0.402), center=(250, 221)
[INFO] [1789635181.875562250] [vision_manager]: Book detected: xyz=(-0.090, 0.030, 0.400), center=(249, 264)
[INFO] [1789635181.998494060] [vision_manager]: Book detected: xyz=(-0.086, -0.180, 0.400), center=(252, 97)
[INFO] [1789635181.999574701] [vision_manager]: Book detected: xyz=(-0.114, -0.096, 0.525), center=(251, 182)
[INFO] [1789635182.000616367] [vision_manager]: Book detected: xyz=(0.734, 0.005, 0.869), center=(588, 242)
[INFO] [1789635182.001544096] [vision_manager]: Book detected: xyz=(0.622, 0.000, 0.869), center=(547, 240)
[INFO] [1789635182.002543205] [vision_manager]: Book detected: xyz=(-0.089, -0.023, 0.402), center=(250, 222)
[INFO] [1789635182.003477913] [vision_manager]: Book detected: xyz=(-0.090, 0.035, 0.400), center=(249, 268)
[INFO] [1789635182.176093117] [vision_manager]: Book detected: xyz=(-0.086, -0.180, 0.400), center=(252, 97)
[INFO] [1789635182.177253618] [vision_manager]: Book detected: xyz=(-0.114, -0.096, 0.516), center=(250, 181)
[INFO] [1789635182.178337037] [vision_manager]: Book detected: xyz=(0.734, 0.005, 0.869), center=(588, 242)
[INFO] [1789635182.179362493] [vision_manager]: Book detected: xyz=(0.630, 0.000, 0.869), center=(550, 240)
[INFO] [1789635182.180546574] [vision_manager]: Book detected: xyz=(-0.090, -0.024, 0.402), center=(249, 221)
[INFO] [1789635182.181513117] [vision_manager]: Book detected: xyz=(-0.091, 0.038, 0.400), center=(248, 270)
[INFO] [1789635182.336217096] [vision_manager]: Book detected: xyz=(-0.086, -0.180, 0.400), center=(252, 97)
[INFO] [1789635182.337341157] [vision_manager]: Book detected: xyz=(-0.114, -0.096, 0.516), center=(250, 181)
[INFO] [1789635182.339163775] [vision_manager]: Book detected: xyz=(0.734, 0.005, 0.869), center=(588, 242)
[INFO] [1789635182.341290900] [vision_manager]: Book detected: xyz=(0.641, 0.000, 0.869), center=(554, 240)
[INFO] [1789635182.342622085] [vision_manager]: Book detected: xyz=(-0.090, -0.022, 0.403), center=(249, 223)
[INFO] [1789635182.343921139] [vision_manager]: Book detected: xyz=(-0.091, 0.025, 0.401), center=(248, 260)
[INFO] [1789635182.514638504] [vision_manager]: Book detected: xyz=(-0.086, -0.180, 0.400), center=(252, 97)
[INFO] [1789635182.515787387] [vision_manager]: Book detected: xyz=(-0.114, -0.096, 0.507), center=(249, 180)
[INFO] [1789635182.516861799] [vision_manager]: Book detected: xyz=(0.734, 0.005, 0.869), center=(588, 242)
[INFO] [1789635182.517843735] [vision_manager]: Book detected: xyz=(0.630, 0.000, 0.869), center=(550, 240)
[INFO] [1789635182.518949943] [vision_manager]: Book detected: xyz=(-0.090, -0.024, 0.402), center=(249, 221)
[INFO] [1789635182.520103667] [vision_manager]: Book detected: xyz=(-0.092, 0.038, 0.400), center=(247, 270)
[INFO] [1789635182.708882248] [vision_manager]: Book detected: xyz=(-0.087, -0.180, 0.400), center=(251, 97)
[INFO] [1789635182.710186668] [vision_manager]: Book detected: xyz=(0.734, 0.005, 0.869), center=(588, 242)
[INFO] [1789635182.711461908] [vision_manager]: Book detected: xyz=(-0.117, -0.096, 0.525), center=(249, 182)
[INFO] [1789635182.712772008] [vision_manager]: Book detected: xyz=(0.627, 0.000, 0.869), center=(549, 240)
[INFO] [1789635182.714064650] [vision_manager]: Book detected: xyz=(-0.091, -0.024, 0.402), center=(248, 221)
[INFO] [1789635182.715368714] [vision_manager]: Book detected: xyz=(-0.093, 0.037, 0.400), center=(246, 269)
[INFO] [1789635182.850597790] [vision_manager]: Book detected: xyz=(-0.087, -0.180, 0.400), center=(251, 97)
[INFO] [1789635182.851717447] [vision_manager]: Book detected: xyz=(-0.112, -0.096, 0.507), center=(250, 180)
[INFO] [1789635182.852711173] [vision_manager]: Book detected: xyz=(0.734, 0.005, 0.869), center=(588, 242)
[INFO] [1789635182.853698630] [vision_manager]: Book detected: xyz=(0.636, 0.000, 0.869), center=(552, 240)
[INFO] [1789635182.854779975] [vision_manager]: Book detected: xyz=(-0.090, -0.024, 0.402), center=(249, 221)
[INFO] [1789635182.856312848] [vision_manager]: Book detected: xyz=(-0.092, 0.038, 0.400), center=(247, 270)
[INFO] [1789635183.031966131] [vision_manager]: Book detected: xyz=(-0.087, -0.180, 0.400), center=(251, 97)
[INFO] [1789635183.033072706] [vision_manager]: Book detected: xyz=(-0.112, -0.096, 0.507), center=(250, 180)
[INFO] [1789635183.034395221] [vision_manager]: Book detected: xyz=(0.734, 0.005, 0.869), center=(588, 242)
[INFO] [1789635183.035444081] [vision_manager]: Book detected: xyz=(0.644, 0.000, 0.869), center=(555, 240)
[INFO] [1789635183.036572311] [vision_manager]: Book detected: xyz=(-0.092, -0.021, 0.411), center=(249, 224)
[INFO] [1789635183.037919709] [vision_manager]: Book detected: xyz=(-0.092, 0.030, 0.400), center=(247, 264)
[INFO] [1789635183.181808247] [vision_manager]: Book detected: xyz=(-0.087, -0.179, 0.401), center=(251, 98)
[INFO] [1789635183.183339917] [vision_manager]: Book detected: xyz=(-0.117, -0.096, 0.516), center=(248, 181)
[INFO] [1789635183.184878127] [vision_manager]: Book detected: xyz=(0.734, 0.005, 0.869), center=(588, 242)
[INFO] [1789635183.186217136] [vision_manager]: Book detected: xyz=(0.619, 0.000, 0.869), center=(546, 240)
[INFO] [1789635183.187504912] [vision_manager]: Book detected: xyz=(-0.091, -0.023, 0.402), center=(248, 222)
[INFO] [1789635183.188839713] [vision_manager]: Book detected: xyz=(-0.093, 0.038, 0.400), center=(246, 270)
[INFO] [1789635183.315039682] [vision_manager]: Book detected: xyz=(-0.087, -0.179, 0.401), center=(251, 98)
[INFO] [1789635183.316033226] [vision_manager]: Book detected: xyz=(-0.115, -0.096, 0.516), center=(249, 181)
[INFO] [1789635183.316974424] [vision_manager]: Book detected: xyz=(0.734, 0.005, 0.869), center=(588, 242)
[INFO] [1789635183.317913419] [vision_manager]: Book detected: xyz=(0.608, 0.000, 0.869), center=(542, 240)
[INFO] [1789635183.318814895] [vision_manager]: Book detected: xyz=(-0.090, -0.023, 0.402), center=(249, 222)
[INFO] [1789635183.319727076] [vision_manager]: Book detected: xyz=(-0.092, 0.034, 0.400), center=(247, 267)
[INFO] [1789635183.449879161] [vision_manager]: Book detected: xyz=(-0.087, -0.179, 0.401), center=(251, 98)
[INFO] [1789635183.451242912] [vision_manager]: Book detected: xyz=(-0.114, -0.096, 0.516), center=(250, 181)
[INFO] [1789635183.452655787] [vision_manager]: Book detected: xyz=(0.734, 0.005, 0.869), center=(588, 242)
[INFO] [1789635183.453982146] [vision_manager]: Book detected: xyz=(0.630, 0.000, 0.869), center=(550, 240)
[INFO] [1789635183.455234019] [vision_manager]: Book detected: xyz=(-0.089, -0.024, 0.402), center=(250, 221)
[INFO] [1789635183.456855600] [vision_manager]: Book detected: xyz=(-0.091, 0.030, 0.400), center=(248, 264)
[INFO] [1789635183.584407289] [vision_manager]: Book detected: xyz=(-0.086, -0.180, 0.400), center=(252, 97)
[INFO] [1789635183.585373531] [vision_manager]: Book detected: xyz=(-0.114, -0.096, 0.516), center=(250, 181)
[INFO] [1789635183.586288077] [vision_manager]: Book detected: xyz=(0.734, 0.005, 0.869), center=(588, 242)
[INFO] [1789635183.587283922] [vision_manager]: Book detected: xyz=(0.630, 0.000, 0.869), center=(550, 240)
[INFO] [1789635183.588714430] [vision_manager]: Book detected: xyz=(-0.090, -0.027, 0.401), center=(249, 219)
[INFO] [1789635183.590305620] [vision_manager]: Book detected: xyz=(-0.091, 0.029, 0.400), center=(248, 263)
[INFO] [1789635183.728558761] [vision_manager]: Book detected: xyz=(-0.086, -0.180, 0.400), center=(252, 97)
[INFO] [1789635183.730070837] [vision_manager]: Book detected: xyz=(-0.112, -0.096, 0.516), center=(251, 181)
[INFO] [1789635183.731520660] [vision_manager]: Book detected: xyz=(0.734, 0.005, 0.869), center=(588, 242)
[INFO] [1789635183.732949222] [vision_manager]: Book detected: xyz=(0.636, 0.000, 0.869), center=(552, 240)
[INFO] [1789635183.734293316] [vision_manager]: Book detected: xyz=(-0.090, -0.025, 0.401), center=(249, 220)
[INFO] [1789635183.735509469] [vision_manager]: Book detected: xyz=(-0.091, 0.034, 0.400), center=(248, 267)
[INFO] [1789635183.863272387] [vision_manager]: Book detected: xyz=(-0.087, -0.180, 0.400), center=(251, 97)
[INFO] [1789635183.864944430] [vision_manager]: Book detected: xyz=(0.734, 0.005, 0.869), center=(588, 242)
[INFO] [1789635183.866752212] [vision_manager]: Book detected: xyz=(-0.112, -0.096, 0.499), center=(249, 179)
[INFO] [1789635183.869269762] [vision_manager]: Book detected: xyz=(0.641, 0.000, 0.869), center=(554, 240)
[INFO] [1789635183.871128001] [vision_manager]: Book detected: xyz=(-0.090, -0.024, 0.402), center=(249, 221)
[INFO] [1789635183.872964862] [vision_manager]: Book detected: xyz=(-0.092, 0.040, 0.400), center=(247, 272)
[INFO] [1789635184.006716448] [vision_manager]: Book detected: xyz=(-0.086, -0.180, 0.400), center=(252, 97)
[INFO] [1789635184.008218500] [vision_manager]: Book detected: xyz=(0.734, 0.005, 0.869), center=(588, 242)
[INFO] [1789635184.009630798] [vision_manager]: Book detected: xyz=(-0.112, -0.096, 0.507), center=(250, 180)
[INFO] [1789635184.011004412] [vision_manager]: Book detected: xyz=(0.625, 0.000, 0.869), center=(548, 240)
[INFO] [1789635184.012391716] [vision_manager]: Book detected: xyz=(-0.089, -0.024, 0.402), center=(250, 221)
[INFO] [1789635184.013613266] [vision_manager]: Book detected: xyz=(-0.091, 0.037, 0.400), center=(248, 269)
[INFO] [1789635184.143200542] [vision_manager]: Book detected: xyz=(-0.086, -0.180, 0.400), center=(252, 97)
[INFO] [1789635184.144340666] [vision_manager]: Book detected: xyz=(0.734, 0.005, 0.869), center=(588, 242)
[INFO] [1789635184.145337712] [vision_manager]: Book detected: xyz=(-0.112, -0.096, 0.507), center=(250, 180)
[INFO] [1789635184.146293568] [vision_manager]: Book detected: xyz=(0.649, 0.000, 0.869), center=(557, 240)
[INFO] [1789635184.147234620] [vision_manager]: Book detected: xyz=(-0.090, -0.024, 0.402), center=(249, 221)
[INFO] [1789635184.148171102] [vision_manager]: Book detected: xyz=(-0.091, 0.034, 0.400), center=(248, 267)
[INFO] [1789635184.275036033] [vision_manager]: Book detected: xyz=(-0.086, -0.180, 0.400), center=(252, 97)
[INFO] [1789635184.276323799] [vision_manager]: Book detected: xyz=(-0.114, -0.096, 0.516), center=(250, 181)
[INFO] [1789635184.277861947] [vision_manager]: Book detected: xyz=(0.734, 0.005, 0.869), center=(588, 242)
[INFO] [1789635184.279093640] [vision_manager]: Book detected: xyz=(0.638, 0.000, 0.869), center=(553, 240)
[INFO] [1789635184.280304304] [vision_manager]: Book detected: xyz=(-0.089, -0.024, 0.402), center=(250, 221)
[INFO] [1789635184.281552982] [vision_manager]: Book detected: xyz=(-0.091, 0.037, 0.400), center=(248, 269)
[INFO] [1789635184.404549314] [vision_manager]: Book detected: xyz=(-0.086, -0.180, 0.400), center=(252, 97)
[INFO] [1789635184.406309571] [vision_manager]: Book detected: xyz=(-0.114, -0.096, 0.516), center=(250, 181)
[INFO] [1789635184.408022561] [vision_manager]: Book detected: xyz=(0.734, 0.005, 0.869), center=(588, 242)
[INFO] [1789635184.409579033] [vision_manager]: Book detected: xyz=(0.630, 0.000, 0.869), center=(550, 240)
[INFO] [1789635184.410962888] [vision_manager]: Book detected: xyz=(-0.090, -0.024, 0.402), center=(249, 221)
[INFO] [1789635184.412368425] [vision_manager]: Book detected: xyz=(-0.091, 0.035, 0.400), center=(248, 268)
[INFO] [1789635184.535443694] [vision_manager]: Book detected: xyz=(-0.086, -0.180, 0.400), center=(252, 97)
[INFO] [1789635184.536615977] [vision_manager]: Book detected: xyz=(-0.110, -0.096, 0.507), center=(251, 180)
[INFO] [1789635184.537689939] [vision_manager]: Book detected: xyz=(0.734, 0.005, 0.869), center=(588, 242)
[INFO] [1789635184.538713812] [vision_manager]: Book detected: xyz=(0.633, 0.000, 0.869), center=(551, 240)
[INFO] [1789635184.539800706] [vision_manager]: Book detected: xyz=(-0.090, -0.022, 0.403), center=(249, 223)
[INFO] [1789635184.540918382] [vision_manager]: Book detected: xyz=(-0.091, 0.038, 0.400), center=(248, 270)
[INFO] [1789635184.663354447] [vision_manager]: Book detected: xyz=(-0.086, -0.180, 0.400), center=(252, 97)
[INFO] [1789635184.664911783] [vision_manager]: Book detected: xyz=(-0.110, -0.096, 0.507), center=(251, 180)
[INFO] [1789635184.666483977] [vision_manager]: Book detected: xyz=(0.734, 0.005, 0.869), center=(588, 242)
[INFO] [1789635184.667988776] [vision_manager]: Book detected: xyz=(0.641, 0.000, 0.869), center=(554, 240)
[INFO] [1789635184.669621062] [vision_manager]: Book detected: xyz=(-0.090, -0.022, 0.403), center=(249, 223)
[INFO] [1789635184.670932281] [vision_manager]: Book detected: xyz=(-0.090, 0.042, 0.400), center=(249, 273)
Traceback (most recent call last):
  File "/home/rokey/ws_cobot_pjt/book-shelving-system/ros2_ws/install/shelving_perception/lib/shelving_perception/vision_manager", line 33, in <module>
    sys.exit(load_entry_point('shelving_perception==0.0.0', 'console_scripts', 'vision_manager')())
             ^^^^^^^^^^^^^^^^^^^^^^^^^^^^^^^^^^^^^^^^^^^^^^^^^^^^^^^^^^^^^^^^^^^^^^^^^^^^^^^^^^^^^
  File "/home/rokey/ws_cobot_pjt/book-shelving-system/ros2_ws/install/shelving_perception/lib/python3.12/site-packages/shelving_perception/vision_manager.py", line 254, in main
    rclpy.spin(node)
  File "/opt/ros/jazzy/lib/python3.12/site-packages/rclpy/__init__.py", line 247, in spin
    executor.spin_once()
  File "/opt/ros/jazzy/lib/python3.12/site-packages/rclpy/executors.py", line 926, in spin_once
    self._spin_once_impl(timeout_sec)
  File "/opt/ros/jazzy/lib/python3.12/site-packages/rclpy/executors.py", line 918, in _spin_once_impl
    raise handler.exception()
  File "/opt/ros/jazzy/lib/python3.12/site-packages/rclpy/task.py", line 286, in _execute_coroutine_step
    result = coro.send(None)
             ^^^^^^^^^^^^^^^
  File "/opt/ros/jazzy/lib/python3.12/site-packages/rclpy/executors.py", line 592, in handler
    await call_coroutine()
  File "/opt/ros/jazzy/lib/python3.12/site-packages/rclpy/executors.py", line 480, in _execute
    await await_or_execute(sub.callback, *msg_tuple)
  File "/opt/ros/jazzy/lib/python3.12/site-packages/rclpy/executors.py", line 115, in await_or_execute
    return callback(*args)
           ^^^^^^^^^^^^^^^
  File "/opt/ros/jazzy/lib/python3.12/site-packages/message_filters/__init__.py", line 95, in callback
    self.signalMessage(msg)
  File "/opt/ros/jazzy/lib/python3.12/site-packages/message_filters/simple_filter.py", line 58, in signalMessage
    callback(*(msg + args))
  File "/opt/ros/jazzy/lib/python3.12/site-packages/message_filters/__init__.py", line 401, in add
    self.signalMessage(*msgs)
  File "/opt/ros/jazzy/lib/python3.12/site-packages/message_filters/simple_filter.py", line 58, in signalMessage
    callback(*(msg + args))
  File "/home/rokey/ws_cobot_pjt/book-shelving-system/ros2_ws/install/shelving_perception/lib/python3.12/site-packages/shelving_perception/vision_manager.py", line 157, in rgb_callback
    self.book_pub.publish(book_msg)
  File "/opt/ros/jazzy/lib/python3.12/site-packages/rclpy/publisher.py", line 70, in publish
    self.__publisher.publish(msg)
rclpy._rclpy_pybind11.RCLError: Failed to publish: publisher's context is invalid, at ./src/rcl/publisher.c:423
