[INFO] [1789634848.734569019] [vision_manager]: Subscribed to rgb=/rgb, depth=/depth, camera_info=/camera_info, target_frame=wrist_camera_optical_frame
[INFO] [1789634850.399857113] [vision_manager]: Book detected: xyz=(-0.086, -0.179, 0.401), center=(252, 98)
[INFO] [1789634850.401096565] [vision_manager]: Book detected: xyz=(-0.112, -0.096, 0.507), center=(250, 180)
[INFO] [1789634850.401890342] [vision_manager]: Book detected: xyz=(0.734, 0.005, 0.869), center=(588, 242)
[INFO] [1789634850.402715922] [vision_manager]: Book detected: xyz=(0.627, 0.000, 0.869), center=(549, 240)
[INFO] [1789634850.403494922] [vision_manager]: Book detected: xyz=(-0.091, -0.024, 0.402), center=(248, 221)
[INFO] [1789634850.404291247] [vision_manager]: Book detected: xyz=(-0.092, 0.028, 0.401), center=(247, 262)
[INFO] [1789634850.596777580] [vision_manager]: Book detected: xyz=(-0.086, -0.179, 0.401), center=(252, 98)
[INFO] [1789634850.598379645] [vision_manager]: Book detected: xyz=(-0.112, -0.096, 0.507), center=(250, 180)
[INFO] [1789634850.600124335] [vision_manager]: Book detected: xyz=(0.734, 0.005, 0.869), center=(588, 242)
[INFO] [1789634850.601932871] [vision_manager]: Book detected: xyz=(0.652, 0.000, 0.869), center=(558, 240)
[INFO] [1789634850.604271712] [vision_manager]: Book detected: xyz=(-0.092, -0.021, 0.411), center=(249, 224)
[INFO] [1789634850.606208211] [vision_manager]: Book detected: xyz=(-0.090, 0.039, 0.400), center=(249, 271)
[INFO] [1789634850.793381514] [vision_manager]: Book detected: xyz=(-0.086, -0.179, 0.401), center=(252, 98)
[INFO] [1789634850.794662910] [vision_manager]: Book detected: xyz=(-0.108, -0.096, 0.499), center=(251, 179)
[INFO] [1789634850.795974424] [vision_manager]: Book detected: xyz=(0.734, 0.005, 0.869), center=(588, 242)
[INFO] [1789634850.797278655] [vision_manager]: Book detected: xyz=(0.641, 0.000, 0.869), center=(554, 240)
[INFO] [1789634850.798457007] [vision_manager]: Book detected: xyz=(-0.090, -0.023, 0.402), center=(249, 222)
[INFO] [1789634850.947884745] [vision_manager]: Book detected: xyz=(-0.086, -0.180, 0.400), center=(252, 97)
[INFO] [1789634850.949280626] [vision_manager]: Book detected: xyz=(-0.108, -0.096, 0.499), center=(251, 179)
[INFO] [1789634850.950529131] [vision_manager]: Book detected: xyz=(0.734, 0.005, 0.869), center=(588, 242)
[INFO] [1789634850.951925108] [vision_manager]: Book detected: xyz=(0.630, 0.000, 0.869), center=(550, 240)
[INFO] [1789634850.953041008] [vision_manager]: Book detected: xyz=(-0.090, -0.022, 0.403), center=(249, 223)
[INFO] [1789634851.125354753] [vision_manager]: Book detected: xyz=(-0.086, -0.179, 0.401), center=(252, 98)
[INFO] [1789634851.129785649] [vision_manager]: Book detected: xyz=(-0.110, -0.096, 0.507), center=(251, 180)
[INFO] [1789634851.132516268] [vision_manager]: Book detected: xyz=(0.734, 0.005, 0.869), center=(588, 242)
[INFO] [1789634851.134972989] [vision_manager]: Book detected: xyz=(0.644, 0.000, 0.869), center=(555, 240)
[INFO] [1789634851.138306330] [vision_manager]: Book detected: xyz=(-0.126, -0.004, 0.563), center=(249, 238)
[INFO] [1789634851.141033012] [vision_manager]: No placeable empty shelf position found
[INFO] [1789634851.556431426] [vision_manager]: Book detected: xyz=(-0.086, -0.179, 0.401), center=(252, 98)
[INFO] [1789634851.559470160] [vision_manager]: Book detected: xyz=(-0.110, -0.096, 0.507), center=(251, 180)
[INFO] [1789634851.562147196] [vision_manager]: Book detected: xyz=(0.734, 0.005, 0.869), center=(588, 242)
[INFO] [1789634851.563895292] [vision_manager]: Book detected: xyz=(0.652, 0.000, 0.869), center=(558, 240)
[INFO] [1789634851.565974429] [vision_manager]: Book detected: xyz=(-0.090, -0.023, 0.402), center=(249, 222)
[INFO] [1789634851.691840007] [vision_manager]: Book detected: xyz=(-0.086, -0.180, 0.400), center=(252, 97)
[INFO] [1789634851.694095687] [vision_manager]: Book detected: xyz=(-0.112, -0.096, 0.516), center=(251, 181)
[INFO] [1789634851.696365782] [vision_manager]: Book detected: xyz=(0.734, 0.005, 0.869), center=(588, 242)
[INFO] [1789634851.698357912] [vision_manager]: Book detected: xyz=(0.647, 0.000, 0.869), center=(556, 240)
[INFO] [1789634851.700189149] [vision_manager]: Book detected: xyz=(-0.090, -0.023, 0.402), center=(249, 222)
[INFO] [1789634851.816568590] [vision_manager]: Book detected: xyz=(-0.086, -0.180, 0.400), center=(252, 97)
[INFO] [1789634851.817657556] [vision_manager]: Book detected: xyz=(-0.110, -0.096, 0.507), center=(251, 180)
[INFO] [1789634851.818684978] [vision_manager]: Book detected: xyz=(0.737, 0.005, 0.869), center=(589, 242)
[INFO] [1789634851.819804362] [vision_manager]: Book detected: xyz=(0.660, 0.000, 0.869), center=(561, 240)
[INFO] [1789634851.820858327] [vision_manager]: Book detected: xyz=(-0.090, -0.023, 0.402), center=(249, 222)
[INFO] [1789634851.949273567] [vision_manager]: Book detected: xyz=(-0.087, -0.180, 0.400), center=(251, 97)
[INFO] [1789634851.950178518] [vision_manager]: Book detected: xyz=(-0.110, -0.096, 0.507), center=(251, 180)
[INFO] [1789634851.951006026] [vision_manager]: Book detected: xyz=(0.734, 0.005, 0.869), center=(588, 242)
[INFO] [1789634851.951818931] [vision_manager]: Book detected: xyz=(0.641, 0.000, 0.869), center=(554, 240)
[INFO] [1789634851.952649868] [vision_manager]: Book detected: xyz=(-0.090, -0.022, 0.403), center=(249, 223)
[INFO] [1789634852.064812227] [vision_manager]: Book detected: xyz=(-0.086, -0.180, 0.400), center=(252, 97)
[INFO] [1789634852.065738980] [vision_manager]: Book detected: xyz=(-0.112, -0.096, 0.516), center=(251, 181)
[INFO] [1789634852.066591035] [vision_manager]: Book detected: xyz=(0.734, 0.005, 0.869), center=(588, 242)
[INFO] [1789634852.067492641] [vision_manager]: Book detected: xyz=(0.641, 0.000, 0.869), center=(554, 240)
[INFO] [1789634852.068330811] [vision_manager]: Book detected: xyz=(-0.090, -0.022, 0.403), center=(249, 223)
[INFO] [1789634852.193780225] [vision_manager]: Book detected: xyz=(-0.087, -0.180, 0.400), center=(251, 97)
[INFO] [1789634852.194865518] [vision_manager]: Book detected: xyz=(-0.116, -0.096, 0.525), center=(250, 182)
[INFO] [1789634852.195914878] [vision_manager]: Book detected: xyz=(0.734, 0.005, 0.869), center=(588, 242)
[INFO] [1789634852.196954643] [vision_manager]: Book detected: xyz=(0.638, 0.000, 0.869), center=(553, 240)
[INFO] [1789634852.197977255] [vision_manager]: Book detected: xyz=(-0.090, -0.022, 0.403), center=(249, 223)
[INFO] [1789634852.198993780] [vision_manager]: Book detected: xyz=(-0.091, 0.033, 0.400), center=(248, 266)
[INFO] [1789634852.325215078] [vision_manager]: Book detected: xyz=(-0.087, -0.180, 0.400), center=(251, 97)
[INFO] [1789634852.326799269] [vision_manager]: Book detected: xyz=(-0.116, -0.096, 0.525), center=(250, 182)
[INFO] [1789634852.328124432] [vision_manager]: Book detected: xyz=(0.734, 0.005, 0.869), center=(588, 242)
[INFO] [1789634852.329484087] [vision_manager]: Book detected: xyz=(0.636, 0.000, 0.869), center=(552, 240)
[INFO] [1789634852.330933304] [vision_manager]: Book detected: xyz=(-0.092, -0.021, 0.411), center=(249, 224)
[INFO] [1789634852.332543231] [vision_manager]: Book detected: xyz=(-0.090, 0.029, 0.400), center=(249, 263)
[INFO] [1789634852.444428331] [vision_manager]: Book detected: xyz=(-0.087, -0.180, 0.400), center=(251, 97)
[INFO] [1789634852.445381305] [vision_manager]: Book detected: xyz=(-0.116, -0.096, 0.534), center=(251, 183)
[INFO] [1789634852.446287428] [vision_manager]: Book detected: xyz=(0.734, 0.005, 0.869), center=(588, 242)
[INFO] [1789634852.447473593] [vision_manager]: Book detected: xyz=(0.630, 0.000, 0.869), center=(550, 240)
[INFO] [1789634852.448443557] [vision_manager]: Book detected: xyz=(-0.090, -0.022, 0.403), center=(249, 223)
[INFO] [1789634852.449333796] [vision_manager]: Book detected: xyz=(-0.090, 0.029, 0.400), center=(249, 263)
[INFO] [1789634852.580598375] [vision_manager]: Book detected: xyz=(-0.086, -0.180, 0.400), center=(252, 97)
[INFO] [1789634852.582147503] [vision_manager]: Book detected: xyz=(-0.116, -0.096, 0.534), center=(251, 183)
[INFO] [1789634852.583733444] [vision_manager]: Book detected: xyz=(0.734, 0.005, 0.869), center=(588, 242)
[INFO] [1789634852.585786953] [vision_manager]: Book detected: xyz=(0.633, 0.000, 0.869), center=(551, 240)
[INFO] [1789634852.587749991] [vision_manager]: Book detected: xyz=(-0.092, -0.021, 0.411), center=(249, 224)
[INFO] [1789634852.712968407] [vision_manager]: Book detected: xyz=(-0.086, -0.180, 0.400), center=(252, 97)
[INFO] [1789634852.714246284] [vision_manager]: Book detected: xyz=(-0.116, -0.096, 0.525), center=(250, 182)
[INFO] [1789634852.715425231] [vision_manager]: Book detected: xyz=(0.734, 0.005, 0.869), center=(588, 242)
[INFO] [1789634852.716531250] [vision_manager]: Book detected: xyz=(0.636, 0.000, 0.869), center=(552, 240)
[INFO] [1789634852.717711320] [vision_manager]: Book detected: xyz=(-0.090, -0.022, 0.403), center=(249, 223)
[INFO] [1789634852.718785124] [vision_manager]: Book detected: xyz=(-0.090, 0.037, 0.400), center=(249, 269)
[INFO] [1789634852.838629945] [vision_manager]: Book detected: xyz=(-0.086, -0.180, 0.400), center=(252, 97)
[INFO] [1789634852.840606557] [vision_manager]: Book detected: xyz=(-0.114, -0.096, 0.525), center=(251, 182)
[INFO] [1789634852.842226348] [vision_manager]: Book detected: xyz=(0.734, 0.005, 0.869), center=(588, 242)
[INFO] [1789634852.843826139] [vision_manager]: Book detected: xyz=(0.649, 0.000, 0.869), center=(557, 240)
[INFO] [1789634852.845504073] [vision_manager]: Book detected: xyz=(-0.090, -0.022, 0.403), center=(249, 223)
[INFO] [1789634852.847129106] [vision_manager]: Book detected: xyz=(-0.090, 0.035, 0.400), center=(249, 268)
[INFO] [1789634852.955779054] [vision_manager]: Book detected: xyz=(-0.087, -0.180, 0.400), center=(251, 97)
[INFO] [1789634852.956747323] [vision_manager]: Book detected: xyz=(-0.116, -0.096, 0.525), center=(250, 182)
[INFO] [1789634852.957667479] [vision_manager]: Book detected: xyz=(0.734, 0.005, 0.869), center=(588, 242)
[INFO] [1789634852.958547509] [vision_manager]: Book detected: xyz=(0.655, 0.000, 0.869), center=(559, 240)
[INFO] [1789634852.959445723] [vision_manager]: Book detected: xyz=(-0.091, -0.022, 0.403), center=(248, 223)
[INFO] [1789634852.960319867] [vision_manager]: Book detected: xyz=(-0.091, 0.040, 0.400), center=(248, 272)
[INFO] [1789634853.065359863] [vision_manager]: Book detected: xyz=(-0.086, -0.180, 0.400), center=(252, 97)
[INFO] [1789634853.066329467] [vision_manager]: Book detected: xyz=(-0.116, -0.096, 0.534), center=(251, 183)
[INFO] [1789634853.067273031] [vision_manager]: Book detected: xyz=(0.734, 0.005, 0.869), center=(588, 242)
[INFO] [1789634853.068100221] [vision_manager]: Book detected: xyz=(0.633, 0.003, 0.869), center=(551, 241)
[INFO] [1789634853.068858851] [vision_manager]: Book detected: xyz=(-0.090, -0.022, 0.403), center=(249, 223)
[INFO] [1789634853.069614259] [vision_manager]: Book detected: xyz=(-0.091, 0.038, 0.400), center=(248, 270)
[INFO] [1789634853.173831029] [vision_manager]: Book detected: xyz=(-0.086, -0.180, 0.400), center=(252, 97)
[INFO] [1789634853.175526598] [vision_manager]: Book detected: xyz=(-0.116, -0.096, 0.534), center=(251, 183)
[INFO] [1789634853.177164536] [vision_manager]: Book detected: xyz=(0.734, 0.005, 0.869), center=(588, 242)
[INFO] [1789634853.178764408] [vision_manager]: Book detected: xyz=(0.636, 0.003, 0.869), center=(552, 241)
[INFO] [1789634853.180284116] [vision_manager]: Book detected: xyz=(-0.090, -0.022, 0.403), center=(249, 223)
[INFO] [1789634853.181541531] [vision_manager]: Book detected: xyz=(-0.091, 0.037, 0.400), center=(248, 269)
[INFO] [1789634853.304089806] [vision_manager]: Book detected: xyz=(-0.086, -0.180, 0.400), center=(252, 97)
[INFO] [1789634853.305894845] [vision_manager]: Book detected: xyz=(-0.114, -0.096, 0.525), center=(251, 182)
[INFO] [1789634853.307394827] [vision_manager]: Book detected: xyz=(0.734, 0.005, 0.869), center=(588, 242)
[INFO] [1789634853.308847977] [vision_manager]: Book detected: xyz=(0.614, 0.000, 0.869), center=(544, 240)
[INFO] [1789634853.310317517] [vision_manager]: Book detected: xyz=(-0.090, -0.022, 0.403), center=(249, 223)
[INFO] [1789634853.311683121] [vision_manager]: Book detected: xyz=(-0.091, 0.032, 0.400), center=(248, 265)
[INFO] [1789634853.427610282] [vision_manager]: Book detected: xyz=(-0.086, -0.180, 0.400), center=(252, 97)
[INFO] [1789634853.428718567] [vision_manager]: Book detected: xyz=(-0.114, -0.096, 0.525), center=(251, 182)
[INFO] [1789634853.429792384] [vision_manager]: Book detected: xyz=(0.734, 0.005, 0.869), center=(588, 242)
[INFO] [1789634853.430862529] [vision_manager]: Book detected: xyz=(0.649, 0.000, 0.869), center=(557, 240)
[INFO] [1789634853.431963011] [vision_manager]: Book detected: xyz=(-0.090, -0.022, 0.403), center=(249, 223)
[INFO] [1789634853.433055123] [vision_manager]: Book detected: xyz=(-0.090, 0.038, 0.400), center=(249, 270)
[INFO] [1789634853.531406851] [vision_manager]: Book detected: xyz=(-0.086, -0.180, 0.400), center=(252, 97)
[INFO] [1789634853.532373419] [vision_manager]: Book detected: xyz=(-0.112, -0.096, 0.516), center=(251, 181)
[INFO] [1789634853.533323994] [vision_manager]: Book detected: xyz=(0.734, 0.005, 0.869), center=(588, 242)
[INFO] [1789634853.534331646] [vision_manager]: Book detected: xyz=(0.636, 0.000, 0.869), center=(552, 240)
[INFO] [1789634853.535223595] [vision_manager]: Book detected: xyz=(-0.090, -0.022, 0.403), center=(249, 223)
[INFO] [1789634853.536128715] [vision_manager]: Book detected: xyz=(-0.090, 0.037, 0.400), center=(249, 269)
[INFO] [1789634853.649971189] [vision_manager]: Book detected: xyz=(-0.086, -0.180, 0.400), center=(252, 97)
[INFO] [1789634853.650934506] [vision_manager]: Book detected: xyz=(-0.114, -0.096, 0.525), center=(251, 182)
[INFO] [1789634853.651842964] [vision_manager]: Book detected: xyz=(0.734, 0.005, 0.869), center=(588, 242)
[INFO] [1789634853.652754871] [vision_manager]: Book detected: xyz=(0.641, 0.000, 0.869), center=(554, 240)
[INFO] [1789634853.653669594] [vision_manager]: Book detected: xyz=(-0.090, -0.022, 0.403), center=(249, 223)
[INFO] [1789634853.654550360] [vision_manager]: Book detected: xyz=(-0.090, 0.038, 0.400), center=(249, 270)
[INFO] [1789634853.787552241] [vision_manager]: Book detected: xyz=(-0.087, -0.180, 0.400), center=(251, 97)
[INFO] [1789634853.788953059] [vision_manager]: Book detected: xyz=(-0.114, -0.096, 0.525), center=(251, 182)
[INFO] [1789634853.790243560] [vision_manager]: Book detected: xyz=(0.734, 0.005, 0.869), center=(588, 242)
[INFO] [1789634853.791649490] [vision_manager]: Book detected: xyz=(0.636, 0.000, 0.869), center=(552, 240)
[INFO] [1789634853.793007554] [vision_manager]: Book detected: xyz=(-0.090, -0.022, 0.403), center=(249, 223)
[INFO] [1789634853.794479156] [vision_manager]: Book detected: xyz=(-0.090, 0.038, 0.400), center=(249, 270)
[INFO] [1789634853.938168786] [vision_manager]: Book detected: xyz=(-0.086, -0.180, 0.400), center=(252, 97)
[INFO] [1789634853.939610934] [vision_manager]: Book detected: xyz=(-0.110, -0.096, 0.507), center=(251, 180)
[INFO] [1789634853.941052731] [vision_manager]: Book detected: xyz=(0.734, 0.005, 0.869), center=(588, 242)
[INFO] [1789634853.942486943] [vision_manager]: Book detected: xyz=(0.647, 0.000, 0.869), center=(556, 240)
[INFO] [1789634853.943867131] [vision_manager]: Book detected: xyz=(-0.090, -0.023, 0.402), center=(249, 222)
[INFO] [1789634853.945328257] [vision_manager]: Book detected: xyz=(-0.090, 0.033, 0.400), center=(249, 266)
[INFO] [1789634854.093185685] [vision_manager]: Book detected: xyz=(-0.086, -0.180, 0.400), center=(252, 97)
[INFO] [1789634854.094426376] [vision_manager]: Book detected: xyz=(-0.112, -0.096, 0.516), center=(251, 181)
[INFO] [1789634854.095616954] [vision_manager]: Book detected: xyz=(0.734, 0.005, 0.869), center=(588, 242)
[INFO] [1789634854.096831815] [vision_manager]: Book detected: xyz=(0.638, 0.000, 0.869), center=(553, 240)
[INFO] [1789634854.097912955] [vision_manager]: Book detected: xyz=(-0.090, -0.022, 0.403), center=(249, 223)
[INFO] [1789634854.098987259] [vision_manager]: Book detected: xyz=(-0.090, 0.034, 0.400), center=(249, 267)
[INFO] [1789634854.243331915] [vision_manager]: Book detected: xyz=(-0.086, -0.180, 0.400), center=(252, 97)
[INFO] [1789634854.245206555] [vision_manager]: Book detected: xyz=(-0.116, -0.096, 0.534), center=(251, 183)
[INFO] [1789634854.247143974] [vision_manager]: Book detected: xyz=(0.734, 0.005, 0.869), center=(588, 242)
[INFO] [1789634854.248991351] [vision_manager]: Book detected: xyz=(0.636, 0.000, 0.869), center=(552, 240)
[INFO] [1789634854.250345164] [vision_manager]: Book detected: xyz=(-0.090, -0.022, 0.403), center=(249, 223)
[INFO] [1789634854.251637456] [vision_manager]: Book detected: xyz=(-0.090, 0.027, 0.401), center=(249, 261)
[INFO] [1789634854.378296189] [vision_manager]: Book detected: xyz=(-0.086, -0.180, 0.400), center=(252, 97)
[INFO] [1789634854.380027755] [vision_manager]: Book detected: xyz=(-0.112, -0.096, 0.516), center=(251, 181)
[INFO] [1789634854.382381827] [vision_manager]: Book detected: xyz=(0.734, 0.005, 0.869), center=(588, 242)
[INFO] [1789634854.384242793] [vision_manager]: Book detected: xyz=(0.636, 0.000, 0.869), center=(552, 240)
[INFO] [1789634854.385730077] [vision_manager]: Book detected: xyz=(-0.090, -0.022, 0.403), center=(249, 223)
[INFO] [1789634854.387181873] [vision_manager]: Book detected: xyz=(-0.090, 0.035, 0.400), center=(249, 268)
[INFO] [1789634854.608850178] [vision_manager]: Book detected: xyz=(-0.086, -0.180, 0.400), center=(252, 97)
[INFO] [1789634854.612140829] [vision_manager]: Book detected: xyz=(-0.116, -0.096, 0.534), center=(251, 183)
[INFO] [1789634854.613420603] [vision_manager]: Book detected: xyz=(0.734, 0.005, 0.869), center=(588, 242)
[INFO] [1789634854.614500329] [vision_manager]: Book detected: xyz=(0.636, 0.000, 0.869), center=(552, 240)
[INFO] [1789634854.615532407] [vision_manager]: Book detected: xyz=(-0.088, -0.028, 0.401), center=(250, 218)
[INFO] [1789634854.616509226] [vision_manager]: Book detected: xyz=(-0.091, 0.025, 0.401), center=(248, 260)
[INFO] [1789634854.745170079] [vision_manager]: Book detected: xyz=(-0.086, -0.180, 0.400), center=(252, 97)
[INFO] [1789634854.747097546] [vision_manager]: Book detected: xyz=(-0.114, -0.096, 0.525), center=(251, 182)
[INFO] [1789634854.748433379] [vision_manager]: Book detected: xyz=(0.734, 0.005, 0.869), center=(588, 242)
[INFO] [1789634854.749442783] [vision_manager]: Book detected: xyz=(0.647, 0.000, 0.869), center=(556, 240)
[INFO] [1789634854.750414412] [vision_manager]: Book detected: xyz=(-0.090, -0.022, 0.403), center=(249, 223)
[INFO] [1789634854.751369902] [vision_manager]: Book detected: xyz=(-0.090, 0.027, 0.401), center=(249, 261)
[INFO] [1789634854.895636537] [vision_manager]: Book detected: xyz=(-0.086, -0.180, 0.400), center=(252, 97)
[INFO] [1789634854.896498347] [vision_manager]: Book detected: xyz=(-0.116, -0.096, 0.534), center=(251, 183)
[INFO] [1789634854.897286466] [vision_manager]: Book detected: xyz=(0.734, 0.005, 0.869), center=(588, 242)
[INFO] [1789634854.898038772] [vision_manager]: Book detected: xyz=(0.636, 0.000, 0.869), center=(552, 240)
[INFO] [1789634854.898794220] [vision_manager]: Book detected: xyz=(-0.089, -0.027, 0.401), center=(250, 219)
[INFO] [1789634855.015796875] [vision_manager]: Book detected: xyz=(-0.086, -0.180, 0.400), center=(252, 97)
[INFO] [1789634855.016605000] [vision_manager]: Book detected: xyz=(-0.118, -0.096, 0.544), center=(251, 184)
[INFO] [1789634855.017386075] [vision_manager]: Book detected: xyz=(0.734, 0.005, 0.869), center=(588, 242)
[INFO] [1789634855.018136119] [vision_manager]: Book detected: xyz=(0.649, 0.000, 0.869), center=(557, 240)
[INFO] [1789634855.018864102] [vision_manager]: Book detected: xyz=(-0.090, -0.027, 0.401), center=(249, 219)
[INFO] [1789634855.173078466] [vision_manager]: Book detected: xyz=(-0.086, -0.180, 0.400), center=(252, 97)
[INFO] [1789634855.174266908] [vision_manager]: Book detected: xyz=(-0.118, -0.096, 0.544), center=(251, 184)
[INFO] [1789634855.175272656] [vision_manager]: Book detected: xyz=(0.734, 0.005, 0.869), center=(588, 242)
[INFO] [1789634855.176278620] [vision_manager]: Book detected: xyz=(0.660, 0.000, 0.869), center=(561, 240)
[INFO] [1789634855.177351948] [vision_manager]: Book detected: xyz=(-0.088, -0.029, 0.401), center=(250, 217)
[INFO] [1789634855.327696403] [vision_manager]: Book detected: xyz=(-0.086, -0.180, 0.400), center=(252, 97)
[INFO] [1789634855.331250817] [vision_manager]: Book detected: xyz=(-0.114, -0.096, 0.525), center=(251, 182)
[INFO] [1789634855.333482198] [vision_manager]: Book detected: xyz=(0.734, 0.005, 0.869), center=(588, 242)
[INFO] [1789634855.335128894] [vision_manager]: Book detected: xyz=(0.655, 0.000, 0.869), center=(559, 240)
[INFO] [1789634855.336261829] [vision_manager]: Book detected: xyz=(-0.088, -0.028, 0.401), center=(250, 218)
[INFO] [1789634855.485240337] [vision_manager]: Book detected: xyz=(-0.086, -0.180, 0.400), center=(252, 97)
[INFO] [1789634855.486502082] [vision_manager]: Book detected: xyz=(-0.116, -0.096, 0.534), center=(251, 183)
[INFO] [1789634855.487650997] [vision_manager]: Book detected: xyz=(0.734, 0.005, 0.869), center=(588, 242)
[INFO] [1789634855.488754100] [vision_manager]: Book detected: xyz=(0.636, 0.000, 0.869), center=(552, 240)
[INFO] [1789634855.489857506] [vision_manager]: Book detected: xyz=(-0.090, -0.022, 0.403), center=(249, 223)
[INFO] [1789634855.643166385] [vision_manager]: Book detected: xyz=(-0.086, -0.180, 0.400), center=(252, 97)
[INFO] [1789634855.645672333] [vision_manager]: Book detected: xyz=(-0.114, -0.096, 0.525), center=(251, 182)
[INFO] [1789634855.647984211] [vision_manager]: Book detected: xyz=(0.734, 0.005, 0.869), center=(588, 242)
[INFO] [1789634855.649970900] [vision_manager]: Book detected: xyz=(0.655, 0.000, 0.869), center=(559, 240)
[INFO] [1789634855.651779050] [vision_manager]: Book detected: xyz=(-0.090, -0.023, 0.402), center=(249, 222)
[INFO] [1789634855.654067288] [vision_manager]: Book detected: xyz=(-0.091, 0.030, 0.400), center=(248, 264)
[INFO] [1789634855.802903378] [vision_manager]: Book detected: xyz=(-0.087, -0.180, 0.400), center=(251, 97)
[INFO] [1789634855.804248057] [vision_manager]: Book detected: xyz=(-0.114, -0.096, 0.516), center=(250, 181)
[INFO] [1789634855.805477057] [vision_manager]: Book detected: xyz=(0.734, 0.005, 0.869), center=(588, 242)
[INFO] [1789634855.806729687] [vision_manager]: Book detected: xyz=(0.647, 0.000, 0.869), center=(556, 240)
[INFO] [1789634855.807941420] [vision_manager]: Book detected: xyz=(-0.090, -0.027, 0.401), center=(249, 219)
[INFO] [1789634855.809304037] [vision_manager]: Book detected: xyz=(-0.091, 0.029, 0.400), center=(248, 263)
[INFO] [1789634855.962061676] [vision_manager]: Book detected: xyz=(-0.086, -0.180, 0.400), center=(252, 97)
[INFO] [1789634855.963139220] [vision_manager]: Book detected: xyz=(-0.114, -0.096, 0.525), center=(251, 182)
[INFO] [1789634855.964162971] [vision_manager]: Book detected: xyz=(0.734, 0.005, 0.869), center=(588, 242)
[INFO] [1789634855.965415843] [vision_manager]: Book detected: xyz=(0.638, 0.000, 0.869), center=(553, 240)
[INFO] [1789634855.966435710] [vision_manager]: Book detected: xyz=(-0.091, -0.023, 0.402), center=(248, 222)
[INFO] [1789634855.967444549] [vision_manager]: Book detected: xyz=(-0.092, 0.028, 0.401), center=(247, 262)
[INFO] [1789634856.106823846] [vision_manager]: Book detected: xyz=(-0.086, -0.180, 0.400), center=(252, 97)
[INFO] [1789634856.108034614] [vision_manager]: Book detected: xyz=(-0.110, -0.096, 0.499), center=(250, 179)
[INFO] [1789634856.109189607] [vision_manager]: Book detected: xyz=(0.734, 0.005, 0.869), center=(588, 242)
[INFO] [1789634856.110289177] [vision_manager]: Book detected: xyz=(0.619, 0.000, 0.869), center=(546, 240)
[INFO] [1789634856.111387335] [vision_manager]: Book detected: xyz=(-0.091, -0.022, 0.403), center=(248, 223)
[INFO] [1789634856.112477808] [vision_manager]: Book detected: xyz=(-0.092, 0.027, 0.401), center=(247, 261)
[INFO] [1789634856.259595489] [vision_manager]: Book detected: xyz=(-0.086, -0.180, 0.400), center=(252, 97)
[INFO] [1789634856.261012301] [vision_manager]: Book detected: xyz=(-0.108, -0.096, 0.491), center=(250, 178)
[INFO] [1789634856.262467550] [vision_manager]: Book detected: xyz=(0.734, 0.005, 0.869), center=(588, 242)
[INFO] [1789634856.263738646] [vision_manager]: Book detected: xyz=(0.608, 0.003, 0.869), center=(542, 241)
[INFO] [1789634856.265065315] [vision_manager]: Book detected: xyz=(-0.093, -0.021, 0.411), center=(248, 224)
[INFO] [1789634856.402675828] [vision_manager]: Book detected: xyz=(-0.086, -0.180, 0.400), center=(252, 97)
[INFO] [1789634856.403683704] [vision_manager]: Book detected: xyz=(-0.108, -0.096, 0.491), center=(250, 178)
[INFO] [1789634856.404625695] [vision_manager]: Book detected: xyz=(0.734, 0.005, 0.869), center=(588, 242)
[INFO] [1789634856.405556418] [vision_manager]: Book detected: xyz=(0.644, 0.000, 0.869), center=(555, 240)
[INFO] [1789634856.406489725] [vision_manager]: Book detected: xyz=(-0.098, -0.021, 0.439), center=(249, 225)
[INFO] [1789634856.521915487] [vision_manager]: Book detected: xyz=(-0.086, -0.180, 0.400), center=(252, 97)
[INFO] [1789634856.522830520] [vision_manager]: Book detected: xyz=(-0.112, -0.096, 0.499), center=(249, 179)
[INFO] [1789634856.523713257] [vision_manager]: Book detected: xyz=(0.734, 0.005, 0.869), center=(588, 242)
[INFO] [1789634856.524602897] [vision_manager]: Book detected: xyz=(0.630, 0.000, 0.869), center=(550, 240)
[INFO] [1789634856.525484472] [vision_manager]: Book detected: xyz=(-0.092, -0.021, 0.411), center=(249, 224)
[INFO] [1789634856.659721644] [vision_manager]: Book detected: xyz=(-0.086, -0.180, 0.400), center=(252, 97)
[INFO] [1789634856.661256478] [vision_manager]: Book detected: xyz=(-0.108, -0.096, 0.499), center=(251, 179)
[INFO] [1789634856.662716977] [vision_manager]: Book detected: xyz=(0.734, 0.005, 0.869), center=(588, 242)
[INFO] [1789634856.664178734] [vision_manager]: Book detected: xyz=(0.633, 0.000, 0.869), center=(551, 240)
[INFO] [1789634856.665550769] [vision_manager]: Book detected: xyz=(-0.097, -0.021, 0.439), center=(250, 225)
[INFO] [1789634856.791595505] [vision_manager]: Book detected: xyz=(-0.086, -0.180, 0.400), center=(252, 97)
[INFO] [1789634856.793570135] [vision_manager]: Book detected: xyz=(-0.112, -0.096, 0.507), center=(250, 180)
[INFO] [1789634856.795401075] [vision_manager]: Book detected: xyz=(0.734, 0.005, 0.869), center=(588, 242)
[INFO] [1789634856.797216727] [vision_manager]: Book detected: xyz=(0.411, 0.002, 0.593), center=(540, 241)
[INFO] [1789634856.798995313] [vision_manager]: Book detected: xyz=(-0.092, -0.021, 0.411), center=(249, 224)
[INFO] [1789634856.938008873] [vision_manager]: Book detected: xyz=(-0.085, -0.180, 0.400), center=(253, 97)
[INFO] [1789634856.939595339] [vision_manager]: Book detected: xyz=(-0.108, -0.096, 0.499), center=(251, 179)
[INFO] [1789634856.945601060] [vision_manager]: Book detected: xyz=(0.734, 0.005, 0.869), center=(588, 242)
[INFO] [1789634856.946815554] [vision_manager]: Book detected: xyz=(0.608, 0.003, 0.869), center=(542, 241)
[INFO] [1789634856.948059799] [vision_manager]: Book detected: xyz=(-0.100, -0.021, 0.439), center=(248, 225)
[INFO] [1789634856.949254909] [vision_manager]: Book detected: xyz=(-0.092, 0.029, 0.400), center=(247, 263)
[INFO] [1789634857.081134221] [vision_manager]: Book detected: xyz=(-0.086, -0.180, 0.400), center=(252, 97)
[INFO] [1789634857.082366752] [vision_manager]: Book detected: xyz=(-0.110, -0.096, 0.499), center=(250, 179)
[INFO] [1789634857.083575128] [vision_manager]: Book detected: xyz=(0.734, 0.005, 0.869), center=(588, 242)
[INFO] [1789634857.084773179] [vision_manager]: Book detected: xyz=(0.611, 0.003, 0.869), center=(543, 241)
[INFO] [1789634857.085968973] [vision_manager]: Book detected: xyz=(-0.091, -0.023, 0.402), center=(248, 222)
[INFO] [1789634857.087217268] [vision_manager]: Book detected: xyz=(-0.093, 0.032, 0.400), center=(246, 265)
[INFO] [1789634857.243720042] [vision_manager]: Book detected: xyz=(-0.085, -0.180, 0.400), center=(253, 97)
[INFO] [1789634857.244720771] [vision_manager]: Book detected: xyz=(-0.107, -0.096, 0.491), center=(251, 178)
[INFO] [1789634857.245681090] [vision_manager]: Book detected: xyz=(0.734, 0.005, 0.869), center=(588, 242)
[INFO] [1789634857.246597270] [vision_manager]: Book detected: xyz=(0.627, 0.000, 0.869), center=(549, 240)
[INFO] [1789634857.247544781] [vision_manager]: Book detected: xyz=(-0.090, -0.022, 0.403), center=(249, 223)
[INFO] [1789634857.248548301] [vision_manager]: Book detected: xyz=(-0.091, 0.038, 0.400), center=(248, 270)
[INFO] [1789634857.414659072] [vision_manager]: Book detected: xyz=(-0.085, -0.180, 0.400), center=(253, 97)
[INFO] [1789634857.416796927] [vision_manager]: Book detected: xyz=(-0.110, -0.096, 0.507), center=(251, 180)
[INFO] [1789634857.418831850] [vision_manager]: Book detected: xyz=(0.734, 0.005, 0.869), center=(588, 242)
[INFO] [1789634857.420197439] [vision_manager]: Book detected: xyz=(0.630, 0.000, 0.869), center=(550, 240)
[INFO] [1789634857.421394178] [vision_manager]: Book detected: xyz=(-0.090, -0.023, 0.402), center=(249, 222)
[INFO] [1789634857.422440138] [vision_manager]: Book detected: xyz=(-0.092, 0.033, 0.400), center=(247, 266)
[INFO] [1789634857.559761093] [vision_manager]: Book detected: xyz=(-0.085, -0.180, 0.400), center=(253, 97)
[INFO] [1789634857.560835137] [vision_manager]: Book detected: xyz=(-0.112, -0.096, 0.507), center=(250, 180)
[INFO] [1789634857.561841098] [vision_manager]: Book detected: xyz=(0.734, 0.005, 0.869), center=(588, 242)
[INFO] [1789634857.562836483] [vision_manager]: Book detected: xyz=(0.633, 0.000, 0.869), center=(551, 240)
[INFO] [1789634857.563817780] [vision_manager]: Book detected: xyz=(-0.090, -0.022, 0.403), center=(249, 223)
[INFO] [1789634857.564996661] [vision_manager]: Book detected: xyz=(-0.092, 0.033, 0.400), center=(247, 266)
[INFO] [1789634857.703375189] [vision_manager]: Book detected: xyz=(-0.085, -0.180, 0.400), center=(253, 97)
[INFO] [1789634857.704359243] [vision_manager]: Book detected: xyz=(-0.112, -0.096, 0.507), center=(250, 180)
[INFO] [1789634857.705342833] [vision_manager]: Book detected: xyz=(0.734, 0.005, 0.869), center=(588, 242)
[INFO] [1789634857.706311509] [vision_manager]: Book detected: xyz=(0.641, 0.000, 0.869), center=(554, 240)
[INFO] [1789634857.707269625] [vision_manager]: Book detected: xyz=(-0.090, -0.024, 0.402), center=(249, 221)
[INFO] [1789634857.708181215] [vision_manager]: Book detected: xyz=(-0.092, 0.035, 0.400), center=(247, 268)
[INFO] [1789634857.858575153] [vision_manager]: Book detected: xyz=(-0.085, -0.180, 0.400), center=(253, 97)
[INFO] [1789634857.859837242] [vision_manager]: Book detected: xyz=(-0.110, -0.096, 0.507), center=(251, 180)
[INFO] [1789634857.861066926] [vision_manager]: Book detected: xyz=(0.734, 0.005, 0.869), center=(588, 242)
[INFO] [1789634857.862277590] [vision_manager]: Book detected: xyz=(0.627, 0.000, 0.869), center=(549, 240)
[INFO] [1789634857.863316118] [vision_manager]: Book detected: xyz=(-0.091, -0.022, 0.403), center=(248, 223)
[INFO] [1789634857.864430210] [vision_manager]: Book detected: xyz=(-0.092, 0.035, 0.400), center=(247, 268)
[INFO] [1789634858.078286859] [vision_manager]: Book detected: xyz=(-0.085, -0.180, 0.400), center=(253, 97)
[INFO] [1789634858.079346491] [vision_manager]: Book detected: xyz=(-0.110, -0.096, 0.507), center=(251, 180)
[INFO] [1789634858.080300199] [vision_manager]: Book detected: xyz=(0.734, 0.005, 0.869), center=(588, 242)
[INFO] [1789634858.081222806] [vision_manager]: Book detected: xyz=(0.625, 0.000, 0.869), center=(548, 240)
[INFO] [1789634858.082156026] [vision_manager]: Book detected: xyz=(-0.090, -0.022, 0.403), center=(249, 223)
[INFO] [1789634858.083061311] [vision_manager]: Book detected: xyz=(-0.091, 0.034, 0.400), center=(248, 267)
[INFO] [1789634858.239864995] [vision_manager]: Book detected: xyz=(-0.085, -0.180, 0.400), center=(253, 97)
[INFO] [1789634858.241479144] [vision_manager]: Book detected: xyz=(-0.108, -0.096, 0.499), center=(251, 179)
[INFO] [1789634858.242963861] [vision_manager]: Book detected: xyz=(0.734, 0.005, 0.869), center=(588, 242)
[INFO] [1789634858.244472324] [vision_manager]: Book detected: xyz=(0.625, 0.003, 0.869), center=(548, 241)
[INFO] [1789634858.245955384] [vision_manager]: Book detected: xyz=(-0.092, -0.021, 0.411), center=(249, 224)
[INFO] [1789634858.247541828] [vision_manager]: Book detected: xyz=(-0.090, 0.037, 0.400), center=(249, 269)
[INFO] [1789634858.424673703] [vision_manager]: Book detected: xyz=(-0.086, -0.180, 0.400), center=(252, 97)
[INFO] [1789634858.426194121] [vision_manager]: Book detected: xyz=(-0.110, -0.096, 0.507), center=(251, 180)
[INFO] [1789634858.427642756] [vision_manager]: Book detected: xyz=(0.734, 0.005, 0.869), center=(588, 242)
[INFO] [1789634858.429091755] [vision_manager]: Book detected: xyz=(0.633, 0.000, 0.869), center=(551, 240)
[INFO] [1789634858.430358881] [vision_manager]: Book detected: xyz=(-0.090, -0.023, 0.402), center=(249, 222)
[INFO] [1789634858.431580377] [vision_manager]: Book detected: xyz=(-0.090, 0.035, 0.400), center=(249, 268)
[INFO] [1789634858.575820644] [vision_manager]: Book detected: xyz=(-0.086, -0.180, 0.400), center=(252, 97)
[INFO] [1789634858.577123409] [vision_manager]: Book detected: xyz=(-0.112, -0.096, 0.516), center=(251, 181)
[INFO] [1789634858.578299573] [vision_manager]: Book detected: xyz=(0.734, 0.005, 0.869), center=(588, 242)
[INFO] [1789634858.579477271] [vision_manager]: Book detected: xyz=(0.641, 0.000, 0.869), center=(554, 240)
[INFO] [1789634858.580567159] [vision_manager]: Book detected: xyz=(-0.090, -0.022, 0.403), center=(249, 223)
[INFO] [1789634858.581643286] [vision_manager]: Book detected: xyz=(-0.088, 0.039, 0.400), center=(250, 271)
[INFO] [1789634858.695786724] [vision_manager]: Book detected: xyz=(-0.085, -0.180, 0.400), center=(253, 97)
[INFO] [1789634858.697646282] [vision_manager]: Book detected: xyz=(-0.112, -0.096, 0.516), center=(251, 181)
[INFO] [1789634858.699423783] [vision_manager]: Book detected: xyz=(0.734, 0.005, 0.869), center=(588, 242)
[INFO] [1789634858.700864258] [vision_manager]: Book detected: xyz=(0.611, 0.000, 0.869), center=(543, 240)
[INFO] [1789634858.702697646] [vision_manager]: Book detected: xyz=(-0.092, -0.021, 0.411), center=(249, 224)
[INFO] [1789634858.704194798] [vision_manager]: Book detected: xyz=(-0.090, 0.038, 0.400), center=(249, 270)
[INFO] [1789634858.841145263] [vision_manager]: Book detected: xyz=(-0.086, -0.180, 0.400), center=(252, 97)
[INFO] [1789634858.842665901] [vision_manager]: Book detected: xyz=(-0.112, -0.096, 0.516), center=(251, 181)
[INFO] [1789634858.843967873] [vision_manager]: Book detected: xyz=(0.734, 0.005, 0.869), center=(588, 242)
[INFO] [1789634858.845184973] [vision_manager]: Book detected: xyz=(0.622, 0.000, 0.869), center=(547, 240)
[INFO] [1789634858.846399584] [vision_manager]: Book detected: xyz=(-0.092, -0.021, 0.411), center=(249, 224)
[INFO] [1789634858.847673653] [vision_manager]: Book detected: xyz=(-0.090, 0.038, 0.400), center=(249, 270)
[INFO] [1789634858.982517833] [vision_manager]: Book detected: xyz=(-0.086, -0.180, 0.400), center=(252, 97)
[INFO] [1789634858.983763033] [vision_manager]: Book detected: xyz=(-0.110, -0.096, 0.507), center=(251, 180)
[INFO] [1789634858.984953438] [vision_manager]: Book detected: xyz=(0.734, 0.005, 0.869), center=(588, 242)
[INFO] [1789634858.986161246] [vision_manager]: Book detected: xyz=(0.614, 0.000, 0.869), center=(544, 240)
[INFO] [1789634858.987349262] [vision_manager]: Book detected: xyz=(-0.092, -0.021, 0.411), center=(249, 224)
[INFO] [1789634858.988374971] [vision_manager]: Book detected: xyz=(-0.090, 0.037, 0.400), center=(249, 269)
[INFO] [1789634859.112715046] [vision_manager]: Book detected: xyz=(-0.086, -0.180, 0.400), center=(252, 97)
[INFO] [1789634859.113661282] [vision_manager]: Book detected: xyz=(-0.110, -0.096, 0.507), center=(251, 180)
[INFO] [1789634859.114556437] [vision_manager]: Book detected: xyz=(0.734, 0.005, 0.869), center=(588, 242)
[INFO] [1789634859.115420546] [vision_manager]: Book detected: xyz=(0.630, 0.000, 0.869), center=(550, 240)
[INFO] [1789634859.116251680] [vision_manager]: Book detected: xyz=(-0.092, -0.021, 0.411), center=(249, 224)
[INFO] [1789634859.117078680] [vision_manager]: Book detected: xyz=(-0.090, 0.037, 0.400), center=(249, 269)
[INFO] [1789634859.249179583] [vision_manager]: Book detected: xyz=(-0.086, -0.180, 0.400), center=(252, 97)
[INFO] [1789634859.250124426] [vision_manager]: Book detected: xyz=(-0.110, -0.096, 0.507), center=(251, 180)
[INFO] [1789634859.251069127] [vision_manager]: Book detected: xyz=(0.734, 0.005, 0.869), center=(588, 242)
[INFO] [1789634859.251956763] [vision_manager]: Book detected: xyz=(0.630, 0.000, 0.869), center=(550, 240)
[INFO] [1789634859.252834733] [vision_manager]: Book detected: xyz=(-0.090, -0.022, 0.403), center=(249, 223)
[INFO] [1789634859.253724642] [vision_manager]: Book detected: xyz=(-0.090, 0.038, 0.400), center=(249, 270)
[INFO] [1789634859.381922192] [vision_manager]: Book detected: xyz=(-0.086, -0.180, 0.400), center=(252, 97)
[INFO] [1789634859.383185861] [vision_manager]: Book detected: xyz=(-0.108, -0.096, 0.499), center=(251, 179)
[INFO] [1789634859.384238624] [vision_manager]: Book detected: xyz=(0.737, 0.005, 0.869), center=(589, 242)
[INFO] [1789634859.385281445] [vision_manager]: Book detected: xyz=(0.641, 0.000, 0.869), center=(554, 240)
[INFO] [1789634859.386319603] [vision_manager]: Book detected: xyz=(-0.091, -0.023, 0.402), center=(248, 222)
[INFO] [1789634859.387360911] [vision_manager]: Book detected: xyz=(-0.090, 0.038, 0.400), center=(249, 270)
[INFO] [1789634859.510252055] [vision_manager]: Book detected: xyz=(-0.087, -0.180, 0.400), center=(251, 97)
[INFO] [1789634859.511201810] [vision_manager]: Book detected: xyz=(-0.112, -0.096, 0.507), center=(250, 180)
[INFO] [1789634859.512159965] [vision_manager]: Book detected: xyz=(0.734, 0.005, 0.869), center=(588, 242)
[INFO] [1789634859.513185632] [vision_manager]: Book detected: xyz=(0.647, 0.000, 0.869), center=(556, 240)
[INFO] [1789634859.514331777] [vision_manager]: Book detected: xyz=(-0.092, -0.021, 0.411), center=(249, 224)
[INFO] [1789634859.515731967] [vision_manager]: Book detected: xyz=(-0.091, 0.038, 0.400), center=(248, 270)
[INFO] [1789634859.654102457] [vision_manager]: Book detected: xyz=(-0.087, -0.180, 0.400), center=(251, 97)
[INFO] [1789634859.655353383] [vision_manager]: Book detected: xyz=(-0.112, -0.096, 0.507), center=(250, 180)
[INFO] [1789634859.656553008] [vision_manager]: Book detected: xyz=(0.734, 0.005, 0.869), center=(588, 242)
[INFO] [1789634859.657746832] [vision_manager]: Book detected: xyz=(0.633, 0.000, 0.869), center=(551, 240)
[INFO] [1789634859.658939241] [vision_manager]: Book detected: xyz=(-0.090, -0.025, 0.401), center=(249, 220)
[INFO] [1789634859.660141641] [vision_manager]: Book detected: xyz=(-0.091, 0.038, 0.400), center=(248, 270)
[INFO] [1789634859.788541370] [vision_manager]: Book detected: xyz=(-0.086, -0.180, 0.400), center=(252, 97)
[INFO] [1789634859.789637299] [vision_manager]: Book detected: xyz=(-0.110, -0.096, 0.507), center=(251, 180)
[INFO] [1789634859.790680210] [vision_manager]: Book detected: xyz=(0.734, 0.005, 0.869), center=(588, 242)
[INFO] [1789634859.791708659] [vision_manager]: Book detected: xyz=(0.630, 0.000, 0.869), center=(550, 240)
[INFO] [1789634859.792783139] [vision_manager]: Book detected: xyz=(-0.090, -0.022, 0.403), center=(249, 223)
[INFO] [1789634859.793818105] [vision_manager]: Book detected: xyz=(-0.090, 0.037, 0.400), center=(249, 269)
[INFO] [1789634859.919125555] [vision_manager]: Book detected: xyz=(-0.086, -0.180, 0.400), center=(252, 97)
[INFO] [1789634859.920628244] [vision_manager]: Book detected: xyz=(-0.110, -0.096, 0.507), center=(251, 180)
[INFO] [1789634859.922076856] [vision_manager]: Book detected: xyz=(0.734, 0.005, 0.869), center=(588, 242)
[INFO] [1789634859.923475076] [vision_manager]: Book detected: xyz=(0.627, 0.000, 0.869), center=(549, 240)
[INFO] [1789634859.924693174] [vision_manager]: Book detected: xyz=(-0.090, -0.023, 0.402), center=(249, 222)
[INFO] [1789634859.925903302] [vision_manager]: Book detected: xyz=(-0.091, 0.035, 0.400), center=(248, 268)
[INFO] [1789634860.048086542] [vision_manager]: Book detected: xyz=(-0.086, -0.180, 0.400), center=(252, 97)
[INFO] [1789634860.049825140] [vision_manager]: Book detected: xyz=(-0.108, -0.096, 0.499), center=(251, 179)
[INFO] [1789634860.051288751] [vision_manager]: Book detected: xyz=(0.734, 0.005, 0.869), center=(588, 242)
[INFO] [1789634860.052760574] [vision_manager]: Book detected: xyz=(0.630, 0.000, 0.869), center=(550, 240)
[INFO] [1789634860.054214265] [vision_manager]: Book detected: xyz=(-0.091, -0.024, 0.402), center=(248, 221)
[INFO] [1789634860.055698492] [vision_manager]: Book detected: xyz=(-0.091, 0.035, 0.400), center=(248, 268)
[INFO] [1789634860.202078947] [vision_manager]: Book detected: xyz=(-0.086, -0.180, 0.400), center=(252, 97)
[INFO] [1789634860.203755846] [vision_manager]: Book detected: xyz=(-0.108, -0.096, 0.499), center=(251, 179)
[INFO] [1789634860.205487359] [vision_manager]: Book detected: xyz=(0.734, 0.005, 0.869), center=(588, 242)
[INFO] [1789634860.206960792] [vision_manager]: Book detected: xyz=(0.619, 0.000, 0.869), center=(546, 240)
[INFO] [1789634860.208432035] [vision_manager]: Book detected: xyz=(-0.090, -0.023, 0.402), center=(249, 222)
[INFO] [1789634860.209883921] [vision_manager]: Book detected: xyz=(-0.091, 0.037, 0.400), center=(248, 269)
[INFO] [1789634860.338636275] [vision_manager]: Book detected: xyz=(-0.086, -0.180, 0.400), center=(252, 97)
[INFO] [1789634860.339942289] [vision_manager]: Book detected: xyz=(-0.112, -0.096, 0.516), center=(251, 181)
[INFO] [1789634860.340960060] [vision_manager]: Book detected: xyz=(0.734, 0.005, 0.869), center=(588, 242)
[INFO] [1789634860.341911180] [vision_manager]: Book detected: xyz=(0.630, 0.000, 0.869), center=(550, 240)
[INFO] [1789634860.342866012] [vision_manager]: Book detected: xyz=(-0.126, -0.004, 0.563), center=(249, 238)
[INFO] [1789634860.343794804] [vision_manager]: Book detected: xyz=(-0.090, 0.034, 0.400), center=(249, 267)
[INFO] [1789634860.344457118] [vision_manager]: No placeable empty shelf position found
[INFO] [1789634860.469193885] [vision_manager]: Book detected: xyz=(-0.086, -0.180, 0.400), center=(252, 97)
[INFO] [1789634860.470198110] [vision_manager]: Book detected: xyz=(-0.114, -0.096, 0.516), center=(250, 181)
[INFO] [1789634860.471172424] [vision_manager]: Book detected: xyz=(0.734, 0.005, 0.869), center=(588, 242)
[INFO] [1789634860.472130761] [vision_manager]: Book detected: xyz=(0.630, 0.000, 0.869), center=(550, 240)
[INFO] [1789634860.473070399] [vision_manager]: Book detected: xyz=(-0.126, -0.004, 0.563), center=(249, 238)
[INFO] [1789634860.474018625] [vision_manager]: Book detected: xyz=(-0.091, 0.037, 0.400), center=(248, 269)
[INFO] [1789634860.474662438] [vision_manager]: No placeable empty shelf position found
[INFO] [1789634860.609755544] [vision_manager]: Book detected: xyz=(-0.086, -0.180, 0.400), center=(252, 97)
[INFO] [1789634860.611257710] [vision_manager]: Book detected: xyz=(-0.112, -0.096, 0.516), center=(251, 181)
[INFO] [1789634860.612706026] [vision_manager]: Book detected: xyz=(0.734, 0.005, 0.869), center=(588, 242)
[INFO] [1789634860.614169963] [vision_manager]: Book detected: xyz=(0.641, 0.000, 0.869), center=(554, 240)
[INFO] [1789634860.615614430] [vision_manager]: Book detected: xyz=(-0.126, -0.004, 0.563), center=(249, 238)
[INFO] [1789634860.616936780] [vision_manager]: Book detected: xyz=(-0.090, 0.037, 0.400), center=(249, 269)
[INFO] [1789634860.617810748] [vision_manager]: No placeable empty shelf position found
[INFO] [1789634860.756112147] [vision_manager]: Book detected: xyz=(-0.086, -0.180, 0.400), center=(252, 97)
[INFO] [1789634860.757786269] [vision_manager]: Book detected: xyz=(-0.112, -0.096, 0.516), center=(251, 181)
[INFO] [1789634860.759273362] [vision_manager]: Book detected: xyz=(0.734, 0.005, 0.869), center=(588, 242)
[INFO] [1789634860.760672253] [vision_manager]: Book detected: xyz=(0.636, 0.000, 0.869), center=(552, 240)
[INFO] [1789634860.761916474] [vision_manager]: Book detected: xyz=(-0.126, -0.004, 0.563), center=(249, 238)
[INFO] [1789634860.763246537] [vision_manager]: Book detected: xyz=(-0.090, 0.037, 0.400), center=(249, 269)
[INFO] [1789634860.764247016] [vision_manager]: No placeable empty shelf position found
[INFO] [1789634860.911178077] [vision_manager]: Book detected: xyz=(-0.086, -0.180, 0.400), center=(252, 97)
[INFO] [1789634860.912442714] [vision_manager]: Book detected: xyz=(-0.112, -0.096, 0.516), center=(251, 181)
[INFO] [1789634860.913629169] [vision_manager]: Book detected: xyz=(0.734, 0.005, 0.869), center=(588, 242)
[INFO] [1789634860.914670545] [vision_manager]: Book detected: xyz=(0.633, 0.000, 0.869), center=(551, 240)
[INFO] [1789634860.915700213] [vision_manager]: Book detected: xyz=(-0.126, -0.004, 0.563), center=(249, 238)
[INFO] [1789634860.916732889] [vision_manager]: Book detected: xyz=(-0.090, 0.037, 0.400), center=(249, 269)
[INFO] [1789634860.917467667] [vision_manager]: No placeable empty shelf position found
[INFO] [1789634861.151631526] [vision_manager]: Book detected: xyz=(-0.086, -0.180, 0.400), center=(252, 97)
[INFO] [1789634861.153039428] [vision_manager]: Book detected: xyz=(-0.110, -0.096, 0.507), center=(251, 180)
[INFO] [1789634861.157336305] [vision_manager]: Book detected: xyz=(0.734, 0.005, 0.869), center=(588, 242)
[INFO] [1789634861.158609636] [vision_manager]: Book detected: xyz=(0.633, 0.000, 0.869), center=(551, 240)
[INFO] [1789634861.159699644] [vision_manager]: Book detected: xyz=(-0.126, -0.002, 0.563), center=(249, 239)
[INFO] [1789634861.163876792] [vision_manager]: Book detected: xyz=(-0.090, 0.038, 0.400), center=(249, 270)
[INFO] [1789634861.164587537] [vision_manager]: No placeable empty shelf position found
[INFO] [1789634861.609868833] [vision_manager]: Book detected: xyz=(-0.087, -0.180, 0.400), center=(251, 97)
[INFO] [1789634861.611393455] [vision_manager]: Book detected: xyz=(-0.110, -0.096, 0.507), center=(251, 180)
[INFO] [1789634861.612855200] [vision_manager]: Book detected: xyz=(0.734, 0.005, 0.869), center=(588, 242)
[INFO] [1789634861.614340300] [vision_manager]: Book detected: xyz=(0.633, 0.000, 0.869), center=(551, 240)
[INFO] [1789634861.615723184] [vision_manager]: Book detected: xyz=(-0.090, -0.023, 0.402), center=(249, 222)
[INFO] [1789634861.616932180] [vision_manager]: Book detected: xyz=(-0.090, 0.039, 0.400), center=(249, 271)
[INFO] [1789634861.749206778] [vision_manager]: Book detected: xyz=(-0.086, -0.180, 0.400), center=(252, 97)
[INFO] [1789634861.750478835] [vision_manager]: Book detected: xyz=(-0.110, -0.096, 0.507), center=(251, 180)
[INFO] [1789634861.751550362] [vision_manager]: Book detected: xyz=(0.734, 0.005, 0.869), center=(588, 242)
[INFO] [1789634861.752628429] [vision_manager]: Book detected: xyz=(0.633, 0.000, 0.869), center=(551, 240)
[INFO] [1789634861.753709496] [vision_manager]: Book detected: xyz=(-0.126, -0.018, 0.563), center=(249, 230)
[INFO] [1789634861.754459878] [vision_manager]: No placeable empty shelf position found
[INFO] [1789634861.904133994] [vision_manager]: Book detected: xyz=(-0.086, -0.180, 0.400), center=(252, 97)
[INFO] [1789634861.905406630] [vision_manager]: Book detected: xyz=(-0.112, -0.096, 0.516), center=(251, 181)
[INFO] [1789634861.906645806] [vision_manager]: Book detected: xyz=(0.734, 0.005, 0.869), center=(588, 242)
[INFO] [1789634861.907890947] [vision_manager]: Book detected: xyz=(0.633, 0.000, 0.869), center=(551, 240)
[INFO] [1789634861.909119768] [vision_manager]: Book detected: xyz=(-0.126, -0.014, 0.563), center=(249, 232)
[INFO] [1789634861.909947886] [vision_manager]: No placeable empty shelf position found
[INFO] [1789634862.045925891] [vision_manager]: Book detected: xyz=(-0.086, -0.180, 0.400), center=(252, 97)
[INFO] [1789634862.047510580] [vision_manager]: Book detected: xyz=(-0.110, -0.096, 0.507), center=(251, 180)
[INFO] [1789634862.048773906] [vision_manager]: Book detected: xyz=(0.734, 0.005, 0.869), center=(588, 242)
[INFO] [1789634862.050032818] [vision_manager]: Book detected: xyz=(0.627, 0.000, 0.869), center=(549, 240)
[INFO] [1789634862.051365070] [vision_manager]: Book detected: xyz=(-0.126, -0.004, 0.563), center=(249, 238)
[INFO] [1789634862.052257583] [vision_manager]: No placeable empty shelf position found
[INFO] [1789634862.203926179] [vision_manager]: Book detected: xyz=(-0.085, -0.180, 0.400), center=(253, 97)
[INFO] [1789634862.205074605] [vision_manager]: Book detected: xyz=(-0.110, -0.096, 0.507), center=(251, 180)
[INFO] [1789634862.206043246] [vision_manager]: Book detected: xyz=(0.734, 0.005, 0.869), center=(588, 242)
[INFO] [1789634862.206996366] [vision_manager]: Book detected: xyz=(0.622, 0.000, 0.869), center=(547, 240)
[INFO] [1789634862.207946345] [vision_manager]: Book detected: xyz=(-0.126, -0.004, 0.563), center=(249, 238)
[INFO] [1789634862.208584281] [vision_manager]: No placeable empty shelf position found
[INFO] [1789634862.354207375] [vision_manager]: Book detected: xyz=(-0.085, -0.180, 0.400), center=(253, 97)
[INFO] [1789634862.355297620] [vision_manager]: Book detected: xyz=(-0.108, -0.096, 0.499), center=(251, 179)
[INFO] [1789634862.356251265] [vision_manager]: Book detected: xyz=(0.734, 0.005, 0.869), center=(588, 242)
[INFO] [1789634862.357204013] [vision_manager]: Book detected: xyz=(0.619, 0.000, 0.869), center=(546, 240)
[INFO] [1789634862.358151411] [vision_manager]: Book detected: xyz=(-0.126, -0.018, 0.563), center=(249, 230)
[INFO] [1789634862.358734423] [vision_manager]: No placeable empty shelf position found
[INFO] [1789634862.505799670] [vision_manager]: Book detected: xyz=(-0.085, -0.180, 0.400), center=(253, 97)
[INFO] [1789634862.507303685] [vision_manager]: Book detected: xyz=(-0.112, -0.096, 0.516), center=(251, 181)
[INFO] [1789634862.508692691] [vision_manager]: Book detected: xyz=(0.734, 0.005, 0.869), center=(588, 242)
[INFO] [1789634862.510076890] [vision_manager]: Book detected: xyz=(0.636, 0.000, 0.869), center=(552, 240)
[INFO] [1789634862.511450983] [vision_manager]: Book detected: xyz=(-0.126, -0.004, 0.563), center=(249, 238)
[INFO] [1789634862.512380384] [vision_manager]: No placeable empty shelf position found
[INFO] [1789634862.636383142] [vision_manager]: Book detected: xyz=(-0.085, -0.180, 0.400), center=(253, 97)
[INFO] [1789634862.637772767] [vision_manager]: Book detected: xyz=(-0.112, -0.096, 0.516), center=(251, 181)
[INFO] [1789634862.639141362] [vision_manager]: Book detected: xyz=(0.734, 0.005, 0.869), center=(588, 242)
[INFO] [1789634862.640662619] [vision_manager]: Book detected: xyz=(0.614, 0.000, 0.869), center=(544, 240)
[INFO] [1789634862.642063349] [vision_manager]: Book detected: xyz=(-0.089, -0.022, 0.403), center=(250, 223)
[INFO] [1789634862.761708444] [vision_manager]: Book detected: xyz=(-0.085, -0.180, 0.400), center=(253, 97)
[INFO] [1789634862.762769617] [vision_manager]: Book detected: xyz=(-0.112, -0.096, 0.516), center=(251, 181)
[INFO] [1789634862.763776271] [vision_manager]: Book detected: xyz=(0.734, 0.005, 0.869), center=(588, 242)
[INFO] [1789634862.764841719] [vision_manager]: Book detected: xyz=(0.644, 0.000, 0.869), center=(555, 240)
[INFO] [1789634862.765856504] [vision_manager]: Book detected: xyz=(-0.089, -0.023, 0.402), center=(250, 222)
[INFO] [1789634862.892147887] [vision_manager]: Book detected: xyz=(-0.085, -0.180, 0.400), center=(253, 97)
[INFO] [1789634862.893301680] [vision_manager]: Book detected: xyz=(-0.112, -0.096, 0.516), center=(251, 181)
[INFO] [1789634862.894380090] [vision_manager]: Book detected: xyz=(0.734, 0.005, 0.869), center=(588, 242)
[INFO] [1789634862.895420942] [vision_manager]: Book detected: xyz=(0.636, 0.000, 0.869), center=(552, 240)
[INFO] [1789634862.896465747] [vision_manager]: Book detected: xyz=(-0.090, -0.023, 0.402), center=(249, 222)
[INFO] [1789634863.004250188] [vision_manager]: Book detected: xyz=(-0.085, -0.180, 0.400), center=(253, 97)
[INFO] [1789634863.005293808] [vision_manager]: Book detected: xyz=(-0.114, -0.096, 0.525), center=(251, 182)
[INFO] [1789634863.006278366] [vision_manager]: Book detected: xyz=(0.734, 0.005, 0.869), center=(588, 242)
[INFO] [1789634863.007241123] [vision_manager]: Book detected: xyz=(0.633, 0.000, 0.869), center=(551, 240)
[INFO] [1789634863.008195376] [vision_manager]: Book detected: xyz=(-0.090, -0.023, 0.402), center=(249, 222)
[INFO] [1789634863.152651726] [vision_manager]: Book detected: xyz=(-0.085, -0.180, 0.400), center=(253, 97)
[INFO] [1789634863.154411938] [vision_manager]: Book detected: xyz=(-0.114, -0.096, 0.525), center=(251, 182)
[INFO] [1789634863.155818056] [vision_manager]: Book detected: xyz=(0.734, 0.005, 0.869), center=(588, 242)
[INFO] [1789634863.157223371] [vision_manager]: Book detected: xyz=(0.630, 0.000, 0.869), center=(550, 240)
[INFO] [1789634863.158669189] [vision_manager]: Book detected: xyz=(-0.090, -0.023, 0.402), center=(249, 222)
[INFO] [1789634863.311415757] [vision_manager]: Book detected: xyz=(-0.085, -0.180, 0.400), center=(253, 97)
[INFO] [1789634863.312583242] [vision_manager]: Book detected: xyz=(-0.112, -0.096, 0.516), center=(251, 181)
[INFO] [1789634863.313685679] [vision_manager]: Book detected: xyz=(0.734, 0.005, 0.869), center=(588, 242)
[INFO] [1789634863.314783811] [vision_manager]: Book detected: xyz=(0.647, 0.000, 0.869), center=(556, 240)
[INFO] [1789634863.315868373] [vision_manager]: Book detected: xyz=(-0.089, -0.022, 0.403), center=(250, 223)
[INFO] [1789634863.458272306] [vision_manager]: Book detected: xyz=(-0.085, -0.180, 0.400), center=(253, 97)
[INFO] [1789634863.459382038] [vision_manager]: Book detected: xyz=(-0.112, -0.096, 0.516), center=(251, 181)
[INFO] [1789634863.460415838] [vision_manager]: Book detected: xyz=(0.734, 0.005, 0.869), center=(588, 242)
[INFO] [1789634863.461362930] [vision_manager]: Book detected: xyz=(0.641, 0.000, 0.869), center=(554, 240)
[INFO] [1789634863.462343217] [vision_manager]: Book detected: xyz=(-0.090, -0.022, 0.403), center=(249, 223)
[INFO] [1789634863.585837966] [vision_manager]: Book detected: xyz=(-0.085, -0.180, 0.400), center=(253, 97)
[INFO] [1789634863.586881825] [vision_manager]: Book detected: xyz=(-0.112, -0.096, 0.516), center=(251, 181)
[INFO] [1789634863.587817082] [vision_manager]: Book detected: xyz=(0.734, 0.005, 0.869), center=(588, 242)
[INFO] [1789634863.588734548] [vision_manager]: Book detected: xyz=(0.641, 0.000, 0.869), center=(554, 240)
[INFO] [1789634863.589635870] [vision_manager]: Book detected: xyz=(-0.106, -0.021, 0.472), center=(249, 226)
[INFO] [1789634863.590247279] [vision_manager]: No placeable empty shelf position found
[INFO] [1789634863.705431527] [vision_manager]: Book detected: xyz=(-0.086, -0.180, 0.400), center=(252, 97)
[INFO] [1789634863.706459271] [vision_manager]: Book detected: xyz=(-0.114, -0.096, 0.525), center=(251, 182)
[INFO] [1789634863.707446031] [vision_manager]: Book detected: xyz=(0.734, 0.005, 0.869), center=(588, 242)
[INFO] [1789634863.708389680] [vision_manager]: Book detected: xyz=(0.647, 0.000, 0.869), center=(556, 240)
[INFO] [1789634863.709353647] [vision_manager]: Book detected: xyz=(-0.091, -0.021, 0.411), center=(250, 224)
[INFO] [1789634863.846504448] [vision_manager]: Book detected: xyz=(-0.085, -0.180, 0.400), center=(253, 97)
[INFO] [1789634863.847582758] [vision_manager]: Book detected: xyz=(-0.112, -0.096, 0.516), center=(251, 181)
[INFO] [1789634863.848541625] [vision_manager]: Book detected: xyz=(0.734, 0.005, 0.869), center=(588, 242)
[INFO] [1789634863.849487564] [vision_manager]: Book detected: xyz=(0.658, 0.000, 0.869), center=(560, 240)
[INFO] [1789634863.850404728] [vision_manager]: Book detected: xyz=(-0.092, -0.021, 0.411), center=(249, 224)
[INFO] [1789634863.974724598] [vision_manager]: Book detected: xyz=(-0.085, -0.180, 0.400), center=(253, 97)
[INFO] [1789634863.975753741] [vision_manager]: Book detected: xyz=(-0.112, -0.096, 0.516), center=(251, 181)
[INFO] [1789634863.976734398] [vision_manager]: Book detected: xyz=(0.734, 0.005, 0.869), center=(588, 242)
[INFO] [1789634863.977750889] [vision_manager]: Book detected: xyz=(0.652, 0.000, 0.869), center=(558, 240)
[INFO] [1789634863.978743622] [vision_manager]: Book detected: xyz=(-0.092, -0.021, 0.411), center=(249, 224)
[INFO] [1789634864.098984785] [vision_manager]: Book detected: xyz=(-0.085, -0.180, 0.400), center=(253, 97)
[INFO] [1789634864.100428075] [vision_manager]: Book detected: xyz=(-0.112, -0.096, 0.516), center=(251, 181)
[INFO] [1789634864.101735288] [vision_manager]: Book detected: xyz=(0.734, 0.005, 0.869), center=(588, 242)
[INFO] [1789634864.103071522] [vision_manager]: Book detected: xyz=(0.641, 0.000, 0.869), center=(554, 240)
[INFO] [1789634864.104542030] [vision_manager]: Book detected: xyz=(-0.092, -0.021, 0.411), center=(249, 224)
[INFO] [1789634864.216775975] [vision_manager]: Book detected: xyz=(-0.085, -0.180, 0.400), center=(253, 97)
[INFO] [1789634864.218214468] [vision_manager]: Book detected: xyz=(-0.110, -0.096, 0.507), center=(251, 180)
[INFO] [1789634864.219277240] [vision_manager]: Book detected: xyz=(0.734, 0.005, 0.869), center=(588, 242)
[INFO] [1789634864.220244660] [vision_manager]: Book detected: xyz=(0.655, 0.000, 0.869), center=(559, 240)
[INFO] [1789634864.221157674] [vision_manager]: Book detected: xyz=(-0.092, -0.021, 0.411), center=(249, 224)
[INFO] [1789634864.348596690] [vision_manager]: Book detected: xyz=(-0.085, -0.180, 0.400), center=(253, 97)
[INFO] [1789634864.349815150] [vision_manager]: Book detected: xyz=(-0.110, -0.096, 0.507), center=(251, 180)
[INFO] [1789634864.350971262] [vision_manager]: Book detected: xyz=(0.734, 0.005, 0.869), center=(588, 242)
[INFO] [1789634864.352043360] [vision_manager]: Book detected: xyz=(0.652, 0.000, 0.869), center=(558, 240)
[INFO] [1789634864.353090124] [vision_manager]: Book detected: xyz=(-0.092, -0.021, 0.411), center=(249, 224)
[INFO] [1789634864.489081439] [vision_manager]: Book detected: xyz=(-0.085, -0.180, 0.400), center=(253, 97)
[INFO] [1789634864.490465510] [vision_manager]: Book detected: xyz=(-0.112, -0.096, 0.516), center=(251, 181)
[INFO] [1789634864.491848360] [vision_manager]: Book detected: xyz=(0.734, 0.005, 0.869), center=(588, 242)
[INFO] [1789634864.493170692] [vision_manager]: Book detected: xyz=(0.627, 0.000, 0.869), center=(549, 240)
[INFO] [1789634864.494534967] [vision_manager]: Book detected: xyz=(-0.092, -0.021, 0.411), center=(249, 224)
[INFO] [1789634864.610994621] [vision_manager]: Book detected: xyz=(-0.085, -0.180, 0.400), center=(253, 97)
[INFO] [1789634864.612214817] [vision_manager]: Book detected: xyz=(-0.112, -0.096, 0.516), center=(251, 181)
[INFO] [1789634864.613284382] [vision_manager]: Book detected: xyz=(0.734, 0.005, 0.869), center=(588, 242)
[INFO] [1789634864.614370996] [vision_manager]: Book detected: xyz=(0.630, 0.000, 0.869), center=(550, 240)
[INFO] [1789634864.615419618] [vision_manager]: Book detected: xyz=(-0.092, -0.021, 0.411), center=(249, 224)
[INFO] [1789634864.616474361] [vision_manager]: Book detected: xyz=(-0.090, 0.038, 0.400), center=(249, 270)
[INFO] [1789634864.739440472] [vision_manager]: Book detected: xyz=(-0.085, -0.180, 0.400), center=(253, 97)
[INFO] [1789634864.740561548] [vision_manager]: Book detected: xyz=(-0.110, -0.096, 0.507), center=(251, 180)
[INFO] [1789634864.741607953] [vision_manager]: Book detected: xyz=(0.734, 0.005, 0.869), center=(588, 242)
[INFO] [1789634864.742621253] [vision_manager]: Book detected: xyz=(0.627, 0.000, 0.869), center=(549, 240)
[INFO] [1789634864.743654204] [vision_manager]: Book detected: xyz=(-0.090, -0.022, 0.403), center=(249, 223)
[INFO] [1789634864.881341130] [vision_manager]: Book detected: xyz=(-0.085, -0.180, 0.400), center=(253, 97)
[INFO] [1789634864.883243369] [vision_manager]: Book detected: xyz=(-0.112, -0.096, 0.516), center=(251, 181)
[INFO] [1789634864.886528544] [vision_manager]: Book detected: xyz=(0.734, 0.005, 0.869), center=(588, 242)
[INFO] [1789634864.888246886] [vision_manager]: Book detected: xyz=(0.647, 0.000, 0.869), center=(556, 240)
[INFO] [1789634864.889732545] [vision_manager]: Book detected: xyz=(-0.093, -0.021, 0.411), center=(248, 224)
[INFO] [1789634864.891109360] [vision_manager]: Book detected: xyz=(-0.091, 0.038, 0.400), center=(248, 270)
[INFO] [1789634865.046723231] [vision_manager]: Book detected: xyz=(-0.085, -0.180, 0.400), center=(253, 97)
[INFO] [1789634865.047807855] [vision_manager]: Book detected: xyz=(-0.112, -0.096, 0.516), center=(251, 181)
[INFO] [1789634865.048862547] [vision_manager]: Book detected: xyz=(0.734, 0.005, 0.869), center=(588, 242)
[INFO] [1789634865.049912561] [vision_manager]: Book detected: xyz=(0.641, 0.000, 0.869), center=(554, 240)
[INFO] [1789634865.050958808] [vision_manager]: Book detected: xyz=(-0.092, -0.021, 0.411), center=(249, 224)
[INFO] [1789634865.051998255] [vision_manager]: Book detected: xyz=(-0.090, 0.039, 0.400), center=(249, 271)
[INFO] [1789634865.189797097] [vision_manager]: Book detected: xyz=(-0.085, -0.180, 0.400), center=(253, 97)
[INFO] [1789634865.190859950] [vision_manager]: Book detected: xyz=(-0.112, -0.096, 0.516), center=(251, 181)
[INFO] [1789634865.191865502] [vision_manager]: Book detected: xyz=(0.734, 0.005, 0.869), center=(588, 242)
[INFO] [1789634865.193018656] [vision_manager]: Book detected: xyz=(0.658, 0.000, 0.869), center=(560, 240)
[INFO] [1789634865.194030131] [vision_manager]: Book detected: xyz=(-0.090, -0.022, 0.403), center=(249, 223)
[INFO] [1789634865.333672363] [vision_manager]: Book detected: xyz=(-0.085, -0.180, 0.400), center=(253, 97)
[INFO] [1789634865.334898243] [vision_manager]: Book detected: xyz=(-0.112, -0.096, 0.516), center=(251, 181)
[INFO] [1789634865.335993017] [vision_manager]: Book detected: xyz=(0.737, 0.005, 0.869), center=(589, 242)
[INFO] [1789634865.337876292] [vision_manager]: Book detected: xyz=(0.660, 0.000, 0.869), center=(561, 240)
[INFO] [1789634865.339829252] [vision_manager]: Book detected: xyz=(-0.092, -0.021, 0.411), center=(249, 224)
[INFO] [1789634865.500020675] [vision_manager]: Book detected: xyz=(-0.085, -0.180, 0.400), center=(253, 97)
[INFO] [1789634865.504264316] [vision_manager]: Book detected: xyz=(-0.112, -0.096, 0.516), center=(251, 181)
[INFO] [1789634865.505450164] [vision_manager]: Book detected: xyz=(0.734, 0.005, 0.869), center=(588, 242)
[INFO] [1789634865.506518455] [vision_manager]: Book detected: xyz=(0.641, 0.000, 0.869), center=(554, 240)
[INFO] [1789634865.510572716] [vision_manager]: Book detected: xyz=(-0.098, -0.021, 0.439), center=(249, 225)
[INFO] [1789634865.511578271] [vision_manager]: Book detected: xyz=(-0.090, 0.040, 0.400), center=(249, 272)
[INFO] [1789634865.815257904] [vision_manager]: Book detected: xyz=(-0.085, -0.180, 0.400), center=(253, 97)
[INFO] [1789634865.816378015] [vision_manager]: Book detected: xyz=(-0.114, -0.096, 0.525), center=(251, 182)
[INFO] [1789634865.817710089] [vision_manager]: Book detected: xyz=(0.734, 0.005, 0.869), center=(588, 242)
[INFO] [1789634865.819018320] [vision_manager]: Book detected: xyz=(0.636, 0.000, 0.869), center=(552, 240)
[INFO] [1789634865.819955477] [vision_manager]: Book detected: xyz=(-0.100, -0.021, 0.439), center=(248, 225)
[INFO] [1789634865.820866801] [vision_manager]: Book detected: xyz=(-0.091, 0.032, 0.400), center=(248, 265)
[INFO] [1789634866.046060239] [vision_manager]: Book detected: xyz=(-0.085, -0.180, 0.400), center=(253, 97)
[INFO] [1789634866.048081943] [vision_manager]: Book detected: xyz=(-0.112, -0.096, 0.516), center=(251, 181)
[INFO] [1789634866.049124707] [vision_manager]: Book detected: xyz=(0.734, 0.005, 0.869), center=(588, 242)
[INFO] [1789634866.050039457] [vision_manager]: Book detected: xyz=(0.649, 0.000, 0.869), center=(557, 240)
[INFO] [1789634866.050938413] [vision_manager]: Book detected: xyz=(-0.090, -0.028, 0.401), center=(249, 218)
[INFO] [1789634866.054913185] [vision_manager]: Book detected: xyz=(-0.091, 0.037, 0.400), center=(248, 269)
[INFO] [1789634866.584882740] [vision_manager]: Book detected: xyz=(-0.085, -0.180, 0.400), center=(253, 97)
[INFO] [1789634866.586034053] [vision_manager]: Book detected: xyz=(-0.114, -0.096, 0.525), center=(251, 182)
[INFO] [1789634866.592961807] [vision_manager]: Book detected: xyz=(0.734, 0.005, 0.869), center=(588, 242)
[INFO] [1789634866.595658460] [vision_manager]: Book detected: xyz=(0.638, 0.000, 0.869), center=(553, 240)
[INFO] [1789634866.597351610] [vision_manager]: Book detected: xyz=(-0.089, -0.025, 0.401), center=(250, 220)
[INFO] [1789634866.598156327] [vision_manager]: Book detected: xyz=(-0.091, 0.037, 0.400), center=(248, 269)
[INFO] [1789634866.767962353] [vision_manager]: Book detected: xyz=(-0.085, -0.180, 0.400), center=(253, 97)
[INFO] [1789634866.769260638] [vision_manager]: Book detected: xyz=(-0.112, -0.096, 0.516), center=(251, 181)
[INFO] [1789634866.770610281] [vision_manager]: Book detected: xyz=(0.734, 0.005, 0.869), center=(588, 242)
[INFO] [1789634866.771935251] [vision_manager]: Book detected: xyz=(0.647, 0.000, 0.869), center=(556, 240)
[INFO] [1789634866.773182280] [vision_manager]: Book detected: xyz=(-0.089, -0.024, 0.402), center=(250, 221)
[INFO] [1789634866.774358554] [vision_manager]: Book detected: xyz=(-0.090, 0.037, 0.400), center=(249, 269)
[INFO] [1789634866.915895407] [vision_manager]: Book detected: xyz=(-0.085, -0.180, 0.400), center=(253, 97)
[INFO] [1789634866.917385900] [vision_manager]: Book detected: xyz=(-0.112, -0.096, 0.516), center=(251, 181)
[INFO] [1789634866.919445507] [vision_manager]: Book detected: xyz=(0.734, 0.005, 0.869), center=(588, 242)
[INFO] [1789634866.921176215] [vision_manager]: Book detected: xyz=(0.641, 0.003, 0.869), center=(554, 241)
[INFO] [1789634866.922320350] [vision_manager]: Book detected: xyz=(-0.089, -0.024, 0.402), center=(250, 221)
[INFO] [1789634866.923380480] [vision_manager]: Book detected: xyz=(-0.090, 0.035, 0.400), center=(249, 268)
[INFO] [1789634867.056683019] [vision_manager]: Book detected: xyz=(-0.085, -0.180, 0.400), center=(253, 97)
[INFO] [1789634867.058332170] [vision_manager]: Book detected: xyz=(-0.112, -0.096, 0.516), center=(251, 181)
[INFO] [1789634867.059915667] [vision_manager]: Book detected: xyz=(0.734, 0.005, 0.869), center=(588, 242)
[INFO] [1789634867.061355319] [vision_manager]: Book detected: xyz=(0.627, 0.000, 0.869), center=(549, 240)
[INFO] [1789634867.062679603] [vision_manager]: Book detected: xyz=(-0.089, -0.024, 0.402), center=(250, 221)
[INFO] [1789634867.063986883] [vision_manager]: Book detected: xyz=(-0.090, 0.029, 0.400), center=(249, 263)
[INFO] [1789634867.196338353] [vision_manager]: Book detected: xyz=(-0.085, -0.180, 0.400), center=(253, 97)
[INFO] [1789634867.198274559] [vision_manager]: Book detected: xyz=(-0.110, -0.096, 0.507), center=(251, 180)
[INFO] [1789634867.200429332] [vision_manager]: Book detected: xyz=(0.734, 0.005, 0.869), center=(588, 242)
[INFO] [1789634867.202416149] [vision_manager]: Book detected: xyz=(0.636, 0.000, 0.869), center=(552, 240)
[INFO] [1789634867.204310180] [vision_manager]: Book detected: xyz=(-0.098, -0.021, 0.439), center=(249, 225)
[INFO] [1789634867.205942553] [vision_manager]: Book detected: xyz=(-0.090, 0.037, 0.400), center=(249, 269)
[INFO] [1789634867.341362370] [vision_manager]: Book detected: xyz=(-0.085, -0.179, 0.401), center=(253, 98)
[INFO] [1789634867.343266445] [vision_manager]: Book detected: xyz=(0.734, 0.005, 0.869), center=(588, 242)
[INFO] [1789634867.344845272] [vision_manager]: Book detected: xyz=(-0.110, -0.096, 0.507), center=(251, 180)
[INFO] [1789634867.346329824] [vision_manager]: Book detected: xyz=(0.652, 0.000, 0.869), center=(558, 240)
[INFO] [1789634867.347846680] [vision_manager]: Book detected: xyz=(-0.090, -0.028, 0.401), center=(249, 218)
[INFO] [1789634867.349374919] [vision_manager]: Book detected: xyz=(-0.091, 0.039, 0.400), center=(248, 271)
[INFO] [1789634867.475470598] [vision_manager]: Book detected: xyz=(-0.085, -0.180, 0.400), center=(253, 97)
[INFO] [1789634867.477309531] [vision_manager]: Book detected: xyz=(-0.112, -0.096, 0.516), center=(251, 181)
[INFO] [1789634867.479160515] [vision_manager]: Book detected: xyz=(0.737, 0.005, 0.869), center=(589, 242)
[INFO] [1789634867.480949279] [vision_manager]: Book detected: xyz=(0.655, 0.000, 0.869), center=(559, 240)
[INFO] [1789634867.482702388] [vision_manager]: Book detected: xyz=(-0.089, -0.027, 0.401), center=(250, 219)
[INFO] [1789634867.484374780] [vision_manager]: Book detected: xyz=(-0.091, 0.034, 0.400), center=(248, 267)
[INFO] [1789634867.605701603] [vision_manager]: Book detected: xyz=(-0.085, -0.180, 0.400), center=(253, 97)
[INFO] [1789634867.607626281] [vision_manager]: Book detected: xyz=(-0.113, -0.096, 0.525), center=(252, 182)
[INFO] [1789634867.609725204] [vision_manager]: Book detected: xyz=(0.734, 0.005, 0.869), center=(588, 242)
[INFO] [1789634867.611497660] [vision_manager]: Book detected: xyz=(0.638, 0.000, 0.869), center=(553, 240)
[INFO] [1789634867.613237797] [vision_manager]: Book detected: xyz=(-0.089, -0.024, 0.402), center=(250, 221)
[INFO] [1789634867.614823694] [vision_manager]: Book detected: xyz=(-0.090, 0.035, 0.400), center=(249, 268)
[INFO] [1789634867.738681757] [vision_manager]: Book detected: xyz=(-0.085, -0.180, 0.400), center=(253, 97)
[INFO] [1789634867.739889255] [vision_manager]: Book detected: xyz=(-0.113, -0.096, 0.525), center=(252, 182)
[INFO] [1789634867.741064528] [vision_manager]: Book detected: xyz=(0.734, 0.005, 0.869), center=(588, 242)
[INFO] [1789634867.742296100] [vision_manager]: Book detected: xyz=(0.638, 0.000, 0.869), center=(553, 240)
[INFO] [1789634867.743600468] [vision_manager]: Book detected: xyz=(-0.098, -0.021, 0.439), center=(249, 225)
[INFO] [1789634867.744934289] [vision_manager]: Book detected: xyz=(-0.090, 0.039, 0.400), center=(249, 271)
[INFO] [1789634867.887073165] [vision_manager]: Book detected: xyz=(-0.085, -0.180, 0.400), center=(253, 97)
[INFO] [1789634867.888658691] [vision_manager]: Book detected: xyz=(-0.112, -0.096, 0.516), center=(251, 181)
[INFO] [1789634867.890136163] [vision_manager]: Book detected: xyz=(0.734, 0.005, 0.869), center=(588, 242)
[INFO] [1789634867.891470469] [vision_manager]: Book detected: xyz=(0.627, 0.000, 0.869), center=(549, 240)
[INFO] [1789634867.893062018] [vision_manager]: Book detected: xyz=(-0.106, -0.021, 0.472), center=(249, 226)
[INFO] [1789634867.894587646] [vision_manager]: Book detected: xyz=(-0.091, 0.039, 0.400), center=(248, 271)
[INFO] [1789634867.895607442] [vision_manager]: No placeable empty shelf position found
[INFO] [1789634868.038414528] [vision_manager]: Book detected: xyz=(-0.085, -0.180, 0.400), center=(253, 97)
[INFO] [1789634868.039810222] [vision_manager]: Book detected: xyz=(-0.112, -0.096, 0.516), center=(251, 181)
[INFO] [1789634868.041156210] [vision_manager]: Book detected: xyz=(0.734, 0.005, 0.869), center=(588, 242)
[INFO] [1789634868.042422272] [vision_manager]: Book detected: xyz=(0.638, 0.000, 0.869), center=(553, 240)
[INFO] [1789634868.043616009] [vision_manager]: Book detected: xyz=(-0.106, -0.021, 0.472), center=(249, 226)
[INFO] [1789634868.044755370] [vision_manager]: Book detected: xyz=(-0.090, 0.034, 0.400), center=(249, 267)
[INFO] [1789634868.045271394] [vision_manager]: No placeable empty shelf position found
[INFO] [1789634868.163703014] [vision_manager]: Book detected: xyz=(-0.085, -0.180, 0.400), center=(253, 97)
[INFO] [1789634868.164968415] [vision_manager]: Book detected: xyz=(-0.114, -0.096, 0.516), center=(250, 181)
[INFO] [1789634868.166289393] [vision_manager]: Book detected: xyz=(0.734, 0.005, 0.869), center=(588, 242)
[INFO] [1789634868.167594193] [vision_manager]: Book detected: xyz=(0.647, 0.000, 0.869), center=(556, 240)
[INFO] [1789634868.168873171] [vision_manager]: Book detected: xyz=(-0.107, -0.021, 0.472), center=(248, 226)
[INFO] [1789634868.170159735] [vision_manager]: Book detected: xyz=(-0.092, 0.038, 0.400), center=(247, 270)
[INFO] [1789634868.171067836] [vision_manager]: No placeable empty shelf position found
[INFO] [1789634868.324217519] [vision_manager]: Book detected: xyz=(-0.085, -0.179, 0.401), center=(253, 98)
[INFO] [1789634868.326103755] [vision_manager]: Book detected: xyz=(-0.112, -0.096, 0.507), center=(250, 180)
[INFO] [1789634868.328164662] [vision_manager]: Book detected: xyz=(0.734, 0.005, 0.869), center=(588, 242)
[INFO] [1789634868.330850278] [vision_manager]: Book detected: xyz=(0.660, 0.000, 0.869), center=(561, 240)
[INFO] [1789634868.332955759] [vision_manager]: Book detected: xyz=(-0.098, -0.021, 0.439), center=(249, 225)
[INFO] [1789634868.335113174] [vision_manager]: Book detected: xyz=(-0.091, 0.035, 0.400), center=(248, 268)
[INFO] [1789634868.529535111] [vision_manager]: Book detected: xyz=(-0.086, -0.179, 0.401), center=(252, 98)
[INFO] [1789634868.532007676] [vision_manager]: Book detected: xyz=(-0.110, -0.096, 0.499), center=(250, 179)
[INFO] [1789634868.533875011] [vision_manager]: Book detected: xyz=(0.734, 0.005, 0.869), center=(588, 242)
[INFO] [1789634868.535708805] [vision_manager]: Book detected: xyz=(0.644, 0.000, 0.869), center=(555, 240)
[INFO] [1789634868.537369940] [vision_manager]: Book detected: xyz=(-0.098, -0.021, 0.439), center=(249, 225)
[INFO] [1789634868.539109242] [vision_manager]: Book detected: xyz=(-0.090, 0.038, 0.400), center=(249, 270)
[INFO] [1789634868.701583686] [vision_manager]: Book detected: xyz=(-0.085, -0.179, 0.401), center=(253, 98)
[INFO] [1789634868.702792475] [vision_manager]: Book detected: xyz=(-0.112, -0.096, 0.507), center=(250, 180)
[INFO] [1789634868.703928736] [vision_manager]: Book detected: xyz=(0.734, 0.005, 0.869), center=(588, 242)
[INFO] [1789634868.705073407] [vision_manager]: Book detected: xyz=(0.641, 0.000, 0.869), center=(554, 240)
[INFO] [1789634868.706390452] [vision_manager]: Book detected: xyz=(-0.107, -0.021, 0.472), center=(248, 226)
[INFO] [1789634868.707542060] [vision_manager]: Book detected: xyz=(-0.091, 0.037, 0.400), center=(248, 269)
[INFO] [1789634868.708186304] [vision_manager]: No placeable empty shelf position found
[INFO] [1789634868.853121574] [vision_manager]: Book detected: xyz=(-0.085, -0.179, 0.401), center=(253, 98)
[INFO] [1789634868.854784683] [vision_manager]: Book detected: xyz=(-0.110, -0.096, 0.499), center=(250, 179)
[INFO] [1789634868.856704960] [vision_manager]: Book detected: xyz=(0.737, 0.005, 0.869), center=(589, 242)
[INFO] [1789634868.858625790] [vision_manager]: Book detected: xyz=(0.644, 0.000, 0.869), center=(555, 240)
[INFO] [1789634868.860372507] [vision_manager]: Book detected: xyz=(-0.106, -0.021, 0.472), center=(249, 226)
[INFO] [1789634868.861914419] [vision_manager]: Book detected: xyz=(-0.091, 0.039, 0.400), center=(248, 271)
[INFO] [1789634868.862572933] [vision_manager]: No placeable empty shelf position found
[INFO] [1789634869.002375888] [vision_manager]: Book detected: xyz=(-0.085, -0.179, 0.401), center=(253, 98)
[INFO] [1789634869.004508996] [vision_manager]: Book detected: xyz=(-0.112, -0.096, 0.507), center=(250, 180)
[INFO] [1789634869.006376197] [vision_manager]: Book detected: xyz=(0.734, 0.005, 0.869), center=(588, 242)
[INFO] [1789634869.008883423] [vision_manager]: Book detected: xyz=(0.641, 0.000, 0.869), center=(554, 240)
[INFO] [1789634869.010718547] [vision_manager]: Book detected: xyz=(-0.107, -0.021, 0.472), center=(248, 226)
[INFO] [1789634869.012754838] [vision_manager]: Book detected: xyz=(-0.092, 0.032, 0.400), center=(247, 265)
[INFO] [1789634869.013987154] [vision_manager]: No placeable empty shelf position found
[INFO] [1789634869.161508134] [vision_manager]: Book detected: xyz=(-0.086, -0.180, 0.400), center=(252, 97)
[INFO] [1789634869.163223192] [vision_manager]: Book detected: xyz=(-0.112, -0.096, 0.507), center=(250, 180)
[INFO] [1789634869.164883554] [vision_manager]: Book detected: xyz=(0.737, 0.005, 0.869), center=(589, 242)
[INFO] [1789634869.166466796] [vision_manager]: Book detected: xyz=(0.660, 0.000, 0.869), center=(561, 240)
[INFO] [1789634869.167806782] [vision_manager]: Book detected: xyz=(-0.098, -0.021, 0.439), center=(249, 225)
[INFO] [1789634869.169130897] [vision_manager]: Book detected: xyz=(-0.091, 0.037, 0.400), center=(248, 269)
[INFO] [1789634869.321838472] [vision_manager]: Book detected: xyz=(-0.086, -0.180, 0.400), center=(252, 97)
[INFO] [1789634869.323320530] [vision_manager]: Book detected: xyz=(-0.112, -0.096, 0.507), center=(250, 180)
[INFO] [1789634869.324740678] [vision_manager]: Book detected: xyz=(0.734, 0.005, 0.869), center=(588, 242)
[INFO] [1789634869.326174803] [vision_manager]: Book detected: xyz=(0.644, 0.000, 0.869), center=(555, 240)
[INFO] [1789634869.327812275] [vision_manager]: Book detected: xyz=(-0.098, -0.021, 0.439), center=(249, 225)
[INFO] [1789634869.329133308] [vision_manager]: Book detected: xyz=(-0.091, 0.025, 0.401), center=(248, 260)
[INFO] [1789634869.485852754] [vision_manager]: Book detected: xyz=(-0.086, -0.180, 0.400), center=(252, 97)
[INFO] [1789634869.487337667] [vision_manager]: Book detected: xyz=(-0.112, -0.096, 0.507), center=(250, 180)
[INFO] [1789634869.488911458] [vision_manager]: Book detected: xyz=(0.734, 0.005, 0.869), center=(588, 242)
[INFO] [1789634869.490380360] [vision_manager]: Book detected: xyz=(0.649, 0.000, 0.869), center=(557, 240)
[INFO] [1789634869.491656312] [vision_manager]: Book detected: xyz=(-0.106, -0.021, 0.472), center=(249, 226)
[INFO] [1789634869.494280234] [vision_manager]: Book detected: xyz=(-0.091, 0.035, 0.400), center=(248, 268)
[INFO] [1789634869.495096843] [vision_manager]: No placeable empty shelf position found
[INFO] [1789634869.655552397] [vision_manager]: Book detected: xyz=(-0.086, -0.180, 0.400), center=(252, 97)
[INFO] [1789634869.656991482] [vision_manager]: Book detected: xyz=(-0.108, -0.096, 0.491), center=(250, 178)
[INFO] [1789634869.658330940] [vision_manager]: Book detected: xyz=(0.734, 0.005, 0.869), center=(588, 242)
[INFO] [1789634869.659713011] [vision_manager]: Book detected: xyz=(0.649, 0.000, 0.869), center=(557, 240)
[INFO] [1789634869.661021902] [vision_manager]: Book detected: xyz=(-0.098, -0.021, 0.439), center=(249, 225)
[INFO] [1789634869.801964665] [vision_manager]: Book detected: xyz=(-0.086, -0.180, 0.400), center=(252, 97)
[INFO] [1789634869.803320226] [vision_manager]: Book detected: xyz=(-0.110, -0.096, 0.499), center=(250, 179)
[INFO] [1789634869.804539193] [vision_manager]: Book detected: xyz=(0.734, 0.005, 0.869), center=(588, 242)
[INFO] [1789634869.806112321] [vision_manager]: Book detected: xyz=(0.649, 0.000, 0.869), center=(557, 240)
[INFO] [1789634869.807294353] [vision_manager]: Book detected: xyz=(-0.100, -0.021, 0.439), center=(248, 225)
[INFO] [1789634869.808416142] [vision_manager]: Book detected: xyz=(-0.091, 0.038, 0.400), center=(248, 270)
[INFO] [1789634869.966277406] [vision_manager]: Book detected: xyz=(-0.085, -0.180, 0.400), center=(253, 97)
[INFO] [1789634869.967336120] [vision_manager]: Book detected: xyz=(-0.108, -0.096, 0.491), center=(250, 178)
[INFO] [1789634869.968294899] [vision_manager]: Book detected: xyz=(0.734, 0.005, 0.869), center=(588, 242)
[INFO] [1789634869.969251944] [vision_manager]: Book detected: xyz=(0.660, 0.000, 0.869), center=(561, 240)
[INFO] [1789634869.970238447] [vision_manager]: Book detected: xyz=(-0.100, -0.021, 0.439), center=(248, 225)
[INFO] [1789634869.971204778] [vision_manager]: Book detected: xyz=(-0.091, 0.040, 0.400), center=(248, 272)
[INFO] [1789634870.138185419] [vision_manager]: Book detected: xyz=(-0.086, -0.180, 0.400), center=(252, 97)
[INFO] [1789634870.141572889] [vision_manager]: Book detected: xyz=(-0.108, -0.096, 0.499), center=(251, 179)
[INFO] [1789634870.144242227] [vision_manager]: Book detected: xyz=(0.734, 0.005, 0.869), center=(588, 242)
[INFO] [1789634870.147110845] [vision_manager]: Book detected: xyz=(0.655, 0.000, 0.869), center=(559, 240)
[INFO] [1789634870.149243198] [vision_manager]: Book detected: xyz=(-0.098, -0.021, 0.439), center=(249, 225)
[INFO] [1789634870.151235833] [vision_manager]: Book detected: xyz=(-0.090, 0.039, 0.400), center=(249, 271)
[INFO] [1789634870.325398965] [vision_manager]: Book detected: xyz=(-0.086, -0.180, 0.400), center=(252, 97)
[INFO] [1789634870.326967530] [vision_manager]: Book detected: xyz=(-0.110, -0.096, 0.499), center=(250, 179)
[INFO] [1789634870.328885188] [vision_manager]: Book detected: xyz=(0.734, 0.005, 0.869), center=(588, 242)
[INFO] [1789634870.331276366] [vision_manager]: Book detected: xyz=(0.647, 0.000, 0.869), center=(556, 240)
[INFO] [1789634870.333195278] [vision_manager]: Book detected: xyz=(-0.098, -0.021, 0.439), center=(249, 225)
[INFO] [1789634870.334468687] [vision_manager]: Book detected: xyz=(-0.091, 0.039, 0.400), center=(248, 271)
[INFO] [1789634870.474027225] [vision_manager]: Book detected: xyz=(-0.086, -0.180, 0.400), center=(252, 97)
[INFO] [1789634870.475824617] [vision_manager]: Book detected: xyz=(0.734, 0.005, 0.869), center=(588, 242)
[INFO] [1789634870.477470059] [vision_manager]: Book detected: xyz=(-0.108, -0.096, 0.499), center=(251, 179)
[INFO] [1789634870.479069089] [vision_manager]: Book detected: xyz=(0.658, 0.000, 0.869), center=(560, 240)
[INFO] [1789634870.480650239] [vision_manager]: Book detected: xyz=(-0.093, -0.021, 0.411), center=(248, 224)
[INFO] [1789634870.481938208] [vision_manager]: Book detected: xyz=(-0.091, 0.038, 0.400), center=(248, 270)
[INFO] [1789634870.616376769] [vision_manager]: Book detected: xyz=(-0.086, -0.180, 0.400), center=(252, 97)
[INFO] [1789634870.617594409] [vision_manager]: Book detected: xyz=(-0.110, -0.096, 0.499), center=(250, 179)
[INFO] [1789634870.618734995] [vision_manager]: Book detected: xyz=(0.734, 0.005, 0.869), center=(588, 242)
[INFO] [1789634870.619865599] [vision_manager]: Book detected: xyz=(0.652, 0.000, 0.869), center=(558, 240)
[INFO] [1789634870.621001674] [vision_manager]: Book detected: xyz=(-0.098, -0.021, 0.439), center=(249, 225)
[INFO] [1789634870.622159289] [vision_manager]: Book detected: xyz=(-0.091, 0.042, 0.400), center=(248, 273)
[INFO] [1789634870.775960681] [vision_manager]: Book detected: xyz=(-0.086, -0.180, 0.400), center=(252, 97)
[INFO] [1789634870.777006192] [vision_manager]: Book detected: xyz=(0.734, 0.005, 0.869), center=(588, 242)
[INFO] [1789634870.777967932] [vision_manager]: Book detected: xyz=(-0.110, -0.096, 0.491), center=(249, 178)
[INFO] [1789634870.778868574] [vision_manager]: Book detected: xyz=(0.649, 0.000, 0.869), center=(557, 240)
[INFO] [1789634870.779773960] [vision_manager]: Book detected: xyz=(-0.100, -0.021, 0.439), center=(248, 225)
[INFO] [1789634870.780641552] [vision_manager]: Book detected: xyz=(-0.092, 0.037, 0.400), center=(247, 269)
[INFO] [1789634870.914906821] [vision_manager]: Book detected: xyz=(-0.086, -0.180, 0.400), center=(252, 97)
[INFO] [1789634870.915951526] [vision_manager]: Book detected: xyz=(-0.108, -0.096, 0.491), center=(250, 178)
[INFO] [1789634870.916939749] [vision_manager]: Book detected: xyz=(0.734, 0.005, 0.869), center=(588, 242)
[INFO] [1789634870.917927152] [vision_manager]: Book detected: xyz=(0.652, 0.000, 0.869), center=(558, 240)
[INFO] [1789634870.918916648] [vision_manager]: Book detected: xyz=(-0.100, -0.021, 0.439), center=(248, 225)
[INFO] [1789634870.919904818] [vision_manager]: Book detected: xyz=(-0.091, 0.040, 0.400), center=(248, 272)
[INFO] [1789634871.073364357] [vision_manager]: Book detected: xyz=(-0.085, -0.180, 0.400), center=(253, 97)
[INFO] [1789634871.074703952] [vision_manager]: Book detected: xyz=(-0.108, -0.096, 0.491), center=(250, 178)
[INFO] [1789634871.075800579] [vision_manager]: Book detected: xyz=(0.734, 0.005, 0.869), center=(588, 242)
[INFO] [1789634871.076882472] [vision_manager]: Book detected: xyz=(0.641, 0.003, 0.869), center=(554, 241)
[INFO] [1789634871.077988688] [vision_manager]: Book detected: xyz=(-0.100, -0.021, 0.439), center=(248, 225)
[INFO] [1789634871.079099310] [vision_manager]: Book detected: xyz=(-0.091, 0.037, 0.400), center=(248, 269)
[INFO] [1789634871.230834250] [vision_manager]: Book detected: xyz=(-0.086, -0.180, 0.400), center=(252, 97)
[INFO] [1789634871.232588256] [vision_manager]: Book detected: xyz=(-0.110, -0.096, 0.499), center=(250, 179)
[INFO] [1789634871.234256626] [vision_manager]: Book detected: xyz=(0.734, 0.005, 0.869), center=(588, 242)
[INFO] [1789634871.235906727] [vision_manager]: Book detected: xyz=(0.636, 0.000, 0.869), center=(552, 240)
[INFO] [1789634871.237422611] [vision_manager]: Book detected: xyz=(-0.093, -0.021, 0.411), center=(248, 224)
[INFO] [1789634871.238833731] [vision_manager]: Book detected: xyz=(-0.093, 0.038, 0.400), center=(246, 270)
[INFO] [1789634871.357721326] [vision_manager]: Book detected: xyz=(-0.086, -0.179, 0.401), center=(252, 98)
[INFO] [1789634871.358807267] [vision_manager]: Book detected: xyz=(-0.110, -0.096, 0.499), center=(250, 179)
[INFO] [1789634871.359824963] [vision_manager]: Book detected: xyz=(0.734, 0.005, 0.869), center=(588, 242)
[INFO] [1789634871.360830140] [vision_manager]: Book detected: xyz=(0.641, 0.000, 0.869), center=(554, 240)
[INFO] [1789634871.361807932] [vision_manager]: Book detected: xyz=(-0.093, -0.021, 0.411), center=(248, 224)
[INFO] [1789634871.362833192] [vision_manager]: Book detected: xyz=(-0.092, 0.039, 0.400), center=(247, 271)
[INFO] [1789634871.500500732] [vision_manager]: Book detected: xyz=(-0.086, -0.180, 0.400), center=(252, 97)
[INFO] [1789634871.501589854] [vision_manager]: Book detected: xyz=(-0.108, -0.096, 0.499), center=(251, 179)
[INFO] [1789634871.502656290] [vision_manager]: Book detected: xyz=(0.734, 0.005, 0.869), center=(588, 242)
[INFO] [1789634871.503737440] [vision_manager]: Book detected: xyz=(0.647, 0.000, 0.869), center=(556, 240)
[INFO] [1789634871.504807392] [vision_manager]: Book detected: xyz=(-0.093, -0.021, 0.411), center=(248, 224)
[INFO] [1789634871.505858704] [vision_manager]: Book detected: xyz=(-0.091, 0.040, 0.400), center=(248, 272)
[INFO] [1789634871.623497500] [vision_manager]: Book detected: xyz=(-0.086, -0.180, 0.400), center=(252, 97)
[INFO] [1789634871.624574048] [vision_manager]: Book detected: xyz=(-0.107, -0.096, 0.483), center=(250, 177)
[INFO] [1789634871.625603872] [vision_manager]: Book detected: xyz=(0.734, 0.005, 0.869), center=(588, 242)
[INFO] [1789634871.626610455] [vision_manager]: Book detected: xyz=(0.644, 0.000, 0.869), center=(555, 240)
[INFO] [1789634871.627733646] [vision_manager]: Book detected: xyz=(-0.090, -0.022, 0.403), center=(249, 223)
[INFO] [1789634871.628791927] [vision_manager]: Book detected: xyz=(-0.091, 0.040, 0.400), center=(248, 272)
[INFO] [1789634871.766913000] [vision_manager]: Book detected: xyz=(-0.086, -0.180, 0.400), center=(252, 97)
[INFO] [1789634871.768490746] [vision_manager]: Book detected: xyz=(-0.105, -0.096, 0.483), center=(251, 177)
[INFO] [1789634871.769846925] [vision_manager]: Book detected: xyz=(0.734, 0.005, 0.869), center=(588, 242)
[INFO] [1789634871.771257825] [vision_manager]: Book detected: xyz=(0.652, 0.000, 0.869), center=(558, 240)
[INFO] [1789634871.772645286] [vision_manager]: Book detected: xyz=(-0.126, -0.002, 0.563), center=(249, 239)
[INFO] [1789634871.774012430] [vision_manager]: Book detected: xyz=(-0.091, 0.040, 0.400), center=(248, 272)
[INFO] [1789634871.774889666] [vision_manager]: No placeable empty shelf position found
[INFO] [1789634871.908235745] [vision_manager]: Book detected: xyz=(-0.086, -0.180, 0.400), center=(252, 97)
[INFO] [1789634871.909923112] [vision_manager]: Book detected: xyz=(-0.108, -0.096, 0.491), center=(250, 178)
[INFO] [1789634871.911589645] [vision_manager]: Book detected: xyz=(0.734, 0.005, 0.869), center=(588, 242)
[INFO] [1789634871.912972397] [vision_manager]: Book detected: xyz=(0.633, 0.000, 0.869), center=(551, 240)
[INFO] [1789634871.914356340] [vision_manager]: Book detected: xyz=(-0.128, -0.002, 0.563), center=(248, 239)
[INFO] [1789634871.915774470] [vision_manager]: Book detected: xyz=(-0.091, 0.039, 0.400), center=(248, 271)
[INFO] [1789634871.916659070] [vision_manager]: No placeable empty shelf position found
[INFO] [1789634872.038738322] [vision_manager]: Book detected: xyz=(-0.086, -0.179, 0.401), center=(252, 98)
[INFO] [1789634872.039819400] [vision_manager]: Book detected: xyz=(-0.110, -0.096, 0.499), center=(250, 179)
[INFO] [1789634872.040852311] [vision_manager]: Book detected: xyz=(0.734, 0.005, 0.869), center=(588, 242)
[INFO] [1789634872.041895747] [vision_manager]: Book detected: xyz=(0.636, 0.000, 0.869), center=(552, 240)
[INFO] [1789634872.042941181] [vision_manager]: Book detected: xyz=(-0.092, -0.021, 0.411), center=(249, 224)
[INFO] [1789634872.044026208] [vision_manager]: Book detected: xyz=(-0.091, 0.039, 0.400), center=(248, 271)
[INFO] [1789634872.163283573] [vision_manager]: Book detected: xyz=(-0.086, -0.180, 0.400), center=(252, 97)
[INFO] [1789634872.164370916] [vision_manager]: Book detected: xyz=(-0.108, -0.096, 0.499), center=(251, 179)
[INFO] [1789634872.165353923] [vision_manager]: Book detected: xyz=(0.734, 0.005, 0.869), center=(588, 242)
[INFO] [1789634872.166333503] [vision_manager]: Book detected: xyz=(0.616, 0.003, 0.869), center=(545, 241)
[INFO] [1789634872.167327243] [vision_manager]: Book detected: xyz=(-0.090, -0.022, 0.403), center=(249, 223)
[INFO] [1789634872.168341510] [vision_manager]: Book detected: xyz=(-0.091, 0.038, 0.400), center=(248, 270)
[INFO] [1789634872.309347933] [vision_manager]: Book detected: xyz=(-0.086, -0.179, 0.401), center=(252, 98)
[INFO] [1789634872.310580302] [vision_manager]: Book detected: xyz=(-0.108, -0.096, 0.499), center=(251, 179)
[INFO] [1789634872.311672362] [vision_manager]: Book detected: xyz=(0.734, 0.005, 0.869), center=(588, 242)
[INFO] [1789634872.312778982] [vision_manager]: Book detected: xyz=(0.622, 0.000, 0.869), center=(547, 240)
[INFO] [1789634872.313835199] [vision_manager]: Book detected: xyz=(-0.098, -0.021, 0.439), center=(249, 225)
[INFO] [1789634872.314899885] [vision_manager]: Book detected: xyz=(-0.091, 0.039, 0.400), center=(248, 271)
[INFO] [1789634872.461046022] [vision_manager]: Book detected: xyz=(-0.086, -0.179, 0.401), center=(252, 98)
[INFO] [1789634872.462667267] [vision_manager]: Book detected: xyz=(-0.108, -0.096, 0.499), center=(251, 179)
[INFO] [1789634872.464241502] [vision_manager]: Book detected: xyz=(0.734, 0.005, 0.869), center=(588, 242)
[INFO] [1789634872.465797274] [vision_manager]: Book detected: xyz=(0.627, 0.000, 0.869), center=(549, 240)
[INFO] [1789634872.467366008] [vision_manager]: Book detected: xyz=(-0.092, -0.021, 0.411), center=(249, 224)
[INFO] [1789634872.468961877] [vision_manager]: Book detected: xyz=(-0.090, 0.038, 0.400), center=(249, 270)
[INFO] [1789634872.592784383] [vision_manager]: Book detected: xyz=(-0.086, -0.180, 0.400), center=(252, 97)
[INFO] [1789634872.594027838] [vision_manager]: Book detected: xyz=(-0.112, -0.096, 0.516), center=(251, 181)
[INFO] [1789634872.595227290] [vision_manager]: Book detected: xyz=(0.734, 0.005, 0.869), center=(588, 242)
[INFO] [1789634872.596340968] [vision_manager]: Book detected: xyz=(0.619, 0.000, 0.869), center=(546, 240)
[INFO] [1789634872.597397202] [vision_manager]: Book detected: xyz=(-0.090, -0.024, 0.402), center=(249, 221)
[INFO] [1789634872.598429843] [vision_manager]: Book detected: xyz=(-0.091, 0.037, 0.400), center=(248, 269)
[INFO] [1789634872.728713749] [vision_manager]: Book detected: xyz=(-0.085, -0.180, 0.400), center=(253, 97)
[INFO] [1789634872.729972865] [vision_manager]: Book detected: xyz=(-0.112, -0.096, 0.516), center=(251, 181)
[INFO] [1789634872.734591485] [vision_manager]: Book detected: xyz=(0.734, 0.005, 0.869), center=(588, 242)
[INFO] [1789634872.735801604] [vision_manager]: Book detected: xyz=(0.630, 0.000, 0.869), center=(550, 240)
[INFO] [1789634872.736796299] [vision_manager]: Book detected: xyz=(-0.090, -0.022, 0.403), center=(249, 223)
[INFO] [1789634872.737857717] [vision_manager]: Book detected: xyz=(-0.091, 0.039, 0.400), center=(248, 271)
[INFO] [1789634872.889954827] [vision_manager]: Book detected: xyz=(-0.086, -0.179, 0.401), center=(252, 98)
[INFO] [1789634872.891961561] [vision_manager]: Book detected: xyz=(-0.110, -0.096, 0.507), center=(251, 180)
[INFO] [1789634872.893718998] [vision_manager]: Book detected: xyz=(0.734, 0.005, 0.869), center=(588, 242)
[INFO] [1789634872.895355492] [vision_manager]: Book detected: xyz=(0.622, 0.000, 0.869), center=(547, 240)
[INFO] [1789634872.896966342] [vision_manager]: Book detected: xyz=(-0.098, -0.021, 0.439), center=(249, 225)
[INFO] [1789634872.898555203] [vision_manager]: Book detected: xyz=(-0.091, 0.039, 0.400), center=(248, 271)
[INFO] [1789634873.152148157] [vision_manager]: Book detected: xyz=(-0.085, -0.179, 0.401), center=(253, 98)
[INFO] [1789634873.153284468] [vision_manager]: Book detected: xyz=(-0.110, -0.096, 0.499), center=(250, 179)
[INFO] [1789634873.154355436] [vision_manager]: Book detected: xyz=(0.734, 0.005, 0.869), center=(588, 242)
[INFO] [1789634873.155452563] [vision_manager]: Book detected: xyz=(0.636, 0.000, 0.869), center=(552, 240)
[INFO] [1789634873.156524492] [vision_manager]: Book detected: xyz=(-0.090, -0.024, 0.402), center=(249, 221)
[INFO] [1789634873.157573663] [vision_manager]: Book detected: xyz=(-0.091, 0.039, 0.400), center=(248, 271)
[INFO] [1789634873.351061880] [vision_manager]: Book detected: xyz=(-0.086, -0.179, 0.401), center=(252, 98)
[INFO] [1789634873.352312335] [vision_manager]: Book detected: xyz=(-0.114, -0.096, 0.516), center=(250, 181)
[INFO] [1789634873.353443685] [vision_manager]: Book detected: xyz=(0.734, 0.005, 0.869), center=(588, 242)
[INFO] [1789634873.354542147] [vision_manager]: Book detected: xyz=(0.611, 0.000, 0.869), center=(543, 240)
[INFO] [1789634873.355594248] [vision_manager]: Book detected: xyz=(-0.090, -0.025, 0.401), center=(249, 220)
[INFO] [1789634873.356733466] [vision_manager]: Book detected: xyz=(-0.091, 0.040, 0.400), center=(248, 272)
[INFO] [1789634873.494699924] [vision_manager]: Book detected: xyz=(-0.085, -0.180, 0.400), center=(253, 97)
[INFO] [1789634873.495880015] [vision_manager]: Book detected: xyz=(-0.110, -0.096, 0.507), center=(251, 180)
[INFO] [1789634873.496866989] [vision_manager]: Book detected: xyz=(0.734, 0.005, 0.869), center=(588, 242)
[INFO] [1789634873.497865812] [vision_manager]: Book detected: xyz=(0.649, 0.000, 0.869), center=(557, 240)
[INFO] [1789634873.498957512] [vision_manager]: Book detected: xyz=(-0.090, -0.022, 0.403), center=(249, 223)
[INFO] [1789634873.500037360] [vision_manager]: Book detected: xyz=(-0.091, 0.039, 0.400), center=(248, 271)
[INFO] [1789634873.624409767] [vision_manager]: Book detected: xyz=(-0.085, -0.179, 0.401), center=(253, 98)
[INFO] [1789634873.625462414] [vision_manager]: Book detected: xyz=(-0.110, -0.096, 0.507), center=(251, 180)
[INFO] [1789634873.626471771] [vision_manager]: Book detected: xyz=(0.734, 0.005, 0.869), center=(588, 242)
[INFO] [1789634873.627485923] [vision_manager]: Book detected: xyz=(0.647, 0.000, 0.869), center=(556, 240)
[INFO] [1789634873.628508350] [vision_manager]: Book detected: xyz=(-0.091, -0.022, 0.403), center=(248, 223)
[INFO] [1789634873.629512479] [vision_manager]: Book detected: xyz=(-0.091, 0.038, 0.400), center=(248, 270)
[INFO] [1789634873.760686066] [vision_manager]: Book detected: xyz=(-0.085, -0.180, 0.400), center=(253, 97)
[INFO] [1789634873.762097407] [vision_manager]: Book detected: xyz=(-0.109, -0.096, 0.507), center=(252, 180)
[INFO] [1789634873.763463412] [vision_manager]: Book detected: xyz=(0.737, 0.005, 0.869), center=(589, 242)
[INFO] [1789634873.764818642] [vision_manager]: Book detected: xyz=(0.669, 0.000, 0.869), center=(564, 240)
[INFO] [1789634873.766108281] [vision_manager]: Book detected: xyz=(-0.090, -0.022, 0.403), center=(249, 223)
[INFO] [1789634873.767238742] [vision_manager]: Book detected: xyz=(-0.090, 0.037, 0.400), center=(249, 269)
[INFO] [1789634873.934516992] [vision_manager]: Book detected: xyz=(-0.085, -0.180, 0.400), center=(253, 97)
[INFO] [1789634873.936090087] [vision_manager]: Book detected: xyz=(-0.111, -0.096, 0.516), center=(252, 181)
[INFO] [1789634873.937474329] [vision_manager]: Book detected: xyz=(0.737, 0.005, 0.869), center=(589, 242)
[INFO] [1789634873.938745697] [vision_manager]: Book detected: xyz=(0.660, 0.000, 0.869), center=(561, 240)
[INFO] [1789634873.940031401] [vision_manager]: Book detected: xyz=(-0.089, -0.022, 0.403), center=(250, 223)
[INFO] [1789634874.060289394] [vision_manager]: Book detected: xyz=(-0.085, -0.180, 0.400), center=(253, 97)
[INFO] [1789634874.061484445] [vision_manager]: Book detected: xyz=(-0.111, -0.096, 0.516), center=(252, 181)
[INFO] [1789634874.062610881] [vision_manager]: Book detected: xyz=(0.737, 0.005, 0.869), center=(589, 242)
[INFO] [1789634874.063607111] [vision_manager]: Book detected: xyz=(0.677, 0.000, 0.869), center=(567, 240)
[INFO] [1789634874.064589070] [vision_manager]: Book detected: xyz=(-0.089, -0.022, 0.403), center=(250, 223)
[INFO] [1789634874.212668624] [vision_manager]: Book detected: xyz=(-0.085, -0.180, 0.400), center=(253, 97)
[INFO] [1789634874.213682939] [vision_manager]: Book detected: xyz=(-0.115, -0.096, 0.534), center=(252, 183)
[INFO] [1789634874.214621109] [vision_manager]: Book detected: xyz=(0.737, 0.005, 0.869), center=(589, 242)
[INFO] [1789634874.215535264] [vision_manager]: Book detected: xyz=(0.680, 0.000, 0.869), center=(568, 240)
[INFO] [1789634874.216469443] [vision_manager]: Book detected: xyz=(-0.092, -0.021, 0.411), center=(249, 224)
[INFO] [1789634874.386181474] [vision_manager]: Book detected: xyz=(-0.085, -0.180, 0.400), center=(253, 97)
[INFO] [1789634874.387680707] [vision_manager]: Book detected: xyz=(-0.117, -0.096, 0.544), center=(252, 184)
[INFO] [1789634874.388989669] [vision_manager]: Book detected: xyz=(0.737, 0.005, 0.869), center=(589, 242)
[INFO] [1789634874.390320818] [vision_manager]: Book detected: xyz=(0.669, 0.000, 0.869), center=(564, 240)
[INFO] [1789634874.391631956] [vision_manager]: Book detected: xyz=(-0.089, -0.027, 0.401), center=(250, 219)
[INFO] [1789634874.392937240] [vision_manager]: Book detected: xyz=(-0.090, 0.032, 0.400), center=(249, 265)
[INFO] [1789634874.516620208] [vision_manager]: Book detected: xyz=(-0.085, -0.180, 0.400), center=(253, 97)
[INFO] [1789634874.517787278] [vision_manager]: Book detected: xyz=(-0.113, -0.096, 0.525), center=(252, 182)
[INFO] [1789634874.518879176] [vision_manager]: Book detected: xyz=(0.734, 0.005, 0.869), center=(588, 242)
[INFO] [1789634874.520040449] [vision_manager]: Book detected: xyz=(0.663, 0.000, 0.869), center=(562, 240)
[INFO] [1789634874.521192984] [vision_manager]: Book detected: xyz=(-0.098, -0.021, 0.439), center=(249, 225)
[INFO] [1789634874.522377136] [vision_manager]: Book detected: xyz=(-0.090, 0.028, 0.401), center=(249, 262)
[INFO] [1789634874.629277655] [vision_manager]: Book detected: xyz=(-0.085, -0.179, 0.401), center=(253, 98)
[INFO] [1789634874.630280561] [vision_manager]: Book detected: xyz=(-0.110, -0.096, 0.507), center=(251, 180)
[INFO] [1789634874.631243021] [vision_manager]: Book detected: xyz=(0.734, 0.005, 0.869), center=(588, 242)
[INFO] [1789634874.632166971] [vision_manager]: Book detected: xyz=(0.652, 0.000, 0.869), center=(558, 240)
[INFO] [1789634874.633095353] [vision_manager]: Book detected: xyz=(-0.106, -0.021, 0.472), center=(249, 226)
[INFO] [1789634874.634006737] [vision_manager]: Book detected: xyz=(-0.090, 0.037, 0.400), center=(249, 269)
[INFO] [1789634874.634627674] [vision_manager]: No placeable empty shelf position found
[INFO] [1789634874.748914409] [vision_manager]: Book detected: xyz=(-0.085, -0.180, 0.400), center=(253, 97)
[INFO] [1789634874.750624724] [vision_manager]: Book detected: xyz=(-0.112, -0.096, 0.516), center=(251, 181)
[INFO] [1789634874.756508812] [vision_manager]: Book detected: xyz=(0.734, 0.005, 0.869), center=(588, 242)
[INFO] [1789634874.757492999] [vision_manager]: Book detected: xyz=(0.641, 0.000, 0.869), center=(554, 240)
[INFO] [1789634874.758469331] [vision_manager]: Book detected: xyz=(-0.098, -0.021, 0.439), center=(249, 225)
[INFO] [1789634874.759420673] [vision_manager]: Book detected: xyz=(-0.090, 0.040, 0.400), center=(249, 272)
[INFO] [1789634874.901468698] [vision_manager]: Book detected: xyz=(-0.085, -0.180, 0.400), center=(253, 97)
[INFO] [1789634874.902616404] [vision_manager]: Book detected: xyz=(-0.111, -0.096, 0.516), center=(252, 181)
[INFO] [1789634874.903719794] [vision_manager]: Book detected: xyz=(0.734, 0.005, 0.869), center=(588, 242)
[INFO] [1789634874.904804234] [vision_manager]: Book detected: xyz=(0.641, 0.000, 0.869), center=(554, 240)
[INFO] [1789634874.905915046] [vision_manager]: Book detected: xyz=(-0.098, -0.021, 0.439), center=(249, 225)
[INFO] [1789634874.907002191] [vision_manager]: Book detected: xyz=(-0.090, 0.039, 0.400), center=(249, 271)
[INFO] [1789634875.046231577] [vision_manager]: Book detected: xyz=(-0.085, -0.180, 0.400), center=(253, 97)
[INFO] [1789634875.047263684] [vision_manager]: Book detected: xyz=(-0.112, -0.096, 0.516), center=(251, 181)
[INFO] [1789634875.048254750] [vision_manager]: Book detected: xyz=(0.734, 0.005, 0.869), center=(588, 242)
[INFO] [1789634875.049240216] [vision_manager]: Book detected: xyz=(0.649, 0.000, 0.869), center=(557, 240)
[INFO] [1789634875.050233703] [vision_manager]: Book detected: xyz=(-0.092, -0.021, 0.411), center=(249, 224)
[INFO] [1789634875.051211231] [vision_manager]: Book detected: xyz=(-0.090, 0.040, 0.400), center=(249, 272)
[INFO] [1789634875.181749918] [vision_manager]: Book detected: xyz=(-0.085, -0.180, 0.400), center=(253, 97)
[INFO] [1789634875.182784081] [vision_manager]: Book detected: xyz=(-0.114, -0.096, 0.525), center=(251, 182)
[INFO] [1789634875.183778153] [vision_manager]: Book detected: xyz=(0.734, 0.005, 0.869), center=(588, 242)
[INFO] [1789634875.184775214] [vision_manager]: Book detected: xyz=(0.641, 0.000, 0.869), center=(554, 240)
[INFO] [1789634875.185763613] [vision_manager]: Book detected: xyz=(-0.089, -0.027, 0.401), center=(250, 219)
[INFO] [1789634875.186753241] [vision_manager]: Book detected: xyz=(-0.090, 0.039, 0.400), center=(249, 271)
[INFO] [1789634875.347085759] [vision_manager]: Book detected: xyz=(-0.085, -0.179, 0.401), center=(253, 98)
[INFO] [1789634875.348518259] [vision_manager]: Book detected: xyz=(0.734, 0.005, 0.869), center=(588, 242)
[INFO] [1789634875.349872263] [vision_manager]: Book detected: xyz=(-0.112, -0.096, 0.507), center=(250, 180)
[INFO] [1789634875.351091426] [vision_manager]: Book detected: xyz=(0.636, 0.000, 0.869), center=(552, 240)
[INFO] [1789634875.352271321] [vision_manager]: Book detected: xyz=(-0.100, -0.021, 0.439), center=(248, 225)
[INFO] [1789634875.353440605] [vision_manager]: Book detected: xyz=(-0.092, 0.040, 0.400), center=(247, 272)
[INFO] [1789634875.492932339] [vision_manager]: Book detected: xyz=(-0.086, -0.179, 0.401), center=(252, 98)
[INFO] [1789634875.495824856] [vision_manager]: Book detected: xyz=(0.737, 0.005, 0.869), center=(589, 242)
[INFO] [1789634875.498785008] [vision_manager]: Book detected: xyz=(0.660, 0.000, 0.869), center=(561, 240)
[INFO] [1789634875.499882268] [vision_manager]: Book detected: xyz=(-0.110, -0.096, 0.499), center=(250, 179)
[INFO] [1789634875.500959413] [vision_manager]: Book detected: xyz=(-0.090, -0.025, 0.401), center=(249, 220)
[INFO] [1789634875.502011215] [vision_manager]: Book detected: xyz=(-0.091, 0.043, 0.400), center=(248, 274)
[INFO] [1789634875.627967296] [vision_manager]: Book detected: xyz=(-0.085, -0.179, 0.401), center=(253, 98)
[INFO] [1789634875.629666079] [vision_manager]: Book detected: xyz=(0.737, 0.005, 0.869), center=(589, 242)
[INFO] [1789634875.631823700] [vision_manager]: Book detected: xyz=(-0.112, -0.096, 0.507), center=(250, 180)
[INFO] [1789634875.633733226] [vision_manager]: Book detected: xyz=(0.669, 0.000, 0.869), center=(564, 240)
[INFO] [1789634875.635213474] [vision_manager]: Book detected: xyz=(-0.090, -0.028, 0.401), center=(249, 218)
[INFO] [1789634875.636881365] [vision_manager]: Book detected: xyz=(-0.091, 0.042, 0.400), center=(248, 273)
[INFO] [1789634875.763828813] [vision_manager]: Book detected: xyz=(-0.085, -0.179, 0.401), center=(253, 98)
[INFO] [1789634875.765305484] [vision_manager]: Book detected: xyz=(0.737, 0.005, 0.869), center=(589, 242)
[INFO] [1789634875.766711729] [vision_manager]: Book detected: xyz=(-0.114, -0.096, 0.516), center=(250, 181)
[INFO] [1789634875.768253017] [vision_manager]: Book detected: xyz=(0.663, 0.000, 0.869), center=(562, 240)
[INFO] [1789634875.769664849] [vision_manager]: Book detected: xyz=(-0.090, -0.028, 0.401), center=(249, 218)
[INFO] [1789634875.771535451] [vision_manager]: Book detected: xyz=(-0.091, 0.040, 0.400), center=(248, 272)
[INFO] [1789634875.903876614] [vision_manager]: Book detected: xyz=(-0.085, -0.179, 0.401), center=(253, 98)
[INFO] [1789634875.905278013] [vision_manager]: Book detected: xyz=(0.734, 0.005, 0.869), center=(588, 242)
[INFO] [1789634875.907780009] [vision_manager]: Book detected: xyz=(-0.112, -0.096, 0.516), center=(251, 181)
[INFO] [1789634875.909887314] [vision_manager]: Book detected: xyz=(0.660, 0.000, 0.869), center=(561, 240)
[INFO] [1789634875.911934141] [vision_manager]: Book detected: xyz=(-0.090, -0.030, 0.400), center=(249, 216)
[INFO] [1789634875.914442122] [vision_manager]: Book detected: xyz=(-0.091, 0.042, 0.400), center=(248, 273)
[INFO] [1789634876.075668662] [vision_manager]: Book detected: xyz=(-0.085, -0.179, 0.401), center=(253, 98)
[INFO] [1789634876.076967552] [vision_manager]: Book detected: xyz=(-0.110, -0.096, 0.507), center=(251, 180)
[INFO] [1789634876.078230790] [vision_manager]: Book detected: xyz=(0.734, 0.005, 0.869), center=(588, 242)
[INFO] [1789634876.079414347] [vision_manager]: Book detected: xyz=(0.669, 0.000, 0.869), center=(564, 240)
[INFO] [1789634876.080482114] [vision_manager]: Book detected: xyz=(-0.088, -0.030, 0.401), center=(250, 216)
[INFO] [1789634876.081594423] [vision_manager]: Book detected: xyz=(-0.090, 0.039, 0.400), center=(249, 271)
[INFO] [1789634876.212851162] [vision_manager]: Book detected: xyz=(-0.085, -0.180, 0.400), center=(253, 97)
[INFO] [1789634876.214736011] [vision_manager]: Book detected: xyz=(-0.114, -0.096, 0.516), center=(250, 181)
[INFO] [1789634876.216068538] [vision_manager]: Book detected: xyz=(0.734, 0.005, 0.869), center=(588, 242)
[INFO] [1789634876.217380878] [vision_manager]: Book detected: xyz=(0.652, 0.000, 0.869), center=(558, 240)
[INFO] [1789634876.218593393] [vision_manager]: Book detected: xyz=(-0.090, -0.027, 0.401), center=(249, 219)
[INFO] [1789634876.220507325] [vision_manager]: Book detected: xyz=(-0.091, 0.040, 0.400), center=(248, 272)
[INFO] [1789634876.372305375] [vision_manager]: Book detected: xyz=(-0.085, -0.179, 0.401), center=(253, 98)
[INFO] [1789634876.373400858] [vision_manager]: Book detected: xyz=(-0.110, -0.096, 0.507), center=(251, 180)
[INFO] [1789634876.374405837] [vision_manager]: Book detected: xyz=(0.734, 0.005, 0.869), center=(588, 242)
[INFO] [1789634876.375448274] [vision_manager]: Book detected: xyz=(0.647, 0.000, 0.869), center=(556, 240)
[INFO] [1789634876.376384489] [vision_manager]: Book detected: xyz=(-0.090, -0.028, 0.401), center=(249, 218)
[INFO] [1789634876.377283741] [vision_manager]: Book detected: xyz=(-0.092, 0.042, 0.400), center=(247, 273)
[INFO] [1789634876.527326133] [vision_manager]: Book detected: xyz=(-0.085, -0.179, 0.401), center=(253, 98)
[INFO] [1789634876.528423849] [vision_manager]: Book detected: xyz=(-0.110, -0.096, 0.507), center=(251, 180)
[INFO] [1789634876.529416643] [vision_manager]: Book detected: xyz=(0.734, 0.005, 0.869), center=(588, 242)
[INFO] [1789634876.530364998] [vision_manager]: Book detected: xyz=(0.630, 0.000, 0.869), center=(550, 240)
[INFO] [1789634876.531379922] [vision_manager]: Book detected: xyz=(-0.090, -0.025, 0.401), center=(249, 220)
[INFO] [1789634876.532389976] [vision_manager]: Book detected: xyz=(-0.091, 0.042, 0.400), center=(248, 273)
[INFO] [1789634876.708507937] [vision_manager]: Book detected: xyz=(-0.086, -0.179, 0.401), center=(252, 98)
[INFO] [1789634876.710189117] [vision_manager]: Book detected: xyz=(-0.110, -0.096, 0.499), center=(250, 179)
[INFO] [1789634876.711725830] [vision_manager]: Book detected: xyz=(0.734, 0.005, 0.869), center=(588, 242)
[INFO] [1789634876.713253138] [vision_manager]: Book detected: xyz=(0.638, 0.000, 0.869), center=(553, 240)
[INFO] [1789634876.714759644] [vision_manager]: Book detected: xyz=(-0.091, -0.049, 0.401), center=(248, 201)
[INFO] [1789634876.716405191] [vision_manager]: Book detected: xyz=(-0.091, 0.043, 0.400), center=(248, 274)
[INFO] [1789634876.863036513] [vision_manager]: Book detected: xyz=(-0.086, -0.179, 0.401), center=(252, 98)
[INFO] [1789634876.864904870] [vision_manager]: Book detected: xyz=(-0.110, -0.096, 0.499), center=(250, 179)
[INFO] [1789634876.866803750] [vision_manager]: Book detected: xyz=(0.734, 0.005, 0.869), center=(588, 242)
[INFO] [1789634876.868708987] [vision_manager]: Book detected: xyz=(0.647, 0.000, 0.869), center=(556, 240)
[INFO] [1789634876.870586759] [vision_manager]: Book detected: xyz=(-0.090, -0.029, 0.401), center=(249, 217)
[INFO] [1789634876.872347650] [vision_manager]: Book detected: xyz=(-0.091, 0.043, 0.400), center=(248, 274)
[INFO] [1789634876.994567707] [vision_manager]: Book detected: xyz=(-0.086, -0.180, 0.400), center=(252, 97)
[INFO] [1789634876.996254813] [vision_manager]: Book detected: xyz=(-0.108, -0.096, 0.491), center=(250, 178)
[INFO] [1789634876.997449839] [vision_manager]: Book detected: xyz=(0.734, 0.005, 0.869), center=(588, 242)
[INFO] [1789634876.998490362] [vision_manager]: Book detected: xyz=(0.641, 0.000, 0.869), center=(554, 240)
[INFO] [1789634876.999498249] [vision_manager]: Book detected: xyz=(-0.090, -0.030, 0.400), center=(249, 216)
[INFO] [1789634877.000483902] [vision_manager]: Book detected: xyz=(-0.091, 0.042, 0.400), center=(248, 273)
[INFO] [1789634877.148316680] [vision_manager]: Book detected: xyz=(-0.086, -0.179, 0.401), center=(252, 98)
[INFO] [1789634877.150171256] [vision_manager]: Book detected: xyz=(-0.112, -0.096, 0.507), center=(250, 180)
[INFO] [1789634877.151676731] [vision_manager]: Book detected: xyz=(0.734, 0.005, 0.869), center=(588, 242)
[INFO] [1789634877.153194229] [vision_manager]: Book detected: xyz=(0.641, 0.000, 0.869), center=(554, 240)
[INFO] [1789634877.154744040] [vision_manager]: Book detected: xyz=(-0.090, -0.025, 0.401), center=(249, 220)
[INFO] [1789634877.156337739] [vision_manager]: Book detected: xyz=(-0.091, 0.040, 0.400), center=(248, 272)
[INFO] [1789634877.312754126] [vision_manager]: Book detected: xyz=(-0.086, -0.179, 0.401), center=(252, 98)
[INFO] [1789634877.314114230] [vision_manager]: Book detected: xyz=(-0.112, -0.096, 0.507), center=(250, 180)
[INFO] [1789634877.315206361] [vision_manager]: Book detected: xyz=(0.734, 0.005, 0.869), center=(588, 242)
[INFO] [1789634877.316252890] [vision_manager]: Book detected: xyz=(0.641, 0.000, 0.869), center=(554, 240)
[INFO] [1789634877.317302806] [vision_manager]: Book detected: xyz=(-0.089, -0.024, 0.402), center=(250, 221)
[INFO] [1789634877.318434328] [vision_manager]: Book detected: xyz=(-0.090, 0.043, 0.400), center=(249, 274)
[INFO] [1789634877.589670611] [vision_manager]: Book detected: xyz=(-0.086, -0.180, 0.400), center=(252, 97)
[INFO] [1789634877.591872628] [vision_manager]: Book detected: xyz=(-0.110, -0.096, 0.507), center=(251, 180)
[INFO] [1789634877.593505851] [vision_manager]: Book detected: xyz=(0.734, 0.005, 0.869), center=(588, 242)
[INFO] [1789634877.595000574] [vision_manager]: Book detected: xyz=(0.655, 0.000, 0.869), center=(559, 240)
[INFO] [1789634877.596925098] [vision_manager]: Book detected: xyz=(-0.089, -0.023, 0.402), center=(250, 222)
[INFO] [1789634877.598601734] [vision_manager]: Book detected: xyz=(-0.091, 0.040, 0.400), center=(248, 272)
[INFO] [1789634877.821301773] [vision_manager]: Book detected: xyz=(-0.086, -0.179, 0.401), center=(252, 98)
[INFO] [1789634877.823258811] [vision_manager]: Book detected: xyz=(-0.110, -0.096, 0.507), center=(251, 180)
[INFO] [1789634877.825170183] [vision_manager]: Book detected: xyz=(0.734, 0.005, 0.869), center=(588, 242)
[INFO] [1789634877.826808032] [vision_manager]: Book detected: xyz=(0.647, 0.000, 0.869), center=(556, 240)
[INFO] [1789634877.828470806] [vision_manager]: Book detected: xyz=(-0.089, -0.022, 0.403), center=(250, 223)
[INFO] [1789634877.830100089] [vision_manager]: Book detected: xyz=(-0.090, 0.032, 0.400), center=(249, 265)
[INFO] [1789634878.037507807] [vision_manager]: Book detected: xyz=(-0.086, -0.179, 0.401), center=(252, 98)
[INFO] [1789634878.039755487] [vision_manager]: Book detected: xyz=(-0.110, -0.096, 0.507), center=(251, 180)
[INFO] [1789634878.041677412] [vision_manager]: Book detected: xyz=(0.734, 0.005, 0.869), center=(588, 242)
[INFO] [1789634878.043438891] [vision_manager]: Book detected: xyz=(0.644, 0.000, 0.869), center=(555, 240)
[INFO] [1789634878.045198039] [vision_manager]: Book detected: xyz=(-0.090, -0.024, 0.402), center=(249, 221)
[INFO] [1789634878.046930860] [vision_manager]: Book detected: xyz=(-0.091, 0.040, 0.400), center=(248, 272)
[INFO] [1789634878.264338822] [vision_manager]: Book detected: xyz=(-0.086, -0.180, 0.400), center=(252, 97)
[INFO] [1789634878.266767249] [vision_manager]: Book detected: xyz=(-0.108, -0.096, 0.499), center=(251, 179)
[INFO] [1789634878.268540111] [vision_manager]: Book detected: xyz=(0.734, 0.005, 0.869), center=(588, 242)
[INFO] [1789634878.270487179] [vision_manager]: Book detected: xyz=(0.644, 0.003, 0.869), center=(555, 241)
[INFO] [1789634878.272616588] [vision_manager]: Book detected: xyz=(-0.091, -0.021, 0.411), center=(250, 224)
[INFO] [1789634878.274407116] [vision_manager]: Book detected: xyz=(-0.091, 0.040, 0.400), center=(248, 272)
[INFO] [1789634878.456671048] [vision_manager]: Book detected: xyz=(-0.086, -0.180, 0.400), center=(252, 97)
[INFO] [1789634878.457691337] [vision_manager]: Book detected: xyz=(0.734, 0.005, 0.869), center=(588, 242)
[INFO] [1789634878.458673295] [vision_manager]: Book detected: xyz=(-0.110, -0.096, 0.499), center=(250, 179)
[INFO] [1789634878.459661801] [vision_manager]: Book detected: xyz=(0.647, 0.000, 0.869), center=(556, 240)
[INFO] [1789634878.460656704] [vision_manager]: Book detected: xyz=(-0.090, -0.022, 0.403), center=(249, 223)
[INFO] [1789634878.461615980] [vision_manager]: Book detected: xyz=(-0.092, 0.043, 0.400), center=(247, 274)
[INFO] [1789634878.627143130] [vision_manager]: Book detected: xyz=(-0.086, -0.179, 0.401), center=(252, 98)
[INFO] [1789634878.628720978] [vision_manager]: Book detected: xyz=(0.734, 0.005, 0.869), center=(588, 242)
[INFO] [1789634878.630244591] [vision_manager]: Book detected: xyz=(-0.108, -0.096, 0.491), center=(250, 178)
[INFO] [1789634878.631741695] [vision_manager]: Book detected: xyz=(0.644, 0.000, 0.869), center=(555, 240)
[INFO] [1789634878.633266240] [vision_manager]: Book detected: xyz=(-0.090, -0.023, 0.402), center=(249, 222)
[INFO] [1789634878.634798519] [vision_manager]: Book detected: xyz=(-0.092, 0.043, 0.400), center=(247, 274)
[INFO] [1789634878.789422435] [vision_manager]: Book detected: xyz=(-0.086, -0.179, 0.401), center=(252, 98)
[INFO] [1789634878.791647259] [vision_manager]: Book detected: xyz=(-0.110, -0.096, 0.499), center=(250, 179)
[INFO] [1789634878.793987034] [vision_manager]: Book detected: xyz=(0.734, 0.005, 0.869), center=(588, 242)
[INFO] [1789634878.795994608] [vision_manager]: Book detected: xyz=(0.647, 0.000, 0.869), center=(556, 240)
[INFO] [1789634878.797356011] [vision_manager]: Book detected: xyz=(-0.090, -0.024, 0.402), center=(249, 221)
[INFO] [1789634878.798521156] [vision_manager]: Book detected: xyz=(-0.091, 0.042, 0.400), center=(248, 273)
[INFO] [1789634878.950522502] [vision_manager]: Book detected: xyz=(-0.086, -0.179, 0.401), center=(252, 98)
[INFO] [1789634878.952172619] [vision_manager]: Book detected: xyz=(-0.103, -0.096, 0.475), center=(251, 176)
[INFO] [1789634878.953757122] [vision_manager]: Book detected: xyz=(0.734, 0.005, 0.869), center=(588, 242)
[INFO] [1789634878.955392956] [vision_manager]: Book detected: xyz=(0.641, 0.003, 0.869), center=(554, 241)
[INFO] [1789634878.957044131] [vision_manager]: Book detected: xyz=(-0.090, -0.030, 0.400), center=(249, 216)
[INFO] [1789634878.958653492] [vision_manager]: Book detected: xyz=(-0.091, 0.044, 0.400), center=(248, 275)
[INFO] [1789634879.089370132] [vision_manager]: Book detected: xyz=(-0.086, -0.179, 0.401), center=(252, 98)
[INFO] [1789634879.092079925] [vision_manager]: Book detected: xyz=(-0.108, -0.096, 0.499), center=(251, 179)
[INFO] [1789634879.093785658] [vision_manager]: Book detected: xyz=(0.734, 0.005, 0.869), center=(588, 242)
[INFO] [1789634879.095243501] [vision_manager]: Book detected: xyz=(0.630, 0.003, 0.869), center=(550, 241)
[INFO] [1789634879.096654768] [vision_manager]: Book detected: xyz=(-0.090, -0.027, 0.401), center=(249, 219)
[INFO] [1789634879.098055775] [vision_manager]: Book detected: xyz=(-0.091, 0.040, 0.400), center=(248, 272)
[INFO] [1789634879.247858891] [vision_manager]: Book detected: xyz=(-0.086, -0.179, 0.401), center=(252, 98)
[INFO] [1789634879.250556817] [vision_manager]: Book detected: xyz=(-0.108, -0.096, 0.491), center=(250, 178)
[INFO] [1789634879.252788208] [vision_manager]: Book detected: xyz=(0.734, 0.005, 0.869), center=(588, 242)
[INFO] [1789634879.254914159] [vision_manager]: Book detected: xyz=(0.630, 0.000, 0.869), center=(550, 240)
[INFO] [1789634879.256398957] [vision_manager]: Book detected: xyz=(-0.090, -0.024, 0.402), center=(249, 221)
[INFO] [1789634879.257629287] [vision_manager]: Book detected: xyz=(-0.092, 0.044, 0.400), center=(247, 275)
[INFO] [1789634879.404785955] [vision_manager]: Book detected: xyz=(-0.086, -0.179, 0.401), center=(252, 98)
[INFO] [1789634879.406240371] [vision_manager]: Book detected: xyz=(-0.110, -0.096, 0.499), center=(250, 179)
[INFO] [1789634879.407590034] [vision_manager]: Book detected: xyz=(0.734, 0.005, 0.869), center=(588, 242)
[INFO] [1789634879.408942769] [vision_manager]: Book detected: xyz=(0.641, 0.003, 0.869), center=(554, 241)
[INFO] [1789634879.410114618] [vision_manager]: Book detected: xyz=(-0.090, -0.025, 0.401), center=(249, 220)
[INFO] [1789634879.411282931] [vision_manager]: Book detected: xyz=(-0.091, 0.042, 0.400), center=(248, 273)
[INFO] [1789634879.562724877] [vision_manager]: Book detected: xyz=(-0.087, -0.179, 0.401), center=(251, 98)
[INFO] [1789634879.564105557] [vision_manager]: Book detected: xyz=(-0.112, -0.096, 0.499), center=(249, 179)
[INFO] [1789634879.565455052] [vision_manager]: Book detected: xyz=(0.734, 0.005, 0.869), center=(588, 242)
[INFO] [1789634879.566884868] [vision_manager]: Book detected: xyz=(0.638, 0.003, 0.869), center=(553, 241)
[INFO] [1789634879.568381814] [vision_manager]: Book detected: xyz=(-0.091, -0.023, 0.402), center=(248, 222)
[INFO] [1789634879.570594124] [vision_manager]: Book detected: xyz=(-0.092, 0.044, 0.400), center=(247, 275)
[INFO] [1789634879.690314824] [vision_manager]: Book detected: xyz=(-0.086, -0.179, 0.401), center=(252, 98)
[INFO] [1789634879.691411118] [vision_manager]: Book detected: xyz=(-0.112, -0.096, 0.507), center=(250, 180)
[INFO] [1789634879.692439860] [vision_manager]: Book detected: xyz=(0.734, 0.005, 0.869), center=(588, 242)
[INFO] [1789634879.693454246] [vision_manager]: Book detected: xyz=(0.633, 0.000, 0.869), center=(551, 240)
[INFO] [1789634879.694454209] [vision_manager]: Book detected: xyz=(-0.092, -0.021, 0.411), center=(249, 224)
[INFO] [1789634879.695459965] [vision_manager]: Book detected: xyz=(-0.092, 0.040, 0.400), center=(247, 272)
[INFO] [1789634879.828202027] [vision_manager]: Book detected: xyz=(-0.087, -0.179, 0.401), center=(251, 98)
[INFO] [1789634879.829894236] [vision_manager]: Book detected: xyz=(-0.114, -0.096, 0.507), center=(249, 180)
[INFO] [1789634879.836774064] [vision_manager]: Book detected: xyz=(0.734, 0.005, 0.869), center=(588, 242)
[INFO] [1789634879.838273613] [vision_manager]: Book detected: xyz=(0.630, 0.000, 0.869), center=(550, 240)
[INFO] [1789634879.839678563] [vision_manager]: Book detected: xyz=(-0.091, -0.022, 0.403), center=(248, 223)
[INFO] [1789634879.841108176] [vision_manager]: Book detected: xyz=(-0.093, 0.042, 0.400), center=(246, 273)
[INFO] [1789634879.995421156] [vision_manager]: Book detected: xyz=(-0.087, -0.179, 0.401), center=(251, 98)
[INFO] [1789634879.997201421] [vision_manager]: Book detected: xyz=(0.734, 0.005, 0.869), center=(588, 242)
[INFO] [1789634879.998295730] [vision_manager]: Book detected: xyz=(-0.114, -0.096, 0.507), center=(249, 180)
[INFO] [1789634879.999275120] [vision_manager]: Book detected: xyz=(0.652, 0.000, 0.869), center=(558, 240)
[INFO] [1789634880.000287302] [vision_manager]: Book detected: xyz=(-0.091, -0.023, 0.402), center=(248, 222)
[INFO] [1789634880.001534749] [vision_manager]: Book detected: xyz=(-0.093, 0.042, 0.400), center=(246, 273)
[INFO] [1789634880.151753793] [vision_manager]: Book detected: xyz=(-0.086, -0.179, 0.401), center=(252, 98)
[INFO] [1789634880.152778890] [vision_manager]: Book detected: xyz=(0.734, 0.005, 0.869), center=(588, 242)
[INFO] [1789634880.153730289] [vision_manager]: Book detected: xyz=(-0.114, -0.096, 0.507), center=(249, 180)
[INFO] [1789634880.154715471] [vision_manager]: Book detected: xyz=(0.649, 0.000, 0.869), center=(557, 240)
[INFO] [1789634880.155689738] [vision_manager]: Book detected: xyz=(-0.091, -0.023, 0.402), center=(248, 222)
[INFO] [1789634880.156669412] [vision_manager]: Book detected: xyz=(-0.092, 0.039, 0.400), center=(247, 271)
[INFO] [1789634880.361091415] [vision_manager]: Book detected: xyz=(-0.087, -0.179, 0.401), center=(251, 98)
[INFO] [1789634880.362471423] [vision_manager]: Book detected: xyz=(0.734, 0.005, 0.869), center=(588, 242)
[INFO] [1789634880.363785154] [vision_manager]: Book detected: xyz=(-0.119, -0.096, 0.525), center=(248, 182)
[INFO] [1789634880.364997226] [vision_manager]: Book detected: xyz=(0.633, 0.000, 0.869), center=(551, 240)
[INFO] [1789634880.366379888] [vision_manager]: Book detected: xyz=(-0.091, -0.023, 0.402), center=(248, 222)
[INFO] [1789634880.367554258] [vision_manager]: Book detected: xyz=(-0.093, 0.040, 0.400), center=(246, 272)
[INFO] [1789634880.496381796] [vision_manager]: Book detected: xyz=(-0.086, -0.179, 0.401), center=(252, 98)
[INFO] [1789634880.497366575] [vision_manager]: Book detected: xyz=(0.734, 0.005, 0.869), center=(588, 242)
[INFO] [1789634880.499017142] [vision_manager]: Book detected: xyz=(-0.117, -0.096, 0.507), center=(247, 180)
[INFO] [1789634880.500078752] [vision_manager]: Book detected: xyz=(0.630, 0.000, 0.869), center=(550, 240)
[INFO] [1789634880.501080982] [vision_manager]: Book detected: xyz=(-0.093, -0.021, 0.411), center=(248, 224)
[INFO] [1789634880.502018473] [vision_manager]: Book detected: xyz=(-0.093, 0.035, 0.400), center=(246, 268)
[INFO] [1789634880.663259427] [vision_manager]: Book detected: xyz=(-0.086, -0.179, 0.401), center=(252, 98)
[INFO] [1789634880.664252552] [vision_manager]: Book detected: xyz=(0.734, 0.005, 0.869), center=(588, 242)
[INFO] [1789634880.665226317] [vision_manager]: Book detected: xyz=(-0.117, -0.096, 0.507), center=(247, 180)
[INFO] [1789634880.666164532] [vision_manager]: Book detected: xyz=(0.647, 0.000, 0.869), center=(556, 240)
[INFO] [1789634880.667417107] [vision_manager]: Book detected: xyz=(-0.093, -0.021, 0.411), center=(248, 224)
[INFO] [1789634880.668619526] [vision_manager]: Book detected: xyz=(-0.093, 0.037, 0.400), center=(246, 269)
[INFO] [1789634880.812563313] [vision_manager]: Book detected: xyz=(-0.086, -0.179, 0.401), center=(252, 98)
[INFO] [1789634880.813656233] [vision_manager]: Book detected: xyz=(0.734, 0.003, 0.869), center=(588, 241)
[INFO] [1789634880.814643656] [vision_manager]: Book detected: xyz=(-0.118, -0.096, 0.507), center=(246, 180)
[INFO] [1789634880.815617930] [vision_manager]: Book detected: xyz=(0.641, 0.000, 0.869), center=(554, 240)
[INFO] [1789634880.816639549] [vision_manager]: Book detected: xyz=(-0.091, -0.022, 0.403), center=(248, 223)
[INFO] [1789634880.817654549] [vision_manager]: Book detected: xyz=(-0.095, 0.038, 0.400), center=(245, 270)
[INFO] [1789634880.955661620] [vision_manager]: Book detected: xyz=(-0.087, -0.179, 0.401), center=(251, 98)
[INFO] [1789634880.957260586] [vision_manager]: Book detected: xyz=(0.734, 0.005, 0.869), center=(588, 242)
[INFO] [1789634880.959040382] [vision_manager]: Book detected: xyz=(-0.113, -0.096, 0.499), center=(248, 179)
[INFO] [1789634880.960804607] [vision_manager]: Book detected: xyz=(0.638, 0.000, 0.869), center=(553, 240)
[INFO] [1789634880.962561871] [vision_manager]: Book detected: xyz=(-0.093, -0.021, 0.411), center=(248, 224)
[INFO] [1789634880.964385474] [vision_manager]: Book detected: xyz=(-0.093, 0.040, 0.400), center=(246, 272)
[INFO] [1789634881.115927381] [vision_manager]: Book detected: xyz=(-0.087, -0.179, 0.401), center=(251, 98)
[INFO] [1789634881.117859899] [vision_manager]: Book detected: xyz=(0.734, 0.005, 0.869), center=(588, 242)
[INFO] [1789634881.119729917] [vision_manager]: Book detected: xyz=(-0.120, -0.096, 0.516), center=(246, 181)
[INFO] [1789634881.121541445] [vision_manager]: Book detected: xyz=(0.647, 0.000, 0.869), center=(556, 240)
[INFO] [1789634881.123373785] [vision_manager]: Book detected: xyz=(-0.101, -0.021, 0.439), center=(247, 225)
[INFO] [1789634881.125159730] [vision_manager]: Book detected: xyz=(-0.095, 0.037, 0.400), center=(245, 269)
[INFO] [1789634881.257610164] [vision_manager]: Book detected: xyz=(-0.087, -0.179, 0.401), center=(251, 98)
[INFO] [1789634881.259005190] [vision_manager]: Book detected: xyz=(0.737, 0.005, 0.869), center=(589, 242)
[INFO] [1789634881.260498026] [vision_manager]: Book detected: xyz=(-0.122, -0.096, 0.507), center=(244, 180)
[INFO] [1789634881.261907341] [vision_manager]: Book detected: xyz=(0.663, 0.000, 0.869), center=(562, 240)
[INFO] [1789634881.263320661] [vision_manager]: Book detected: xyz=(-0.095, -0.021, 0.411), center=(247, 224)
[INFO] [1789634881.264719761] [vision_manager]: Book detected: xyz=(-0.095, 0.035, 0.400), center=(245, 268)
[INFO] [1789634881.435879148] [vision_manager]: Book detected: xyz=(-0.087, -0.179, 0.401), center=(251, 98)
[INFO] [1789634881.437087589] [vision_manager]: Book detected: xyz=(0.734, 0.005, 0.869), center=(588, 242)
[INFO] [1789634881.438218198] [vision_manager]: Book detected: xyz=(-0.119, -0.096, 0.516), center=(247, 181)
[INFO] [1789634881.439342657] [vision_manager]: Book detected: xyz=(0.641, 0.000, 0.869), center=(554, 240)
[INFO] [1789634881.440470876] [vision_manager]: Book detected: xyz=(-0.091, -0.022, 0.403), center=(248, 223)
[INFO] [1789634881.441622060] [vision_manager]: Book detected: xyz=(-0.093, 0.037, 0.400), center=(246, 269)
[INFO] [1789634881.602856183] [vision_manager]: Book detected: xyz=(-0.087, -0.179, 0.401), center=(251, 98)
[INFO] [1789634881.603883217] [vision_manager]: Book detected: xyz=(0.734, 0.005, 0.869), center=(588, 242)
[INFO] [1789634881.604876170] [vision_manager]: Book detected: xyz=(-0.120, -0.096, 0.507), center=(245, 180)
[INFO] [1789634881.605862097] [vision_manager]: Book detected: xyz=(0.625, 0.000, 0.869), center=(548, 240)
[INFO] [1789634881.606843371] [vision_manager]: Book detected: xyz=(-0.109, -0.021, 0.472), center=(247, 226)
[INFO] [1789634881.607798974] [vision_manager]: Book detected: xyz=(-0.095, 0.035, 0.400), center=(245, 268)
[INFO] [1789634881.608422930] [vision_manager]: No placeable empty shelf position found
[INFO] [1789634881.732455698] [vision_manager]: Book detected: xyz=(-0.086, -0.178, 0.401), center=(252, 99)
[INFO] [1789634881.733529780] [vision_manager]: Book detected: xyz=(-0.118, -0.096, 0.507), center=(246, 180)
[INFO] [1789634881.734591386] [vision_manager]: Book detected: xyz=(0.734, 0.005, 0.869), center=(588, 242)
[INFO] [1789634881.735650754] [vision_manager]: Book detected: xyz=(0.619, 0.000, 0.869), center=(546, 240)
[INFO] [1789634881.736729039] [vision_manager]: Book detected: xyz=(-0.118, -0.021, 0.511), center=(247, 227)
[INFO] [1789634881.737753433] [vision_manager]: Book detected: xyz=(-0.095, 0.038, 0.400), center=(245, 270)
[INFO] [1789634881.738396503] [vision_manager]: No placeable empty shelf position found
[INFO] [1789634881.852431616] [vision_manager]: Book detected: xyz=(-0.087, -0.179, 0.401), center=(251, 98)
[INFO] [1789634881.853610880] [vision_manager]: Book detected: xyz=(-0.118, -0.096, 0.507), center=(246, 180)
[INFO] [1789634881.854734448] [vision_manager]: Book detected: xyz=(0.734, 0.005, 0.869), center=(588, 242)
[INFO] [1789634881.855847808] [vision_manager]: Book detected: xyz=(0.625, 0.000, 0.869), center=(548, 240)
[INFO] [1789634881.858750885] [vision_manager]: Book detected: xyz=(-0.118, -0.021, 0.511), center=(247, 227)
[INFO] [1789634881.859759791] [vision_manager]: Book detected: xyz=(-0.095, 0.039, 0.400), center=(245, 271)
[INFO] [1789634881.860399665] [vision_manager]: No placeable empty shelf position found
[INFO] [1789634881.991608379] [vision_manager]: Book detected: xyz=(-0.086, -0.178, 0.401), center=(252, 99)
[INFO] [1789634881.993044517] [vision_manager]: Book detected: xyz=(0.734, 0.005, 0.869), center=(588, 242)
[INFO] [1789634881.994375207] [vision_manager]: Book detected: xyz=(-0.119, -0.096, 0.516), center=(247, 181)
[INFO] [1789634881.995689001] [vision_manager]: Book detected: xyz=(0.638, 0.000, 0.869), center=(553, 240)
[INFO] [1789634881.997003401] [vision_manager]: Book detected: xyz=(-0.107, -0.021, 0.472), center=(248, 226)
[INFO] [1789634881.998322715] [vision_manager]: Book detected: xyz=(-0.093, 0.039, 0.400), center=(246, 271)
[INFO] [1789634881.999802124] [vision_manager]: No placeable empty shelf position found
[INFO] [1789634882.120562814] [vision_manager]: Book detected: xyz=(-0.086, -0.178, 0.401), center=(252, 99)
[INFO] [1789634882.121653043] [vision_manager]: Book detected: xyz=(0.734, 0.005, 0.869), center=(588, 242)
[INFO] [1789634882.122683353] [vision_manager]: Book detected: xyz=(-0.119, -0.096, 0.525), center=(248, 182)
[INFO] [1789634882.123700480] [vision_manager]: Book detected: xyz=(0.633, 0.000, 0.869), center=(551, 240)
[INFO] [1789634882.124709695] [vision_manager]: Book detected: xyz=(-0.106, -0.021, 0.472), center=(249, 226)
[INFO] [1789634882.125739091] [vision_manager]: Book detected: xyz=(-0.093, 0.039, 0.400), center=(246, 271)
[INFO] [1789634882.126403818] [vision_manager]: No placeable empty shelf position found
[INFO] [1789634882.262100491] [vision_manager]: Book detected: xyz=(-0.087, -0.178, 0.401), center=(251, 99)
[INFO] [1789634882.264440520] [vision_manager]: Book detected: xyz=(0.734, 0.005, 0.869), center=(588, 242)
[INFO] [1789634882.266517826] [vision_manager]: Book detected: xyz=(-0.115, -0.096, 0.516), center=(249, 181)
[INFO] [1789634882.268578971] [vision_manager]: Book detected: xyz=(0.633, 0.000, 0.869), center=(551, 240)
[INFO] [1789634882.270588486] [vision_manager]: Book detected: xyz=(-0.106, -0.021, 0.472), center=(249, 226)
[INFO] [1789634882.272380521] [vision_manager]: Book detected: xyz=(-0.092, 0.042, 0.400), center=(247, 273)
[INFO] [1789634882.273459323] [vision_manager]: No placeable empty shelf position found
[INFO] [1789634882.419706864] [vision_manager]: Book detected: xyz=(-0.086, -0.179, 0.401), center=(252, 98)
[INFO] [1789634882.421073600] [vision_manager]: Book detected: xyz=(0.734, 0.005, 0.869), center=(588, 242)
[INFO] [1789634882.422324594] [vision_manager]: Book detected: xyz=(-0.110, -0.096, 0.499), center=(250, 179)
[INFO] [1789634882.423586006] [vision_manager]: Book detected: xyz=(0.641, 0.000, 0.869), center=(554, 240)
[INFO] [1789634882.424853058] [vision_manager]: Book detected: xyz=(-0.106, -0.021, 0.472), center=(249, 226)
[INFO] [1789634882.426108473] [vision_manager]: Book detected: xyz=(-0.092, 0.043, 0.400), center=(247, 274)
[INFO] [1789634882.426974095] [vision_manager]: No placeable empty shelf position found
[INFO] [1789634882.563349592] [vision_manager]: Book detected: xyz=(-0.086, -0.178, 0.401), center=(252, 99)
[INFO] [1789634882.564559305] [vision_manager]: Book detected: xyz=(0.734, 0.005, 0.869), center=(588, 242)
[INFO] [1789634882.565724852] [vision_manager]: Book detected: xyz=(-0.114, -0.096, 0.507), center=(249, 180)
[INFO] [1789634882.568793631] [vision_manager]: Book detected: xyz=(0.638, 0.000, 0.869), center=(553, 240)
[INFO] [1789634882.569841501] [vision_manager]: Book detected: xyz=(-0.098, -0.021, 0.439), center=(249, 225)
[INFO] [1789634882.570869687] [vision_manager]: Book detected: xyz=(-0.092, 0.042, 0.400), center=(247, 273)
[INFO] [1789634882.703682974] [vision_manager]: Book detected: xyz=(-0.086, -0.179, 0.401), center=(252, 98)
[INFO] [1789634882.705536617] [vision_manager]: Book detected: xyz=(0.734, 0.005, 0.869), center=(588, 242)
[INFO] [1789634882.707224332] [vision_manager]: Book detected: xyz=(-0.110, -0.096, 0.499), center=(250, 179)
[INFO] [1789634882.708877157] [vision_manager]: Book detected: xyz=(0.633, 0.003, 0.869), center=(551, 241)
[INFO] [1789634882.710548954] [vision_manager]: Book detected: xyz=(-0.092, -0.021, 0.411), center=(249, 224)
[INFO] [1789634882.712259026] [vision_manager]: Book detected: xyz=(-0.092, 0.043, 0.400), center=(247, 274)
[INFO] [1789634882.854769788] [vision_manager]: Book detected: xyz=(-0.086, -0.179, 0.401), center=(252, 98)
[INFO] [1789634882.856776747] [vision_manager]: Book detected: xyz=(0.734, 0.005, 0.869), center=(588, 242)
[INFO] [1789634882.858445884] [vision_manager]: Book detected: xyz=(-0.112, -0.096, 0.507), center=(250, 180)
[INFO] [1789634882.860103943] [vision_manager]: Book detected: xyz=(0.652, 0.000, 0.869), center=(558, 240)
[INFO] [1789634882.861795543] [vision_manager]: Book detected: xyz=(-0.090, -0.022, 0.403), center=(249, 223)
[INFO] [1789634882.863495554] [vision_manager]: Book detected: xyz=(-0.092, 0.044, 0.400), center=(247, 275)
[INFO] [1789634882.989293423] [vision_manager]: Book detected: xyz=(-0.086, -0.179, 0.401), center=(252, 98)
[INFO] [1789634882.991386063] [vision_manager]: Book detected: xyz=(0.737, 0.005, 0.869), center=(589, 242)
[INFO] [1789634882.993041315] [vision_manager]: Book detected: xyz=(-0.115, -0.096, 0.507), center=(248, 180)
[INFO] [1789634882.994696664] [vision_manager]: Book detected: xyz=(0.660, 0.000, 0.869), center=(561, 240)
[INFO] [1789634882.996407190] [vision_manager]: Book detected: xyz=(-0.107, -0.021, 0.472), center=(248, 226)
[INFO] [1789634882.998095801] [vision_manager]: Book detected: xyz=(-0.095, 0.040, 0.400), center=(245, 272)
[INFO] [1789634882.999150878] [vision_manager]: No placeable empty shelf position found
[INFO] [1789634883.117407357] [vision_manager]: Book detected: xyz=(-0.086, -0.179, 0.401), center=(252, 98)
[INFO] [1789634883.119114334] [vision_manager]: Book detected: xyz=(-0.112, -0.096, 0.507), center=(250, 180)
[INFO] [1789634883.120771064] [vision_manager]: Book detected: xyz=(0.734, 0.005, 0.869), center=(588, 242)
[INFO] [1789634883.122436056] [vision_manager]: Book detected: xyz=(0.641, 0.000, 0.869), center=(554, 240)
[INFO] [1789634883.124090443] [vision_manager]: Book detected: xyz=(-0.116, -0.021, 0.511), center=(248, 227)
[INFO] [1789634883.125727841] [vision_manager]: Book detected: xyz=(-0.091, 0.043, 0.400), center=(248, 274)
[INFO] [1789634883.126707523] [vision_manager]: No placeable empty shelf position found
[INFO] [1789634883.236860834] [vision_manager]: Book detected: xyz=(-0.086, -0.179, 0.401), center=(252, 98)
[INFO] [1789634883.237945719] [vision_manager]: Book detected: xyz=(0.737, 0.005, 0.869), center=(589, 242)
[INFO] [1789634883.239016957] [vision_manager]: Book detected: xyz=(-0.110, -0.096, 0.499), center=(250, 179)
[INFO] [1789634883.240097950] [vision_manager]: Book detected: xyz=(0.663, 0.000, 0.869), center=(562, 240)
[INFO] [1789634883.241026025] [vision_manager]: Book detected: xyz=(-0.106, -0.021, 0.472), center=(249, 226)
[INFO] [1789634883.241995436] [vision_manager]: Book detected: xyz=(-0.091, 0.042, 0.400), center=(248, 273)
[INFO] [1789634883.242665409] [vision_manager]: No placeable empty shelf position found
[INFO] [1789634883.379217830] [vision_manager]: Book detected: xyz=(-0.086, -0.179, 0.401), center=(252, 98)
[INFO] [1789634883.380879318] [vision_manager]: Book detected: xyz=(-0.110, -0.096, 0.499), center=(250, 179)
[INFO] [1789634883.382541654] [vision_manager]: Book detected: xyz=(0.737, 0.005, 0.869), center=(589, 242)
[INFO] [1789634883.384470561] [vision_manager]: Book detected: xyz=(0.649, 0.000, 0.869), center=(557, 240)
[INFO] [1789634883.386247716] [vision_manager]: Book detected: xyz=(-0.106, -0.021, 0.472), center=(249, 226)
[INFO] [1789634883.387828157] [vision_manager]: Book detected: xyz=(-0.091, 0.040, 0.400), center=(248, 272)
[INFO] [1789634883.388762873] [vision_manager]: No placeable empty shelf position found
[INFO] [1789634883.505617270] [vision_manager]: Book detected: xyz=(-0.086, -0.179, 0.401), center=(252, 98)
[INFO] [1789634883.506803245] [vision_manager]: Book detected: xyz=(-0.110, -0.096, 0.499), center=(250, 179)
[INFO] [1789634883.507845492] [vision_manager]: Book detected: xyz=(0.734, 0.005, 0.869), center=(588, 242)
[INFO] [1789634883.508889552] [vision_manager]: Book detected: xyz=(0.636, 0.000, 0.869), center=(552, 240)
[INFO] [1789634883.509933287] [vision_manager]: Book detected: xyz=(-0.116, -0.021, 0.511), center=(248, 227)
[INFO] [1789634883.510964360] [vision_manager]: Book detected: xyz=(-0.091, 0.043, 0.400), center=(248, 274)
[INFO] [1789634883.511632590] [vision_manager]: No placeable empty shelf position found
[INFO] [1789634883.622270719] [vision_manager]: Book detected: xyz=(-0.085, -0.179, 0.401), center=(253, 98)
[INFO] [1789634883.652528791] [vision_manager]: Book detected: xyz=(0.734, 0.005, 0.869), center=(588, 242)
[INFO] [1789634883.653359988] [vision_manager]: Book detected: xyz=(-0.110, -0.096, 0.507), center=(251, 180)
[INFO] [1789634883.654147549] [vision_manager]: Book detected: xyz=(0.641, 0.000, 0.869), center=(554, 240)
[INFO] [1789634883.654922917] [vision_manager]: Book detected: xyz=(-0.106, -0.021, 0.472), center=(249, 226)
[INFO] [1789634883.655756098] [vision_manager]: Book detected: xyz=(-0.091, 0.043, 0.400), center=(248, 274)
[INFO] [1789634883.656267843] [vision_manager]: No placeable empty shelf position found
[INFO] [1789634883.769645215] [vision_manager]: Book detected: xyz=(-0.085, -0.179, 0.401), center=(253, 98)
[INFO] [1789634883.770830024] [vision_manager]: Book detected: xyz=(0.734, 0.005, 0.869), center=(588, 242)
[INFO] [1789634883.771959366] [vision_manager]: Book detected: xyz=(-0.112, -0.096, 0.507), center=(250, 180)
[INFO] [1789634883.773096602] [vision_manager]: Book detected: xyz=(0.641, 0.000, 0.869), center=(554, 240)
[INFO] [1789634883.774212398] [vision_manager]: Book detected: xyz=(-0.107, -0.021, 0.472), center=(248, 226)
[INFO] [1789634883.775187390] [vision_manager]: Book detected: xyz=(-0.091, 0.043, 0.400), center=(248, 274)
[INFO] [1789634883.775839758] [vision_manager]: No placeable empty shelf position found
[INFO] [1789634883.896328616] [vision_manager]: Book detected: xyz=(-0.085, -0.179, 0.401), center=(253, 98)
[INFO] [1789634883.897572238] [vision_manager]: Book detected: xyz=(-0.112, -0.096, 0.507), center=(250, 180)
[INFO] [1789634883.898617069] [vision_manager]: Book detected: xyz=(0.734, 0.005, 0.869), center=(588, 242)
[INFO] [1789634883.899627529] [vision_manager]: Book detected: xyz=(0.638, 0.000, 0.869), center=(553, 240)
[INFO] [1789634883.900630554] [vision_manager]: Book detected: xyz=(-0.106, -0.021, 0.472), center=(249, 226)
[INFO] [1789634883.901666490] [vision_manager]: Book detected: xyz=(-0.091, 0.040, 0.400), center=(248, 272)
[INFO] [1789634883.902351275] [vision_manager]: No placeable empty shelf position found
[INFO] [1789634884.041441525] [vision_manager]: Book detected: xyz=(-0.085, -0.179, 0.401), center=(253, 98)
[INFO] [1789634884.043256624] [vision_manager]: Book detected: xyz=(-0.110, -0.096, 0.507), center=(251, 180)
[INFO] [1789634884.044838543] [vision_manager]: Book detected: xyz=(0.734, 0.005, 0.869), center=(588, 242)
[INFO] [1789634884.046281403] [vision_manager]: Book detected: xyz=(0.649, 0.000, 0.869), center=(557, 240)
[INFO] [1789634884.047675129] [vision_manager]: Book detected: xyz=(-0.107, -0.021, 0.472), center=(248, 226)
[INFO] [1789634884.049581474] [vision_manager]: Book detected: xyz=(-0.091, 0.040, 0.400), center=(248, 272)
[INFO] [1789634884.050972851] [vision_manager]: No placeable empty shelf position found
[INFO] [1789634884.169618921] [vision_manager]: Book detected: xyz=(-0.085, -0.179, 0.401), center=(253, 98)
[INFO] [1789634884.170891210] [vision_manager]: Book detected: xyz=(-0.112, -0.096, 0.507), center=(250, 180)
[INFO] [1789634884.171916613] [vision_manager]: Book detected: xyz=(0.734, 0.005, 0.869), center=(588, 242)
[INFO] [1789634884.173089655] [vision_manager]: Book detected: xyz=(0.641, 0.000, 0.869), center=(554, 240)
[INFO] [1789634884.174097907] [vision_manager]: Book detected: xyz=(-0.090, -0.023, 0.402), center=(249, 222)
[INFO] [1789634884.175103642] [vision_manager]: Book detected: xyz=(-0.092, 0.040, 0.400), center=(247, 272)
[INFO] [1789634884.310510707] [vision_manager]: Book detected: xyz=(-0.085, -0.179, 0.401), center=(253, 98)
[INFO] [1789634884.312753216] [vision_manager]: Book detected: xyz=(-0.112, -0.096, 0.507), center=(250, 180)
[INFO] [1789634884.314658617] [vision_manager]: Book detected: xyz=(0.734, 0.005, 0.869), center=(588, 242)
[INFO] [1789634884.316068873] [vision_manager]: Book detected: xyz=(0.647, 0.000, 0.869), center=(556, 240)
[INFO] [1789634884.317451894] [vision_manager]: Book detected: xyz=(-0.098, -0.021, 0.439), center=(249, 225)
[INFO] [1789634884.318851453] [vision_manager]: Book detected: xyz=(-0.091, 0.040, 0.400), center=(248, 272)
[INFO] [1789634884.475938400] [vision_manager]: Book detected: xyz=(-0.085, -0.179, 0.401), center=(253, 98)
[INFO] [1789634884.477248487] [vision_manager]: Book detected: xyz=(-0.114, -0.096, 0.525), center=(251, 182)
[INFO] [1789634884.478419174] [vision_manager]: Book detected: xyz=(0.734, 0.005, 0.869), center=(588, 242)
[INFO] [1789634884.479732308] [vision_manager]: Book detected: xyz=(0.627, 0.000, 0.869), center=(549, 240)
[INFO] [1789634884.481018631] [vision_manager]: Book detected: xyz=(-0.106, -0.021, 0.472), center=(249, 226)
[INFO] [1789634884.482338500] [vision_manager]: Book detected: xyz=(-0.090, 0.040, 0.400), center=(249, 272)
[INFO] [1789634884.483186047] [vision_manager]: No placeable empty shelf position found
[INFO] [1789634884.636751159] [vision_manager]: Book detected: xyz=(-0.085, -0.180, 0.400), center=(253, 97)
[INFO] [1789634884.637782595] [vision_manager]: Book detected: xyz=(-0.112, -0.096, 0.516), center=(251, 181)
[INFO] [1789634884.638753697] [vision_manager]: Book detected: xyz=(0.734, 0.005, 0.869), center=(588, 242)
[INFO] [1789634884.639708995] [vision_manager]: Book detected: xyz=(0.611, 0.000, 0.869), center=(543, 240)
[INFO] [1789634884.640639906] [vision_manager]: Book detected: xyz=(-0.106, -0.021, 0.472), center=(249, 226)
[INFO] [1789634884.641561597] [vision_manager]: Book detected: xyz=(-0.091, 0.039, 0.400), center=(248, 271)
[INFO] [1789634884.642157867] [vision_manager]: No placeable empty shelf position found
[INFO] [1789634884.787521539] [vision_manager]: Book detected: xyz=(-0.085, -0.179, 0.401), center=(253, 98)
[INFO] [1789634884.790796631] [vision_manager]: Book detected: xyz=(-0.114, -0.096, 0.516), center=(250, 181)
[INFO] [1789634884.792825219] [vision_manager]: Book detected: xyz=(0.734, 0.005, 0.869), center=(588, 242)
[INFO] [1789634884.794765859] [vision_manager]: Book detected: xyz=(0.633, 0.000, 0.869), center=(551, 240)
[INFO] [1789634884.796720923] [vision_manager]: Book detected: xyz=(-0.090, -0.024, 0.402), center=(249, 221)
[INFO] [1789634884.798676795] [vision_manager]: Book detected: xyz=(-0.092, 0.035, 0.400), center=(247, 268)
[INFO] [1789634884.962200580] [vision_manager]: Book detected: xyz=(-0.085, -0.179, 0.401), center=(253, 98)
[INFO] [1789634884.963785276] [vision_manager]: Book detected: xyz=(-0.112, -0.096, 0.516), center=(251, 181)
[INFO] [1789634884.965318192] [vision_manager]: Book detected: xyz=(0.734, 0.005, 0.869), center=(588, 242)
[INFO] [1789634884.966816516] [vision_manager]: Book detected: xyz=(0.627, 0.000, 0.869), center=(549, 240)
[INFO] [1789634884.969342706] [vision_manager]: Book detected: xyz=(-0.098, -0.021, 0.439), center=(249, 225)
[INFO] [1789634884.970983037] [vision_manager]: Book detected: xyz=(-0.090, 0.039, 0.400), center=(249, 271)
[INFO] [1789634885.109570096] [vision_manager]: Book detected: xyz=(-0.085, -0.179, 0.401), center=(253, 98)
[INFO] [1789634885.110976158] [vision_manager]: Book detected: xyz=(-0.112, -0.096, 0.516), center=(251, 181)
[INFO] [1789634885.112438673] [vision_manager]: Book detected: xyz=(0.734, 0.005, 0.869), center=(588, 242)
[INFO] [1789634885.113796372] [vision_manager]: Book detected: xyz=(0.633, 0.000, 0.869), center=(551, 240)
[INFO] [1789634885.115162959] [vision_manager]: Book detected: xyz=(-0.106, -0.021, 0.472), center=(249, 226)
[INFO] [1789634885.116319084] [vision_manager]: Book detected: xyz=(-0.090, 0.040, 0.400), center=(249, 272)
[INFO] [1789634885.117074932] [vision_manager]: No placeable empty shelf position found
[INFO] [1789634885.248268616] [vision_manager]: Book detected: xyz=(-0.085, -0.179, 0.401), center=(253, 98)
[INFO] [1789634885.249485505] [vision_manager]: Book detected: xyz=(-0.111, -0.096, 0.516), center=(252, 181)
[INFO] [1789634885.250616463] [vision_manager]: Book detected: xyz=(0.734, 0.005, 0.869), center=(588, 242)
[INFO] [1789634885.251630386] [vision_manager]: Book detected: xyz=(0.630, 0.000, 0.869), center=(550, 240)
[INFO] [1789634885.252669125] [vision_manager]: Book detected: xyz=(-0.104, -0.021, 0.472), center=(250, 226)
[INFO] [1789634885.253337542] [vision_manager]: No placeable empty shelf position found
[INFO] [1789634885.393039509] [vision_manager]: Book detected: xyz=(-0.085, -0.179, 0.401), center=(253, 98)
[INFO] [1789634885.394573683] [vision_manager]: Book detected: xyz=(-0.114, -0.096, 0.525), center=(251, 182)
[INFO] [1789634885.395732727] [vision_manager]: Book detected: xyz=(0.734, 0.005, 0.869), center=(588, 242)
[INFO] [1789634885.398176156] [vision_manager]: Book detected: xyz=(0.641, 0.000, 0.869), center=(554, 240)
[INFO] [1789634885.399411798] [vision_manager]: Book detected: xyz=(-0.114, -0.021, 0.511), center=(249, 227)
[INFO] [1789634885.400351884] [vision_manager]: No placeable empty shelf position found
[INFO] [1789634885.536275875] [vision_manager]: Book detected: xyz=(-0.085, -0.179, 0.401), center=(253, 98)
[INFO] [1789634885.537429792] [vision_manager]: Book detected: xyz=(-0.112, -0.096, 0.516), center=(251, 181)
[INFO] [1789634885.538534881] [vision_manager]: Book detected: xyz=(0.734, 0.005, 0.869), center=(588, 242)
[INFO] [1789634885.539639740] [vision_manager]: Book detected: xyz=(0.625, 0.000, 0.869), center=(548, 240)
[INFO] [1789634885.540748002] [vision_manager]: Book detected: xyz=(-0.114, -0.021, 0.511), center=(249, 227)
[INFO] [1789634885.541814792] [vision_manager]: Book detected: xyz=(-0.090, 0.040, 0.400), center=(249, 272)
[INFO] [1789634885.542514187] [vision_manager]: No placeable empty shelf position found
[INFO] [1789634885.699128251] [vision_manager]: Book detected: xyz=(-0.085, -0.179, 0.401), center=(253, 98)
[INFO] [1789634885.700438924] [vision_manager]: Book detected: xyz=(-0.112, -0.096, 0.516), center=(251, 181)
[INFO] [1789634885.701590295] [vision_manager]: Book detected: xyz=(0.734, 0.005, 0.869), center=(588, 242)
[INFO] [1789634885.702710372] [vision_manager]: Book detected: xyz=(0.627, 0.000, 0.869), center=(549, 240)
[INFO] [1789634885.703809687] [vision_manager]: Book detected: xyz=(-0.114, -0.021, 0.511), center=(249, 227)
[INFO] [1789634885.704591391] [vision_manager]: No placeable empty shelf position found
[INFO] [1789634885.869424754] [vision_manager]: Book detected: xyz=(-0.086, -0.179, 0.401), center=(252, 98)
[INFO] [1789634885.871257321] [vision_manager]: Book detected: xyz=(-0.114, -0.096, 0.525), center=(251, 182)
[INFO] [1789634885.872772627] [vision_manager]: Book detected: xyz=(0.734, 0.005, 0.869), center=(588, 242)
[INFO] [1789634885.874268563] [vision_manager]: Book detected: xyz=(0.644, 0.000, 0.869), center=(555, 240)
[INFO] [1789634885.875783500] [vision_manager]: Book detected: xyz=(-0.114, -0.021, 0.511), center=(249, 227)
[INFO] [1789634885.876775716] [vision_manager]: No placeable empty shelf position found
[INFO] [1789634886.028068089] [vision_manager]: Book detected: xyz=(-0.085, -0.179, 0.401), center=(253, 98)
[INFO] [1789634886.029164606] [vision_manager]: Book detected: xyz=(-0.113, -0.096, 0.525), center=(252, 182)
[INFO] [1789634886.030223540] [vision_manager]: Book detected: xyz=(0.734, 0.005, 0.869), center=(588, 242)
[INFO] [1789634886.031288008] [vision_manager]: Book detected: xyz=(0.630, 0.000, 0.869), center=(550, 240)
[INFO] [1789634886.032343360] [vision_manager]: Book detected: xyz=(-0.113, -0.021, 0.511), center=(250, 227)
[INFO] [1789634886.033004600] [vision_manager]: No placeable empty shelf position found
[INFO] [1789634886.179338485] [vision_manager]: Book detected: xyz=(-0.085, -0.180, 0.400), center=(253, 97)
[INFO] [1789634886.182011427] [vision_manager]: Book detected: xyz=(-0.114, -0.096, 0.525), center=(251, 182)
[INFO] [1789634886.184013503] [vision_manager]: Book detected: xyz=(0.737, 0.005, 0.869), center=(589, 242)
[INFO] [1789634886.185890735] [vision_manager]: Book detected: xyz=(0.649, 0.000, 0.869), center=(557, 240)
[INFO] [1789634886.187574434] [vision_manager]: Book detected: xyz=(-0.114, -0.021, 0.511), center=(249, 227)
[INFO] [1789634886.188562716] [vision_manager]: No placeable empty shelf position found
[INFO] [1789634886.329826013] [vision_manager]: Book detected: xyz=(-0.086, -0.179, 0.401), center=(252, 98)
[INFO] [1789634886.331233635] [vision_manager]: Book detected: xyz=(-0.114, -0.096, 0.525), center=(251, 182)
[INFO] [1789634886.332505459] [vision_manager]: Book detected: xyz=(0.737, 0.005, 0.869), center=(589, 242)
[INFO] [1789634886.334093484] [vision_manager]: Book detected: xyz=(0.655, 0.000, 0.869), center=(559, 240)
[INFO] [1789634886.335561131] [vision_manager]: Book detected: xyz=(-0.098, -0.021, 0.439), center=(249, 225)
[INFO] [1789634886.463985063] [vision_manager]: Book detected: xyz=(-0.085, -0.180, 0.400), center=(253, 97)
[INFO] [1789634886.465495963] [vision_manager]: Book detected: xyz=(-0.114, -0.096, 0.525), center=(251, 182)
[INFO] [1789634886.466767681] [vision_manager]: Book detected: xyz=(0.737, 0.005, 0.869), center=(589, 242)
[INFO] [1789634886.468017015] [vision_manager]: Book detected: xyz=(0.652, 0.000, 0.869), center=(558, 240)
[INFO] [1789634886.469327090] [vision_manager]: Book detected: xyz=(-0.092, -0.021, 0.411), center=(249, 224)
[INFO] [1789634886.603775811] [vision_manager]: Book detected: xyz=(-0.085, -0.180, 0.400), center=(253, 97)
[INFO] [1789634886.604931698] [vision_manager]: Book detected: xyz=(-0.114, -0.096, 0.525), center=(251, 182)
[INFO] [1789634886.606000672] [vision_manager]: Book detected: xyz=(0.734, 0.005, 0.869), center=(588, 242)
[INFO] [1789634886.607043704] [vision_manager]: Book detected: xyz=(0.636, 0.000, 0.869), center=(552, 240)
[INFO] [1789634886.608134971] [vision_manager]: Book detected: xyz=(-0.098, -0.021, 0.439), center=(249, 225)
[INFO] [1789634886.739869548] [vision_manager]: Book detected: xyz=(-0.085, -0.180, 0.400), center=(253, 97)
[INFO] [1789634886.741913241] [vision_manager]: Book detected: xyz=(-0.114, -0.096, 0.525), center=(251, 182)
[INFO] [1789634886.743488797] [vision_manager]: Book detected: xyz=(0.734, 0.005, 0.869), center=(588, 242)
[INFO] [1789634886.744869495] [vision_manager]: Book detected: xyz=(0.627, 0.000, 0.869), center=(549, 240)
[INFO] [1789634886.746120768] [vision_manager]: Book detected: xyz=(-0.098, -0.021, 0.439), center=(249, 225)
[INFO] [1789634886.878504930] [vision_manager]: Book detected: xyz=(-0.085, -0.179, 0.401), center=(253, 98)
[INFO] [1789634886.880160835] [vision_manager]: Book detected: xyz=(-0.116, -0.096, 0.534), center=(251, 183)
[INFO] [1789634886.881650407] [vision_manager]: Book detected: xyz=(0.734, 0.005, 0.869), center=(588, 242)
[INFO] [1789634886.883134422] [vision_manager]: Book detected: xyz=(0.641, 0.000, 0.869), center=(554, 240)
[INFO] [1789634886.884584834] [vision_manager]: Book detected: xyz=(-0.098, -0.021, 0.439), center=(249, 225)
[INFO] [1789634887.048257452] [vision_manager]: Book detected: xyz=(-0.085, -0.180, 0.400), center=(253, 97)
[INFO] [1789634887.049375091] [vision_manager]: Book detected: xyz=(-0.112, -0.096, 0.516), center=(251, 181)
[INFO] [1789634887.050443013] [vision_manager]: Book detected: xyz=(0.734, 0.005, 0.869), center=(588, 242)
[INFO] [1789634887.051397058] [vision_manager]: Book detected: xyz=(0.630, 0.000, 0.869), center=(550, 240)
[INFO] [1789634887.052355126] [vision_manager]: Book detected: xyz=(-0.098, -0.021, 0.439), center=(249, 225)
[INFO] [1789634887.053307270] [vision_manager]: Book detected: xyz=(-0.090, 0.039, 0.400), center=(249, 271)
[INFO] [1789634887.207211429] [vision_manager]: Book detected: xyz=(-0.086, -0.179, 0.401), center=(252, 98)
[INFO] [1789634887.208812738] [vision_manager]: Book detected: xyz=(-0.112, -0.096, 0.516), center=(251, 181)
[INFO] [1789634887.210363791] [vision_manager]: Book detected: xyz=(0.734, 0.005, 0.869), center=(588, 242)
[INFO] [1789634887.211899556] [vision_manager]: Book detected: xyz=(0.627, 0.000, 0.869), center=(549, 240)
[INFO] [1789634887.213267284] [vision_manager]: Book detected: xyz=(-0.092, -0.021, 0.411), center=(249, 224)
[INFO] [1789634887.214538989] [vision_manager]: Book detected: xyz=(-0.090, 0.039, 0.400), center=(249, 271)
[INFO] [1789634887.373513465] [vision_manager]: Book detected: xyz=(-0.085, -0.180, 0.400), center=(253, 97)
[INFO] [1789634887.374701810] [vision_manager]: Book detected: xyz=(-0.114, -0.096, 0.525), center=(251, 182)
[INFO] [1789634887.375850170] [vision_manager]: Book detected: xyz=(0.734, 0.005, 0.869), center=(588, 242)
[INFO] [1789634887.377271631] [vision_manager]: Book detected: xyz=(0.633, 0.000, 0.869), center=(551, 240)
[INFO] [1789634887.378678236] [vision_manager]: Book detected: xyz=(-0.098, -0.021, 0.439), center=(249, 225)
[INFO] [1789634887.513345430] [vision_manager]: Book detected: xyz=(-0.085, -0.180, 0.400), center=(253, 97)
[INFO] [1789634887.514445374] [vision_manager]: Book detected: xyz=(-0.112, -0.096, 0.516), center=(251, 181)
[INFO] [1789634887.515455686] [vision_manager]: Book detected: xyz=(0.734, 0.005, 0.869), center=(588, 242)
[INFO] [1789634887.516472885] [vision_manager]: Book detected: xyz=(0.638, 0.000, 0.869), center=(553, 240)
[INFO] [1789634887.517557937] [vision_manager]: Book detected: xyz=(-0.098, -0.021, 0.439), center=(249, 225)
[INFO] [1789634887.654923008] [vision_manager]: Book detected: xyz=(-0.085, -0.180, 0.400), center=(253, 97)
[INFO] [1789634887.656840989] [vision_manager]: Book detected: xyz=(-0.112, -0.096, 0.516), center=(251, 181)
[INFO] [1789634887.658628551] [vision_manager]: Book detected: xyz=(0.734, 0.005, 0.869), center=(588, 242)
[INFO] [1789634887.660415255] [vision_manager]: Book detected: xyz=(0.652, 0.000, 0.869), center=(558, 240)
[INFO] [1789634887.662251162] [vision_manager]: Book detected: xyz=(-0.092, -0.021, 0.411), center=(249, 224)
[INFO] [1789634887.802062150] [vision_manager]: Book detected: xyz=(-0.086, -0.180, 0.400), center=(252, 97)
[INFO] [1789634887.803817721] [vision_manager]: Book detected: xyz=(-0.114, -0.096, 0.525), center=(251, 182)
[INFO] [1789634887.805420671] [vision_manager]: Book detected: xyz=(0.734, 0.005, 0.869), center=(588, 242)
[INFO] [1789634887.806873396] [vision_manager]: Book detected: xyz=(0.644, 0.000, 0.869), center=(555, 240)
[INFO] [1789634887.808178471] [vision_manager]: Book detected: xyz=(-0.091, -0.022, 0.403), center=(248, 223)
[INFO] [1789634887.809692681] [vision_manager]: Book detected: xyz=(-0.090, 0.038, 0.400), center=(249, 270)
[INFO] [1789634887.946886937] [vision_manager]: Book detected: xyz=(-0.085, -0.180, 0.400), center=(253, 97)
[INFO] [1789634887.948756577] [vision_manager]: Book detected: xyz=(-0.114, -0.096, 0.525), center=(251, 182)
[INFO] [1789634887.950276655] [vision_manager]: Book detected: xyz=(0.734, 0.005, 0.869), center=(588, 242)
[INFO] [1789634887.951646083] [vision_manager]: Book detected: xyz=(0.644, 0.000, 0.869), center=(555, 240)
[INFO] [1789634887.953011751] [vision_manager]: Book detected: xyz=(-0.090, -0.022, 0.403), center=(249, 223)
[INFO] [1789634888.103128450] [vision_manager]: Book detected: xyz=(-0.085, -0.180, 0.400), center=(253, 97)
[INFO] [1789634888.104708550] [vision_manager]: Book detected: xyz=(-0.114, -0.096, 0.525), center=(251, 182)
[INFO] [1789634888.106531065] [vision_manager]: Book detected: xyz=(0.734, 0.005, 0.869), center=(588, 242)
[INFO] [1789634888.108019941] [vision_manager]: Book detected: xyz=(0.611, 0.003, 0.869), center=(543, 241)
[INFO] [1789634888.109513090] [vision_manager]: Book detected: xyz=(-0.092, -0.021, 0.411), center=(249, 224)
[INFO] [1789634888.255922545] [vision_manager]: Book detected: xyz=(-0.085, -0.180, 0.400), center=(253, 97)
[INFO] [1789634888.257688639] [vision_manager]: Book detected: xyz=(-0.114, -0.096, 0.525), center=(251, 182)
[INFO] [1789634888.259253748] [vision_manager]: Book detected: xyz=(0.734, 0.005, 0.869), center=(588, 242)
[INFO] [1789634888.260795829] [vision_manager]: Book detected: xyz=(0.619, 0.000, 0.869), center=(546, 240)
[INFO] [1789634888.262475972] [vision_manager]: Book detected: xyz=(-0.090, -0.022, 0.403), center=(249, 223)
[INFO] [1789634888.404978264] [vision_manager]: Book detected: xyz=(-0.085, -0.180, 0.400), center=(253, 97)
[INFO] [1789634888.406929202] [vision_manager]: Book detected: xyz=(-0.114, -0.096, 0.525), center=(251, 182)
[INFO] [1789634888.409007968] [vision_manager]: Book detected: xyz=(0.734, 0.005, 0.869), center=(588, 242)
[INFO] [1789634888.410953994] [vision_manager]: Book detected: xyz=(0.619, 0.000, 0.869), center=(546, 240)
[INFO] [1789634888.412840653] [vision_manager]: Book detected: xyz=(-0.090, -0.023, 0.402), center=(249, 222)
[INFO] [1789634888.580771183] [vision_manager]: Book detected: xyz=(-0.086, -0.180, 0.400), center=(252, 97)
[INFO] [1789634888.582038137] [vision_manager]: Book detected: xyz=(-0.114, -0.096, 0.525), center=(251, 182)
[INFO] [1789634888.583565938] [vision_manager]: Book detected: xyz=(0.734, 0.005, 0.869), center=(588, 242)
[INFO] [1789634888.584747848] [vision_manager]: Book detected: xyz=(0.625, 0.000, 0.869), center=(548, 240)
[INFO] [1789634888.585921681] [vision_manager]: Book detected: xyz=(-0.091, -0.021, 0.411), center=(250, 224)
[INFO] [1789634888.742268555] [vision_manager]: Book detected: xyz=(-0.086, -0.180, 0.400), center=(252, 97)
[INFO] [1789634888.745037806] [vision_manager]: Book detected: xyz=(-0.114, -0.096, 0.516), center=(250, 181)
[INFO] [1789634888.747038220] [vision_manager]: Book detected: xyz=(0.734, 0.005, 0.869), center=(588, 242)
[INFO] [1789634888.748401652] [vision_manager]: Book detected: xyz=(0.627, 0.000, 0.869), center=(549, 240)
[INFO] [1789634888.749745421] [vision_manager]: Book detected: xyz=(-0.091, -0.022, 0.403), center=(248, 223)
[INFO] [1789634888.751040120] [vision_manager]: Book detected: xyz=(-0.090, 0.039, 0.400), center=(249, 271)
[INFO] [1789634888.892276678] [vision_manager]: Book detected: xyz=(-0.086, -0.180, 0.400), center=(252, 97)
[INFO] [1789634888.893298595] [vision_manager]: Book detected: xyz=(-0.112, -0.096, 0.516), center=(251, 181)
[INFO] [1789634888.894229672] [vision_manager]: Book detected: xyz=(0.734, 0.005, 0.869), center=(588, 242)
[INFO] [1789634888.895166144] [vision_manager]: Book detected: xyz=(0.647, 0.000, 0.869), center=(556, 240)
[INFO] [1789634888.896098148] [vision_manager]: Book detected: xyz=(-0.090, -0.022, 0.403), center=(249, 223)
[INFO] [1789634888.897027566] [vision_manager]: Book detected: xyz=(-0.090, 0.039, 0.400), center=(249, 271)
[INFO] [1789634889.010350033] [vision_manager]: Book detected: xyz=(-0.086, -0.180, 0.400), center=(252, 97)
[INFO] [1789634889.011461373] [vision_manager]: Book detected: xyz=(0.734, 0.005, 0.869), center=(588, 242)
[INFO] [1789634889.012449554] [vision_manager]: Book detected: xyz=(-0.114, -0.096, 0.516), center=(250, 181)
[INFO] [1789634889.013438998] [vision_manager]: Book detected: xyz=(0.636, 0.000, 0.869), center=(552, 240)
[INFO] [1789634889.014429537] [vision_manager]: Book detected: xyz=(-0.093, -0.021, 0.411), center=(248, 224)
[INFO] [1789634889.015443913] [vision_manager]: Book detected: xyz=(-0.091, 0.040, 0.400), center=(248, 272)
[INFO] [1789634889.147006606] [vision_manager]: Book detected: xyz=(-0.086, -0.180, 0.400), center=(252, 97)
[INFO] [1789634889.148642319] [vision_manager]: Book detected: xyz=(0.734, 0.005, 0.869), center=(588, 242)
[INFO] [1789634889.150173073] [vision_manager]: Book detected: xyz=(-0.112, -0.096, 0.507), center=(250, 180)
[INFO] [1789634889.151668671] [vision_manager]: Book detected: xyz=(0.644, 0.000, 0.869), center=(555, 240)
[INFO] [1789634889.153206345] [vision_manager]: Book detected: xyz=(-0.093, -0.021, 0.411), center=(248, 224)
[INFO] [1789634889.154760844] [vision_manager]: Book detected: xyz=(-0.092, 0.040, 0.400), center=(247, 272)
[INFO] [1789634889.319559121] [vision_manager]: Book detected: xyz=(-0.086, -0.180, 0.400), center=(252, 97)
[INFO] [1789634889.321569690] [vision_manager]: Book detected: xyz=(-0.114, -0.096, 0.516), center=(250, 181)
[INFO] [1789634889.323598380] [vision_manager]: Book detected: xyz=(0.734, 0.005, 0.869), center=(588, 242)
[INFO] [1789634889.325585421] [vision_manager]: Book detected: xyz=(0.638, 0.000, 0.869), center=(553, 240)
[INFO] [1789634889.327555441] [vision_manager]: Book detected: xyz=(-0.093, -0.021, 0.411), center=(248, 224)
[INFO] [1789634889.329559765] [vision_manager]: Book detected: xyz=(-0.091, 0.040, 0.400), center=(248, 272)
[INFO] [1789634889.452221840] [vision_manager]: Book detected: xyz=(-0.086, -0.180, 0.400), center=(252, 97)
[INFO] [1789634889.453420589] [vision_manager]: Book detected: xyz=(0.734, 0.005, 0.869), center=(588, 242)
[INFO] [1789634889.454451402] [vision_manager]: Book detected: xyz=(-0.110, -0.096, 0.507), center=(251, 180)
[INFO] [1789634889.455436740] [vision_manager]: Book detected: xyz=(0.669, 0.000, 0.869), center=(564, 240)
[INFO] [1789634889.456518849] [vision_manager]: Book detected: xyz=(-0.091, -0.022, 0.403), center=(248, 223)
[INFO] [1789634889.457513890] [vision_manager]: Book detected: xyz=(-0.090, 0.042, 0.400), center=(249, 273)
[INFO] [1789634889.584962535] [vision_manager]: Book detected: xyz=(-0.086, -0.180, 0.400), center=(252, 97)
[INFO] [1789634889.586021094] [vision_manager]: Book detected: xyz=(-0.112, -0.096, 0.516), center=(251, 181)
[INFO] [1789634889.587058987] [vision_manager]: Book detected: xyz=(0.734, 0.005, 0.869), center=(588, 242)
[INFO] [1789634889.588079587] [vision_manager]: Book detected: xyz=(0.669, 0.000, 0.869), center=(564, 240)
[INFO] [1789634889.589035765] [vision_manager]: Book detected: xyz=(-0.092, -0.021, 0.411), center=(249, 224)
[INFO] [1789634889.589998155] [vision_manager]: Book detected: xyz=(-0.091, 0.042, 0.400), center=(248, 273)
[INFO] [1789634889.733182505] [vision_manager]: Book detected: xyz=(-0.086, -0.180, 0.400), center=(252, 97)
[INFO] [1789634889.734802364] [vision_manager]: Book detected: xyz=(0.734, 0.005, 0.869), center=(588, 242)
[INFO] [1789634889.736352810] [vision_manager]: Book detected: xyz=(-0.112, -0.096, 0.516), center=(251, 181)
[INFO] [1789634889.737903583] [vision_manager]: Book detected: xyz=(0.663, 0.000, 0.869), center=(562, 240)
[INFO] [1789634889.739570877] [vision_manager]: Book detected: xyz=(-0.092, -0.021, 0.411), center=(249, 224)
[INFO] [1789634889.741414638] [vision_manager]: Book detected: xyz=(-0.090, 0.043, 0.400), center=(249, 274)
[INFO] [1789634889.853182943] [vision_manager]: Book detected: xyz=(-0.086, -0.180, 0.400), center=(252, 97)
[INFO] [1789634889.854384977] [vision_manager]: Book detected: xyz=(-0.110, -0.096, 0.507), center=(251, 180)
[INFO] [1789634889.855520705] [vision_manager]: Book detected: xyz=(0.734, 0.005, 0.869), center=(588, 242)
[INFO] [1789634889.856651162] [vision_manager]: Book detected: xyz=(0.649, 0.000, 0.869), center=(557, 240)
[INFO] [1789634889.857771202] [vision_manager]: Book detected: xyz=(-0.098, -0.021, 0.439), center=(249, 225)
[INFO] [1789634889.858831342] [vision_manager]: Book detected: xyz=(-0.090, 0.042, 0.400), center=(249, 273)
[INFO] [1789634889.982684405] [vision_manager]: Book detected: xyz=(-0.086, -0.180, 0.400), center=(252, 97)
[INFO] [1789634889.984014936] [vision_manager]: Book detected: xyz=(-0.110, -0.096, 0.507), center=(251, 180)
[INFO] [1789634890.033662542] [vision_manager]: Book detected: xyz=(0.734, 0.005, 0.869), center=(588, 242)
[INFO] [1789634890.034416877] [vision_manager]: Book detected: xyz=(0.655, 0.000, 0.869), center=(559, 240)
[INFO] [1789634890.035139120] [vision_manager]: Book detected: xyz=(-0.098, -0.021, 0.439), center=(249, 225)
[INFO] [1789634890.035840706] [vision_manager]: Book detected: xyz=(-0.090, 0.040, 0.400), center=(249, 272)
[INFO] [1789634890.218598593] [vision_manager]: Book detected: xyz=(-0.086, -0.180, 0.400), center=(252, 97)
[INFO] [1789634890.220226098] [vision_manager]: Book detected: xyz=(-0.108, -0.096, 0.499), center=(251, 179)
[INFO] [1789634890.221769770] [vision_manager]: Book detected: xyz=(0.734, 0.005, 0.869), center=(588, 242)
[INFO] [1789634890.223401718] [vision_manager]: Book detected: xyz=(0.649, 0.000, 0.869), center=(557, 240)
[INFO] [1789634890.224922221] [vision_manager]: Book detected: xyz=(-0.092, -0.021, 0.411), center=(249, 224)
[INFO] [1789634890.368760901] [vision_manager]: Book detected: xyz=(-0.086, -0.180, 0.400), center=(252, 97)
[INFO] [1789634890.369837205] [vision_manager]: Book detected: xyz=(-0.110, -0.096, 0.507), center=(251, 180)
[INFO] [1789634890.370876916] [vision_manager]: Book detected: xyz=(0.734, 0.005, 0.869), center=(588, 242)
[INFO] [1789634890.371913663] [vision_manager]: Book detected: xyz=(0.647, 0.000, 0.869), center=(556, 240)
[INFO] [1789634890.372951390] [vision_manager]: Book detected: xyz=(-0.090, -0.022, 0.403), center=(249, 223)
[INFO] [1789634890.511985654] [vision_manager]: Book detected: xyz=(-0.086, -0.180, 0.400), center=(252, 97)
[INFO] [1789634890.513165222] [vision_manager]: Book detected: xyz=(-0.112, -0.096, 0.516), center=(251, 181)
[INFO] [1789634890.514270054] [vision_manager]: Book detected: xyz=(0.734, 0.005, 0.869), center=(588, 242)
[INFO] [1789634890.515388088] [vision_manager]: Book detected: xyz=(0.630, 0.000, 0.869), center=(550, 240)
[INFO] [1789634890.516348854] [vision_manager]: Book detected: xyz=(-0.098, -0.021, 0.439), center=(249, 225)
[INFO] [1789634890.517308150] [vision_manager]: Book detected: xyz=(-0.090, 0.040, 0.400), center=(249, 272)
[INFO] [1789634890.630864466] [vision_manager]: Book detected: xyz=(-0.086, -0.180, 0.400), center=(252, 97)
[INFO] [1789634890.632855412] [vision_manager]: Book detected: xyz=(-0.114, -0.096, 0.516), center=(250, 181)
[INFO] [1789634890.634490879] [vision_manager]: Book detected: xyz=(0.734, 0.005, 0.869), center=(588, 242)
[INFO] [1789634890.636115046] [vision_manager]: Book detected: xyz=(0.644, 0.000, 0.869), center=(555, 240)
[INFO] [1789634890.637777913] [vision_manager]: Book detected: xyz=(-0.092, -0.021, 0.411), center=(249, 224)
[INFO] [1789634890.639476999] [vision_manager]: Book detected: xyz=(-0.090, 0.040, 0.400), center=(249, 272)
[INFO] [1789634890.758797921] [vision_manager]: Book detected: xyz=(-0.086, -0.180, 0.400), center=(252, 97)
[INFO] [1789634890.760480647] [vision_manager]: Book detected: xyz=(-0.110, -0.096, 0.499), center=(250, 179)
[INFO] [1789634890.762093312] [vision_manager]: Book detected: xyz=(0.734, 0.005, 0.869), center=(588, 242)
[INFO] [1789634890.763698749] [vision_manager]: Book detected: xyz=(0.660, 0.000, 0.869), center=(561, 240)
[INFO] [1789634890.765307051] [vision_manager]: Book detected: xyz=(-0.098, -0.021, 0.439), center=(249, 225)
[INFO] [1789634890.766967927] [vision_manager]: Book detected: xyz=(-0.090, 0.040, 0.400), center=(249, 272)
[INFO] [1789634890.889713433] [vision_manager]: Book detected: xyz=(-0.086, -0.180, 0.400), center=(252, 97)
[INFO] [1789634890.890815697] [vision_manager]: Book detected: xyz=(-0.110, -0.096, 0.499), center=(250, 179)
[INFO] [1789634890.891823246] [vision_manager]: Book detected: xyz=(0.734, 0.005, 0.869), center=(588, 242)
[INFO] [1789634890.892823397] [vision_manager]: Book detected: xyz=(0.660, 0.000, 0.869), center=(561, 240)
[INFO] [1789634890.893824874] [vision_manager]: Book detected: xyz=(-0.093, -0.021, 0.411), center=(248, 224)
[INFO] [1789634890.894780127] [vision_manager]: Book detected: xyz=(-0.091, 0.040, 0.400), center=(248, 272)
[INFO] [1789634891.028100745] [vision_manager]: Book detected: xyz=(-0.086, -0.180, 0.400), center=(252, 97)
[INFO] [1789634891.029201794] [vision_manager]: Book detected: xyz=(-0.110, -0.096, 0.499), center=(250, 179)
[INFO] [1789634891.030203274] [vision_manager]: Book detected: xyz=(0.734, 0.005, 0.869), center=(588, 242)
[INFO] [1789634891.031194975] [vision_manager]: Book detected: xyz=(0.649, 0.000, 0.869), center=(557, 240)
[INFO] [1789634891.032211062] [vision_manager]: Book detected: xyz=(-0.093, -0.021, 0.411), center=(248, 224)
[INFO] [1789634891.033214402] [vision_manager]: Book detected: xyz=(-0.091, 0.040, 0.400), center=(248, 272)
[INFO] [1789634891.145401295] [vision_manager]: Book detected: xyz=(-0.086, -0.180, 0.400), center=(252, 97)
[INFO] [1789634891.146453447] [vision_manager]: Book detected: xyz=(0.734, 0.005, 0.869), center=(588, 242)
[INFO] [1789634891.147446769] [vision_manager]: Book detected: xyz=(-0.112, -0.096, 0.507), center=(250, 180)
[INFO] [1789634891.148430153] [vision_manager]: Book detected: xyz=(0.658, 0.000, 0.869), center=(560, 240)
[INFO] [1789634891.149427755] [vision_manager]: Book detected: xyz=(-0.091, -0.022, 0.403), center=(248, 223)
[INFO] [1789634891.150381589] [vision_manager]: Book detected: xyz=(-0.091, 0.040, 0.400), center=(248, 272)
[INFO] [1789634891.281224236] [vision_manager]: Book detected: xyz=(-0.087, -0.180, 0.400), center=(251, 97)
[INFO] [1789634891.282491566] [vision_manager]: Book detected: xyz=(0.734, 0.005, 0.869), center=(588, 242)
[INFO] [1789634891.283653489] [vision_manager]: Book detected: xyz=(-0.110, -0.096, 0.499), center=(250, 179)
[INFO] [1789634891.284854913] [vision_manager]: Book detected: xyz=(0.647, 0.000, 0.869), center=(556, 240)
[INFO] [1789634891.286103456] [vision_manager]: Book detected: xyz=(-0.090, -0.022, 0.403), center=(249, 223)
[INFO] [1789634891.287335767] [vision_manager]: Book detected: xyz=(-0.090, 0.042, 0.400), center=(249, 273)
[INFO] [1789634891.451447139] [vision_manager]: Book detected: xyz=(-0.086, -0.180, 0.400), center=(252, 97)
[INFO] [1789634891.452552853] [vision_manager]: Book detected: xyz=(-0.110, -0.096, 0.499), center=(250, 179)
[INFO] [1789634891.453596808] [vision_manager]: Book detected: xyz=(0.734, 0.005, 0.869), center=(588, 242)
[INFO] [1789634891.454626511] [vision_manager]: Book detected: xyz=(0.644, 0.000, 0.869), center=(555, 240)
[INFO] [1789634891.455672810] [vision_manager]: Book detected: xyz=(-0.092, -0.021, 0.411), center=(249, 224)
[INFO] [1789634891.456712027] [vision_manager]: Book detected: xyz=(-0.090, 0.040, 0.400), center=(249, 272)
[INFO] [1789634891.576765354] [vision_manager]: Book detected: xyz=(-0.086, -0.180, 0.400), center=(252, 97)
[INFO] [1789634891.578381797] [vision_manager]: Book detected: xyz=(-0.110, -0.096, 0.499), center=(250, 179)
[INFO] [1789634891.579822670] [vision_manager]: Book detected: xyz=(0.734, 0.005, 0.869), center=(588, 242)
[INFO] [1789634891.581253625] [vision_manager]: Book detected: xyz=(0.638, 0.000, 0.869), center=(553, 240)
[INFO] [1789634891.582721191] [vision_manager]: Book detected: xyz=(-0.098, -0.021, 0.439), center=(249, 225)
[INFO] [1789634891.584170736] [vision_manager]: Book detected: xyz=(-0.091, 0.040, 0.400), center=(248, 272)
[INFO] [1789634891.697308966] [vision_manager]: Book detected: xyz=(-0.086, -0.179, 0.401), center=(252, 98)
[INFO] [1789634891.698436788] [vision_manager]: Book detected: xyz=(-0.110, -0.096, 0.499), center=(250, 179)
[INFO] [1789634891.699469839] [vision_manager]: Book detected: xyz=(0.734, 0.005, 0.869), center=(588, 242)
[INFO] [1789634891.700505219] [vision_manager]: Book detected: xyz=(0.633, 0.000, 0.869), center=(551, 240)
[INFO] [1789634891.701548399] [vision_manager]: Book detected: xyz=(-0.092, -0.021, 0.411), center=(249, 224)
[INFO] [1789634891.702593710] [vision_manager]: Book detected: xyz=(-0.091, 0.039, 0.400), center=(248, 271)
[INFO] [1789634891.828490477] [vision_manager]: Book detected: xyz=(-0.087, -0.180, 0.400), center=(251, 97)
[INFO] [1789634891.830439899] [vision_manager]: Book detected: xyz=(0.734, 0.005, 0.869), center=(588, 242)
[INFO] [1789634891.832130703] [vision_manager]: Book detected: xyz=(-0.114, -0.096, 0.507), center=(249, 180)
[INFO] [1789634891.833824408] [vision_manager]: Book detected: xyz=(0.633, 0.000, 0.869), center=(551, 240)
[INFO] [1789634891.835557365] [vision_manager]: Book detected: xyz=(-0.093, -0.021, 0.411), center=(248, 224)
[INFO] [1789634891.837257163] [vision_manager]: Book detected: xyz=(-0.091, 0.042, 0.400), center=(248, 273)
[INFO] [1789634891.945345651] [vision_manager]: Book detected: xyz=(-0.086, -0.180, 0.400), center=(252, 97)
[INFO] [1789634891.947279462] [vision_manager]: Book detected: xyz=(-0.112, -0.096, 0.507), center=(250, 180)
[INFO] [1789634891.949477069] [vision_manager]: Book detected: xyz=(0.734, 0.005, 0.869), center=(588, 242)
[INFO] [1789634891.951342148] [vision_manager]: Book detected: xyz=(0.638, 0.000, 0.869), center=(553, 240)
[INFO] [1789634891.953355273] [vision_manager]: Book detected: xyz=(-0.092, -0.021, 0.411), center=(249, 224)
[INFO] [1789634891.955279250] [vision_manager]: Book detected: xyz=(-0.091, 0.040, 0.400), center=(248, 272)
[INFO] [1789634892.086059831] [vision_manager]: Book detected: xyz=(-0.087, -0.180, 0.400), center=(251, 97)
[INFO] [1789634892.087293006] [vision_manager]: Book detected: xyz=(-0.112, -0.096, 0.507), center=(250, 180)
[INFO] [1789634892.088480987] [vision_manager]: Book detected: xyz=(0.734, 0.005, 0.869), center=(588, 242)
[INFO] [1789634892.089668586] [vision_manager]: Book detected: xyz=(0.619, 0.000, 0.869), center=(546, 240)
[INFO] [1789634892.090804404] [vision_manager]: Book detected: xyz=(-0.100, -0.021, 0.439), center=(248, 225)
[INFO] [1789634892.091852091] [vision_manager]: Book detected: xyz=(-0.091, 0.040, 0.400), center=(248, 272)
[INFO] [1789634892.196846263] [vision_manager]: Book detected: xyz=(-0.087, -0.180, 0.400), center=(251, 97)
[INFO] [1789634892.198483719] [vision_manager]: Book detected: xyz=(-0.110, -0.096, 0.499), center=(250, 179)
[INFO] [1789634892.199798554] [vision_manager]: Book detected: xyz=(0.734, 0.005, 0.869), center=(588, 242)
[INFO] [1789634892.201195743] [vision_manager]: Book detected: xyz=(0.638, 0.000, 0.869), center=(553, 240)
[INFO] [1789634892.202534870] [vision_manager]: Book detected: xyz=(-0.098, -0.021, 0.439), center=(249, 225)
[INFO] [1789634892.203851308] [vision_manager]: Book detected: xyz=(-0.091, 0.034, 0.400), center=(248, 267)
[INFO] [1789634892.328532962] [vision_manager]: Book detected: xyz=(-0.086, -0.180, 0.400), center=(252, 97)
[INFO] [1789634892.329789641] [vision_manager]: Book detected: xyz=(-0.108, -0.096, 0.499), center=(251, 179)
[INFO] [1789634892.330992524] [vision_manager]: Book detected: xyz=(0.734, 0.005, 0.869), center=(588, 242)
[INFO] [1789634892.332205668] [vision_manager]: Book detected: xyz=(0.633, 0.000, 0.869), center=(551, 240)
[INFO] [1789634892.333431373] [vision_manager]: Book detected: xyz=(-0.092, -0.021, 0.411), center=(249, 224)
[INFO] [1789634892.334526727] [vision_manager]: Book detected: xyz=(-0.091, 0.040, 0.400), center=(248, 272)
[INFO] [1789634892.462762542] [vision_manager]: Book detected: xyz=(-0.087, -0.180, 0.400), center=(251, 97)
[INFO] [1789634892.464223499] [vision_manager]: Book detected: xyz=(-0.108, -0.096, 0.491), center=(250, 178)
[INFO] [1789634892.465608830] [vision_manager]: Book detected: xyz=(0.734, 0.005, 0.869), center=(588, 242)
[INFO] [1789634892.467578654] [vision_manager]: Book detected: xyz=(0.619, 0.000, 0.869), center=(546, 240)
[INFO] [1789634892.469214790] [vision_manager]: Book detected: xyz=(-0.100, -0.021, 0.439), center=(248, 225)
[INFO] [1789634892.470336346] [vision_manager]: Book detected: xyz=(-0.091, 0.035, 0.400), center=(248, 268)
[INFO] [1789634892.607482582] [vision_manager]: Book detected: xyz=(-0.087, -0.179, 0.401), center=(251, 98)
[INFO] [1789634892.608559405] [vision_manager]: Book detected: xyz=(-0.110, -0.096, 0.499), center=(250, 179)
[INFO] [1789634892.609601441] [vision_manager]: Book detected: xyz=(0.734, 0.005, 0.869), center=(588, 242)
[INFO] [1789634892.610674780] [vision_manager]: Book detected: xyz=(0.633, 0.000, 0.869), center=(551, 240)
[INFO] [1789634892.611716277] [vision_manager]: Book detected: xyz=(-0.100, -0.021, 0.439), center=(248, 225)
[INFO] [1789634892.612713540] [vision_manager]: Book detected: xyz=(-0.091, 0.033, 0.400), center=(248, 266)
[INFO] [1789634892.722517053] [vision_manager]: Book detected: xyz=(-0.087, -0.179, 0.401), center=(251, 98)
[INFO] [1789634892.723765959] [vision_manager]: Book detected: xyz=(-0.108, -0.096, 0.491), center=(250, 178)
[INFO] [1789634892.724943726] [vision_manager]: Book detected: xyz=(0.734, 0.005, 0.869), center=(588, 242)
[INFO] [1789634892.726139480] [vision_manager]: Book detected: xyz=(0.644, 0.000, 0.869), center=(555, 240)
[INFO] [1789634892.727325746] [vision_manager]: Book detected: xyz=(-0.098, -0.021, 0.439), center=(249, 225)
[INFO] [1789634892.728506654] [vision_manager]: Book detected: xyz=(-0.090, 0.037, 0.400), center=(249, 269)
[INFO] [1789634892.851429131] [vision_manager]: Book detected: xyz=(-0.087, -0.179, 0.401), center=(251, 98)
[INFO] [1789634892.853159545] [vision_manager]: Book detected: xyz=(-0.110, -0.096, 0.499), center=(250, 179)
[INFO] [1789634892.854832761] [vision_manager]: Book detected: xyz=(0.734, 0.005, 0.869), center=(588, 242)
[INFO] [1789634892.856339294] [vision_manager]: Book detected: xyz=(0.644, 0.000, 0.869), center=(555, 240)
[INFO] [1789634892.857697018] [vision_manager]: Book detected: xyz=(-0.092, -0.021, 0.411), center=(249, 224)
[INFO] [1789634892.859116776] [vision_manager]: Book detected: xyz=(-0.091, 0.037, 0.400), center=(248, 269)
[INFO] [1789634892.965513679] [vision_manager]: Book detected: xyz=(-0.087, -0.180, 0.400), center=(251, 97)
[INFO] [1789634892.967256902] [vision_manager]: Book detected: xyz=(-0.114, -0.096, 0.516), center=(250, 181)
[INFO] [1789634892.968928276] [vision_manager]: Book detected: xyz=(0.734, 0.005, 0.869), center=(588, 242)
[INFO] [1789634892.970587135] [vision_manager]: Book detected: xyz=(0.652, 0.000, 0.869), center=(558, 240)
[INFO] [1789634892.972246477] [vision_manager]: Book detected: xyz=(-0.093, -0.021, 0.411), center=(248, 224)
[INFO] [1789634892.973687883] [vision_manager]: Book detected: xyz=(-0.091, 0.037, 0.400), center=(248, 269)
[INFO] [1789634893.082613498] [vision_manager]: Book detected: xyz=(-0.087, -0.179, 0.401), center=(251, 98)
[INFO] [1789634893.084420621] [vision_manager]: Book detected: xyz=(-0.112, -0.096, 0.516), center=(251, 181)
[INFO] [1789634893.086177765] [vision_manager]: Book detected: xyz=(0.734, 0.005, 0.869), center=(588, 242)
[INFO] [1789634893.087881377] [vision_manager]: Book detected: xyz=(0.652, 0.000, 0.869), center=(558, 240)
[INFO] [1789634893.089611787] [vision_manager]: Book detected: xyz=(-0.100, -0.021, 0.439), center=(248, 225)
[INFO] [1789634893.091354317] [vision_manager]: Book detected: xyz=(-0.091, 0.035, 0.400), center=(248, 268)
[INFO] [1789634893.196707874] [vision_manager]: Book detected: xyz=(-0.086, -0.180, 0.400), center=(252, 97)
[INFO] [1789634893.198034132] [vision_manager]: Book detected: xyz=(-0.110, -0.096, 0.507), center=(251, 180)
[INFO] [1789634893.199213931] [vision_manager]: Book detected: xyz=(0.734, 0.005, 0.869), center=(588, 242)
[INFO] [1789634893.200353026] [vision_manager]: Book detected: xyz=(0.636, 0.000, 0.869), center=(552, 240)
[INFO] [1789634893.201497008] [vision_manager]: Book detected: xyz=(-0.098, -0.021, 0.439), center=(249, 225)
[INFO] [1789634893.310880872] [vision_manager]: Book detected: xyz=(-0.086, -0.180, 0.400), center=(252, 97)
[INFO] [1789634893.312171270] [vision_manager]: Book detected: xyz=(-0.112, -0.096, 0.516), center=(251, 181)
[INFO] [1789634893.313371581] [vision_manager]: Book detected: xyz=(0.734, 0.005, 0.869), center=(588, 242)
[INFO] [1789634893.314526126] [vision_manager]: Book detected: xyz=(0.649, 0.000, 0.869), center=(557, 240)
[INFO] [1789634893.315627500] [vision_manager]: Book detected: xyz=(-0.098, -0.021, 0.439), center=(249, 225)
[INFO] [1789634893.316669549] [vision_manager]: Book detected: xyz=(-0.090, 0.034, 0.400), center=(249, 267)
[INFO] [1789634893.427451755] [vision_manager]: Book detected: xyz=(-0.086, -0.180, 0.400), center=(252, 97)
[INFO] [1789634893.429109168] [vision_manager]: Book detected: xyz=(-0.112, -0.096, 0.516), center=(251, 181)
[INFO] [1789634893.430704122] [vision_manager]: Book detected: xyz=(0.734, 0.005, 0.869), center=(588, 242)
[INFO] [1789634893.432153826] [vision_manager]: Book detected: xyz=(0.647, 0.000, 0.869), center=(556, 240)
[INFO] [1789634893.433483610] [vision_manager]: Book detected: xyz=(-0.106, -0.021, 0.472), center=(249, 226)
[INFO] [1789634893.434805316] [vision_manager]: Book detected: xyz=(-0.090, 0.030, 0.400), center=(249, 264)
[INFO] [1789634893.435710901] [vision_manager]: No placeable empty shelf position found
[INFO] [1789634893.559761113] [vision_manager]: Book detected: xyz=(-0.086, -0.180, 0.400), center=(252, 97)
[INFO] [1789634893.560838513] [vision_manager]: Book detected: xyz=(-0.114, -0.096, 0.516), center=(250, 181)
[INFO] [1789634893.561842163] [vision_manager]: Book detected: xyz=(0.734, 0.005, 0.869), center=(588, 242)
[INFO] [1789634893.562837013] [vision_manager]: Book detected: xyz=(0.636, 0.000, 0.869), center=(552, 240)
[INFO] [1789634893.563841550] [vision_manager]: Book detected: xyz=(-0.098, -0.021, 0.439), center=(249, 225)
[INFO] [1789634893.564848763] [vision_manager]: Book detected: xyz=(-0.091, 0.034, 0.400), center=(248, 267)
[INFO] [1789634893.678533473] [vision_manager]: Book detected: xyz=(-0.086, -0.179, 0.401), center=(252, 98)
[INFO] [1789634893.679911326] [vision_manager]: Book detected: xyz=(-0.114, -0.096, 0.516), center=(250, 181)
[INFO] [1789634893.681290135] [vision_manager]: Book detected: xyz=(0.734, 0.005, 0.869), center=(588, 242)
[INFO] [1789634893.682731900] [vision_manager]: Book detected: xyz=(0.619, 0.000, 0.869), center=(546, 240)
[INFO] [1789634893.684108771] [vision_manager]: Book detected: xyz=(-0.098, -0.021, 0.439), center=(249, 225)
[INFO] [1789634893.685280384] [vision_manager]: Book detected: xyz=(-0.090, 0.037, 0.400), center=(249, 269)
[INFO] [1789634893.792153995] [vision_manager]: Book detected: xyz=(-0.086, -0.179, 0.401), center=(252, 98)
[INFO] [1789634893.793545726] [vision_manager]: Book detected: xyz=(-0.112, -0.096, 0.507), center=(250, 180)
[INFO] [1789634893.795289207] [vision_manager]: Book detected: xyz=(0.734, 0.005, 0.869), center=(588, 242)
[INFO] [1789634893.796837590] [vision_manager]: Book detected: xyz=(0.622, 0.000, 0.869), center=(547, 240)
[INFO] [1789634893.797916612] [vision_manager]: Book detected: xyz=(-0.098, -0.021, 0.439), center=(249, 225)
[INFO] [1789634893.798934851] [vision_manager]: Book detected: xyz=(-0.090, 0.032, 0.400), center=(249, 265)
[INFO] [1789634893.928764452] [vision_manager]: Book detected: xyz=(-0.086, -0.180, 0.400), center=(252, 97)
[INFO] [1789634893.931168210] [vision_manager]: Book detected: xyz=(-0.114, -0.096, 0.525), center=(251, 182)
[INFO] [1789634893.933252371] [vision_manager]: Book detected: xyz=(0.734, 0.005, 0.869), center=(588, 242)
[INFO] [1789634893.935032021] [vision_manager]: Book detected: xyz=(0.627, 0.000, 0.869), center=(549, 240)
[INFO] [1789634893.936408881] [vision_manager]: Book detected: xyz=(-0.098, -0.021, 0.439), center=(249, 225)
[INFO] [1789634894.044271068] [vision_manager]: Book detected: xyz=(-0.086, -0.179, 0.401), center=(252, 98)
[INFO] [1789634894.045337440] [vision_manager]: Book detected: xyz=(-0.110, -0.096, 0.507), center=(251, 180)
[INFO] [1789634894.046389207] [vision_manager]: Book detected: xyz=(0.734, 0.005, 0.869), center=(588, 242)
[INFO] [1789634894.047402481] [vision_manager]: Book detected: xyz=(0.616, 0.000, 0.869), center=(545, 240)
[INFO] [1789634894.048410228] [vision_manager]: Book detected: xyz=(-0.126, 0.000, 0.563), center=(249, 240)
[INFO] [1789634894.049447910] [vision_manager]: Book detected: xyz=(-0.090, 0.030, 0.400), center=(249, 264)
[INFO] [1789634894.050092654] [vision_manager]: No placeable empty shelf position found
[INFO] [1789634894.170891224] [vision_manager]: Book detected: xyz=(-0.085, -0.179, 0.401), center=(253, 98)
[INFO] [1789634894.172011438] [vision_manager]: Book detected: xyz=(-0.114, -0.096, 0.525), center=(251, 182)
[INFO] [1789634894.173038546] [vision_manager]: Book detected: xyz=(0.734, 0.005, 0.869), center=(588, 242)
[INFO] [1789634894.174084903] [vision_manager]: Book detected: xyz=(0.616, 0.000, 0.869), center=(545, 240)
[INFO] [1789634894.175062228] [vision_manager]: Book detected: xyz=(-0.126, 0.000, 0.563), center=(249, 240)
[INFO] [1789634894.175697194] [vision_manager]: No placeable empty shelf position found
[INFO] [1789634894.297991168] [vision_manager]: Book detected: xyz=(-0.085, -0.179, 0.401), center=(253, 98)
[INFO] [1789634894.299169214] [vision_manager]: Book detected: xyz=(-0.114, -0.096, 0.516), center=(250, 181)
[INFO] [1789634894.300236105] [vision_manager]: Book detected: xyz=(0.734, 0.005, 0.869), center=(588, 242)
[INFO] [1789634894.301277171] [vision_manager]: Book detected: xyz=(0.616, 0.000, 0.869), center=(545, 240)
[INFO] [1789634894.303988204] [vision_manager]: Book detected: xyz=(-0.126, 0.002, 0.563), center=(249, 241)
[INFO] [1789634894.305198928] [vision_manager]: Book detected: xyz=(-0.091, 0.022, 0.402), center=(248, 257)
[INFO] [1789634894.305917339] [vision_manager]: No placeable empty shelf position found
[INFO] [1789634894.428243896] [vision_manager]: Book detected: xyz=(-0.086, -0.179, 0.401), center=(252, 98)
[INFO] [1789634894.429278130] [vision_manager]: Book detected: xyz=(-0.114, -0.096, 0.516), center=(250, 181)
[INFO] [1789634894.430294375] [vision_manager]: Book detected: xyz=(0.734, 0.005, 0.869), center=(588, 242)
[INFO] [1789634894.431230774] [vision_manager]: Book detected: xyz=(0.638, 0.000, 0.869), center=(553, 240)
[INFO] [1789634894.432135170] [vision_manager]: Book detected: xyz=(-0.114, -0.021, 0.511), center=(249, 227)
[INFO] [1789634894.433027005] [vision_manager]: Book detected: xyz=(-0.090, 0.032, 0.400), center=(249, 265)
[INFO] [1789634894.433612564] [vision_manager]: No placeable empty shelf position found
[INFO] [1789634894.573133057] [vision_manager]: Book detected: xyz=(-0.086, -0.180, 0.400), center=(252, 97)
[INFO] [1789634894.574370062] [vision_manager]: Book detected: xyz=(-0.112, -0.096, 0.516), center=(251, 181)
[INFO] [1789634894.575424660] [vision_manager]: Book detected: xyz=(0.734, 0.005, 0.869), center=(588, 242)
[INFO] [1789634894.576446809] [vision_manager]: Book detected: xyz=(0.619, 0.000, 0.869), center=(546, 240)
[INFO] [1789634894.577463822] [vision_manager]: Book detected: xyz=(-0.124, -0.021, 0.556), center=(249, 228)
[INFO] [1789634894.578138875] [vision_manager]: No placeable empty shelf position found
[INFO] [1789634894.701215755] [vision_manager]: Book detected: xyz=(-0.086, -0.179, 0.401), center=(252, 98)
[INFO] [1789634894.703102541] [vision_manager]: Book detected: xyz=(-0.112, -0.096, 0.516), center=(251, 181)
[INFO] [1789634894.704657156] [vision_manager]: Book detected: xyz=(0.734, 0.005, 0.869), center=(588, 242)
[INFO] [1789634894.705796104] [vision_manager]: Book detected: xyz=(0.622, 0.000, 0.869), center=(547, 240)
[INFO] [1789634894.706858586] [vision_manager]: Book detected: xyz=(-0.090, -0.022, 0.403), center=(249, 223)
[INFO] [1789634894.708133736] [vision_manager]: Book detected: xyz=(-0.091, 0.033, 0.400), center=(248, 266)
[INFO] [1789634894.826336065] [vision_manager]: Book detected: xyz=(-0.086, -0.179, 0.401), center=(252, 98)
[INFO] [1789634894.828060656] [vision_manager]: Book detected: xyz=(-0.114, -0.096, 0.516), center=(250, 181)
[INFO] [1789634894.829720713] [vision_manager]: Book detected: xyz=(0.734, 0.005, 0.869), center=(588, 242)
[INFO] [1789634894.831827494] [vision_manager]: Book detected: xyz=(0.644, 0.000, 0.869), center=(555, 240)
[INFO] [1789634894.833887539] [vision_manager]: Book detected: xyz=(-0.090, -0.024, 0.402), center=(249, 221)
[INFO] [1789634894.835825110] [vision_manager]: Book detected: xyz=(-0.091, 0.037, 0.400), center=(248, 269)
[INFO] [1789634894.978001839] [vision_manager]: Book detected: xyz=(-0.086, -0.179, 0.401), center=(252, 98)
[INFO] [1789634894.979986438] [vision_manager]: Book detected: xyz=(-0.112, -0.096, 0.516), center=(251, 181)
[INFO] [1789634894.981443984] [vision_manager]: Book detected: xyz=(0.734, 0.005, 0.869), center=(588, 242)
[INFO] [1789634894.982882313] [vision_manager]: Book detected: xyz=(0.641, 0.000, 0.869), center=(554, 240)
[INFO] [1789634894.984328176] [vision_manager]: Book detected: xyz=(-0.090, -0.022, 0.403), center=(249, 223)
[INFO] [1789634894.985821147] [vision_manager]: Book detected: xyz=(-0.091, 0.037, 0.400), center=(248, 269)
[INFO] [1789634895.219484567] [vision_manager]: Book detected: xyz=(-0.086, -0.180, 0.400), center=(252, 97)
[INFO] [1789634895.222099890] [vision_manager]: Book detected: xyz=(-0.110, -0.096, 0.507), center=(251, 180)
[INFO] [1789634895.224773902] [vision_manager]: Book detected: xyz=(0.734, 0.005, 0.869), center=(588, 242)
[INFO] [1789634895.227057481] [vision_manager]: Book detected: xyz=(0.627, 0.000, 0.869), center=(549, 240)
[INFO] [1789634895.229403335] [vision_manager]: Book detected: xyz=(-0.089, -0.025, 0.401), center=(250, 220)
[INFO] [1789634895.231816738] [vision_manager]: Book detected: xyz=(-0.090, 0.038, 0.400), center=(249, 270)
[INFO] [1789634895.380620091] [vision_manager]: Book detected: xyz=(-0.086, -0.179, 0.401), center=(252, 98)
[INFO] [1789634895.382308782] [vision_manager]: Book detected: xyz=(-0.110, -0.096, 0.507), center=(251, 180)
[INFO] [1789634895.383892347] [vision_manager]: Book detected: xyz=(0.737, 0.005, 0.869), center=(589, 242)
[INFO] [1789634895.385402291] [vision_manager]: Book detected: xyz=(0.658, 0.000, 0.869), center=(560, 240)
[INFO] [1789634895.386708841] [vision_manager]: Book detected: xyz=(-0.090, -0.025, 0.401), center=(249, 220)
[INFO] [1789634895.388151496] [vision_manager]: Book detected: xyz=(-0.091, 0.038, 0.400), center=(248, 270)
[INFO] [1789634895.528491458] [vision_manager]: Book detected: xyz=(-0.086, -0.180, 0.400), center=(252, 97)
[INFO] [1789634895.530631773] [vision_manager]: Book detected: xyz=(-0.110, -0.096, 0.507), center=(251, 180)
[INFO] [1789634895.532791108] [vision_manager]: Book detected: xyz=(0.737, 0.005, 0.869), center=(589, 242)
[INFO] [1789634895.534865170] [vision_manager]: Book detected: xyz=(0.658, 0.000, 0.869), center=(560, 240)
[INFO] [1789634895.536947093] [vision_manager]: Book detected: xyz=(-0.114, -0.021, 0.511), center=(249, 227)
[INFO] [1789634895.538750842] [vision_manager]: Book detected: xyz=(-0.090, 0.040, 0.400), center=(249, 272)
[INFO] [1789634895.539827716] [vision_manager]: No placeable empty shelf position found
[INFO] [1789634895.701186831] [vision_manager]: Book detected: xyz=(-0.086, -0.180, 0.400), center=(252, 97)
[INFO] [1789634895.702238021] [vision_manager]: Book detected: xyz=(-0.110, -0.096, 0.507), center=(251, 180)
[INFO] [1789634895.703246688] [vision_manager]: Book detected: xyz=(0.734, 0.005, 0.869), center=(588, 242)
[INFO] [1789634895.704252262] [vision_manager]: Book detected: xyz=(0.652, 0.000, 0.869), center=(558, 240)
[INFO] [1789634895.705261336] [vision_manager]: Book detected: xyz=(-0.106, -0.021, 0.472), center=(249, 226)
[INFO] [1789634895.705918581] [vision_manager]: No placeable empty shelf position found
[INFO] [1789634895.851533389] [vision_manager]: Book detected: xyz=(-0.086, -0.179, 0.401), center=(252, 98)
[INFO] [1789634895.852551808] [vision_manager]: Book detected: xyz=(-0.110, -0.096, 0.507), center=(251, 180)
[INFO] [1789634895.853488501] [vision_manager]: Book detected: xyz=(0.734, 0.005, 0.869), center=(588, 242)
[INFO] [1789634895.854434802] [vision_manager]: Book detected: xyz=(0.644, 0.000, 0.869), center=(555, 240)
[INFO] [1789634895.855365738] [vision_manager]: Book detected: xyz=(-0.114, -0.021, 0.511), center=(249, 227)
[INFO] [1789634895.856333458] [vision_manager]: Book detected: xyz=(-0.090, 0.039, 0.400), center=(249, 271)
[INFO] [1789634895.856936543] [vision_manager]: No placeable empty shelf position found
[INFO] [1789634896.001821937] [vision_manager]: Book detected: xyz=(-0.085, -0.179, 0.401), center=(253, 98)
[INFO] [1789634896.002904202] [vision_manager]: Book detected: xyz=(-0.112, -0.096, 0.516), center=(251, 181)
[INFO] [1789634896.003929911] [vision_manager]: Book detected: xyz=(0.734, 0.005, 0.869), center=(588, 242)
[INFO] [1789634896.004952127] [vision_manager]: Book detected: xyz=(0.638, 0.000, 0.869), center=(553, 240)
[INFO] [1789634896.005956267] [vision_manager]: Book detected: xyz=(-0.089, -0.023, 0.402), center=(250, 222)
[INFO] [1789634896.006915202] [vision_manager]: Book detected: xyz=(-0.090, 0.034, 0.400), center=(249, 267)
[INFO] [1789634896.152212142] [vision_manager]: Book detected: xyz=(-0.085, -0.179, 0.401), center=(253, 98)
[INFO] [1789634896.153252611] [vision_manager]: Book detected: xyz=(-0.110, -0.096, 0.507), center=(251, 180)
[INFO] [1789634896.154251273] [vision_manager]: Book detected: xyz=(0.734, 0.005, 0.869), center=(588, 242)
[INFO] [1789634896.155257377] [vision_manager]: Book detected: xyz=(0.649, 0.000, 0.869), center=(557, 240)
[INFO] [1789634896.156267334] [vision_manager]: Book detected: xyz=(-0.114, -0.021, 0.511), center=(249, 227)
[INFO] [1789634896.156913268] [vision_manager]: No placeable empty shelf position found
[INFO] [1789634896.283186180] [vision_manager]: Book detected: xyz=(-0.085, -0.179, 0.401), center=(253, 98)
[INFO] [1789634896.284587730] [vision_manager]: Book detected: xyz=(-0.111, -0.096, 0.516), center=(252, 181)
[INFO] [1789634896.285714612] [vision_manager]: Book detected: xyz=(0.734, 0.005, 0.869), center=(588, 242)
[INFO] [1789634896.286864934] [vision_manager]: Book detected: xyz=(0.652, 0.000, 0.869), center=(558, 240)
[INFO] [1789634896.288002018] [vision_manager]: Book detected: xyz=(-0.106, -0.021, 0.472), center=(249, 226)
[INFO] [1789634896.288741745] [vision_manager]: No placeable empty shelf position found
[INFO] [1789634896.434017469] [vision_manager]: Book detected: xyz=(-0.085, -0.179, 0.401), center=(253, 98)
[INFO] [1789634896.436988351] [vision_manager]: Book detected: xyz=(-0.109, -0.096, 0.507), center=(252, 180)
[INFO] [1789634896.439293087] [vision_manager]: Book detected: xyz=(0.734, 0.005, 0.869), center=(588, 242)
[INFO] [1789634896.441455102] [vision_manager]: Book detected: xyz=(0.671, 0.000, 0.869), center=(565, 240)
[INFO] [1789634896.443718525] [vision_manager]: Book detected: xyz=(-0.124, -0.021, 0.556), center=(249, 228)
[INFO] [1789634896.445074379] [vision_manager]: No placeable empty shelf position found
[INFO] [1789634896.581963652] [vision_manager]: Book detected: xyz=(-0.085, -0.179, 0.401), center=(253, 98)
[INFO] [1789634896.583070501] [vision_manager]: Book detected: xyz=(-0.111, -0.096, 0.516), center=(252, 181)
[INFO] [1789634896.584609753] [vision_manager]: Book detected: xyz=(0.734, 0.005, 0.869), center=(588, 242)
[INFO] [1789634896.586116124] [vision_manager]: Book detected: xyz=(0.666, 0.000, 0.869), center=(563, 240)
[INFO] [1789634896.587520433] [vision_manager]: Book detected: xyz=(-0.114, -0.021, 0.511), center=(249, 227)
[INFO] [1789634896.588197902] [vision_manager]: No placeable empty shelf position found
[INFO] [1789634896.709276976] [vision_manager]: Book detected: xyz=(-0.085, -0.179, 0.401), center=(253, 98)
[INFO] [1789634896.710566372] [vision_manager]: Book detected: xyz=(-0.114, -0.096, 0.525), center=(251, 182)
[INFO] [1789634896.711936401] [vision_manager]: Book detected: xyz=(0.734, 0.005, 0.869), center=(588, 242)
[INFO] [1789634896.713206226] [vision_manager]: Book detected: xyz=(0.652, 0.000, 0.869), center=(558, 240)
[INFO] [1789634896.714437834] [vision_manager]: Book detected: xyz=(-0.090, -0.027, 0.401), center=(249, 219)
[INFO] [1789634896.715627451] [vision_manager]: Book detected: xyz=(-0.091, 0.030, 0.400), center=(248, 264)
[INFO] [1789634896.826707781] [vision_manager]: Book detected: xyz=(-0.085, -0.179, 0.401), center=(253, 98)
[INFO] [1789634896.828565431] [vision_manager]: Book detected: xyz=(-0.116, -0.096, 0.534), center=(251, 183)
[INFO] [1789634896.830479403] [vision_manager]: Book detected: xyz=(0.734, 0.005, 0.869), center=(588, 242)
[INFO] [1789634896.831784428] [vision_manager]: Book detected: xyz=(0.649, 0.000, 0.869), center=(557, 240)
[INFO] [1789634896.832976785] [vision_manager]: Book detected: xyz=(-0.089, -0.023, 0.402), center=(250, 222)
[INFO] [1789634896.834133121] [vision_manager]: Book detected: xyz=(-0.090, 0.024, 0.401), center=(249, 259)
[INFO] [1789634896.936922849] [vision_manager]: Book detected: xyz=(-0.085, -0.179, 0.401), center=(253, 98)
[INFO] [1789634896.938198102] [vision_manager]: Book detected: xyz=(-0.112, -0.096, 0.516), center=(251, 181)
[INFO] [1789634896.939388652] [vision_manager]: Book detected: xyz=(0.734, 0.005, 0.869), center=(588, 242)
[INFO] [1789634896.940574947] [vision_manager]: Book detected: xyz=(0.630, 0.000, 0.869), center=(550, 240)
[INFO] [1789634896.941757637] [vision_manager]: Book detected: xyz=(-0.114, -0.021, 0.511), center=(249, 227)
[INFO] [1789634896.942434259] [vision_manager]: No placeable empty shelf position found
[INFO] [1789634897.070525953] [vision_manager]: Book detected: xyz=(-0.085, -0.179, 0.401), center=(253, 98)
[INFO] [1789634897.071519081] [vision_manager]: Book detected: xyz=(-0.114, -0.096, 0.525), center=(251, 182)
[INFO] [1789634897.072459181] [vision_manager]: Book detected: xyz=(0.734, 0.005, 0.869), center=(588, 242)
[INFO] [1789634897.073389082] [vision_manager]: Book detected: xyz=(0.641, 0.000, 0.869), center=(554, 240)
[INFO] [1789634897.074304500] [vision_manager]: Book detected: xyz=(-0.106, -0.021, 0.472), center=(249, 226)
[INFO] [1789634897.074913187] [vision_manager]: No placeable empty shelf position found
[INFO] [1789634897.198143803] [vision_manager]: Book detected: xyz=(-0.085, -0.179, 0.401), center=(253, 98)
[INFO] [1789634897.199343391] [vision_manager]: Book detected: xyz=(-0.114, -0.096, 0.525), center=(251, 182)
[INFO] [1789634897.200399465] [vision_manager]: Book detected: xyz=(0.734, 0.005, 0.869), center=(588, 242)
[INFO] [1789634897.201503594] [vision_manager]: Book detected: xyz=(0.638, 0.000, 0.869), center=(553, 240)
[INFO] [1789634897.202555654] [vision_manager]: Book detected: xyz=(-0.104, -0.021, 0.472), center=(250, 226)
[INFO] [1789634897.203183057] [vision_manager]: No placeable empty shelf position found
[INFO] [1789634897.359652572] [vision_manager]: Book detected: xyz=(-0.085, -0.180, 0.400), center=(253, 97)
[INFO] [1789634897.360871182] [vision_manager]: Book detected: xyz=(-0.113, -0.096, 0.525), center=(252, 182)
[INFO] [1789634897.362031609] [vision_manager]: Book detected: xyz=(0.734, 0.005, 0.869), center=(588, 242)
[INFO] [1789634897.363186787] [vision_manager]: Book detected: xyz=(0.641, 0.000, 0.869), center=(554, 240)
[INFO] [1789634897.364461022] [vision_manager]: Book detected: xyz=(-0.104, -0.021, 0.472), center=(250, 226)
[INFO] [1789634897.365141039] [vision_manager]: No placeable empty shelf position found
[INFO] [1789634897.537214390] [vision_manager]: Book detected: xyz=(-0.085, -0.180, 0.400), center=(253, 97)
[INFO] [1789634897.538742269] [vision_manager]: Book detected: xyz=(-0.113, -0.096, 0.525), center=(252, 182)
[INFO] [1789634897.540216298] [vision_manager]: Book detected: xyz=(0.734, 0.005, 0.869), center=(588, 242)
[INFO] [1789634897.541598831] [vision_manager]: Book detected: xyz=(0.649, 0.000, 0.869), center=(557, 240)
[INFO] [1789634897.542970783] [vision_manager]: Book detected: xyz=(-0.104, -0.021, 0.472), center=(250, 226)
[INFO] [1789634897.543857529] [vision_manager]: No placeable empty shelf position found
[INFO] [1789634897.703006597] [vision_manager]: Book detected: xyz=(-0.085, -0.180, 0.400), center=(253, 97)
[INFO] [1789634897.705310419] [vision_manager]: Book detected: xyz=(-0.112, -0.096, 0.516), center=(251, 181)
[INFO] [1789634897.707391473] [vision_manager]: Book detected: xyz=(0.734, 0.005, 0.869), center=(588, 242)
[INFO] [1789634897.708633029] [vision_manager]: Book detected: xyz=(0.644, 0.000, 0.869), center=(555, 240)
[INFO] [1789634897.709811441] [vision_manager]: Book detected: xyz=(-0.113, -0.021, 0.511), center=(250, 227)
[INFO] [1789634897.710557628] [vision_manager]: No placeable empty shelf position found
[INFO] [1789634897.857312183] [vision_manager]: Book detected: xyz=(-0.086, -0.180, 0.400), center=(252, 97)
[INFO] [1789634897.859798895] [vision_manager]: Book detected: xyz=(-0.112, -0.096, 0.516), center=(251, 181)
[INFO] [1789634897.861802485] [vision_manager]: Book detected: xyz=(0.734, 0.005, 0.869), center=(588, 242)
[INFO] [1789634897.863805867] [vision_manager]: Book detected: xyz=(0.644, 0.000, 0.869), center=(555, 240)
[INFO] [1789634897.865748694] [vision_manager]: Book detected: xyz=(-0.114, -0.021, 0.511), center=(249, 227)
[INFO] [1789634897.867158153] [vision_manager]: No placeable empty shelf position found
[INFO] [1789634898.028593068] [vision_manager]: Book detected: xyz=(-0.086, -0.180, 0.400), center=(252, 97)
[INFO] [1789634898.031126813] [vision_manager]: Book detected: xyz=(-0.112, -0.096, 0.516), center=(251, 181)
[INFO] [1789634898.033176042] [vision_manager]: Book detected: xyz=(0.734, 0.005, 0.869), center=(588, 242)
[INFO] [1789634898.035969104] [vision_manager]: Book detected: xyz=(0.641, 0.000, 0.869), center=(554, 240)
[INFO] [1789634898.039496599] [vision_manager]: Book detected: xyz=(-0.098, -0.021, 0.439), center=(249, 225)
[INFO] [1789634898.199143478] [vision_manager]: Book detected: xyz=(-0.086, -0.180, 0.400), center=(252, 97)
[INFO] [1789634898.200472270] [vision_manager]: Book detected: xyz=(-0.114, -0.096, 0.525), center=(251, 182)
[INFO] [1789634898.201701417] [vision_manager]: Book detected: xyz=(0.734, 0.005, 0.869), center=(588, 242)
[INFO] [1789634898.202994214] [vision_manager]: Book detected: xyz=(0.641, 0.000, 0.869), center=(554, 240)
[INFO] [1789634898.204230973] [vision_manager]: Book detected: xyz=(-0.089, -0.027, 0.401), center=(250, 219)
[INFO] [1789634898.205737276] [vision_manager]: Book detected: xyz=(-0.090, 0.039, 0.400), center=(249, 271)
[INFO] [1789634898.369541860] [vision_manager]: Book detected: xyz=(-0.085, -0.180, 0.400), center=(253, 97)
[INFO] [1789634898.370948875] [vision_manager]: Book detected: xyz=(-0.112, -0.096, 0.516), center=(251, 181)
[INFO] [1789634898.372362964] [vision_manager]: Book detected: xyz=(0.734, 0.005, 0.869), center=(588, 242)
[INFO] [1789634898.373677704] [vision_manager]: Book detected: xyz=(0.658, 0.000, 0.869), center=(560, 240)
[INFO] [1789634898.375696167] [vision_manager]: Book detected: xyz=(-0.088, -0.028, 0.401), center=(250, 218)
[INFO] [1789634898.378168845] [vision_manager]: Book detected: xyz=(-0.090, 0.039, 0.400), center=(249, 271)
[INFO] [1789634898.543953615] [vision_manager]: Book detected: xyz=(-0.085, -0.180, 0.400), center=(253, 97)
[INFO] [1789634898.546506541] [vision_manager]: Book detected: xyz=(-0.108, -0.096, 0.499), center=(251, 179)
[INFO] [1789634898.549499364] [vision_manager]: Book detected: xyz=(0.734, 0.005, 0.869), center=(588, 242)
[INFO] [1789634898.551965137] [vision_manager]: Book detected: xyz=(0.641, 0.000, 0.869), center=(554, 240)
[INFO] [1789634898.553600621] [vision_manager]: Book detected: xyz=(-0.088, -0.028, 0.401), center=(250, 218)
[INFO] [1789634898.555453049] [vision_manager]: Book detected: xyz=(-0.090, 0.042, 0.400), center=(249, 273)
[INFO] [1789634898.743871485] [vision_manager]: Book detected: xyz=(-0.085, -0.180, 0.400), center=(253, 97)
[INFO] [1789634898.746284893] [vision_manager]: Book detected: xyz=(-0.108, -0.096, 0.499), center=(251, 179)
[INFO] [1789634898.748289019] [vision_manager]: Book detected: xyz=(0.734, 0.005, 0.869), center=(588, 242)
[INFO] [1789634898.750350124] [vision_manager]: Book detected: xyz=(0.666, 0.000, 0.869), center=(563, 240)
[INFO] [1789634898.752192969] [vision_manager]: Book detected: xyz=(-0.088, -0.028, 0.401), center=(250, 218)
[INFO] [1789634898.931020121] [vision_manager]: Book detected: xyz=(-0.086, -0.180, 0.400), center=(252, 97)
[INFO] [1789634898.932480052] [vision_manager]: Book detected: xyz=(-0.110, -0.096, 0.507), center=(251, 180)
[INFO] [1789634898.934183724] [vision_manager]: Book detected: xyz=(0.734, 0.005, 0.869), center=(588, 242)
[INFO] [1789634898.935487656] [vision_manager]: Book detected: xyz=(0.652, 0.000, 0.869), center=(558, 240)
[INFO] [1789634898.936986182] [vision_manager]: Book detected: xyz=(-0.098, -0.021, 0.439), center=(249, 225)
[INFO] [1789634898.939312619] [vision_manager]: Book detected: xyz=(-0.088, 0.038, 0.400), center=(250, 270)
[INFO] [1789634899.084407112] [vision_manager]: Book detected: xyz=(-0.086, -0.180, 0.400), center=(252, 97)
[INFO] [1789634899.085861014] [vision_manager]: Book detected: xyz=(-0.110, -0.096, 0.507), center=(251, 180)
[INFO] [1789634899.087154699] [vision_manager]: Book detected: xyz=(0.734, 0.005, 0.869), center=(588, 242)
[INFO] [1789634899.088430941] [vision_manager]: Book detected: xyz=(0.647, 0.000, 0.869), center=(556, 240)
[INFO] [1789634899.089780655] [vision_manager]: Book detected: xyz=(-0.098, -0.021, 0.439), center=(249, 225)
[INFO] [1789634899.091338313] [vision_manager]: Book detected: xyz=(-0.090, 0.039, 0.400), center=(249, 271)
[INFO] [1789634899.244887662] [vision_manager]: Book detected: xyz=(-0.086, -0.180, 0.400), center=(252, 97)
[INFO] [1789634899.246227065] [vision_manager]: Book detected: xyz=(-0.112, -0.096, 0.516), center=(251, 181)
[INFO] [1789634899.247390725] [vision_manager]: Book detected: xyz=(0.734, 0.005, 0.869), center=(588, 242)
[INFO] [1789634899.248573797] [vision_manager]: Book detected: xyz=(0.652, 0.000, 0.869), center=(558, 240)
[INFO] [1789634899.249732722] [vision_manager]: Book detected: xyz=(-0.092, -0.021, 0.411), center=(249, 224)
[INFO] [1789634899.250895772] [vision_manager]: Book detected: xyz=(-0.090, 0.038, 0.400), center=(249, 270)
[INFO] [1789634899.456623291] [vision_manager]: Book detected: xyz=(-0.086, -0.180, 0.400), center=(252, 97)
[INFO] [1789634899.460346169] [vision_manager]: Book detected: xyz=(-0.110, -0.096, 0.507), center=(251, 180)
[INFO] [1789634899.463330470] [vision_manager]: Book detected: xyz=(0.734, 0.005, 0.869), center=(588, 242)
[INFO] [1789634899.465947458] [vision_manager]: Book detected: xyz=(0.644, 0.000, 0.869), center=(555, 240)
[INFO] [1789634899.469146898] [vision_manager]: Book detected: xyz=(-0.092, -0.021, 0.411), center=(249, 224)
[INFO] [1789634899.472744158] [vision_manager]: Book detected: xyz=(-0.088, 0.037, 0.400), center=(250, 269)
[INFO] [1789634899.628212820] [vision_manager]: Book detected: xyz=(-0.086, -0.180, 0.400), center=(252, 97)
[INFO] [1789634899.630137623] [vision_manager]: Book detected: xyz=(-0.110, -0.096, 0.507), center=(251, 180)
[INFO] [1789634899.632256816] [vision_manager]: Book detected: xyz=(0.734, 0.005, 0.869), center=(588, 242)
[INFO] [1789634899.634017899] [vision_manager]: Book detected: xyz=(0.627, 0.000, 0.869), center=(549, 240)
[INFO] [1789634899.635730549] [vision_manager]: Book detected: xyz=(-0.093, -0.021, 0.411), center=(248, 224)
[INFO] [1789634899.637438512] [vision_manager]: Book detected: xyz=(-0.090, 0.038, 0.400), center=(249, 270)
[INFO] [1789634899.782626703] [vision_manager]: Book detected: xyz=(-0.086, -0.180, 0.400), center=(252, 97)
[INFO] [1789634899.783705905] [vision_manager]: Book detected: xyz=(-0.108, -0.096, 0.499), center=(251, 179)
[INFO] [1789634899.784699022] [vision_manager]: Book detected: xyz=(0.734, 0.005, 0.869), center=(588, 242)
[INFO] [1789634899.785718056] [vision_manager]: Book detected: xyz=(0.630, 0.000, 0.869), center=(550, 240)
[INFO] [1789634899.786629436] [vision_manager]: Book detected: xyz=(-0.093, -0.021, 0.411), center=(248, 224)
[INFO] [1789634899.787538142] [vision_manager]: Book detected: xyz=(-0.090, 0.038, 0.400), center=(249, 270)
[INFO] [1789634899.920759274] [vision_manager]: Book detected: xyz=(-0.086, -0.180, 0.400), center=(252, 97)
[INFO] [1789634899.921779505] [vision_manager]: Book detected: xyz=(-0.108, -0.096, 0.499), center=(251, 179)
[INFO] [1789634899.922705943] [vision_manager]: Book detected: xyz=(0.734, 0.005, 0.869), center=(588, 242)
[INFO] [1789634899.923640043] [vision_manager]: Book detected: xyz=(0.638, 0.000, 0.869), center=(553, 240)
[INFO] [1789634899.924759989] [vision_manager]: Book detected: xyz=(-0.092, -0.021, 0.411), center=(249, 224)
[INFO] [1789634899.925806986] [vision_manager]: Book detected: xyz=(-0.090, 0.038, 0.400), center=(249, 270)
[INFO] [1789634900.048388509] [vision_manager]: Book detected: xyz=(-0.086, -0.180, 0.400), center=(252, 97)
[INFO] [1789634900.049484409] [vision_manager]: Book detected: xyz=(-0.107, -0.096, 0.491), center=(251, 178)
[INFO] [1789634900.050507307] [vision_manager]: Book detected: xyz=(0.734, 0.005, 0.869), center=(588, 242)
[INFO] [1789634900.051546952] [vision_manager]: Book detected: xyz=(0.647, 0.000, 0.869), center=(556, 240)
[INFO] [1789634900.052694677] [vision_manager]: Book detected: xyz=(-0.098, -0.021, 0.439), center=(249, 225)
[INFO] [1789634900.054862639] [vision_manager]: Book detected: xyz=(-0.090, 0.037, 0.400), center=(249, 269)
[INFO] [1789634900.193828760] [vision_manager]: Book detected: xyz=(-0.085, -0.180, 0.400), center=(253, 97)
[INFO] [1789634900.195742924] [vision_manager]: Book detected: xyz=(-0.112, -0.096, 0.516), center=(251, 181)
[INFO] [1789634900.197596033] [vision_manager]: Book detected: xyz=(0.734, 0.005, 0.869), center=(588, 242)
[INFO] [1789634900.199220166] [vision_manager]: Book detected: xyz=(0.625, 0.000, 0.869), center=(548, 240)
[INFO] [1789634900.200626136] [vision_manager]: Book detected: xyz=(-0.098, -0.021, 0.439), center=(249, 225)
[INFO] [1789634900.201987396] [vision_manager]: Book detected: xyz=(-0.090, 0.039, 0.400), center=(249, 271)
[INFO] [1789634900.332308824] [vision_manager]: Book detected: xyz=(-0.086, -0.180, 0.400), center=(252, 97)
[INFO] [1789634900.334232555] [vision_manager]: Book detected: xyz=(-0.108, -0.096, 0.499), center=(251, 179)
[INFO] [1789634900.335672414] [vision_manager]: Book detected: xyz=(0.734, 0.005, 0.869), center=(588, 242)
[INFO] [1789634900.336938321] [vision_manager]: Book detected: xyz=(0.638, 0.000, 0.869), center=(553, 240)
[INFO] [1789634900.338372426] [vision_manager]: Book detected: xyz=(-0.090, -0.030, 0.400), center=(249, 216)
[INFO] [1789634900.340713726] [vision_manager]: Book detected: xyz=(-0.090, 0.037, 0.400), center=(249, 269)
[INFO] [1789634900.492061137] [vision_manager]: Book detected: xyz=(-0.086, -0.180, 0.400), center=(252, 97)
[INFO] [1789634900.494059357] [vision_manager]: Book detected: xyz=(-0.112, -0.096, 0.516), center=(251, 181)
[INFO] [1789634900.496346741] [vision_manager]: Book detected: xyz=(0.734, 0.005, 0.869), center=(588, 242)
[INFO] [1789634900.498324579] [vision_manager]: Book detected: xyz=(0.649, 0.000, 0.869), center=(557, 240)
[INFO] [1789634900.499879344] [vision_manager]: Book detected: xyz=(-0.092, -0.021, 0.411), center=(249, 224)
[INFO] [1789634900.501290546] [vision_manager]: Book detected: xyz=(-0.090, 0.037, 0.400), center=(249, 269)
[INFO] [1789634900.626631311] [vision_manager]: Book detected: xyz=(-0.085, -0.180, 0.400), center=(253, 97)
[INFO] [1789634900.628115943] [vision_manager]: Book detected: xyz=(-0.114, -0.096, 0.525), center=(251, 182)
[INFO] [1789634900.629426406] [vision_manager]: Book detected: xyz=(0.734, 0.005, 0.869), center=(588, 242)
[INFO] [1789634900.630714055] [vision_manager]: Book detected: xyz=(0.641, 0.000, 0.869), center=(554, 240)
[INFO] [1789634900.632022864] [vision_manager]: Book detected: xyz=(-0.090, -0.022, 0.403), center=(249, 223)
[INFO] [1789634900.802345543] [vision_manager]: Book detected: xyz=(-0.085, -0.180, 0.400), center=(253, 97)
[INFO] [1789634900.804748161] [vision_manager]: Book detected: xyz=(-0.113, -0.096, 0.525), center=(252, 182)
[INFO] [1789634900.807195547] [vision_manager]: Book detected: xyz=(0.734, 0.005, 0.869), center=(588, 242)
[INFO] [1789634900.809626489] [vision_manager]: Book detected: xyz=(0.644, 0.000, 0.869), center=(555, 240)
[INFO] [1789634900.812093839] [vision_manager]: Book detected: xyz=(-0.089, -0.023, 0.402), center=(250, 222)
[INFO] [1789634900.978613506] [vision_manager]: Book detected: xyz=(-0.085, -0.180, 0.400), center=(253, 97)
[INFO] [1789634900.979632059] [vision_manager]: Book detected: xyz=(-0.115, -0.096, 0.534), center=(252, 183)
[INFO] [1789634900.980592422] [vision_manager]: Book detected: xyz=(0.734, 0.005, 0.869), center=(588, 242)
[INFO] [1789634900.981533201] [vision_manager]: Book detected: xyz=(0.644, 0.000, 0.869), center=(555, 240)
[INFO] [1789634900.982479118] [vision_manager]: Book detected: xyz=(-0.090, -0.023, 0.402), center=(249, 222)
[INFO] [1789634901.112762845] [vision_manager]: Book detected: xyz=(-0.085, -0.180, 0.400), center=(253, 97)
[INFO] [1789634901.114328940] [vision_manager]: Book detected: xyz=(-0.114, -0.096, 0.525), center=(251, 182)
[INFO] [1789634901.115790502] [vision_manager]: Book detected: xyz=(0.734, 0.005, 0.869), center=(588, 242)
[INFO] [1789634901.117239104] [vision_manager]: Book detected: xyz=(0.647, 0.000, 0.869), center=(556, 240)
[INFO] [1789634901.118608506] [vision_manager]: Book detected: xyz=(-0.091, -0.022, 0.403), center=(248, 223)
[INFO] [1789634901.120137983] [vision_manager]: Book detected: xyz=(-0.090, 0.035, 0.400), center=(249, 268)
[INFO] [1789634901.270906388] [vision_manager]: Book detected: xyz=(-0.085, -0.180, 0.400), center=(253, 97)
[INFO] [1789634901.273140129] [vision_manager]: Book detected: xyz=(-0.112, -0.096, 0.516), center=(251, 181)
[INFO] [1789634901.275283437] [vision_manager]: Book detected: xyz=(0.734, 0.005, 0.869), center=(588, 242)
[INFO] [1789634901.276880980] [vision_manager]: Book detected: xyz=(0.647, 0.000, 0.869), center=(556, 240)
[INFO] [1789634901.278559125] [vision_manager]: Book detected: xyz=(-0.090, -0.022, 0.403), center=(249, 223)
[INFO] [1789634901.279941385] [vision_manager]: Book detected: xyz=(-0.090, 0.035, 0.400), center=(249, 268)
[INFO] [1789634901.443026230] [vision_manager]: Book detected: xyz=(-0.086, -0.180, 0.400), center=(252, 97)
[INFO] [1789634901.444678908] [vision_manager]: Book detected: xyz=(-0.112, -0.096, 0.516), center=(251, 181)
[INFO] [1789634901.446284989] [vision_manager]: Book detected: xyz=(0.734, 0.005, 0.869), center=(588, 242)
[INFO] [1789634901.447860794] [vision_manager]: Book detected: xyz=(0.633, 0.000, 0.869), center=(551, 240)
[INFO] [1789634901.449583431] [vision_manager]: Book detected: xyz=(-0.090, -0.022, 0.403), center=(249, 223)
[INFO] [1789634901.580263137] [vision_manager]: Book detected: xyz=(-0.085, -0.180, 0.400), center=(253, 97)
[INFO] [1789634901.581418188] [vision_manager]: Book detected: xyz=(-0.110, -0.096, 0.507), center=(251, 180)
[INFO] [1789634901.582445282] [vision_manager]: Book detected: xyz=(0.734, 0.005, 0.869), center=(588, 242)
[INFO] [1789634901.583461152] [vision_manager]: Book detected: xyz=(0.644, 0.000, 0.869), center=(555, 240)
[INFO] [1789634901.584446833] [vision_manager]: Book detected: xyz=(-0.091, -0.022, 0.403), center=(248, 223)
[INFO] [1789634901.585428495] [vision_manager]: Book detected: xyz=(-0.091, 0.034, 0.400), center=(248, 267)
[INFO] [1789634901.688396897] [vision_manager]: Book detected: xyz=(-0.085, -0.180, 0.400), center=(253, 97)
[INFO] [1789634901.689456263] [vision_manager]: Book detected: xyz=(-0.110, -0.096, 0.507), center=(251, 180)
[INFO] [1789634901.690459588] [vision_manager]: Book detected: xyz=(0.734, 0.005, 0.869), center=(588, 242)
[INFO] [1789634901.691453545] [vision_manager]: Book detected: xyz=(0.647, 0.000, 0.869), center=(556, 240)
[INFO] [1789634901.692489867] [vision_manager]: Book detected: xyz=(-0.092, -0.021, 0.411), center=(249, 224)
[INFO] [1789634901.693489643] [vision_manager]: Book detected: xyz=(-0.090, 0.032, 0.400), center=(249, 265)
[INFO] [1789634901.819884617] [vision_manager]: Book detected: xyz=(-0.085, -0.180, 0.400), center=(253, 97)
[INFO] [1789634901.821081267] [vision_manager]: Book detected: xyz=(-0.111, -0.096, 0.516), center=(252, 181)
[INFO] [1789634901.822204501] [vision_manager]: Book detected: xyz=(0.734, 0.005, 0.869), center=(588, 242)
[INFO] [1789634901.823291781] [vision_manager]: Book detected: xyz=(0.638, 0.000, 0.869), center=(553, 240)
[INFO] [1789634901.824392082] [vision_manager]: Book detected: xyz=(-0.090, -0.022, 0.403), center=(249, 223)
[INFO] [1789634901.825488651] [vision_manager]: Book detected: xyz=(-0.091, 0.035, 0.400), center=(248, 268)
[INFO] [1789634901.933242384] [vision_manager]: Book detected: xyz=(-0.085, -0.180, 0.400), center=(253, 97)
[INFO] [1789634901.934927351] [vision_manager]: Book detected: xyz=(-0.112, -0.096, 0.516), center=(251, 181)
[INFO] [1789634901.936739095] [vision_manager]: Book detected: xyz=(0.734, 0.005, 0.869), center=(588, 242)
[INFO] [1789634901.938043443] [vision_manager]: Book detected: xyz=(0.658, 0.000, 0.869), center=(560, 240)
[INFO] [1789634901.939068736] [vision_manager]: Book detected: xyz=(-0.090, -0.022, 0.403), center=(249, 223)
[INFO] [1789634902.076094711] [vision_manager]: Book detected: xyz=(-0.085, -0.180, 0.400), center=(253, 97)
[INFO] [1789634902.077698650] [vision_manager]: Book detected: xyz=(-0.112, -0.096, 0.516), center=(251, 181)
[INFO] [1789634902.079291926] [vision_manager]: Book detected: xyz=(0.734, 0.005, 0.869), center=(588, 242)
[INFO] [1789634902.080833216] [vision_manager]: Book detected: xyz=(0.641, 0.000, 0.869), center=(554, 240)
[INFO] [1789634902.082166760] [vision_manager]: Book detected: xyz=(-0.090, -0.022, 0.403), center=(249, 223)
[INFO] [1789634902.083522221] [vision_manager]: Book detected: xyz=(-0.090, 0.035, 0.400), center=(249, 268)
[INFO] [1789634902.294613995] [vision_manager]: Book detected: xyz=(-0.085, -0.180, 0.400), center=(253, 97)
[INFO] [1789634902.296079159] [vision_manager]: Book detected: xyz=(-0.112, -0.096, 0.516), center=(251, 181)
[INFO] [1789634902.297445679] [vision_manager]: Book detected: xyz=(0.734, 0.005, 0.869), center=(588, 242)
[INFO] [1789634902.298677639] [vision_manager]: Book detected: xyz=(0.647, 0.000, 0.869), center=(556, 240)
[INFO] [1789634902.299817118] [vision_manager]: Book detected: xyz=(-0.092, -0.021, 0.411), center=(249, 224)
[INFO] [1789634902.301311435] [vision_manager]: Book detected: xyz=(-0.090, 0.035, 0.400), center=(249, 268)
[INFO] [1789634902.516749073] [vision_manager]: Book detected: xyz=(-0.085, -0.180, 0.400), center=(253, 97)
[INFO] [1789634902.517876300] [vision_manager]: Book detected: xyz=(-0.110, -0.096, 0.507), center=(251, 180)
[INFO] [1789634902.518975546] [vision_manager]: Book detected: xyz=(0.734, 0.005, 0.869), center=(588, 242)
[INFO] [1789634902.520071847] [vision_manager]: Book detected: xyz=(0.644, 0.000, 0.869), center=(555, 240)
[INFO] [1789634902.521158694] [vision_manager]: Book detected: xyz=(-0.090, -0.022, 0.403), center=(249, 223)
[INFO] [1789634902.522203971] [vision_manager]: Book detected: xyz=(-0.090, 0.037, 0.400), center=(249, 269)
[INFO] [1789634902.754354844] [vision_manager]: Book detected: xyz=(-0.085, -0.180, 0.400), center=(253, 97)
[INFO] [1789634902.755886532] [vision_manager]: Book detected: xyz=(-0.114, -0.096, 0.525), center=(251, 182)
[INFO] [1789634902.757008357] [vision_manager]: Book detected: xyz=(0.737, 0.005, 0.869), center=(589, 242)
[INFO] [1789634902.757953656] [vision_manager]: Book detected: xyz=(0.663, 0.000, 0.869), center=(562, 240)
[INFO] [1789634902.758873676] [vision_manager]: Book detected: xyz=(-0.092, -0.021, 0.411), center=(249, 224)
[INFO] [1789634902.759804078] [vision_manager]: Book detected: xyz=(-0.090, 0.039, 0.400), center=(249, 271)
[INFO] [1789634903.012064190] [vision_manager]: Book detected: xyz=(-0.085, -0.180, 0.400), center=(253, 97)
[INFO] [1789634903.013463487] [vision_manager]: Book detected: xyz=(-0.114, -0.096, 0.525), center=(251, 182)
[INFO] [1789634903.014752801] [vision_manager]: Book detected: xyz=(0.734, 0.005, 0.869), center=(588, 242)
[INFO] [1789634903.015996842] [vision_manager]: Book detected: xyz=(0.641, 0.000, 0.869), center=(554, 240)
[INFO] [1789634903.017222600] [vision_manager]: Book detected: xyz=(-0.090, -0.029, 0.401), center=(249, 217)
[INFO] [1789634903.373979055] [vision_manager]: Book detected: xyz=(-0.086, -0.182, 0.400), center=(252, 96)
[INFO] [1789634903.375268864] [vision_manager]: Book detected: xyz=(-0.114, -0.096, 0.516), center=(250, 181)
[INFO] [1789634903.376516939] [vision_manager]: Book detected: xyz=(0.734, 0.005, 0.869), center=(588, 242)
[INFO] [1789634903.377674197] [vision_manager]: Book detected: xyz=(0.630, 0.003, 0.869), center=(550, 241)
[INFO] [1789634903.378767607] [vision_manager]: Book detected: xyz=(-0.090, -0.032, 0.400), center=(249, 215)
[INFO] [1789634903.585324252] [vision_manager]: Book detected: xyz=(-0.086, -0.180, 0.400), center=(252, 97)
[INFO] [1789634903.586981063] [vision_manager]: Book detected: xyz=(-0.114, -0.096, 0.516), center=(250, 181)
[INFO] [1789634903.588380307] [vision_manager]: Book detected: xyz=(0.734, 0.005, 0.869), center=(588, 242)
[INFO] [1789634903.589452434] [vision_manager]: Book detected: xyz=(0.636, 0.000, 0.869), center=(552, 240)
[INFO] [1789634903.590619670] [vision_manager]: Book detected: xyz=(-0.090, -0.028, 0.401), center=(249, 218)
[INFO] [1789634903.591649982] [vision_manager]: Book detected: xyz=(-0.091, 0.040, 0.400), center=(248, 272)
[INFO] [1789634903.734679936] [vision_manager]: Book detected: xyz=(-0.087, -0.180, 0.400), center=(251, 97)
[INFO] [1789634903.736243863] [vision_manager]: Book detected: xyz=(0.734, 0.005, 0.869), center=(588, 242)
[INFO] [1789634903.737625038] [vision_manager]: Book detected: xyz=(-0.114, -0.096, 0.516), center=(250, 181)
[INFO] [1789634903.739003126] [vision_manager]: Book detected: xyz=(0.641, 0.000, 0.869), center=(554, 240)
[INFO] [1789634903.740676552] [vision_manager]: Book detected: xyz=(-0.093, -0.021, 0.411), center=(248, 224)
[INFO] [1789634903.742057056] [vision_manager]: Book detected: xyz=(-0.091, 0.040, 0.400), center=(248, 272)
[INFO] [1789634903.862014249] [vision_manager]: Book detected: xyz=(-0.086, -0.180, 0.400), center=(252, 97)
[INFO] [1789634903.863085393] [vision_manager]: Book detected: xyz=(0.734, 0.005, 0.869), center=(588, 242)
[INFO] [1789634903.864004928] [vision_manager]: Book detected: xyz=(-0.115, -0.096, 0.516), center=(249, 181)
[INFO] [1789634903.864916369] [vision_manager]: Book detected: xyz=(0.644, 0.000, 0.869), center=(555, 240)
[INFO] [1789634903.865864672] [vision_manager]: Book detected: xyz=(-0.090, -0.027, 0.401), center=(249, 219)
[INFO] [1789634903.866822880] [vision_manager]: Book detected: xyz=(-0.092, 0.040, 0.400), center=(247, 272)
[INFO] [1789634904.005058626] [vision_manager]: Book detected: xyz=(-0.086, -0.182, 0.400), center=(252, 96)
[INFO] [1789634904.006984513] [vision_manager]: Book detected: xyz=(-0.114, -0.096, 0.516), center=(250, 181)
[INFO] [1789634904.008502338] [vision_manager]: Book detected: xyz=(0.734, 0.005, 0.869), center=(588, 242)
[INFO] [1789634904.010011399] [vision_manager]: Book detected: xyz=(0.638, 0.000, 0.869), center=(553, 240)
[INFO] [1789634904.011522123] [vision_manager]: Book detected: xyz=(-0.098, -0.021, 0.439), center=(249, 225)
[INFO] [1789634904.013064004] [vision_manager]: Book detected: xyz=(-0.090, 0.040, 0.400), center=(249, 272)
[INFO] [1789634904.122188178] [vision_manager]: Book detected: xyz=(-0.086, -0.182, 0.400), center=(252, 96)
[INFO] [1789634904.123222168] [vision_manager]: Book detected: xyz=(-0.112, -0.096, 0.516), center=(251, 181)
[INFO] [1789634904.124296486] [vision_manager]: Book detected: xyz=(0.734, 0.005, 0.869), center=(588, 242)
[INFO] [1789634904.125277258] [vision_manager]: Book detected: xyz=(0.636, 0.000, 0.869), center=(552, 240)
[INFO] [1789634904.126257350] [vision_manager]: Book detected: xyz=(-0.090, -0.027, 0.401), center=(249, 219)
[INFO] [1789634904.127211188] [vision_manager]: Book detected: xyz=(-0.090, 0.039, 0.400), center=(249, 271)
[INFO] [1789634904.244172622] [vision_manager]: Book detected: xyz=(-0.086, -0.180, 0.400), center=(252, 97)
[INFO] [1789634904.245179003] [vision_manager]: Book detected: xyz=(-0.114, -0.096, 0.516), center=(250, 181)
[INFO] [1789634904.246138050] [vision_manager]: Book detected: xyz=(0.734, 0.005, 0.869), center=(588, 242)
[INFO] [1789634904.247101145] [vision_manager]: Book detected: xyz=(0.636, 0.000, 0.869), center=(552, 240)
[INFO] [1789634904.248058527] [vision_manager]: Book detected: xyz=(-0.093, -0.021, 0.411), center=(248, 224)
[INFO] [1789634904.248972071] [vision_manager]: Book detected: xyz=(-0.091, 0.039, 0.400), center=(248, 271)
[INFO] [1789634904.374116518] [vision_manager]: Book detected: xyz=(-0.086, -0.182, 0.400), center=(252, 96)
[INFO] [1789634904.375671259] [vision_manager]: Book detected: xyz=(-0.114, -0.096, 0.525), center=(251, 182)
[INFO] [1789634904.376970588] [vision_manager]: Book detected: xyz=(0.734, 0.005, 0.869), center=(588, 242)
[INFO] [1789634904.378229461] [vision_manager]: Book detected: xyz=(0.625, 0.000, 0.869), center=(548, 240)
[INFO] [1789634904.379474887] [vision_manager]: Book detected: xyz=(-0.093, -0.021, 0.411), center=(248, 224)
[INFO] [1789634904.380768504] [vision_manager]: Book detected: xyz=(-0.091, 0.039, 0.400), center=(248, 271)
[INFO] [1789634904.508327267] [vision_manager]: Book detected: xyz=(-0.086, -0.182, 0.400), center=(252, 96)
[INFO] [1789634904.509529912] [vision_manager]: Book detected: xyz=(-0.112, -0.096, 0.516), center=(251, 181)
[INFO] [1789634904.510729136] [vision_manager]: Book detected: xyz=(0.734, 0.005, 0.869), center=(588, 242)
[INFO] [1789634904.511789786] [vision_manager]: Book detected: xyz=(0.619, 0.000, 0.869), center=(546, 240)
[INFO] [1789634904.512807701] [vision_manager]: Book detected: xyz=(-0.090, -0.029, 0.401), center=(249, 217)
[INFO] [1789634904.513829261] [vision_manager]: Book detected: xyz=(-0.091, 0.040, 0.400), center=(248, 272)
[INFO] [1789634904.726278217] [vision_manager]: Book detected: xyz=(-0.086, -0.182, 0.400), center=(252, 96)
[INFO] [1789634904.727729875] [vision_manager]: Book detected: xyz=(-0.114, -0.096, 0.525), center=(251, 182)
[INFO] [1789634904.729010510] [vision_manager]: Book detected: xyz=(0.734, 0.005, 0.869), center=(588, 242)
[INFO] [1789634904.730270480] [vision_manager]: Book detected: xyz=(0.619, 0.000, 0.869), center=(546, 240)
[INFO] [1789634904.731526746] [vision_manager]: Book detected: xyz=(-0.090, -0.022, 0.403), center=(249, 223)
[INFO] [1789634904.732811410] [vision_manager]: Book detected: xyz=(-0.091, 0.037, 0.400), center=(248, 269)
[INFO] [1789634904.880753636] [vision_manager]: Book detected: xyz=(-0.086, -0.182, 0.400), center=(252, 96)
[INFO] [1789634904.883319191] [vision_manager]: Book detected: xyz=(-0.114, -0.096, 0.525), center=(251, 182)
[INFO] [1789634904.885976767] [vision_manager]: Book detected: xyz=(0.734, 0.005, 0.869), center=(588, 242)
[INFO] [1789634904.888479517] [vision_manager]: Book detected: xyz=(0.616, 0.000, 0.869), center=(545, 240)
[INFO] [1789634904.890739340] [vision_manager]: Book detected: xyz=(-0.089, -0.027, 0.401), center=(250, 219)
[INFO] [1789634904.892877051] [vision_manager]: Book detected: xyz=(-0.090, 0.038, 0.400), center=(249, 270)
[INFO] [1789634905.020360034] [vision_manager]: Book detected: xyz=(-0.086, -0.182, 0.400), center=(252, 96)
[INFO] [1789634905.021606352] [vision_manager]: Book detected: xyz=(-0.114, -0.096, 0.525), center=(251, 182)
[INFO] [1789634905.022875175] [vision_manager]: Book detected: xyz=(0.734, 0.005, 0.869), center=(588, 242)
[INFO] [1789634905.024119819] [vision_manager]: Book detected: xyz=(0.638, 0.000, 0.869), center=(553, 240)
[INFO] [1789634905.025244116] [vision_manager]: Book detected: xyz=(-0.088, -0.028, 0.401), center=(250, 218)
[INFO] [1789634905.026340206] [vision_manager]: Book detected: xyz=(-0.091, 0.037, 0.400), center=(248, 269)
[INFO] [1789634905.145746537] [vision_manager]: Book detected: xyz=(-0.086, -0.182, 0.400), center=(252, 96)
[INFO] [1789634905.146784007] [vision_manager]: Book detected: xyz=(-0.114, -0.096, 0.525), center=(251, 182)
[INFO] [1789634905.147772825] [vision_manager]: Book detected: xyz=(0.734, 0.005, 0.869), center=(588, 242)
[INFO] [1789634905.148731925] [vision_manager]: Book detected: xyz=(0.625, 0.000, 0.869), center=(548, 240)
[INFO] [1789634905.149688744] [vision_manager]: Book detected: xyz=(-0.091, -0.022, 0.403), center=(248, 223)
[INFO] [1789634905.150602968] [vision_manager]: Book detected: xyz=(-0.091, 0.038, 0.400), center=(248, 270)
[INFO] [1789634905.268861916] [vision_manager]: Book detected: xyz=(-0.086, -0.182, 0.400), center=(252, 96)
[INFO] [1789634905.269907934] [vision_manager]: Book detected: xyz=(-0.114, -0.096, 0.525), center=(251, 182)
[INFO] [1789634905.270856522] [vision_manager]: Book detected: xyz=(0.734, 0.005, 0.869), center=(588, 242)
[INFO] [1789634905.271862486] [vision_manager]: Book detected: xyz=(0.630, 0.000, 0.869), center=(550, 240)
[INFO] [1789634905.272791271] [vision_manager]: Book detected: xyz=(-0.089, -0.027, 0.401), center=(250, 219)
[INFO] [1789634905.273776689] [vision_manager]: Book detected: xyz=(-0.090, 0.037, 0.400), center=(249, 269)
[INFO] [1789634905.384981596] [vision_manager]: Book detected: xyz=(-0.086, -0.182, 0.400), center=(252, 96)
[INFO] [1789634905.385934634] [vision_manager]: Book detected: xyz=(-0.112, -0.096, 0.516), center=(251, 181)
[INFO] [1789634905.386848874] [vision_manager]: Book detected: xyz=(0.734, 0.005, 0.869), center=(588, 242)
[INFO] [1789634905.387759952] [vision_manager]: Book detected: xyz=(0.638, 0.000, 0.869), center=(553, 240)
[INFO] [1789634905.388681461] [vision_manager]: Book detected: xyz=(-0.090, -0.028, 0.401), center=(249, 218)
[INFO] [1789634905.389582219] [vision_manager]: Book detected: xyz=(-0.091, 0.038, 0.400), center=(248, 270)
[INFO] [1789634905.512476825] [vision_manager]: Book detected: xyz=(-0.086, -0.182, 0.400), center=(252, 96)
[INFO] [1789634905.514531841] [vision_manager]: Book detected: xyz=(-0.114, -0.096, 0.525), center=(251, 182)
[INFO] [1789634905.516941720] [vision_manager]: Book detected: xyz=(0.734, 0.005, 0.869), center=(588, 242)
[INFO] [1789634905.518721989] [vision_manager]: Book detected: xyz=(0.638, 0.000, 0.869), center=(553, 240)
[INFO] [1789634905.520103862] [vision_manager]: Book detected: xyz=(-0.090, -0.022, 0.403), center=(249, 223)
[INFO] [1789634905.521372413] [vision_manager]: Book detected: xyz=(-0.090, 0.038, 0.400), center=(249, 270)
[INFO] [1789634905.628750320] [vision_manager]: Book detected: xyz=(-0.086, -0.182, 0.400), center=(252, 96)
[INFO] [1789634905.630687699] [vision_manager]: Book detected: xyz=(-0.112, -0.096, 0.516), center=(251, 181)
[INFO] [1789634905.632595524] [vision_manager]: Book detected: xyz=(0.734, 0.005, 0.869), center=(588, 242)
[INFO] [1789634905.634512478] [vision_manager]: Book detected: xyz=(0.625, 0.000, 0.869), center=(548, 240)
[INFO] [1789634905.636389177] [vision_manager]: Book detected: xyz=(-0.090, -0.023, 0.402), center=(249, 222)
[INFO] [1789634905.744727681] [vision_manager]: Book detected: xyz=(-0.086, -0.180, 0.400), center=(252, 97)
[INFO] [1789634905.745720143] [vision_manager]: Book detected: xyz=(-0.112, -0.096, 0.516), center=(251, 181)
[INFO] [1789634905.746672139] [vision_manager]: Book detected: xyz=(0.734, 0.005, 0.869), center=(588, 242)
[INFO] [1789634905.747608467] [vision_manager]: Book detected: xyz=(0.627, 0.000, 0.869), center=(549, 240)
[INFO] [1789634905.748539787] [vision_manager]: Book detected: xyz=(-0.091, -0.022, 0.403), center=(248, 223)
[INFO] [1789634905.749479490] [vision_manager]: Book detected: xyz=(-0.091, 0.038, 0.400), center=(248, 270)
[INFO] [1789634905.862340648] [vision_manager]: Book detected: xyz=(-0.086, -0.182, 0.400), center=(252, 96)
[INFO] [1789634905.863293630] [vision_manager]: Book detected: xyz=(-0.114, -0.096, 0.516), center=(250, 181)
[INFO] [1789634905.864219593] [vision_manager]: Book detected: xyz=(0.734, 0.005, 0.869), center=(588, 242)
[INFO] [1789634905.865133032] [vision_manager]: Book detected: xyz=(0.641, 0.000, 0.869), center=(554, 240)
[INFO] [1789634905.866038389] [vision_manager]: Book detected: xyz=(-0.100, -0.021, 0.439), center=(248, 225)
[INFO] [1789634905.866915057] [vision_manager]: Book detected: xyz=(-0.091, 0.039, 0.400), center=(248, 271)
[INFO] [1789634905.992910820] [vision_manager]: Book detected: xyz=(-0.086, -0.182, 0.400), center=(252, 96)
[INFO] [1789634905.993860527] [vision_manager]: Book detected: xyz=(-0.114, -0.096, 0.525), center=(251, 182)
[INFO] [1789634905.994771106] [vision_manager]: Book detected: xyz=(0.734, 0.005, 0.869), center=(588, 242)
[INFO] [1789634905.995678474] [vision_manager]: Book detected: xyz=(0.616, 0.000, 0.869), center=(545, 240)
[INFO] [1789634905.996623356] [vision_manager]: Book detected: xyz=(-0.093, -0.021, 0.411), center=(248, 224)
[INFO] [1789634905.997604138] [vision_manager]: Book detected: xyz=(-0.091, 0.039, 0.400), center=(248, 271)
[INFO] [1789634906.129551003] [vision_manager]: Book detected: xyz=(-0.086, -0.182, 0.400), center=(252, 96)
[INFO] [1789634906.131102798] [vision_manager]: Book detected: xyz=(-0.114, -0.096, 0.525), center=(251, 182)
[INFO] [1789634906.132367423] [vision_manager]: Book detected: xyz=(0.734, 0.005, 0.869), center=(588, 242)
[INFO] [1789634906.133621766] [vision_manager]: Book detected: xyz=(0.630, 0.000, 0.869), center=(550, 240)
[INFO] [1789634906.134873372] [vision_manager]: Book detected: xyz=(-0.093, -0.021, 0.411), center=(248, 224)
[INFO] [1789634906.270838122] [vision_manager]: Book detected: xyz=(-0.086, -0.182, 0.400), center=(252, 96)
[INFO] [1789634906.272429695] [vision_manager]: Book detected: xyz=(-0.114, -0.096, 0.516), center=(250, 181)
[INFO] [1789634906.273935062] [vision_manager]: Book detected: xyz=(0.734, 0.005, 0.869), center=(588, 242)
[INFO] [1789634906.275368514] [vision_manager]: Book detected: xyz=(0.614, 0.000, 0.869), center=(544, 240)
[INFO] [1789634906.276611115] [vision_manager]: Book detected: xyz=(-0.091, -0.022, 0.403), center=(248, 223)
[INFO] [1789634906.277846431] [vision_manager]: Book detected: xyz=(-0.091, 0.039, 0.400), center=(248, 271)
[INFO] [1789634906.388089346] [vision_manager]: Book detected: xyz=(-0.086, -0.180, 0.400), center=(252, 97)
[INFO] [1789634906.389665270] [vision_manager]: Book detected: xyz=(-0.112, -0.096, 0.516), center=(251, 181)
[INFO] [1789634906.391192018] [vision_manager]: Book detected: xyz=(0.734, 0.005, 0.869), center=(588, 242)
[INFO] [1789634906.392594888] [vision_manager]: Book detected: xyz=(0.611, 0.000, 0.869), center=(543, 240)
[INFO] [1789634906.393843022] [vision_manager]: Book detected: xyz=(-0.092, -0.021, 0.411), center=(249, 224)
[INFO] [1789634906.395146933] [vision_manager]: Book detected: xyz=(-0.090, 0.039, 0.400), center=(249, 271)
[INFO] [1789634906.525869504] [vision_manager]: Book detected: xyz=(-0.086, -0.180, 0.400), center=(252, 97)
[INFO] [1789634906.527362350] [vision_manager]: Book detected: xyz=(-0.112, -0.096, 0.516), center=(251, 181)
[INFO] [1789634906.528610821] [vision_manager]: Book detected: xyz=(0.734, 0.005, 0.869), center=(588, 242)
[INFO] [1789634906.529857302] [vision_manager]: Book detected: xyz=(0.619, 0.000, 0.869), center=(546, 240)
[INFO] [1789634906.531124386] [vision_manager]: Book detected: xyz=(-0.093, -0.021, 0.411), center=(248, 224)
[INFO] [1789634906.532419391] [vision_manager]: Book detected: xyz=(-0.090, 0.039, 0.400), center=(249, 271)
[INFO] [1789634906.644349678] [vision_manager]: Book detected: xyz=(-0.087, -0.180, 0.400), center=(251, 97)
[INFO] [1789634906.645333029] [vision_manager]: Book detected: xyz=(-0.114, -0.096, 0.516), center=(250, 181)
[INFO] [1789634906.646303471] [vision_manager]: Book detected: xyz=(0.734, 0.005, 0.869), center=(588, 242)
[INFO] [1789634906.647301360] [vision_manager]: Book detected: xyz=(0.608, 0.000, 0.869), center=(542, 240)
[INFO] [1789634906.648367902] [vision_manager]: Book detected: xyz=(-0.100, -0.021, 0.439), center=(248, 225)
[INFO] [1789634906.649427940] [vision_manager]: Book detected: xyz=(-0.091, 0.040, 0.400), center=(248, 272)
[INFO] [1789634906.756552080] [vision_manager]: Book detected: xyz=(-0.087, -0.180, 0.400), center=(251, 97)
[INFO] [1789634906.757677881] [vision_manager]: Book detected: xyz=(-0.114, -0.096, 0.516), center=(250, 181)
[INFO] [1789634906.758741369] [vision_manager]: Book detected: xyz=(0.734, 0.005, 0.869), center=(588, 242)
[INFO] [1789634906.759807830] [vision_manager]: Book detected: xyz=(0.622, 0.000, 0.869), center=(547, 240)
[INFO] [1789634906.760965693] [vision_manager]: Book detected: xyz=(-0.100, -0.021, 0.439), center=(248, 225)
[INFO] [1789634906.761900353] [vision_manager]: Book detected: xyz=(-0.091, 0.039, 0.400), center=(248, 271)
[INFO] [1789634906.868706887] [vision_manager]: Book detected: xyz=(-0.087, -0.180, 0.400), center=(251, 97)
[INFO] [1789634906.870058258] [vision_manager]: Book detected: xyz=(-0.114, -0.096, 0.516), center=(250, 181)
[INFO] [1789634906.871303988] [vision_manager]: Book detected: xyz=(0.734, 0.005, 0.869), center=(588, 242)
[INFO] [1789634906.872553044] [vision_manager]: Book detected: xyz=(0.622, 0.000, 0.869), center=(547, 240)
[INFO] [1789634906.873798113] [vision_manager]: Book detected: xyz=(-0.098, -0.021, 0.439), center=(249, 225)
[INFO] [1789634906.875044904] [vision_manager]: Book detected: xyz=(-0.091, 0.039, 0.400), center=(248, 271)
[INFO] [1789634906.980421898] [vision_manager]: Book detected: xyz=(-0.087, -0.180, 0.400), center=(251, 97)
[INFO] [1789634906.981708066] [vision_manager]: Book detected: xyz=(-0.114, -0.096, 0.516), center=(250, 181)
[INFO] [1789634906.982951494] [vision_manager]: Book detected: xyz=(0.734, 0.005, 0.869), center=(588, 242)
[INFO] [1789634906.984223900] [vision_manager]: Book detected: xyz=(0.608, 0.000, 0.869), center=(542, 240)
[INFO] [1789634906.985482800] [vision_manager]: Book detected: xyz=(-0.098, -0.021, 0.439), center=(249, 225)
[INFO] [1789634906.986616113] [vision_manager]: Book detected: xyz=(-0.090, 0.039, 0.400), center=(249, 271)
[INFO] [1789634907.096189433] [vision_manager]: Book detected: xyz=(-0.086, -0.180, 0.400), center=(252, 97)
[INFO] [1789634907.097295674] [vision_manager]: Book detected: xyz=(-0.112, -0.096, 0.507), center=(250, 180)
[INFO] [1789634907.098370428] [vision_manager]: Book detected: xyz=(0.734, 0.005, 0.869), center=(588, 242)
[INFO] [1789634907.099445480] [vision_manager]: Book detected: xyz=(0.625, 0.000, 0.869), center=(548, 240)
[INFO] [1789634907.100549455] [vision_manager]: Book detected: xyz=(-0.092, -0.021, 0.411), center=(249, 224)
[INFO] [1789634907.101675022] [vision_manager]: Book detected: xyz=(-0.091, 0.040, 0.400), center=(248, 272)
[INFO] [1789634907.222600878] [vision_manager]: Book detected: xyz=(-0.087, -0.182, 0.400), center=(251, 96)
[INFO] [1789634907.223847840] [vision_manager]: Book detected: xyz=(-0.114, -0.096, 0.516), center=(250, 181)
[INFO] [1789634907.225098322] [vision_manager]: Book detected: xyz=(0.734, 0.005, 0.869), center=(588, 242)
[INFO] [1789634907.226224498] [vision_manager]: Book detected: xyz=(0.633, 0.000, 0.869), center=(551, 240)
[INFO] [1789634907.227306744] [vision_manager]: Book detected: xyz=(-0.098, -0.021, 0.439), center=(249, 225)
[INFO] [1789634907.228458776] [vision_manager]: Book detected: xyz=(-0.091, 0.039, 0.400), center=(248, 271)
[INFO] [1789634907.338654643] [vision_manager]: Book detected: xyz=(-0.087, -0.180, 0.400), center=(251, 97)
[INFO] [1789634907.339663958] [vision_manager]: Book detected: xyz=(-0.114, -0.096, 0.516), center=(250, 181)
[INFO] [1789634907.340599779] [vision_manager]: Book detected: xyz=(0.734, 0.005, 0.869), center=(588, 242)
[INFO] [1789634907.341530625] [vision_manager]: Book detected: xyz=(0.630, 0.000, 0.869), center=(550, 240)
[INFO] [1789634907.342444375] [vision_manager]: Book detected: xyz=(-0.090, -0.027, 0.401), center=(249, 219)
[INFO] [1789634907.343342450] [vision_manager]: Book detected: xyz=(-0.091, 0.039, 0.400), center=(248, 271)
[INFO] [1789634907.451821502] [vision_manager]: Book detected: xyz=(-0.087, -0.180, 0.400), center=(251, 97)
[INFO] [1789634907.453034028] [vision_manager]: Book detected: xyz=(-0.114, -0.096, 0.516), center=(250, 181)
[INFO] [1789634907.454173259] [vision_manager]: Book detected: xyz=(0.734, 0.005, 0.869), center=(588, 242)
[INFO] [1789634907.455710417] [vision_manager]: Book detected: xyz=(0.627, 0.000, 0.869), center=(549, 240)
[INFO] [1789634907.457235865] [vision_manager]: Book detected: xyz=(-0.100, -0.021, 0.439), center=(248, 225)
[INFO] [1789634907.458493323] [vision_manager]: Book detected: xyz=(-0.091, 0.040, 0.400), center=(248, 272)
[INFO] [1789634907.574196221] [vision_manager]: Book detected: xyz=(-0.087, -0.180, 0.400), center=(251, 97)
[INFO] [1789634907.576188391] [vision_manager]: Book detected: xyz=(-0.114, -0.096, 0.516), center=(250, 181)
[INFO] [1789634907.578146431] [vision_manager]: Book detected: xyz=(0.734, 0.005, 0.869), center=(588, 242)
[INFO] [1789634907.580165212] [vision_manager]: Book detected: xyz=(0.630, 0.000, 0.869), center=(550, 240)
[INFO] [1789634907.581810073] [vision_manager]: Book detected: xyz=(-0.100, -0.021, 0.439), center=(248, 225)
[INFO] [1789634907.583374500] [vision_manager]: Book detected: xyz=(-0.092, 0.039, 0.400), center=(247, 271)
[INFO] [1789634907.690080283] [vision_manager]: Book detected: xyz=(-0.087, -0.180, 0.400), center=(251, 97)
[INFO] [1789634907.691653797] [vision_manager]: Book detected: xyz=(-0.115, -0.096, 0.516), center=(249, 181)
[INFO] [1789634907.693281484] [vision_manager]: Book detected: xyz=(0.734, 0.005, 0.869), center=(588, 242)
[INFO] [1789634907.695232141] [vision_manager]: Book detected: xyz=(0.625, 0.003, 0.869), center=(548, 241)
[INFO] [1789634907.697426129] [vision_manager]: Book detected: xyz=(-0.091, -0.024, 0.402), center=(248, 221)
[INFO] [1789634907.698902161] [vision_manager]: Book detected: xyz=(-0.092, 0.039, 0.400), center=(247, 271)
[INFO] [1789634907.800543184] [vision_manager]: Book detected: xyz=(-0.086, -0.180, 0.400), center=(252, 97)
[INFO] [1789634907.801655892] [vision_manager]: Book detected: xyz=(-0.114, -0.096, 0.516), center=(250, 181)
[INFO] [1789634907.802735173] [vision_manager]: Book detected: xyz=(0.734, 0.005, 0.869), center=(588, 242)
[INFO] [1789634907.803831488] [vision_manager]: Book detected: xyz=(0.627, 0.000, 0.869), center=(549, 240)
[INFO] [1789634907.804910318] [vision_manager]: Book detected: xyz=(-0.090, -0.023, 0.402), center=(249, 222)
[INFO] [1789634907.805852766] [vision_manager]: Book detected: xyz=(-0.092, 0.035, 0.400), center=(247, 268)
[INFO] [1789634907.922216197] [vision_manager]: Book detected: xyz=(-0.087, -0.180, 0.400), center=(251, 97)
[INFO] [1789634907.924322958] [vision_manager]: Book detected: xyz=(0.734, 0.005, 0.869), center=(588, 242)
[INFO] [1789634907.974219375] [vision_manager]: Book detected: xyz=(-0.117, -0.096, 0.516), center=(248, 181)
[INFO] [1789634907.975130544] [vision_manager]: Book detected: xyz=(0.622, 0.000, 0.869), center=(547, 240)
[INFO] [1789634907.976058434] [vision_manager]: Book detected: xyz=(-0.093, -0.023, 0.402), center=(247, 222)
[INFO] [1789634907.976939249] [vision_manager]: Book detected: xyz=(-0.096, 0.038, 0.400), center=(244, 270)
[INFO] [1789634908.092427811] [vision_manager]: Book detected: xyz=(-0.086, -0.180, 0.400), center=(252, 97)
[INFO] [1789634908.093493201] [vision_manager]: Book detected: xyz=(-0.112, -0.096, 0.507), center=(250, 180)
[INFO] [1789634908.094447127] [vision_manager]: Book detected: xyz=(0.734, 0.005, 0.869), center=(588, 242)
[INFO] [1789634908.095387332] [vision_manager]: Book detected: xyz=(0.636, 0.000, 0.869), center=(552, 240)
[INFO] [1789634908.096321595] [vision_manager]: Book detected: xyz=(-0.090, -0.024, 0.402), center=(249, 221)
[INFO] [1789634908.097262354] [vision_manager]: Book detected: xyz=(-0.091, 0.039, 0.400), center=(248, 271)
[INFO] [1789634908.211607201] [vision_manager]: Book detected: xyz=(-0.086, -0.180, 0.400), center=(252, 97)
[INFO] [1789634908.212689222] [vision_manager]: Book detected: xyz=(-0.114, -0.096, 0.516), center=(250, 181)
[INFO] [1789634908.213779803] [vision_manager]: Book detected: xyz=(0.734, 0.005, 0.869), center=(588, 242)
[INFO] [1789634908.214864081] [vision_manager]: Book detected: xyz=(0.644, 0.000, 0.869), center=(555, 240)
[INFO] [1789634908.215963101] [vision_manager]: Book detected: xyz=(-0.090, -0.024, 0.402), center=(249, 221)
[INFO] [1789634908.217096490] [vision_manager]: Book detected: xyz=(-0.091, 0.040, 0.400), center=(248, 272)
[INFO] [1789634908.320979554] [vision_manager]: Book detected: xyz=(-0.087, -0.182, 0.400), center=(251, 96)
[INFO] [1789634908.322095424] [vision_manager]: Book detected: xyz=(-0.114, -0.096, 0.516), center=(250, 181)
[INFO] [1789634908.323161955] [vision_manager]: Book detected: xyz=(0.734, 0.005, 0.869), center=(588, 242)
[INFO] [1789634908.324230110] [vision_manager]: Book detected: xyz=(0.627, 0.003, 0.869), center=(549, 241)
[INFO] [1789634908.325289435] [vision_manager]: Book detected: xyz=(-0.092, -0.021, 0.411), center=(249, 224)
[INFO] [1789634908.326350452] [vision_manager]: Book detected: xyz=(-0.091, 0.042, 0.400), center=(248, 273)
[INFO] [1789634908.420705194] [vision_manager]: Book detected: xyz=(-0.087, -0.180, 0.400), center=(251, 97)
[INFO] [1789634908.421653530] [vision_manager]: Book detected: xyz=(-0.114, -0.096, 0.516), center=(250, 181)
[INFO] [1789634908.422565404] [vision_manager]: Book detected: xyz=(0.734, 0.005, 0.869), center=(588, 242)
[INFO] [1789634908.423477835] [vision_manager]: Book detected: xyz=(0.638, 0.000, 0.869), center=(553, 240)
[INFO] [1789634908.424394046] [vision_manager]: Book detected: xyz=(-0.098, -0.021, 0.439), center=(249, 225)
[INFO] [1789634908.425298007] [vision_manager]: Book detected: xyz=(-0.090, 0.043, 0.400), center=(249, 274)
[INFO] [1789634908.539144781] [vision_manager]: Book detected: xyz=(-0.086, -0.180, 0.400), center=(252, 97)
[INFO] [1789634908.540270484] [vision_manager]: Book detected: xyz=(-0.112, -0.096, 0.516), center=(251, 181)
[INFO] [1789634908.541355646] [vision_manager]: Book detected: xyz=(0.734, 0.005, 0.869), center=(588, 242)
[INFO] [1789634908.542424694] [vision_manager]: Book detected: xyz=(0.636, 0.003, 0.869), center=(552, 241)
[INFO] [1789634908.543453715] [vision_manager]: Book detected: xyz=(-0.106, -0.021, 0.472), center=(249, 226)
[INFO] [1789634908.544386441] [vision_manager]: Book detected: xyz=(-0.090, 0.042, 0.400), center=(249, 273)
[INFO] [1789634908.545057120] [vision_manager]: No placeable empty shelf position found
[INFO] [1789634908.634221313] [vision_manager]: Book detected: xyz=(-0.086, -0.180, 0.400), center=(252, 97)
[INFO] [1789634908.635209308] [vision_manager]: Book detected: xyz=(-0.114, -0.096, 0.525), center=(251, 182)
[INFO] [1789634908.636149048] [vision_manager]: Book detected: xyz=(0.734, 0.005, 0.869), center=(588, 242)
[INFO] [1789634908.637108149] [vision_manager]: Book detected: xyz=(0.636, 0.000, 0.869), center=(552, 240)
[INFO] [1789634908.638003089] [vision_manager]: Book detected: xyz=(-0.092, -0.021, 0.411), center=(249, 224)
[INFO] [1789634908.733172546] [vision_manager]: Book detected: xyz=(-0.087, -0.180, 0.400), center=(251, 97)
[INFO] [1789634908.735601682] [vision_manager]: Book detected: xyz=(-0.116, -0.096, 0.534), center=(251, 183)
[INFO] [1789634908.738007884] [vision_manager]: Book detected: xyz=(0.734, 0.005, 0.869), center=(588, 242)
[INFO] [1789634908.740369725] [vision_manager]: Book detected: xyz=(0.627, 0.000, 0.869), center=(549, 240)
[INFO] [1789634908.742358196] [vision_manager]: Book detected: xyz=(-0.093, -0.021, 0.411), center=(248, 224)
[INFO] [1789634908.848864516] [vision_manager]: Book detected: xyz=(-0.087, -0.182, 0.400), center=(251, 96)
[INFO] [1789634908.850004363] [vision_manager]: Book detected: xyz=(-0.116, -0.096, 0.534), center=(251, 183)
[INFO] [1789634908.851096372] [vision_manager]: Book detected: xyz=(0.734, 0.005, 0.869), center=(588, 242)
[INFO] [1789634908.852167829] [vision_manager]: Book detected: xyz=(0.616, 0.003, 0.869), center=(545, 241)
[INFO] [1789634908.853230750] [vision_manager]: Book detected: xyz=(-0.092, -0.021, 0.411), center=(249, 224)
[INFO] [1789634908.974164308] [vision_manager]: Book detected: xyz=(-0.086, -0.180, 0.400), center=(252, 97)
[INFO] [1789634908.975409803] [vision_manager]: Book detected: xyz=(-0.114, -0.096, 0.525), center=(251, 182)
[INFO] [1789634908.976491515] [vision_manager]: Book detected: xyz=(0.734, 0.005, 0.869), center=(588, 242)
[INFO] [1789634908.977554560] [vision_manager]: Book detected: xyz=(0.636, 0.000, 0.869), center=(552, 240)
[INFO] [1789634908.978616774] [vision_manager]: Book detected: xyz=(-0.100, -0.021, 0.439), center=(248, 225)
[INFO] [1789634908.979680300] [vision_manager]: Book detected: xyz=(-0.091, 0.040, 0.400), center=(248, 272)
[INFO] [1789634909.088268480] [vision_manager]: Book detected: xyz=(-0.086, -0.180, 0.400), center=(252, 97)
[INFO] [1789634909.089222059] [vision_manager]: Book detected: xyz=(-0.116, -0.096, 0.525), center=(250, 182)
[INFO] [1789634909.090130579] [vision_manager]: Book detected: xyz=(0.734, 0.005, 0.869), center=(588, 242)
[INFO] [1789634909.091027384] [vision_manager]: Book detected: xyz=(0.655, 0.000, 0.869), center=(559, 240)
[INFO] [1789634909.091922903] [vision_manager]: Book detected: xyz=(-0.093, -0.021, 0.411), center=(248, 224)
[INFO] [1789634909.092821690] [vision_manager]: Book detected: xyz=(-0.091, 0.040, 0.400), center=(248, 272)
[INFO] [1789634909.185646113] [vision_manager]: Book detected: xyz=(-0.086, -0.180, 0.400), center=(252, 97)
[INFO] [1789634909.186692164] [vision_manager]: Book detected: xyz=(0.734, 0.005, 0.869), center=(588, 242)
[INFO] [1789634909.187688340] [vision_manager]: Book detected: xyz=(-0.116, -0.096, 0.525), center=(250, 182)
[INFO] [1789634909.188645703] [vision_manager]: Book detected: xyz=(0.647, 0.000, 0.869), center=(556, 240)
[INFO] [1789634909.189583365] [vision_manager]: Book detected: xyz=(-0.090, -0.028, 0.401), center=(249, 218)
[INFO] [1789634909.190524294] [vision_manager]: Book detected: xyz=(-0.092, 0.040, 0.400), center=(247, 272)
[INFO] [1789634909.313652187] [vision_manager]: Book detected: xyz=(-0.086, -0.180, 0.400), center=(252, 97)
[INFO] [1789634909.315661457] [vision_manager]: Book detected: xyz=(-0.116, -0.096, 0.534), center=(251, 183)
[INFO] [1789634909.317551362] [vision_manager]: Book detected: xyz=(0.734, 0.005, 0.869), center=(588, 242)
[INFO] [1789634909.319095061] [vision_manager]: Book detected: xyz=(0.649, 0.000, 0.869), center=(557, 240)
[INFO] [1789634909.320604081] [vision_manager]: Book detected: xyz=(-0.092, -0.021, 0.411), center=(249, 224)
[INFO] [1789634909.322147427] [vision_manager]: Book detected: xyz=(-0.091, 0.037, 0.400), center=(248, 269)
[INFO] [1789634909.431146052] [vision_manager]: Book detected: xyz=(-0.086, -0.180, 0.400), center=(252, 97)
[INFO] [1789634909.433118887] [vision_manager]: Book detected: xyz=(-0.114, -0.096, 0.525), center=(251, 182)
[INFO] [1789634909.434823326] [vision_manager]: Book detected: xyz=(0.734, 0.005, 0.869), center=(588, 242)
[INFO] [1789634909.436343721] [vision_manager]: Book detected: xyz=(0.655, 0.000, 0.869), center=(559, 240)
[INFO] [1789634909.437877333] [vision_manager]: Book detected: xyz=(-0.092, -0.021, 0.411), center=(249, 224)
[INFO] [1789634909.549576141] [vision_manager]: Book detected: xyz=(-0.086, -0.180, 0.400), center=(252, 97)
[INFO] [1789634909.551458042] [vision_manager]: Book detected: xyz=(-0.116, -0.096, 0.534), center=(251, 183)
[INFO] [1789634909.552984858] [vision_manager]: Book detected: xyz=(0.734, 0.005, 0.869), center=(588, 242)
[INFO] [1789634909.554549568] [vision_manager]: Book detected: xyz=(0.647, 0.003, 0.869), center=(556, 241)
[INFO] [1789634909.556063295] [vision_manager]: Book detected: xyz=(-0.098, -0.021, 0.439), center=(249, 225)
[INFO] [1789634909.676646418] [vision_manager]: Book detected: xyz=(-0.086, -0.180, 0.400), center=(252, 97)
[INFO] [1789634909.678313365] [vision_manager]: Book detected: xyz=(-0.114, -0.096, 0.525), center=(251, 182)
[INFO] [1789634909.679830603] [vision_manager]: Book detected: xyz=(0.734, 0.005, 0.869), center=(588, 242)
[INFO] [1789634909.681379424] [vision_manager]: Book detected: xyz=(0.647, 0.000, 0.869), center=(556, 240)
[INFO] [1789634909.682895779] [vision_manager]: Book detected: xyz=(-0.090, -0.022, 0.403), center=(249, 223)
[INFO] [1789634909.789347089] [vision_manager]: Book detected: xyz=(-0.086, -0.180, 0.400), center=(252, 97)
[INFO] [1789634909.790310398] [vision_manager]: Book detected: xyz=(-0.114, -0.096, 0.525), center=(251, 182)
[INFO] [1789634909.791220081] [vision_manager]: Book detected: xyz=(0.734, 0.005, 0.869), center=(588, 242)
[INFO] [1789634909.792128948] [vision_manager]: Book detected: xyz=(0.652, 0.000, 0.869), center=(558, 240)
[INFO] [1789634909.793020368] [vision_manager]: Book detected: xyz=(-0.092, -0.021, 0.411), center=(249, 224)
[INFO] [1789634909.906410625] [vision_manager]: Book detected: xyz=(-0.085, -0.180, 0.400), center=(253, 97)
[INFO] [1789634909.907522848] [vision_manager]: Book detected: xyz=(-0.111, -0.096, 0.516), center=(252, 181)
[INFO] [1789634909.908633483] [vision_manager]: Book detected: xyz=(0.734, 0.005, 0.869), center=(588, 242)
[INFO] [1789634909.909760133] [vision_manager]: Book detected: xyz=(0.644, 0.003, 0.869), center=(555, 241)
[INFO] [1789634909.910993880] [vision_manager]: Book detected: xyz=(-0.092, -0.021, 0.411), center=(249, 224)
[INFO] [1789634910.018801841] [vision_manager]: Book detected: xyz=(-0.085, -0.182, 0.400), center=(253, 96)
[INFO] [1789634910.020448579] [vision_manager]: Book detected: xyz=(-0.113, -0.096, 0.525), center=(252, 182)
[INFO] [1789634910.021963816] [vision_manager]: Book detected: xyz=(0.734, 0.005, 0.869), center=(588, 242)
[INFO] [1789634910.023528161] [vision_manager]: Book detected: xyz=(0.641, 0.000, 0.869), center=(554, 240)
[INFO] [1789634910.025035866] [vision_manager]: Book detected: xyz=(-0.092, -0.021, 0.411), center=(249, 224)
[INFO] [1789634910.132620513] [vision_manager]: Book detected: xyz=(-0.085, -0.182, 0.400), center=(253, 96)
[INFO] [1789634910.133734061] [vision_manager]: Book detected: xyz=(-0.113, -0.096, 0.525), center=(252, 182)
[INFO] [1789634910.134794817] [vision_manager]: Book detected: xyz=(0.734, 0.005, 0.869), center=(588, 242)
[INFO] [1789634910.135849448] [vision_manager]: Book detected: xyz=(0.627, 0.000, 0.869), center=(549, 240)
[INFO] [1789634910.136868566] [vision_manager]: Book detected: xyz=(-0.092, -0.021, 0.411), center=(249, 224)
[INFO] [1789634910.295039666] [vision_manager]: Book detected: xyz=(-0.085, -0.180, 0.400), center=(253, 97)
[INFO] [1789634910.296157662] [vision_manager]: Book detected: xyz=(-0.115, -0.096, 0.534), center=(252, 183)
[INFO] [1789634910.297232794] [vision_manager]: Book detected: xyz=(0.734, 0.005, 0.869), center=(588, 242)
[INFO] [1789634910.298273147] [vision_manager]: Book detected: xyz=(0.616, 0.000, 0.869), center=(545, 240)
[INFO] [1789634910.299251224] [vision_manager]: Book detected: xyz=(-0.090, -0.022, 0.403), center=(249, 223)
[INFO] [1789634910.396390625] [vision_manager]: Book detected: xyz=(-0.085, -0.180, 0.400), center=(253, 97)
[INFO] [1789634910.397418013] [vision_manager]: Book detected: xyz=(-0.111, -0.096, 0.516), center=(252, 181)
[INFO] [1789634910.398427904] [vision_manager]: Book detected: xyz=(0.734, 0.005, 0.869), center=(588, 242)
[INFO] [1789634910.399378738] [vision_manager]: Book detected: xyz=(0.630, 0.000, 0.869), center=(550, 240)
[INFO] [1789634910.400337384] [vision_manager]: Book detected: xyz=(-0.089, -0.023, 0.402), center=(250, 222)
[INFO] [1789634910.536938225] [vision_manager]: Book detected: xyz=(-0.085, -0.180, 0.400), center=(253, 97)
[INFO] [1789634910.540429370] [vision_manager]: Book detected: xyz=(-0.111, -0.096, 0.516), center=(252, 181)
[INFO] [1789634910.541789009] [vision_manager]: Book detected: xyz=(0.734, 0.005, 0.869), center=(588, 242)
[INFO] [1789634910.543355165] [vision_manager]: Book detected: xyz=(0.630, 0.000, 0.869), center=(550, 240)
[INFO] [1789634910.545091436] [vision_manager]: Book detected: xyz=(-0.090, -0.022, 0.403), center=(249, 223)
[INFO] [1789634910.666447921] [vision_manager]: Book detected: xyz=(-0.085, -0.180, 0.400), center=(253, 97)
[INFO] [1789634910.667852164] [vision_manager]: Book detected: xyz=(-0.111, -0.096, 0.516), center=(252, 181)
[INFO] [1789634910.669122326] [vision_manager]: Book detected: xyz=(0.734, 0.005, 0.869), center=(588, 242)
[INFO] [1789634910.670366508] [vision_manager]: Book detected: xyz=(0.652, 0.000, 0.869), center=(558, 240)
[INFO] [1789634910.671611096] [vision_manager]: Book detected: xyz=(-0.090, -0.022, 0.403), center=(249, 223)
[INFO] [1789634910.795849513] [vision_manager]: Book detected: xyz=(-0.086, -0.180, 0.400), center=(252, 97)
[INFO] [1789634910.797711091] [vision_manager]: Book detected: xyz=(-0.111, -0.096, 0.516), center=(252, 181)
[INFO] [1789634910.799553752] [vision_manager]: Book detected: xyz=(0.734, 0.005, 0.869), center=(588, 242)
[INFO] [1789634910.801341582] [vision_manager]: Book detected: xyz=(0.647, 0.000, 0.869), center=(556, 240)
[INFO] [1789634910.802950563] [vision_manager]: Book detected: xyz=(-0.090, -0.022, 0.403), center=(249, 223)
[INFO] [1789634910.907308058] [vision_manager]: Book detected: xyz=(-0.085, -0.180, 0.400), center=(253, 97)
[INFO] [1789634910.908287404] [vision_manager]: Book detected: xyz=(-0.112, -0.096, 0.516), center=(251, 181)
[INFO] [1789634910.909236536] [vision_manager]: Book detected: xyz=(0.734, 0.005, 0.869), center=(588, 242)
[INFO] [1789634910.910183166] [vision_manager]: Book detected: xyz=(0.644, 0.000, 0.869), center=(555, 240)
[INFO] [1789634910.911084022] [vision_manager]: Book detected: xyz=(-0.090, -0.022, 0.403), center=(249, 223)
[INFO] [1789634911.020467889] [vision_manager]: Book detected: xyz=(-0.086, -0.180, 0.400), center=(252, 97)
[INFO] [1789634911.021768541] [vision_manager]: Book detected: xyz=(-0.113, -0.096, 0.525), center=(252, 182)
[INFO] [1789634911.023024921] [vision_manager]: Book detected: xyz=(0.734, 0.005, 0.869), center=(588, 242)
[INFO] [1789634911.024302253] [vision_manager]: Book detected: xyz=(0.627, 0.000, 0.869), center=(549, 240)
[INFO] [1789634911.025568349] [vision_manager]: Book detected: xyz=(-0.092, -0.021, 0.411), center=(249, 224)
[INFO] [1789634911.146611455] [vision_manager]: Book detected: xyz=(-0.086, -0.180, 0.400), center=(252, 97)
[INFO] [1789634911.148673216] [vision_manager]: Book detected: xyz=(-0.114, -0.096, 0.525), center=(251, 182)
[INFO] [1789634911.150571924] [vision_manager]: Book detected: xyz=(0.734, 0.005, 0.869), center=(588, 242)
[INFO] [1789634911.152399928] [vision_manager]: Book detected: xyz=(0.627, 0.000, 0.869), center=(549, 240)
[INFO] [1789634911.153990953] [vision_manager]: Book detected: xyz=(-0.090, -0.022, 0.403), center=(249, 223)
[INFO] [1789634911.267117952] [vision_manager]: Book detected: xyz=(-0.086, -0.180, 0.400), center=(252, 97)
[INFO] [1789634911.268249527] [vision_manager]: Book detected: xyz=(-0.112, -0.096, 0.516), center=(251, 181)
[INFO] [1789634911.269319644] [vision_manager]: Book detected: xyz=(0.734, 0.005, 0.869), center=(588, 242)
[INFO] [1789634911.270360460] [vision_manager]: Book detected: xyz=(0.625, 0.000, 0.869), center=(548, 240)
[INFO] [1789634911.271314645] [vision_manager]: Book detected: xyz=(-0.092, -0.021, 0.411), center=(249, 224)
[INFO] [1789634911.272250721] [vision_manager]: Book detected: xyz=(-0.091, 0.037, 0.400), center=(248, 269)
[INFO] [1789634911.392378108] [vision_manager]: Book detected: xyz=(-0.086, -0.180, 0.400), center=(252, 97)
[INFO] [1789634911.394094446] [vision_manager]: Book detected: xyz=(-0.113, -0.096, 0.525), center=(252, 182)
[INFO] [1789634911.395844622] [vision_manager]: Book detected: xyz=(0.734, 0.005, 0.869), center=(588, 242)
[INFO] [1789634911.397919867] [vision_manager]: Book detected: xyz=(0.636, 0.000, 0.869), center=(552, 240)
[INFO] [1789634911.399619470] [vision_manager]: Book detected: xyz=(-0.090, -0.022, 0.403), center=(249, 223)
[INFO] [1789634911.503484027] [vision_manager]: Book detected: xyz=(-0.086, -0.180, 0.400), center=(252, 97)
[INFO] [1789634911.504622612] [vision_manager]: Book detected: xyz=(-0.113, -0.096, 0.525), center=(252, 182)
[INFO] [1789634911.505654644] [vision_manager]: Book detected: xyz=(0.734, 0.005, 0.869), center=(588, 242)
[INFO] [1789634911.506624233] [vision_manager]: Book detected: xyz=(0.636, 0.000, 0.869), center=(552, 240)
[INFO] [1789634911.507583357] [vision_manager]: Book detected: xyz=(-0.089, -0.022, 0.403), center=(250, 223)
[INFO] [1789634911.612256016] [vision_manager]: Book detected: xyz=(-0.086, -0.180, 0.400), center=(252, 97)
[INFO] [1789634911.613262626] [vision_manager]: Book detected: xyz=(-0.112, -0.096, 0.516), center=(251, 181)
[INFO] [1789634911.614232091] [vision_manager]: Book detected: xyz=(0.734, 0.005, 0.869), center=(588, 242)
[INFO] [1789634911.615203518] [vision_manager]: Book detected: xyz=(0.627, 0.000, 0.869), center=(549, 240)
[INFO] [1789634911.616142131] [vision_manager]: Book detected: xyz=(-0.090, -0.022, 0.403), center=(249, 223)
[INFO] [1789634911.719424579] [vision_manager]: Book detected: xyz=(-0.086, -0.180, 0.400), center=(252, 97)
[INFO] [1789634911.720595718] [vision_manager]: Book detected: xyz=(-0.114, -0.096, 0.525), center=(251, 182)
[INFO] [1789634911.722151124] [vision_manager]: Book detected: xyz=(0.734, 0.005, 0.869), center=(588, 242)
[INFO] [1789634911.723612667] [vision_manager]: Book detected: xyz=(0.638, 0.000, 0.869), center=(553, 240)
[INFO] [1789634911.724944870] [vision_manager]: Book detected: xyz=(-0.092, -0.021, 0.411), center=(249, 224)
[INFO] [1789634911.830700755] [vision_manager]: Book detected: xyz=(-0.086, -0.180, 0.400), center=(252, 97)
[INFO] [1789634911.831752629] [vision_manager]: Book detected: xyz=(-0.112, -0.096, 0.516), center=(251, 181)
[INFO] [1789634911.832750825] [vision_manager]: Book detected: xyz=(0.734, 0.005, 0.869), center=(588, 242)
[INFO] [1789634911.833726665] [vision_manager]: Book detected: xyz=(0.644, 0.000, 0.869), center=(555, 240)
[INFO] [1789634911.834695409] [vision_manager]: Book detected: xyz=(-0.093, -0.021, 0.411), center=(248, 224)
[INFO] [1789634911.835660269] [vision_manager]: Book detected: xyz=(-0.091, 0.040, 0.400), center=(248, 272)
[INFO] [1789634911.936621308] [vision_manager]: Book detected: xyz=(-0.086, -0.180, 0.400), center=(252, 97)
[INFO] [1789634911.937717603] [vision_manager]: Book detected: xyz=(-0.114, -0.096, 0.525), center=(251, 182)
[INFO] [1789634911.938729672] [vision_manager]: Book detected: xyz=(0.734, 0.005, 0.869), center=(588, 242)
[INFO] [1789634911.939718045] [vision_manager]: Book detected: xyz=(0.649, 0.000, 0.869), center=(557, 240)
[INFO] [1789634911.940671903] [vision_manager]: Book detected: xyz=(-0.092, -0.021, 0.411), center=(249, 224)
[INFO] [1789634911.941653174] [vision_manager]: Book detected: xyz=(-0.091, 0.040, 0.400), center=(248, 272)
[INFO] [1789634912.072348337] [vision_manager]: Book detected: xyz=(-0.085, -0.180, 0.400), center=(253, 97)
[INFO] [1789634912.073497799] [vision_manager]: Book detected: xyz=(-0.111, -0.096, 0.516), center=(252, 181)
[INFO] [1789634912.074538675] [vision_manager]: Book detected: xyz=(0.734, 0.005, 0.869), center=(588, 242)
[INFO] [1789634912.075528343] [vision_manager]: Book detected: xyz=(0.638, 0.000, 0.869), center=(553, 240)
[INFO] [1789634912.076542345] [vision_manager]: Book detected: xyz=(-0.090, -0.022, 0.403), center=(249, 223)
[INFO] [1789634912.216802101] [vision_manager]: Book detected: xyz=(-0.086, -0.180, 0.400), center=(252, 97)
[INFO] [1789634912.217786535] [vision_manager]: Book detected: xyz=(-0.119, -0.096, 0.554), center=(252, 185)
[INFO] [1789634912.218738414] [vision_manager]: Book detected: xyz=(0.734, 0.005, 0.869), center=(588, 242)
[INFO] [1789634912.219685653] [vision_manager]: Book detected: xyz=(0.627, 0.000, 0.869), center=(549, 240)
[INFO] [1789634912.220633678] [vision_manager]: Book detected: xyz=(-0.091, -0.021, 0.411), center=(250, 224)
[INFO] [1789634912.358985729] [vision_manager]: Book detected: xyz=(-0.086, -0.180, 0.400), center=(252, 97)
[INFO] [1789634912.360714284] [vision_manager]: Book detected: xyz=(0.734, 0.005, 0.869), center=(588, 242)
[INFO] [1789634912.362448457] [vision_manager]: Book detected: xyz=(-0.116, -0.096, 0.534), center=(251, 183)
[INFO] [1789634912.364481846] [vision_manager]: Book detected: xyz=(0.652, 0.000, 0.869), center=(558, 240)
[INFO] [1789634912.366193787] [vision_manager]: Book detected: xyz=(-0.090, -0.022, 0.403), center=(249, 223)
[INFO] [1789634912.527609446] [vision_manager]: Book detected: xyz=(-0.086, -0.180, 0.400), center=(252, 97)
[INFO] [1789634912.529257531] [vision_manager]: Book detected: xyz=(-0.113, -0.096, 0.525), center=(252, 182)
[INFO] [1789634912.530693678] [vision_manager]: Book detected: xyz=(0.734, 0.005, 0.869), center=(588, 242)
[INFO] [1789634912.531964434] [vision_manager]: Book detected: xyz=(0.647, 0.000, 0.869), center=(556, 240)
[INFO] [1789634912.533256956] [vision_manager]: Book detected: xyz=(-0.091, -0.021, 0.411), center=(250, 224)
[INFO] [1789634912.659116545] [vision_manager]: Book detected: xyz=(-0.086, -0.180, 0.400), center=(252, 97)
[INFO] [1789634912.660110578] [vision_manager]: Book detected: xyz=(-0.113, -0.096, 0.525), center=(252, 182)
[INFO] [1789634912.661060539] [vision_manager]: Book detected: xyz=(0.734, 0.005, 0.869), center=(588, 242)
[INFO] [1789634912.661978397] [vision_manager]: Book detected: xyz=(0.644, 0.000, 0.869), center=(555, 240)
[INFO] [1789634912.662897006] [vision_manager]: Book detected: xyz=(-0.092, -0.021, 0.411), center=(249, 224)
[INFO] [1789634912.783877063] [vision_manager]: Book detected: xyz=(-0.086, -0.180, 0.400), center=(252, 97)
[INFO] [1789634912.784931325] [vision_manager]: Book detected: xyz=(-0.111, -0.096, 0.516), center=(252, 181)
[INFO] [1789634912.785898202] [vision_manager]: Book detected: xyz=(0.734, 0.005, 0.869), center=(588, 242)
[INFO] [1789634912.786854567] [vision_manager]: Book detected: xyz=(0.638, 0.000, 0.869), center=(553, 240)
[INFO] [1789634912.787814602] [vision_manager]: Book detected: xyz=(-0.098, -0.021, 0.439), center=(249, 225)
[INFO] [1789634912.903490318] [vision_manager]: Book detected: xyz=(-0.086, -0.180, 0.400), center=(252, 97)
[INFO] [1789634912.904535790] [vision_manager]: Book detected: xyz=(-0.116, -0.096, 0.534), center=(251, 183)
[INFO] [1789634912.905526299] [vision_manager]: Book detected: xyz=(0.734, 0.005, 0.869), center=(588, 242)
[INFO] [1789634912.906517995] [vision_manager]: Book detected: xyz=(0.658, 0.000, 0.869), center=(560, 240)
[INFO] [1789634912.907508276] [vision_manager]: Book detected: xyz=(-0.097, -0.021, 0.439), center=(250, 225)
[INFO] [1789634913.020963507] [vision_manager]: Book detected: xyz=(-0.086, -0.180, 0.400), center=(252, 97)
[INFO] [1789634913.022057580] [vision_manager]: Book detected: xyz=(-0.115, -0.096, 0.534), center=(252, 183)
[INFO] [1789634913.023121431] [vision_manager]: Book detected: xyz=(0.737, 0.005, 0.869), center=(589, 242)
[INFO] [1789634913.024176343] [vision_manager]: Book detected: xyz=(0.660, 0.000, 0.869), center=(561, 240)
[INFO] [1789634913.025239874] [vision_manager]: Book detected: xyz=(-0.092, -0.021, 0.411), center=(249, 224)
[INFO] [1789634913.149822165] [vision_manager]: Book detected: xyz=(-0.085, -0.180, 0.400), center=(253, 97)
[INFO] [1789634913.151166753] [vision_manager]: Book detected: xyz=(-0.117, -0.096, 0.544), center=(252, 184)
[INFO] [1789634913.152401904] [vision_manager]: Book detected: xyz=(0.734, 0.005, 0.869), center=(588, 242)
[INFO] [1789634913.153619034] [vision_manager]: Book detected: xyz=(0.652, 0.000, 0.869), center=(558, 240)
[INFO] [1789634913.154702739] [vision_manager]: Book detected: xyz=(-0.098, -0.021, 0.439), center=(249, 225)
[INFO] [1789634913.307533245] [vision_manager]: Book detected: xyz=(-0.085, -0.180, 0.400), center=(253, 97)
[INFO] [1789634913.309413745] [vision_manager]: Book detected: xyz=(-0.115, -0.096, 0.534), center=(252, 183)
[INFO] [1789634913.311293347] [vision_manager]: Book detected: xyz=(0.734, 0.005, 0.869), center=(588, 242)
[INFO] [1789634913.313078242] [vision_manager]: Book detected: xyz=(0.630, 0.000, 0.869), center=(550, 240)
[INFO] [1789634913.314565239] [vision_manager]: Book detected: xyz=(-0.126, -0.002, 0.563), center=(249, 239)
[INFO] [1789634913.315571936] [vision_manager]: No placeable empty shelf position found
[INFO] [1789634913.437748293] [vision_manager]: Book detected: xyz=(-0.085, -0.180, 0.400), center=(253, 97)
[INFO] [1789634913.438811026] [vision_manager]: Book detected: xyz=(-0.115, -0.096, 0.534), center=(252, 183)
[INFO] [1789634913.439830663] [vision_manager]: Book detected: xyz=(0.734, 0.005, 0.869), center=(588, 242)
[INFO] [1789634913.440897832] [vision_manager]: Book detected: xyz=(0.644, 0.000, 0.869), center=(555, 240)
[INFO] [1789634913.441897968] [vision_manager]: Book detected: xyz=(-0.089, -0.022, 0.403), center=(250, 223)
[INFO] [1789634913.576640252] [vision_manager]: Book detected: xyz=(-0.086, -0.180, 0.400), center=(252, 97)
[INFO] [1789634913.577911460] [vision_manager]: Book detected: xyz=(-0.115, -0.096, 0.534), center=(252, 183)
[INFO] [1789634913.579151469] [vision_manager]: Book detected: xyz=(0.734, 0.005, 0.869), center=(588, 242)
[INFO] [1789634913.580370861] [vision_manager]: Book detected: xyz=(0.649, 0.000, 0.869), center=(557, 240)
[INFO] [1789634913.581586486] [vision_manager]: Book detected: xyz=(-0.091, -0.021, 0.411), center=(250, 224)
[INFO] [1789634913.725137631] [vision_manager]: Book detected: xyz=(-0.086, -0.180, 0.400), center=(252, 97)
[INFO] [1789634913.726420973] [vision_manager]: Book detected: xyz=(-0.115, -0.096, 0.534), center=(252, 183)
[INFO] [1789634913.727601794] [vision_manager]: Book detected: xyz=(0.734, 0.005, 0.869), center=(588, 242)
[INFO] [1789634913.728653326] [vision_manager]: Book detected: xyz=(0.649, 0.000, 0.869), center=(557, 240)
[INFO] [1789634913.729702778] [vision_manager]: Book detected: xyz=(-0.091, -0.021, 0.411), center=(250, 224)
[INFO] [1789634913.841037827] [vision_manager]: Book detected: xyz=(-0.086, -0.180, 0.400), center=(252, 97)
[INFO] [1789634913.843166385] [vision_manager]: Book detected: xyz=(-0.112, -0.096, 0.516), center=(251, 181)
[INFO] [1789634913.845040048] [vision_manager]: Book detected: xyz=(0.734, 0.005, 0.869), center=(588, 242)
[INFO] [1789634913.846343070] [vision_manager]: Book detected: xyz=(0.641, 0.000, 0.869), center=(554, 240)
[INFO] [1789634913.847485288] [vision_manager]: Book detected: xyz=(-0.089, -0.022, 0.403), center=(250, 223)
[INFO] [1789634913.982801010] [vision_manager]: Book detected: xyz=(-0.086, -0.180, 0.400), center=(252, 97)
[INFO] [1789634913.984522274] [vision_manager]: Book detected: xyz=(-0.112, -0.096, 0.516), center=(251, 181)
[INFO] [1789634913.986144567] [vision_manager]: Book detected: xyz=(0.734, 0.005, 0.869), center=(588, 242)
[INFO] [1789634913.987720481] [vision_manager]: Book detected: xyz=(0.636, 0.000, 0.869), center=(552, 240)
[INFO] [1789634913.989139267] [vision_manager]: Book detected: xyz=(-0.092, -0.021, 0.411), center=(249, 224)
[INFO] [1789634913.990440187] [vision_manager]: Book detected: xyz=(-0.090, 0.040, 0.400), center=(249, 272)
[INFO] [1789634914.106212291] [vision_manager]: Book detected: xyz=(-0.086, -0.180, 0.400), center=(252, 97)
[INFO] [1789634914.107226811] [vision_manager]: Book detected: xyz=(-0.112, -0.096, 0.516), center=(251, 181)
[INFO] [1789634914.108217561] [vision_manager]: Book detected: xyz=(0.734, 0.005, 0.869), center=(588, 242)
[INFO] [1789634914.109211838] [vision_manager]: Book detected: xyz=(0.627, 0.000, 0.869), center=(549, 240)
[INFO] [1789634914.110144804] [vision_manager]: Book detected: xyz=(-0.092, -0.021, 0.411), center=(249, 224)
[INFO] [1789634914.111100890] [vision_manager]: Book detected: xyz=(-0.090, 0.039, 0.400), center=(249, 271)
[INFO] [1789634914.221797377] [vision_manager]: Book detected: xyz=(-0.086, -0.180, 0.400), center=(252, 97)
[INFO] [1789634914.222809048] [vision_manager]: Book detected: xyz=(-0.112, -0.096, 0.516), center=(251, 181)
[INFO] [1789634914.223763182] [vision_manager]: Book detected: xyz=(0.737, 0.005, 0.869), center=(589, 242)
[INFO] [1789634914.224728848] [vision_manager]: Book detected: xyz=(0.655, 0.000, 0.869), center=(559, 240)
[INFO] [1789634914.225647846] [vision_manager]: Book detected: xyz=(-0.093, -0.021, 0.411), center=(248, 224)
[INFO] [1789634914.226589303] [vision_manager]: Book detected: xyz=(-0.091, 0.040, 0.400), center=(248, 272)
[INFO] [1789634914.357324633] [vision_manager]: Book detected: xyz=(-0.086, -0.180, 0.400), center=(252, 97)
[INFO] [1789634914.358667512] [vision_manager]: Book detected: xyz=(-0.111, -0.096, 0.516), center=(252, 181)
[INFO] [1789634914.359954004] [vision_manager]: Book detected: xyz=(0.734, 0.005, 0.869), center=(588, 242)
[INFO] [1789634914.361276587] [vision_manager]: Book detected: xyz=(0.622, 0.000, 0.869), center=(547, 240)
[INFO] [1789634914.362654330] [vision_manager]: Book detected: xyz=(-0.092, -0.021, 0.411), center=(249, 224)
[INFO] [1789634914.363981921] [vision_manager]: Book detected: xyz=(-0.090, 0.040, 0.400), center=(249, 272)
[INFO] [1789634914.508089184] [vision_manager]: Book detected: xyz=(-0.085, -0.180, 0.400), center=(253, 97)
[INFO] [1789634914.509075380] [vision_manager]: Book detected: xyz=(-0.111, -0.096, 0.516), center=(252, 181)
[INFO] [1789634914.510009439] [vision_manager]: Book detected: xyz=(0.734, 0.005, 0.869), center=(588, 242)
[INFO] [1789634914.510942978] [vision_manager]: Book detected: xyz=(0.630, 0.000, 0.869), center=(550, 240)
[INFO] [1789634914.511920746] [vision_manager]: Book detected: xyz=(-0.089, -0.022, 0.403), center=(250, 223)
[INFO] [1789634914.672032206] [vision_manager]: Book detected: xyz=(-0.085, -0.180, 0.400), center=(253, 97)
[INFO] [1789634914.673460626] [vision_manager]: Book detected: xyz=(-0.110, -0.096, 0.507), center=(251, 180)
[INFO] [1789634914.674780734] [vision_manager]: Book detected: xyz=(0.734, 0.005, 0.869), center=(588, 242)
[INFO] [1789634914.676086990] [vision_manager]: Book detected: xyz=(0.622, 0.000, 0.869), center=(547, 240)
[INFO] [1789634914.677379802] [vision_manager]: Book detected: xyz=(-0.089, -0.022, 0.403), center=(250, 223)
[INFO] [1789634914.827266346] [vision_manager]: Book detected: xyz=(-0.085, -0.180, 0.400), center=(253, 97)
[INFO] [1789634914.828254545] [vision_manager]: Book detected: xyz=(-0.112, -0.096, 0.516), center=(251, 181)
[INFO] [1789634914.829183090] [vision_manager]: Book detected: xyz=(0.734, 0.005, 0.869), center=(588, 242)
[INFO] [1789634914.830124501] [vision_manager]: Book detected: xyz=(0.633, 0.000, 0.869), center=(551, 240)
[INFO] [1789634914.831046185] [vision_manager]: Book detected: xyz=(-0.092, -0.021, 0.411), center=(249, 224)
[INFO] [1789634914.831977883] [vision_manager]: Book detected: xyz=(-0.090, 0.040, 0.400), center=(249, 272)
[INFO] [1789634914.999601069] [vision_manager]: Book detected: xyz=(-0.086, -0.180, 0.400), center=(252, 97)
[INFO] [1789634915.000985931] [vision_manager]: Book detected: xyz=(-0.110, -0.096, 0.507), center=(251, 180)
[INFO] [1789634915.002325641] [vision_manager]: Book detected: xyz=(0.734, 0.005, 0.869), center=(588, 242)
[INFO] [1789634915.003676683] [vision_manager]: Book detected: xyz=(0.627, 0.000, 0.869), center=(549, 240)
[INFO] [1789634915.005025496] [vision_manager]: Book detected: xyz=(-0.092, -0.021, 0.411), center=(249, 224)
[INFO] [1789634915.006241080] [vision_manager]: Book detected: xyz=(-0.090, 0.040, 0.400), center=(249, 272)
[INFO] [1789634915.170892295] [vision_manager]: Book detected: xyz=(-0.086, -0.180, 0.400), center=(252, 97)
[INFO] [1789634915.172426918] [vision_manager]: Book detected: xyz=(-0.110, -0.096, 0.507), center=(251, 180)
[INFO] [1789634915.173902196] [vision_manager]: Book detected: xyz=(0.734, 0.005, 0.869), center=(588, 242)
[INFO] [1789634915.175382207] [vision_manager]: Book detected: xyz=(0.614, 0.000, 0.869), center=(544, 240)
[INFO] [1789634915.176783874] [vision_manager]: Book detected: xyz=(-0.092, -0.021, 0.411), center=(249, 224)
[INFO] [1789634915.318073120] [vision_manager]: Book detected: xyz=(-0.085, -0.180, 0.400), center=(253, 97)
[INFO] [1789634915.319642574] [vision_manager]: Book detected: xyz=(-0.113, -0.096, 0.525), center=(252, 182)
[INFO] [1789634915.326758609] [vision_manager]: Book detected: xyz=(0.734, 0.005, 0.869), center=(588, 242)
[INFO] [1789634915.328042197] [vision_manager]: Book detected: xyz=(0.633, 0.000, 0.869), center=(551, 240)
[INFO] [1789634915.329331354] [vision_manager]: Book detected: xyz=(-0.098, -0.021, 0.439), center=(249, 225)
[INFO] [1789634915.508416612] [vision_manager]: Book detected: xyz=(-0.086, -0.180, 0.400), center=(252, 97)
[INFO] [1789634915.509501599] [vision_manager]: Book detected: xyz=(-0.112, -0.096, 0.516), center=(251, 181)
[INFO] [1789634915.510522760] [vision_manager]: Book detected: xyz=(0.734, 0.005, 0.869), center=(588, 242)
[INFO] [1789634915.511495742] [vision_manager]: Book detected: xyz=(0.636, 0.000, 0.869), center=(552, 240)
[INFO] [1789634915.512479108] [vision_manager]: Book detected: xyz=(-0.092, -0.021, 0.411), center=(249, 224)
[INFO] [1789634915.659195395] [vision_manager]: Book detected: xyz=(-0.086, -0.180, 0.400), center=(252, 97)
[INFO] [1789634915.660773730] [vision_manager]: Book detected: xyz=(-0.108, -0.096, 0.499), center=(251, 179)
[INFO] [1789634915.662361220] [vision_manager]: Book detected: xyz=(0.737, 0.005, 0.869), center=(589, 242)
[INFO] [1789634915.663903928] [vision_manager]: Book detected: xyz=(0.647, 0.000, 0.869), center=(556, 240)
[INFO] [1789634915.665448841] [vision_manager]: Book detected: xyz=(-0.089, -0.022, 0.403), center=(250, 223)
[INFO] [1789634915.801658207] [vision_manager]: Book detected: xyz=(-0.086, -0.180, 0.400), center=(252, 97)
[INFO] [1789634915.802901982] [vision_manager]: Book detected: xyz=(-0.110, -0.096, 0.507), center=(251, 180)
[INFO] [1789634915.804144903] [vision_manager]: Book detected: xyz=(0.734, 0.005, 0.869), center=(588, 242)
[INFO] [1789634915.805353223] [vision_manager]: Book detected: xyz=(0.649, 0.000, 0.869), center=(557, 240)
[INFO] [1789634915.806563260] [vision_manager]: Book detected: xyz=(-0.092, -0.021, 0.411), center=(249, 224)
[INFO] [1789634915.944095499] [vision_manager]: Book detected: xyz=(-0.085, -0.180, 0.400), center=(253, 97)
[INFO] [1789634915.944894859] [vision_manager]: Book detected: xyz=(-0.110, -0.096, 0.507), center=(251, 180)
[INFO] [1789634915.946101495] [vision_manager]: Book detected: xyz=(0.734, 0.005, 0.869), center=(588, 242)
[INFO] [1789634915.947326339] [vision_manager]: Book detected: xyz=(0.644, 0.000, 0.869), center=(555, 240)
[INFO] [1789634915.948111386] [vision_manager]: Book detected: xyz=(-0.092, -0.021, 0.411), center=(249, 224)
[INFO] [1789634915.948867888] [vision_manager]: Book detected: xyz=(-0.090, 0.040, 0.400), center=(249, 272)
[INFO] [1789634916.095784588] [vision_manager]: Book detected: xyz=(-0.085, -0.180, 0.400), center=(253, 97)
[INFO] [1789634916.096746476] [vision_manager]: Book detected: xyz=(-0.114, -0.096, 0.525), center=(251, 182)
[INFO] [1789634916.097685836] [vision_manager]: Book detected: xyz=(0.734, 0.005, 0.869), center=(588, 242)
[INFO] [1789634916.098601609] [vision_manager]: Book detected: xyz=(0.644, 0.000, 0.869), center=(555, 240)
[INFO] [1789634916.100603140] [vision_manager]: Book detected: xyz=(-0.091, -0.021, 0.411), center=(250, 224)
[INFO] [1789634916.226027093] [vision_manager]: Book detected: xyz=(-0.085, -0.180, 0.400), center=(253, 97)
[INFO] [1789634916.227647882] [vision_manager]: Book detected: xyz=(-0.114, -0.096, 0.525), center=(251, 182)
[INFO] [1789634916.229191163] [vision_manager]: Book detected: xyz=(0.734, 0.005, 0.869), center=(588, 242)
[INFO] [1789634916.230476724] [vision_manager]: Book detected: xyz=(0.647, 0.000, 0.869), center=(556, 240)
[INFO] [1789634916.231822360] [vision_manager]: Book detected: xyz=(-0.097, -0.021, 0.439), center=(250, 225)
[INFO] [1789634916.373406327] [vision_manager]: Book detected: xyz=(-0.085, -0.180, 0.400), center=(253, 97)
[INFO] [1789634916.374770369] [vision_manager]: Book detected: xyz=(-0.112, -0.096, 0.516), center=(251, 181)
[INFO] [1789634916.376226645] [vision_manager]: Book detected: xyz=(0.734, 0.005, 0.869), center=(588, 242)
[INFO] [1789634916.377128212] [vision_manager]: Book detected: xyz=(0.655, 0.000, 0.869), center=(559, 240)
[INFO] [1789634916.377983004] [vision_manager]: Book detected: xyz=(-0.097, -0.021, 0.439), center=(250, 225)
[INFO] [1789634916.506473386] [vision_manager]: Book detected: xyz=(-0.085, -0.180, 0.400), center=(253, 97)
[INFO] [1789634916.508019208] [vision_manager]: Book detected: xyz=(-0.114, -0.096, 0.525), center=(251, 182)
[INFO] [1789634916.509318125] [vision_manager]: Book detected: xyz=(0.734, 0.005, 0.869), center=(588, 242)
[INFO] [1789634916.510541479] [vision_manager]: Book detected: xyz=(0.641, 0.000, 0.869), center=(554, 240)
[INFO] [1789634916.511757485] [vision_manager]: Book detected: xyz=(-0.106, -0.021, 0.472), center=(249, 226)
[INFO] [1789634916.512618598] [vision_manager]: No placeable empty shelf position found
[INFO] [1789634916.622787063] [vision_manager]: Book detected: xyz=(-0.085, -0.180, 0.400), center=(253, 97)
[INFO] [1789634916.624394103] [vision_manager]: Book detected: xyz=(-0.112, -0.096, 0.516), center=(251, 181)
[INFO] [1789634916.626103952] [vision_manager]: Book detected: xyz=(0.734, 0.005, 0.869), center=(588, 242)
[INFO] [1789634916.627516115] [vision_manager]: Book detected: xyz=(0.638, 0.000, 0.869), center=(553, 240)
[INFO] [1789634916.628769612] [vision_manager]: Book detected: xyz=(-0.106, -0.021, 0.472), center=(249, 226)
[INFO] [1789634916.629655706] [vision_manager]: No placeable empty shelf position found
[INFO] [1789634916.738640452] [vision_manager]: Book detected: xyz=(-0.085, -0.180, 0.400), center=(253, 97)
[INFO] [1789634916.739750212] [vision_manager]: Book detected: xyz=(-0.116, -0.096, 0.534), center=(251, 183)
[INFO] [1789634916.740832787] [vision_manager]: Book detected: xyz=(0.734, 0.005, 0.869), center=(588, 242)
[INFO] [1789634916.741933921] [vision_manager]: Book detected: xyz=(0.644, 0.000, 0.869), center=(555, 240)
[INFO] [1789634916.742974898] [vision_manager]: Book detected: xyz=(-0.113, -0.021, 0.511), center=(250, 227)
[INFO] [1789634916.743668026] [vision_manager]: No placeable empty shelf position found
[INFO] [1789634916.849511908] [vision_manager]: Book detected: xyz=(-0.086, -0.180, 0.400), center=(252, 97)
[INFO] [1789634916.850746671] [vision_manager]: Book detected: xyz=(-0.116, -0.096, 0.534), center=(251, 183)
[INFO] [1789634916.851805899] [vision_manager]: Book detected: xyz=(0.734, 0.005, 0.869), center=(588, 242)
[INFO] [1789634916.852873906] [vision_manager]: Book detected: xyz=(0.644, 0.000, 0.869), center=(555, 240)
[INFO] [1789634916.853964554] [vision_manager]: Book detected: xyz=(-0.113, -0.021, 0.511), center=(250, 227)
[INFO] [1789634916.854706777] [vision_manager]: No placeable empty shelf position found
[INFO] [1789634917.042028898] [vision_manager]: Book detected: xyz=(-0.086, -0.180, 0.400), center=(252, 97)
[INFO] [1789634917.043977590] [vision_manager]: Book detected: xyz=(-0.116, -0.096, 0.534), center=(251, 183)
[INFO] [1789634917.045926068] [vision_manager]: Book detected: xyz=(0.737, 0.005, 0.869), center=(589, 242)
[INFO] [1789634917.048439206] [vision_manager]: Book detected: xyz=(0.649, 0.000, 0.869), center=(557, 240)
[INFO] [1789634917.050902726] [vision_manager]: Book detected: xyz=(-0.097, -0.021, 0.439), center=(250, 225)
[INFO] [1789634917.174153137] [vision_manager]: Book detected: xyz=(-0.086, -0.180, 0.400), center=(252, 97)
[INFO] [1789634917.175747744] [vision_manager]: Book detected: xyz=(-0.118, -0.096, 0.544), center=(251, 184)
[INFO] [1789634917.177292715] [vision_manager]: Book detected: xyz=(0.734, 0.005, 0.869), center=(588, 242)
[INFO] [1789634917.178807125] [vision_manager]: Book detected: xyz=(0.647, 0.000, 0.869), center=(556, 240)
[INFO] [1789634917.180381440] [vision_manager]: Book detected: xyz=(-0.097, -0.021, 0.439), center=(250, 225)
[INFO] [1789634917.321301031] [vision_manager]: Book detected: xyz=(-0.086, -0.180, 0.400), center=(252, 97)
[INFO] [1789634917.323607395] [vision_manager]: Book detected: xyz=(-0.114, -0.096, 0.525), center=(251, 182)
[INFO] [1789634917.325173012] [vision_manager]: Book detected: xyz=(0.734, 0.005, 0.869), center=(588, 242)
[INFO] [1789634917.326212511] [vision_manager]: Book detected: xyz=(0.638, 0.000, 0.869), center=(553, 240)
[INFO] [1789634917.327239920] [vision_manager]: Book detected: xyz=(-0.098, -0.021, 0.439), center=(249, 225)
[INFO] [1789634917.328125906] [vision_manager]: Book detected: xyz=(-0.090, 0.040, 0.400), center=(249, 272)
[INFO] [1789634917.472954081] [vision_manager]: Book detected: xyz=(-0.086, -0.180, 0.400), center=(252, 97)
[INFO] [1789634917.473789342] [vision_manager]: Book detected: xyz=(-0.114, -0.096, 0.525), center=(251, 182)
[INFO] [1789634917.474923757] [vision_manager]: Book detected: xyz=(0.734, 0.005, 0.869), center=(588, 242)
[INFO] [1789634917.475718306] [vision_manager]: Book detected: xyz=(0.638, 0.000, 0.869), center=(553, 240)
[INFO] [1789634917.476474044] [vision_manager]: Book detected: xyz=(-0.106, -0.021, 0.472), center=(249, 226)
[INFO] [1789634917.476975141] [vision_manager]: No placeable empty shelf position found
[INFO] [1789634917.604104660] [vision_manager]: Book detected: xyz=(-0.085, -0.180, 0.400), center=(253, 97)
[INFO] [1789634917.604895114] [vision_manager]: Book detected: xyz=(-0.115, -0.096, 0.534), center=(252, 183)
[INFO] [1789634917.605648333] [vision_manager]: Book detected: xyz=(0.734, 0.005, 0.869), center=(588, 242)
[INFO] [1789634917.606425817] [vision_manager]: Book detected: xyz=(0.655, 0.000, 0.869), center=(559, 240)
[INFO] [1789634917.607157044] [vision_manager]: Book detected: xyz=(-0.104, -0.021, 0.472), center=(250, 226)
[INFO] [1789634917.607631927] [vision_manager]: No placeable empty shelf position found
[INFO] [1789634917.741612885] [vision_manager]: Book detected: xyz=(-0.085, -0.180, 0.400), center=(253, 97)
[INFO] [1789634917.742856248] [vision_manager]: Book detected: xyz=(-0.113, -0.096, 0.525), center=(252, 182)
[INFO] [1789634917.743617453] [vision_manager]: Book detected: xyz=(0.734, 0.005, 0.869), center=(588, 242)
[INFO] [1789634917.744328357] [vision_manager]: Book detected: xyz=(0.638, 0.000, 0.869), center=(553, 240)
[INFO] [1789634917.745013637] [vision_manager]: Book detected: xyz=(-0.097, -0.021, 0.439), center=(250, 225)
[INFO] [1789634917.889759512] [vision_manager]: Book detected: xyz=(-0.085, -0.180, 0.400), center=(253, 97)
[INFO] [1789634917.890626834] [vision_manager]: Book detected: xyz=(-0.115, -0.096, 0.534), center=(252, 183)
[INFO] [1789634917.891462650] [vision_manager]: Book detected: xyz=(0.734, 0.005, 0.869), center=(588, 242)
[INFO] [1789634917.892299686] [vision_manager]: Book detected: xyz=(0.630, 0.000, 0.869), center=(550, 240)
[INFO] [1789634917.893114839] [vision_manager]: Book detected: xyz=(-0.091, -0.021, 0.411), center=(250, 224)
[INFO] [1789634918.058841334] [vision_manager]: Book detected: xyz=(-0.086, -0.180, 0.400), center=(252, 97)
[INFO] [1789634918.060518159] [vision_manager]: Book detected: xyz=(-0.113, -0.096, 0.525), center=(252, 182)
[INFO] [1789634918.064752524] [vision_manager]: Book detected: xyz=(0.734, 0.005, 0.869), center=(588, 242)
[INFO] [1789634918.065966275] [vision_manager]: Book detected: xyz=(0.625, 0.000, 0.869), center=(548, 240)
[INFO] [1789634918.067379146] [vision_manager]: Book detected: xyz=(-0.091, -0.021, 0.411), center=(250, 224)
[INFO] [1789634918.216439576] [vision_manager]: Book detected: xyz=(-0.085, -0.180, 0.400), center=(253, 97)
[INFO] [1789634918.218384673] [vision_manager]: Book detected: xyz=(-0.113, -0.096, 0.525), center=(252, 182)
[INFO] [1789634918.220108549] [vision_manager]: Book detected: xyz=(0.734, 0.005, 0.869), center=(588, 242)
[INFO] [1789634918.222035749] [vision_manager]: Book detected: xyz=(0.641, 0.000, 0.869), center=(554, 240)
[INFO] [1789634918.223257507] [vision_manager]: Book detected: xyz=(-0.097, -0.021, 0.439), center=(250, 225)
[INFO] [1789634918.361234503] [vision_manager]: Book detected: xyz=(-0.086, -0.180, 0.400), center=(252, 97)
[INFO] [1789634918.362316749] [vision_manager]: Book detected: xyz=(-0.113, -0.096, 0.525), center=(252, 182)
[INFO] [1789634918.363343947] [vision_manager]: Book detected: xyz=(0.734, 0.005, 0.869), center=(588, 242)
[INFO] [1789634918.364378039] [vision_manager]: Book detected: xyz=(0.636, 0.000, 0.869), center=(552, 240)
[INFO] [1789634918.365331247] [vision_manager]: Book detected: xyz=(-0.097, -0.021, 0.439), center=(250, 225)
[INFO] [1789634918.490434906] [vision_manager]: Book detected: xyz=(-0.086, -0.180, 0.400), center=(252, 97)
[INFO] [1789634918.491866143] [vision_manager]: Book detected: xyz=(-0.113, -0.096, 0.525), center=(252, 182)
[INFO] [1789634918.495143282] [vision_manager]: Book detected: xyz=(0.734, 0.005, 0.869), center=(588, 242)
[INFO] [1789634918.497225585] [vision_manager]: Book detected: xyz=(0.652, 0.000, 0.869), center=(558, 240)
[INFO] [1789634918.498553126] [vision_manager]: Book detected: xyz=(-0.091, -0.021, 0.411), center=(250, 224)
[INFO] [1789634918.622172565] [vision_manager]: Book detected: xyz=(-0.086, -0.180, 0.400), center=(252, 97)
[INFO] [1789634918.624463551] [vision_manager]: Book detected: xyz=(-0.113, -0.096, 0.525), center=(252, 182)
[INFO] [1789634918.626456339] [vision_manager]: Book detected: xyz=(0.734, 0.005, 0.869), center=(588, 242)
[INFO] [1789634918.628464305] [vision_manager]: Book detected: xyz=(0.633, 0.000, 0.869), center=(551, 240)
[INFO] [1789634918.630454114] [vision_manager]: Book detected: xyz=(-0.089, -0.022, 0.403), center=(250, 223)
[INFO] [1789634918.767905153] [vision_manager]: Book detected: xyz=(-0.086, -0.180, 0.400), center=(252, 97)
[INFO] [1789634918.769717550] [vision_manager]: Book detected: xyz=(-0.114, -0.096, 0.525), center=(251, 182)
[INFO] [1789634918.771435624] [vision_manager]: Book detected: xyz=(0.734, 0.005, 0.869), center=(588, 242)
[INFO] [1789634918.773120204] [vision_manager]: Book detected: xyz=(0.636, 0.000, 0.869), center=(552, 240)
[INFO] [1789634918.774782323] [vision_manager]: Book detected: xyz=(-0.090, -0.022, 0.403), center=(249, 223)
[INFO] [1789634918.909099049] [vision_manager]: Book detected: xyz=(-0.086, -0.180, 0.400), center=(252, 97)
[INFO] [1789634918.911332130] [vision_manager]: Book detected: xyz=(-0.116, -0.096, 0.534), center=(251, 183)
[INFO] [1789634918.913163793] [vision_manager]: Book detected: xyz=(0.734, 0.005, 0.869), center=(588, 242)
[INFO] [1789634918.914888285] [vision_manager]: Book detected: xyz=(0.638, 0.000, 0.869), center=(553, 240)
[INFO] [1789634918.916600577] [vision_manager]: Book detected: xyz=(-0.090, -0.022, 0.403), center=(249, 223)
[INFO] [1789634919.066539870] [vision_manager]: Book detected: xyz=(-0.086, -0.182, 0.400), center=(252, 96)
[INFO] [1789634919.068525253] [vision_manager]: Book detected: xyz=(-0.112, -0.096, 0.516), center=(251, 181)
[INFO] [1789634919.070808177] [vision_manager]: Book detected: xyz=(0.734, 0.005, 0.869), center=(588, 242)
[INFO] [1789634919.072418789] [vision_manager]: Book detected: xyz=(0.633, 0.000, 0.869), center=(551, 240)
[INFO] [1789634919.073812938] [vision_manager]: Book detected: xyz=(-0.090, -0.022, 0.403), center=(249, 223)
[INFO] [1789634919.209658191] [vision_manager]: Book detected: xyz=(-0.087, -0.182, 0.400), center=(251, 96)
[INFO] [1789634919.211401888] [vision_manager]: Book detected: xyz=(-0.116, -0.096, 0.525), center=(250, 182)
[INFO] [1789634919.213070784] [vision_manager]: Book detected: xyz=(0.734, 0.005, 0.869), center=(588, 242)
[INFO] [1789634919.214817804] [vision_manager]: Book detected: xyz=(0.641, 0.000, 0.869), center=(554, 240)
[INFO] [1789634919.216535837] [vision_manager]: Book detected: xyz=(-0.090, -0.022, 0.403), center=(249, 223)
[INFO] [1789634919.218184163] [vision_manager]: Book detected: xyz=(-0.090, 0.040, 0.400), center=(249, 272)
[INFO] [1789634919.316792761] [vision_manager]: Book detected: xyz=(-0.086, -0.182, 0.400), center=(252, 96)
[INFO] [1789634919.318022027] [vision_manager]: Book detected: xyz=(-0.112, -0.096, 0.516), center=(251, 181)
[INFO] [1789634919.319120392] [vision_manager]: Book detected: xyz=(0.734, 0.005, 0.869), center=(588, 242)
[INFO] [1789634919.320186936] [vision_manager]: Book detected: xyz=(0.647, 0.000, 0.869), center=(556, 240)
[INFO] [1789634919.321213310] [vision_manager]: Book detected: xyz=(-0.090, -0.022, 0.403), center=(249, 223)
[INFO] [1789634919.429613718] [vision_manager]: Book detected: xyz=(-0.086, -0.182, 0.400), center=(252, 96)
[INFO] [1789634919.430862091] [vision_manager]: Book detected: xyz=(-0.108, -0.096, 0.499), center=(251, 179)
[INFO] [1789634919.432062392] [vision_manager]: Book detected: xyz=(0.734, 0.005, 0.869), center=(588, 242)
[INFO] [1789634919.433269558] [vision_manager]: Book detected: xyz=(0.652, 0.000, 0.869), center=(558, 240)
[INFO] [1789634919.434342128] [vision_manager]: Book detected: xyz=(-0.090, -0.022, 0.403), center=(249, 223)
[INFO] [1789634919.558677414] [vision_manager]: Book detected: xyz=(-0.086, -0.182, 0.400), center=(252, 96)
[INFO] [1789634919.559883474] [vision_manager]: Book detected: xyz=(-0.110, -0.096, 0.507), center=(251, 180)
[INFO] [1789634919.560926804] [vision_manager]: Book detected: xyz=(0.734, 0.005, 0.869), center=(588, 242)
[INFO] [1789634919.561977572] [vision_manager]: Book detected: xyz=(0.658, 0.000, 0.869), center=(560, 240)
[INFO] [1789634919.563058654] [vision_manager]: Book detected: xyz=(-0.092, -0.021, 0.411), center=(249, 224)
[INFO] [1789634919.677537355] [vision_manager]: Book detected: xyz=(-0.086, -0.182, 0.400), center=(252, 96)
[INFO] [1789634919.679007641] [vision_manager]: Book detected: xyz=(-0.112, -0.096, 0.516), center=(251, 181)
[INFO] [1789634919.680831205] [vision_manager]: Book detected: xyz=(0.734, 0.005, 0.869), center=(588, 242)
[INFO] [1789634919.682731417] [vision_manager]: Book detected: xyz=(0.658, 0.000, 0.869), center=(560, 240)
[INFO] [1789634919.684046134] [vision_manager]: Book detected: xyz=(-0.090, -0.022, 0.403), center=(249, 223)
[INFO] [1789634919.797502929] [vision_manager]: Book detected: xyz=(-0.086, -0.182, 0.400), center=(252, 96)
[INFO] [1789634919.798548125] [vision_manager]: Book detected: xyz=(-0.112, -0.096, 0.516), center=(251, 181)
[INFO] [1789634919.799565266] [vision_manager]: Book detected: xyz=(0.734, 0.005, 0.869), center=(588, 242)
[INFO] [1789634919.800533910] [vision_manager]: Book detected: xyz=(0.649, 0.000, 0.869), center=(557, 240)
[INFO] [1789634919.801556960] [vision_manager]: Book detected: xyz=(-0.092, -0.021, 0.411), center=(249, 224)
[INFO] [1789634919.926490166] [vision_manager]: Book detected: xyz=(-0.086, -0.182, 0.400), center=(252, 96)
[INFO] [1789634919.927598385] [vision_manager]: Book detected: xyz=(-0.114, -0.096, 0.525), center=(251, 182)
[INFO] [1789634919.928655614] [vision_manager]: Book detected: xyz=(0.734, 0.005, 0.869), center=(588, 242)
[INFO] [1789634919.929712612] [vision_manager]: Book detected: xyz=(0.658, 0.000, 0.869), center=(560, 240)
[INFO] [1789634919.930729467] [vision_manager]: Book detected: xyz=(-0.098, -0.021, 0.439), center=(249, 225)
[INFO] [1789634920.044995147] [vision_manager]: Book detected: xyz=(-0.086, -0.182, 0.400), center=(252, 96)
[INFO] [1789634920.046181490] [vision_manager]: Book detected: xyz=(-0.116, -0.096, 0.534), center=(251, 183)
[INFO] [1789634920.047379112] [vision_manager]: Book detected: xyz=(0.734, 0.005, 0.869), center=(588, 242)
[INFO] [1789634920.048492670] [vision_manager]: Book detected: xyz=(0.638, 0.000, 0.869), center=(553, 240)
[INFO] [1789634920.049622286] [vision_manager]: Book detected: xyz=(-0.089, -0.025, 0.401), center=(250, 220)
[INFO] [1789634920.182791095] [vision_manager]: Book detected: xyz=(-0.086, -0.180, 0.400), center=(252, 97)
[INFO] [1789634920.184470823] [vision_manager]: Book detected: xyz=(-0.114, -0.096, 0.525), center=(251, 182)
[INFO] [1789634920.186118603] [vision_manager]: Book detected: xyz=(0.734, 0.005, 0.869), center=(588, 242)
[INFO] [1789634920.187752535] [vision_manager]: Book detected: xyz=(0.652, 0.000, 0.869), center=(558, 240)
[INFO] [1789634920.189391168] [vision_manager]: Book detected: xyz=(-0.089, -0.027, 0.401), center=(250, 219)
[INFO] [1789634920.328466000] [vision_manager]: Book detected: xyz=(-0.086, -0.180, 0.400), center=(252, 97)
[INFO] [1789634920.329917309] [vision_manager]: Book detected: xyz=(-0.116, -0.096, 0.534), center=(251, 183)
[INFO] [1789634920.335977529] [vision_manager]: Book detected: xyz=(0.734, 0.005, 0.869), center=(588, 242)
[INFO] [1789634920.337157433] [vision_manager]: Book detected: xyz=(0.638, 0.000, 0.869), center=(553, 240)
[INFO] [1789634920.338321265] [vision_manager]: Book detected: xyz=(-0.089, -0.024, 0.402), center=(250, 221)
[INFO] [1789634920.477411262] [vision_manager]: Book detected: xyz=(-0.085, -0.180, 0.400), center=(253, 97)
[INFO] [1789634920.478850358] [vision_manager]: Book detected: xyz=(-0.115, -0.096, 0.534), center=(252, 183)
[INFO] [1789634920.480254984] [vision_manager]: Book detected: xyz=(0.734, 0.005, 0.869), center=(588, 242)
[INFO] [1789634920.481643044] [vision_manager]: Book detected: xyz=(0.652, 0.000, 0.869), center=(558, 240)
[INFO] [1789634920.483011089] [vision_manager]: Book detected: xyz=(-0.089, -0.024, 0.402), center=(250, 221)
[INFO] [1789634920.651156914] [vision_manager]: Book detected: xyz=(-0.086, -0.180, 0.400), center=(252, 97)
[INFO] [1789634920.653154043] [vision_manager]: Book detected: xyz=(-0.120, -0.096, 0.554), center=(251, 185)
[INFO] [1789634920.655096131] [vision_manager]: Book detected: xyz=(0.734, 0.005, 0.869), center=(588, 242)
[INFO] [1789634920.657057766] [vision_manager]: Book detected: xyz=(0.644, 0.000, 0.869), center=(555, 240)
[INFO] [1789634920.658758744] [vision_manager]: Book detected: xyz=(-0.089, -0.023, 0.402), center=(250, 222)
[INFO] [1789634920.796574912] [vision_manager]: Book detected: xyz=(-0.086, -0.180, 0.400), center=(252, 97)
[INFO] [1789634920.797899481] [vision_manager]: Book detected: xyz=(-0.120, -0.096, 0.554), center=(251, 185)
[INFO] [1789634920.799215297] [vision_manager]: Book detected: xyz=(0.734, 0.005, 0.869), center=(588, 242)
[INFO] [1789634920.800514868] [vision_manager]: Book detected: xyz=(0.636, 0.000, 0.869), center=(552, 240)
[INFO] [1789634920.801748510] [vision_manager]: Book detected: xyz=(-0.089, -0.025, 0.401), center=(250, 220)
[INFO] [1789634920.925328388] [vision_manager]: Book detected: xyz=(-0.086, -0.180, 0.400), center=(252, 97)
[INFO] [1789634920.926356320] [vision_manager]: Book detected: xyz=(-0.114, -0.096, 0.525), center=(251, 182)
[INFO] [1789634920.927329908] [vision_manager]: Book detected: xyz=(0.734, 0.005, 0.869), center=(588, 242)
[INFO] [1789634920.928308511] [vision_manager]: Book detected: xyz=(0.638, 0.000, 0.869), center=(553, 240)
[INFO] [1789634920.929270282] [vision_manager]: Book detected: xyz=(-0.098, -0.021, 0.439), center=(249, 225)
[INFO] [1789634920.930217356] [vision_manager]: Book detected: xyz=(-0.090, 0.042, 0.400), center=(249, 273)
[INFO] [1789634921.079433434] [vision_manager]: Book detected: xyz=(-0.086, -0.180, 0.400), center=(252, 97)
[INFO] [1789634921.080760941] [vision_manager]: Book detected: xyz=(-0.114, -0.096, 0.525), center=(251, 182)
[INFO] [1789634921.081941875] [vision_manager]: Book detected: xyz=(0.734, 0.005, 0.869), center=(588, 242)
[INFO] [1789634921.083506497] [vision_manager]: Book detected: xyz=(0.638, 0.000, 0.869), center=(553, 240)
[INFO] [1789634921.085527254] [vision_manager]: Book detected: xyz=(-0.098, -0.021, 0.439), center=(249, 225)
[INFO] [1789634921.086833400] [vision_manager]: Book detected: xyz=(-0.090, 0.039, 0.400), center=(249, 271)
[INFO] [1789634921.207980713] [vision_manager]: Book detected: xyz=(-0.086, -0.180, 0.400), center=(252, 97)
[INFO] [1789634921.209259375] [vision_manager]: Book detected: xyz=(-0.114, -0.096, 0.525), center=(251, 182)
[INFO] [1789634921.210426636] [vision_manager]: Book detected: xyz=(0.734, 0.005, 0.869), center=(588, 242)
[INFO] [1789634921.211605875] [vision_manager]: Book detected: xyz=(0.652, 0.000, 0.869), center=(558, 240)
[INFO] [1789634921.212767859] [vision_manager]: Book detected: xyz=(-0.089, -0.027, 0.401), center=(250, 219)
[INFO] [1789634921.213926765] [vision_manager]: Book detected: xyz=(-0.090, 0.039, 0.400), center=(249, 271)
[INFO] [1789634921.331862638] [vision_manager]: Book detected: xyz=(-0.086, -0.180, 0.400), center=(252, 97)
[INFO] [1789634921.333353924] [vision_manager]: Book detected: xyz=(-0.116, -0.096, 0.534), center=(251, 183)
[INFO] [1789634921.334714172] [vision_manager]: Book detected: xyz=(0.734, 0.005, 0.869), center=(588, 242)
[INFO] [1789634921.336088286] [vision_manager]: Book detected: xyz=(0.647, 0.000, 0.869), center=(556, 240)
[INFO] [1789634921.337442477] [vision_manager]: Book detected: xyz=(-0.088, -0.029, 0.401), center=(250, 217)
[INFO] [1789634921.492307598] [vision_manager]: Book detected: xyz=(-0.086, -0.180, 0.400), center=(252, 97)
[INFO] [1789634921.493428651] [vision_manager]: Book detected: xyz=(-0.116, -0.096, 0.534), center=(251, 183)
[INFO] [1789634921.494480172] [vision_manager]: Book detected: xyz=(0.734, 0.005, 0.869), center=(588, 242)
[INFO] [1789634921.495470634] [vision_manager]: Book detected: xyz=(0.663, 0.000, 0.869), center=(562, 240)
[INFO] [1789634921.496608078] [vision_manager]: Book detected: xyz=(-0.089, -0.027, 0.401), center=(250, 219)
[INFO] [1789634921.745646629] [vision_manager]: Book detected: xyz=(-0.086, -0.180, 0.400), center=(252, 97)
[INFO] [1789634921.746731726] [vision_manager]: Book detected: xyz=(-0.113, -0.096, 0.525), center=(252, 182)
[INFO] [1789634921.747716523] [vision_manager]: Book detected: xyz=(0.734, 0.005, 0.869), center=(588, 242)
[INFO] [1789634921.748700303] [vision_manager]: Book detected: xyz=(0.647, 0.000, 0.869), center=(556, 240)
[INFO] [1789634921.749691923] [vision_manager]: Book detected: xyz=(-0.088, -0.029, 0.401), center=(250, 217)
[INFO] [1789634921.879598450] [vision_manager]: Book detected: xyz=(-0.086, -0.180, 0.400), center=(252, 97)
[INFO] [1789634921.880932040] [vision_manager]: Book detected: xyz=(-0.114, -0.096, 0.525), center=(251, 182)
[INFO] [1789634921.882160778] [vision_manager]: Book detected: xyz=(0.734, 0.005, 0.869), center=(588, 242)
[INFO] [1789634921.883286840] [vision_manager]: Book detected: xyz=(0.647, 0.000, 0.869), center=(556, 240)
[INFO] [1789634921.884424480] [vision_manager]: Book detected: xyz=(-0.088, -0.029, 0.401), center=(250, 217)
[INFO] [1789634921.885560023] [vision_manager]: Book detected: xyz=(-0.090, 0.034, 0.400), center=(249, 267)
[INFO] [1789634922.027873053] [vision_manager]: Book detected: xyz=(-0.086, -0.180, 0.400), center=(252, 97)
[INFO] [1789634922.029407723] [vision_manager]: Book detected: xyz=(-0.117, -0.096, 0.544), center=(252, 184)
[INFO] [1789634922.030929688] [vision_manager]: Book detected: xyz=(0.734, 0.005, 0.869), center=(588, 242)
[INFO] [1789634922.032332827] [vision_manager]: Book detected: xyz=(0.641, 0.000, 0.869), center=(554, 240)
[INFO] [1789634922.033678475] [vision_manager]: Book detected: xyz=(-0.090, -0.022, 0.403), center=(249, 223)
[INFO] [1789634922.168536950] [vision_manager]: Book detected: xyz=(-0.086, -0.180, 0.400), center=(252, 97)
[INFO] [1789634922.169892928] [vision_manager]: Book detected: xyz=(-0.117, -0.096, 0.544), center=(252, 184)
[INFO] [1789634922.171073390] [vision_manager]: Book detected: xyz=(0.734, 0.005, 0.869), center=(588, 242)
[INFO] [1789634922.172225394] [vision_manager]: Book detected: xyz=(0.649, 0.000, 0.869), center=(557, 240)
[INFO] [1789634922.173372547] [vision_manager]: Book detected: xyz=(-0.088, -0.030, 0.401), center=(250, 216)
[INFO] [1789634922.352939035] [vision_manager]: Book detected: xyz=(-0.086, -0.180, 0.400), center=(252, 97)
[INFO] [1789634922.355562265] [vision_manager]: Book detected: xyz=(-0.113, -0.096, 0.525), center=(252, 182)
[INFO] [1789634922.357882620] [vision_manager]: Book detected: xyz=(0.734, 0.005, 0.869), center=(588, 242)
[INFO] [1789634922.359470267] [vision_manager]: Book detected: xyz=(0.658, 0.000, 0.869), center=(560, 240)
[INFO] [1789634922.360837088] [vision_manager]: Book detected: xyz=(-0.088, -0.033, 0.400), center=(250, 214)
[INFO] [1789634922.486933852] [vision_manager]: Book detected: xyz=(-0.086, -0.180, 0.400), center=(252, 97)
[INFO] [1789634922.488411125] [vision_manager]: Book detected: xyz=(-0.109, -0.096, 0.507), center=(252, 180)
[INFO] [1789634922.489794376] [vision_manager]: Book detected: xyz=(0.734, 0.005, 0.869), center=(588, 242)
[INFO] [1789634922.491231553] [vision_manager]: Book detected: xyz=(0.660, 0.000, 0.869), center=(561, 240)
[INFO] [1789634922.492640462] [vision_manager]: Book detected: xyz=(-0.090, -0.023, 0.402), center=(249, 222)
[INFO] [1789634922.632768801] [vision_manager]: Book detected: xyz=(-0.086, -0.180, 0.400), center=(252, 97)
[INFO] [1789634922.633790071] [vision_manager]: Book detected: xyz=(-0.103, -0.096, 0.483), center=(252, 177)
[INFO] [1789634922.634739802] [vision_manager]: Book detected: xyz=(0.734, 0.005, 0.869), center=(588, 242)
[INFO] [1789634922.635704004] [vision_manager]: Book detected: xyz=(0.655, 0.000, 0.869), center=(559, 240)
[INFO] [1789634922.776368917] [vision_manager]: Book detected: xyz=(-0.086, -0.180, 0.400), center=(252, 97)
[INFO] [1789634922.777455800] [vision_manager]: Book detected: xyz=(-0.105, -0.096, 0.483), center=(251, 177)
[INFO] [1789634922.778486896] [vision_manager]: Book detected: xyz=(0.737, 0.005, 0.869), center=(589, 242)
[INFO] [1789634922.779527368] [vision_manager]: Book detected: xyz=(0.652, 0.000, 0.869), center=(558, 240)
[INFO] [1789634922.929258120] [vision_manager]: Book detected: xyz=(-0.086, -0.180, 0.400), center=(252, 97)
[INFO] [1789634922.930362022] [vision_manager]: Book detected: xyz=(-0.108, -0.096, 0.499), center=(251, 179)
[INFO] [1789634922.931369922] [vision_manager]: Book detected: xyz=(0.734, 0.005, 0.869), center=(588, 242)
[INFO] [1789634922.932400796] [vision_manager]: Book detected: xyz=(0.649, 0.000, 0.869), center=(557, 240)
[INFO] [1789634922.933395804] [vision_manager]: Book detected: xyz=(-0.091, -0.021, 0.411), center=(250, 224)
[INFO] [1789634923.094677136] [vision_manager]: Book detected: xyz=(-0.086, -0.180, 0.400), center=(252, 97)
[INFO] [1789634923.095732439] [vision_manager]: Book detected: xyz=(-0.103, -0.096, 0.475), center=(251, 176)
[INFO] [1789634923.096712274] [vision_manager]: Book detected: xyz=(0.734, 0.005, 0.869), center=(588, 242)
[INFO] [1789634923.097687977] [vision_manager]: Book detected: xyz=(0.644, 0.000, 0.869), center=(555, 240)
[INFO] [1789634923.255309885] [vision_manager]: Book detected: xyz=(-0.086, -0.180, 0.400), center=(252, 97)
[INFO] [1789634923.256662716] [vision_manager]: Book detected: xyz=(-0.103, -0.096, 0.483), center=(252, 177)
[INFO] [1789634923.257961559] [vision_manager]: Book detected: xyz=(0.734, 0.005, 0.869), center=(588, 242)
[INFO] [1789634923.259189532] [vision_manager]: Book detected: xyz=(0.647, 0.000, 0.869), center=(556, 240)
[INFO] [1789634923.260303428] [vision_manager]: Book detected: xyz=(-0.088, -0.040, 0.400), center=(250, 208)
[INFO] [1789634923.429763827] [vision_manager]: Book detected: xyz=(-0.086, -0.180, 0.400), center=(252, 97)
[INFO] [1789634923.431140016] [vision_manager]: Book detected: xyz=(-0.105, -0.096, 0.491), center=(252, 178)
[INFO] [1789634923.432475090] [vision_manager]: Book detected: xyz=(0.734, 0.005, 0.869), center=(588, 242)
[INFO] [1789634923.433862947] [vision_manager]: Book detected: xyz=(0.638, 0.000, 0.869), center=(553, 240)
[INFO] [1789634923.584704282] [vision_manager]: Book detected: xyz=(-0.086, -0.180, 0.400), center=(252, 97)
[INFO] [1789634923.586691607] [vision_manager]: Book detected: xyz=(-0.109, -0.096, 0.507), center=(252, 180)
[INFO] [1789634923.588645946] [vision_manager]: Book detected: xyz=(0.734, 0.005, 0.869), center=(588, 242)
[INFO] [1789634923.590648522] [vision_manager]: Book detected: xyz=(0.638, 0.000, 0.869), center=(553, 240)
[INFO] [1789634923.740480024] [vision_manager]: Book detected: xyz=(-0.086, -0.180, 0.400), center=(252, 97)
[INFO] [1789634923.741543993] [vision_manager]: Book detected: xyz=(-0.113, -0.096, 0.525), center=(252, 182)
[INFO] [1789634923.742531605] [vision_manager]: Book detected: xyz=(0.734, 0.005, 0.869), center=(588, 242)
[INFO] [1789634923.743525617] [vision_manager]: Book detected: xyz=(0.641, 0.000, 0.869), center=(554, 240)
[INFO] [1789634923.744528930] [vision_manager]: Book detected: xyz=(-0.089, -0.024, 0.402), center=(250, 221)
[INFO] [1789634923.902567839] [vision_manager]: Book detected: xyz=(-0.086, -0.180, 0.400), center=(252, 97)
[INFO] [1789634923.905248744] [vision_manager]: Book detected: xyz=(-0.109, -0.096, 0.507), center=(252, 180)
[INFO] [1789634923.907650053] [vision_manager]: Book detected: xyz=(0.734, 0.005, 0.869), center=(588, 242)
[INFO] [1789634923.909630165] [vision_manager]: Book detected: xyz=(0.644, 0.000, 0.869), center=(555, 240)
[INFO] [1789634923.911602518] [vision_manager]: Book detected: xyz=(-0.090, -0.023, 0.402), center=(249, 222)
[INFO] [1789634924.073475343] [vision_manager]: Book detected: xyz=(-0.086, -0.180, 0.400), center=(252, 97)
[INFO] [1789634924.075099111] [vision_manager]: Book detected: xyz=(-0.107, -0.096, 0.499), center=(252, 179)
[INFO] [1789634924.076696863] [vision_manager]: Book detected: xyz=(0.734, 0.005, 0.869), center=(588, 242)
[INFO] [1789634924.078176748] [vision_manager]: Book detected: xyz=(0.644, 0.000, 0.869), center=(555, 240)
[INFO] [1789634924.219241333] [vision_manager]: Book detected: xyz=(-0.086, -0.180, 0.400), center=(252, 97)
[INFO] [1789634924.220416721] [vision_manager]: Book detected: xyz=(-0.111, -0.096, 0.516), center=(252, 181)
[INFO] [1789634924.221584978] [vision_manager]: Book detected: xyz=(0.734, 0.005, 0.869), center=(588, 242)
[INFO] [1789634924.222623808] [vision_manager]: Book detected: xyz=(0.633, 0.000, 0.869), center=(551, 240)
[INFO] [1789634924.223647453] [vision_manager]: Book detected: xyz=(-0.088, -0.049, 0.401), center=(250, 201)
[INFO] [1789634924.375195258] [vision_manager]: Book detected: xyz=(-0.086, -0.180, 0.400), center=(252, 97)
[INFO] [1789634924.376787589] [vision_manager]: Book detected: xyz=(-0.109, -0.096, 0.507), center=(252, 180)
[INFO] [1789634924.378190182] [vision_manager]: Book detected: xyz=(0.734, 0.005, 0.869), center=(588, 242)
[INFO] [1789634924.379547771] [vision_manager]: Book detected: xyz=(0.636, 0.000, 0.869), center=(552, 240)
[INFO] [1789634924.522028454] [vision_manager]: Book detected: xyz=(-0.086, -0.180, 0.400), center=(252, 97)
[INFO] [1789634924.523432553] [vision_manager]: Book detected: xyz=(-0.113, -0.096, 0.525), center=(252, 182)
[INFO] [1789634924.524841683] [vision_manager]: Book detected: xyz=(0.734, 0.005, 0.869), center=(588, 242)
[INFO] [1789634924.526309636] [vision_manager]: Book detected: xyz=(0.616, 0.000, 0.869), center=(545, 240)
[INFO] [1789634924.527691613] [vision_manager]: Book detected: xyz=(-0.089, -0.023, 0.402), center=(250, 222)
[INFO] [1789634924.660611196] [vision_manager]: Book detected: xyz=(-0.086, -0.180, 0.400), center=(252, 97)
[INFO] [1789634924.661829419] [vision_manager]: Book detected: xyz=(-0.109, -0.096, 0.507), center=(252, 180)
[INFO] [1789634924.663030108] [vision_manager]: Book detected: xyz=(0.734, 0.005, 0.869), center=(588, 242)
[INFO] [1789634924.664046013] [vision_manager]: Book detected: xyz=(0.616, 0.000, 0.869), center=(545, 240)
[INFO] [1789634924.665064273] [vision_manager]: Book detected: xyz=(-0.089, -0.053, 0.402), center=(250, 198)
[INFO] [1789634924.815748899] [vision_manager]: Book detected: xyz=(-0.086, -0.180, 0.400), center=(252, 97)
[INFO] [1789634924.816947453] [vision_manager]: Book detected: xyz=(-0.102, -0.096, 0.475), center=(252, 176)
[INFO] [1789634924.818096575] [vision_manager]: Book detected: xyz=(0.734, 0.005, 0.869), center=(588, 242)
[INFO] [1789634924.819228225] [vision_manager]: Book detected: xyz=(0.636, 0.000, 0.869), center=(552, 240)
[INFO] [1789634924.820369480] [vision_manager]: Book detected: xyz=(-0.124, -0.087, 0.563), center=(250, 191)
[INFO] [1789634924.948152282] [vision_manager]: Book detected: xyz=(-0.086, -0.180, 0.400), center=(252, 97)
[INFO] [1789634924.949801189] [vision_manager]: Book detected: xyz=(-0.107, -0.096, 0.499), center=(252, 179)
[INFO] [1789634924.951370763] [vision_manager]: Book detected: xyz=(0.734, 0.005, 0.869), center=(588, 242)
[INFO] [1789634924.952813540] [vision_manager]: Book detected: xyz=(0.611, 0.000, 0.869), center=(543, 240)
[INFO] [1789634924.954166814] [vision_manager]: Book detected: xyz=(-0.089, -0.051, 0.401), center=(250, 200)
[INFO] [1789634925.089925443] [vision_manager]: Book detected: xyz=(-0.086, -0.180, 0.400), center=(252, 97)
[INFO] [1789634925.091385387] [vision_manager]: Book detected: xyz=(-0.109, -0.096, 0.507), center=(252, 180)
[INFO] [1789634925.092703495] [vision_manager]: Book detected: xyz=(0.734, 0.005, 0.869), center=(588, 242)
[INFO] [1789634925.093951506] [vision_manager]: Book detected: xyz=(0.611, 0.000, 0.869), center=(543, 240)
[INFO] [1789634925.095288920] [vision_manager]: Book detected: xyz=(-0.089, -0.051, 0.401), center=(250, 200)
[INFO] [1789634925.222169451] [vision_manager]: Book detected: xyz=(-0.085, -0.180, 0.400), center=(253, 97)
[INFO] [1789634925.223336893] [vision_manager]: Book detected: xyz=(-0.113, -0.096, 0.525), center=(252, 182)
[INFO] [1789634925.224494073] [vision_manager]: Book detected: xyz=(0.734, 0.005, 0.869), center=(588, 242)
[INFO] [1789634925.225722709] [vision_manager]: Book detected: xyz=(0.627, 0.000, 0.869), center=(549, 240)
[INFO] [1789634925.226922536] [vision_manager]: Book detected: xyz=(-0.089, -0.022, 0.403), center=(250, 223)
[INFO] [1789634925.386113023] [vision_manager]: Book detected: xyz=(-0.086, -0.180, 0.400), center=(252, 97)
[INFO] [1789634925.387642557] [vision_manager]: Book detected: xyz=(-0.115, -0.096, 0.534), center=(252, 183)
[INFO] [1789634925.437349447] [vision_manager]: Book detected: xyz=(0.734, 0.005, 0.869), center=(588, 242)
[INFO] [1789634925.438585468] [vision_manager]: Book detected: xyz=(0.633, 0.000, 0.869), center=(551, 240)
[INFO] [1789634925.439795636] [vision_manager]: Book detected: xyz=(-0.087, -0.030, 0.401), center=(251, 216)
[INFO] [1789634925.634911320] [vision_manager]: Book detected: xyz=(-0.086, -0.179, 0.401), center=(252, 98)
[INFO] [1789634925.635885108] [vision_manager]: Book detected: xyz=(-0.111, -0.096, 0.516), center=(252, 181)
[INFO] [1789634925.636838733] [vision_manager]: Book detected: xyz=(0.734, 0.005, 0.869), center=(588, 242)
[INFO] [1789634925.637783157] [vision_manager]: Book detected: xyz=(0.622, 0.003, 0.869), center=(547, 241)
[INFO] [1789634925.638718449] [vision_manager]: Book detected: xyz=(-0.088, -0.033, 0.400), center=(250, 214)
[INFO] [1789634925.794491955] [vision_manager]: Book detected: xyz=(-0.085, -0.180, 0.400), center=(253, 97)
[INFO] [1789634925.795694143] [vision_manager]: Book detected: xyz=(-0.109, -0.096, 0.507), center=(252, 180)
[INFO] [1789634925.796825164] [vision_manager]: Book detected: xyz=(0.734, 0.005, 0.869), center=(588, 242)
[INFO] [1789634925.797825079] [vision_manager]: Book detected: xyz=(0.619, 0.000, 0.869), center=(546, 240)
[INFO] [1789634925.798812681] [vision_manager]: Book detected: xyz=(-0.088, -0.047, 0.401), center=(250, 203)
[INFO] [1789634925.924258784] [vision_manager]: Book detected: xyz=(-0.085, -0.180, 0.400), center=(253, 97)
[INFO] [1789634925.926754534] [vision_manager]: Book detected: xyz=(-0.113, -0.096, 0.525), center=(252, 182)
[INFO] [1789634925.927798206] [vision_manager]: Book detected: xyz=(0.734, 0.005, 0.869), center=(588, 242)
[INFO] [1789634925.928808208] [vision_manager]: Book detected: xyz=(0.408, 0.002, 0.593), center=(538, 241)
[INFO] [1789634925.929867304] [vision_manager]: Book detected: xyz=(-0.089, -0.024, 0.402), center=(250, 221)
[INFO] [1789634926.092867519] [vision_manager]: Book detected: xyz=(-0.086, -0.180, 0.400), center=(252, 97)
[INFO] [1789634926.094014732] [vision_manager]: Book detected: xyz=(-0.109, -0.096, 0.507), center=(252, 180)
[INFO] [1789634926.095031481] [vision_manager]: Book detected: xyz=(0.734, 0.005, 0.869), center=(588, 242)
[INFO] [1789634926.096132416] [vision_manager]: Book detected: xyz=(0.608, 0.000, 0.869), center=(542, 240)
[INFO] [1789634926.097157842] [vision_manager]: Book detected: xyz=(-0.088, -0.043, 0.400), center=(250, 206)
[INFO] [1789634926.285130044] [vision_manager]: Book detected: xyz=(-0.085, -0.180, 0.400), center=(253, 97)
[INFO] [1789634926.286149736] [vision_manager]: Book detected: xyz=(-0.111, -0.096, 0.516), center=(252, 181)
[INFO] [1789634926.287106411] [vision_manager]: Book detected: xyz=(0.734, 0.005, 0.869), center=(588, 242)
[INFO] [1789634926.288045496] [vision_manager]: Book detected: xyz=(0.395, 0.002, 0.593), center=(531, 241)
[INFO] [1789634926.289018645] [vision_manager]: Book detected: xyz=(-0.088, -0.029, 0.401), center=(250, 217)
[INFO] [1789634926.524201913] [vision_manager]: Book detected: xyz=(-0.086, -0.180, 0.400), center=(252, 97)
[INFO] [1789634926.525305334] [vision_manager]: Book detected: xyz=(-0.111, -0.096, 0.516), center=(252, 181)
[INFO] [1789634926.526300415] [vision_manager]: Book detected: xyz=(0.734, 0.005, 0.869), center=(588, 242)
[INFO] [1789634926.527267819] [vision_manager]: Book detected: xyz=(0.611, 0.000, 0.869), center=(543, 240)
[INFO] [1789634926.528277571] [vision_manager]: Book detected: xyz=(-0.088, -0.030, 0.401), center=(250, 216)
[INFO] [1789634926.717909679] [vision_manager]: Book detected: xyz=(-0.085, -0.180, 0.400), center=(253, 97)
[INFO] [1789634926.723479152] [vision_manager]: Book detected: xyz=(-0.111, -0.096, 0.516), center=(252, 181)
[INFO] [1789634926.725912803] [vision_manager]: Book detected: xyz=(0.734, 0.005, 0.869), center=(588, 242)
[INFO] [1789634926.727620014] [vision_manager]: Book detected: xyz=(0.410, 0.000, 0.593), center=(539, 240)
[INFO] [1789634926.729868722] [vision_manager]: Book detected: xyz=(-0.088, -0.037, 0.400), center=(250, 211)
[INFO] [1789634926.892712221] [vision_manager]: Book detected: xyz=(-0.085, -0.180, 0.400), center=(253, 97)
[INFO] [1789634926.894368506] [vision_manager]: Book detected: xyz=(-0.109, -0.096, 0.507), center=(252, 180)
[INFO] [1789634926.895830738] [vision_manager]: Book detected: xyz=(0.734, 0.005, 0.869), center=(588, 242)
[INFO] [1789634926.897184185] [vision_manager]: Book detected: xyz=(0.619, 0.000, 0.869), center=(546, 240)
[INFO] [1789634926.898517885] [vision_manager]: Book detected: xyz=(-0.090, -0.035, 0.400), center=(249, 212)
[INFO] [1789634927.058848294] [vision_manager]: Book detected: xyz=(-0.085, -0.180, 0.400), center=(253, 97)
[INFO] [1789634927.063879927] [vision_manager]: Book detected: xyz=(-0.111, -0.096, 0.516), center=(252, 181)
[INFO] [1789634927.065038638] [vision_manager]: Book detected: xyz=(0.734, 0.005, 0.869), center=(588, 242)
[INFO] [1789634927.065988356] [vision_manager]: Book detected: xyz=(0.622, 0.000, 0.869), center=(547, 240)
[INFO] [1789634927.066902767] [vision_manager]: Book detected: xyz=(-0.088, -0.035, 0.400), center=(250, 212)
[INFO] [1789634927.226325593] [vision_manager]: Book detected: xyz=(-0.086, -0.180, 0.400), center=(252, 97)
[INFO] [1789634927.228396866] [vision_manager]: Book detected: xyz=(-0.111, -0.096, 0.516), center=(252, 181)
[INFO] [1789634927.230192682] [vision_manager]: Book detected: xyz=(0.734, 0.005, 0.869), center=(588, 242)
[INFO] [1789634927.231966226] [vision_manager]: Book detected: xyz=(0.611, 0.003, 0.869), center=(543, 241)
[INFO] [1789634927.233832445] [vision_manager]: Book detected: xyz=(-0.089, -0.022, 0.403), center=(250, 223)
[INFO] [1789634927.401690916] [vision_manager]: Book detected: xyz=(-0.086, -0.180, 0.400), center=(252, 97)
[INFO] [1789634927.402953514] [vision_manager]: Book detected: xyz=(-0.112, -0.096, 0.516), center=(251, 181)
[INFO] [1789634927.403964756] [vision_manager]: Book detected: xyz=(0.734, 0.005, 0.869), center=(588, 242)
[INFO] [1789634927.404931716] [vision_manager]: Book detected: xyz=(0.614, 0.000, 0.869), center=(544, 240)
[INFO] [1789634927.405902856] [vision_manager]: Book detected: xyz=(-0.090, -0.022, 0.403), center=(249, 223)
[INFO] [1789634927.557440144] [vision_manager]: Book detected: xyz=(-0.085, -0.179, 0.401), center=(253, 98)
[INFO] [1789634927.559517010] [vision_manager]: Book detected: xyz=(-0.114, -0.096, 0.525), center=(251, 182)
[INFO] [1789634927.561380499] [vision_manager]: Book detected: xyz=(0.734, 0.005, 0.869), center=(588, 242)
[INFO] [1789634927.562980594] [vision_manager]: Book detected: xyz=(0.608, 0.003, 0.869), center=(542, 241)
[INFO] [1789634927.564667340] [vision_manager]: Book detected: xyz=(-0.089, -0.022, 0.403), center=(250, 223)
[INFO] [1789634927.699040203] [vision_manager]: Book detected: xyz=(-0.085, -0.179, 0.401), center=(253, 98)
[INFO] [1789634927.700296896] [vision_manager]: Book detected: xyz=(-0.114, -0.096, 0.525), center=(251, 182)
[INFO] [1789634927.701485576] [vision_manager]: Book detected: xyz=(0.734, 0.005, 0.869), center=(588, 242)
[INFO] [1789634927.702632502] [vision_manager]: Book detected: xyz=(0.622, 0.000, 0.869), center=(547, 240)
[INFO] [1789634927.703780016] [vision_manager]: Book detected: xyz=(-0.092, -0.021, 0.411), center=(249, 224)
[INFO] [1789634927.845349395] [vision_manager]: Book detected: xyz=(-0.085, -0.180, 0.400), center=(253, 97)
[INFO] [1789634927.847370545] [vision_manager]: Book detected: xyz=(-0.112, -0.096, 0.516), center=(251, 181)
[INFO] [1789634927.848993495] [vision_manager]: Book detected: xyz=(0.737, 0.005, 0.869), center=(589, 242)
[INFO] [1789634927.850333887] [vision_manager]: Book detected: xyz=(0.647, 0.000, 0.869), center=(556, 240)
[INFO] [1789634927.851683533] [vision_manager]: Book detected: xyz=(-0.124, -0.021, 0.556), center=(249, 228)
[INFO] [1789634927.852536716] [vision_manager]: No placeable empty shelf position found
[INFO] [1789634927.977734907] [vision_manager]: Book detected: xyz=(-0.086, -0.179, 0.401), center=(252, 98)
[INFO] [1789634927.980766323] [vision_manager]: Book detected: xyz=(-0.107, -0.096, 0.491), center=(251, 178)
[INFO] [1789634927.983554972] [vision_manager]: Book detected: xyz=(0.734, 0.005, 0.869), center=(588, 242)
[INFO] [1789634927.985520707] [vision_manager]: Book detected: xyz=(0.647, 0.000, 0.869), center=(556, 240)
[INFO] [1789634927.987145278] [vision_manager]: Book detected: xyz=(-0.126, -0.012, 0.563), center=(249, 233)
[INFO] [1789634927.988212731] [vision_manager]: No placeable empty shelf position found
[INFO] [1789634928.097356899] [vision_manager]: Book detected: xyz=(-0.085, -0.179, 0.401), center=(253, 98)
[INFO] [1789634928.099585287] [vision_manager]: Book detected: xyz=(-0.112, -0.096, 0.516), center=(251, 181)
[INFO] [1789634928.100886348] [vision_manager]: Book detected: xyz=(0.734, 0.005, 0.869), center=(588, 242)
[INFO] [1789634928.101949238] [vision_manager]: Book detected: xyz=(0.644, 0.000, 0.869), center=(555, 240)
[INFO] [1789634928.103230015] [vision_manager]: Book detected: xyz=(-0.091, -0.021, 0.411), center=(250, 224)
[INFO] [1789634928.238897883] [vision_manager]: Book detected: xyz=(-0.085, -0.179, 0.401), center=(253, 98)
[INFO] [1789634928.240598499] [vision_manager]: Book detected: xyz=(-0.112, -0.096, 0.516), center=(251, 181)
[INFO] [1789634928.242241999] [vision_manager]: Book detected: xyz=(0.734, 0.005, 0.869), center=(588, 242)
[INFO] [1789634928.243808687] [vision_manager]: Book detected: xyz=(0.630, 0.003, 0.869), center=(550, 241)
[INFO] [1789634928.245276936] [vision_manager]: Book detected: xyz=(-0.090, -0.022, 0.403), center=(249, 223)
[INFO] [1789634928.246594108] [vision_manager]: Book detected: xyz=(-0.090, 0.040, 0.400), center=(249, 272)
[INFO] [1789634928.390074286] [vision_manager]: Book detected: xyz=(-0.085, -0.179, 0.401), center=(253, 98)
[INFO] [1789634928.391742057] [vision_manager]: Book detected: xyz=(-0.114, -0.096, 0.525), center=(251, 182)
[INFO] [1789634928.393414885] [vision_manager]: Book detected: xyz=(0.734, 0.005, 0.869), center=(588, 242)
[INFO] [1789634928.395751241] [vision_manager]: Book detected: xyz=(0.630, 0.000, 0.869), center=(550, 240)
[INFO] [1789634928.398011095] [vision_manager]: Book detected: xyz=(-0.090, -0.023, 0.402), center=(249, 222)
[INFO] [1789634928.532879275] [vision_manager]: Book detected: xyz=(-0.086, -0.179, 0.401), center=(252, 98)
[INFO] [1789634928.534139135] [vision_manager]: Book detected: xyz=(-0.112, -0.096, 0.516), center=(251, 181)
[INFO] [1789634928.535326714] [vision_manager]: Book detected: xyz=(0.734, 0.005, 0.869), center=(588, 242)
[INFO] [1789634928.536523126] [vision_manager]: Book detected: xyz=(0.627, 0.000, 0.869), center=(549, 240)
[INFO] [1789634928.537687581] [vision_manager]: Book detected: xyz=(-0.126, -0.002, 0.563), center=(249, 239)
[INFO] [1789634928.538437974] [vision_manager]: No placeable empty shelf position found
[INFO] [1789634928.680493573] [vision_manager]: Book detected: xyz=(-0.086, -0.179, 0.401), center=(252, 98)
[INFO] [1789634928.681670832] [vision_manager]: Book detected: xyz=(-0.112, -0.096, 0.516), center=(251, 181)
[INFO] [1789634928.682811411] [vision_manager]: Book detected: xyz=(0.734, 0.005, 0.869), center=(588, 242)
[INFO] [1789634928.683950428] [vision_manager]: Book detected: xyz=(0.638, 0.000, 0.869), center=(553, 240)
[INFO] [1789634928.685118909] [vision_manager]: Book detected: xyz=(-0.126, -0.002, 0.563), center=(249, 239)
[INFO] [1789634928.685837903] [vision_manager]: No placeable empty shelf position found
[INFO] [1789634928.820303817] [vision_manager]: Book detected: xyz=(-0.086, -0.179, 0.401), center=(252, 98)
[INFO] [1789634928.821530634] [vision_manager]: Book detected: xyz=(-0.112, -0.096, 0.516), center=(251, 181)
[INFO] [1789634928.822650163] [vision_manager]: Book detected: xyz=(0.734, 0.005, 0.869), center=(588, 242)
[INFO] [1789634928.823770828] [vision_manager]: Book detected: xyz=(0.614, 0.000, 0.869), center=(544, 240)
[INFO] [1789634928.824887314] [vision_manager]: Book detected: xyz=(-0.126, -0.002, 0.563), center=(249, 239)
[INFO] [1789634928.826005569] [vision_manager]: Book detected: xyz=(-0.090, 0.038, 0.400), center=(249, 270)
[INFO] [1789634928.826793436] [vision_manager]: No placeable empty shelf position found
[INFO] [1789634928.976906200] [vision_manager]: Book detected: xyz=(-0.085, -0.180, 0.400), center=(253, 97)
[INFO] [1789634928.977939676] [vision_manager]: Book detected: xyz=(-0.114, -0.096, 0.516), center=(250, 181)
[INFO] [1789634928.978937934] [vision_manager]: Book detected: xyz=(0.734, 0.005, 0.869), center=(588, 242)
[INFO] [1789634928.979963760] [vision_manager]: Book detected: xyz=(0.622, 0.000, 0.869), center=(547, 240)
[INFO] [1789634928.980971429] [vision_manager]: Book detected: xyz=(-0.090, -0.023, 0.402), center=(249, 222)
[INFO] [1789634928.981956253] [vision_manager]: Book detected: xyz=(-0.090, 0.039, 0.400), center=(249, 271)
[INFO] [1789634929.163594226] [vision_manager]: Book detected: xyz=(-0.086, -0.180, 0.400), center=(252, 97)
[INFO] [1789634929.165722038] [vision_manager]: Book detected: xyz=(-0.112, -0.096, 0.516), center=(251, 181)
[INFO] [1789634929.167940844] [vision_manager]: Book detected: xyz=(0.734, 0.005, 0.869), center=(588, 242)
[INFO] [1789634929.170094561] [vision_manager]: Book detected: xyz=(0.619, 0.000, 0.869), center=(546, 240)
[INFO] [1789634929.171986614] [vision_manager]: Book detected: xyz=(-0.091, -0.023, 0.402), center=(248, 222)
[INFO] [1789634929.173571188] [vision_manager]: Book detected: xyz=(-0.090, 0.038, 0.400), center=(249, 270)
[INFO] [1789634929.284475837] [vision_manager]: Book detected: xyz=(-0.086, -0.180, 0.400), center=(252, 97)
[INFO] [1789634929.285575610] [vision_manager]: Book detected: xyz=(-0.114, -0.096, 0.516), center=(250, 181)
[INFO] [1789634929.286616472] [vision_manager]: Book detected: xyz=(0.734, 0.005, 0.869), center=(588, 242)
[INFO] [1789634929.287649268] [vision_manager]: Book detected: xyz=(0.606, 0.000, 0.869), center=(541, 240)
[INFO] [1789634929.288683959] [vision_manager]: Book detected: xyz=(-0.090, -0.023, 0.402), center=(249, 222)
[INFO] [1789634929.289636885] [vision_manager]: Book detected: xyz=(-0.090, 0.040, 0.400), center=(249, 272)
[INFO] [1789634929.410892631] [vision_manager]: Book detected: xyz=(-0.086, -0.180, 0.400), center=(252, 97)
[INFO] [1789634929.412302742] [vision_manager]: Book detected: xyz=(-0.114, -0.096, 0.516), center=(250, 181)
[INFO] [1789634929.413522091] [vision_manager]: Book detected: xyz=(0.734, 0.005, 0.869), center=(588, 242)
[INFO] [1789634929.414798055] [vision_manager]: Book detected: xyz=(0.614, 0.000, 0.869), center=(544, 240)
[INFO] [1789634929.416015552] [vision_manager]: Book detected: xyz=(-0.126, -0.002, 0.563), center=(249, 239)
[INFO] [1789634929.417218983] [vision_manager]: Book detected: xyz=(-0.090, 0.038, 0.400), center=(249, 270)
[INFO] [1789634929.417938372] [vision_manager]: No placeable empty shelf position found
[INFO] [1789634929.590433060] [vision_manager]: Book detected: xyz=(-0.087, -0.179, 0.401), center=(251, 98)
[INFO] [1789634929.591845769] [vision_manager]: Book detected: xyz=(-0.114, -0.096, 0.516), center=(250, 181)
[INFO] [1789634929.593205376] [vision_manager]: Book detected: xyz=(0.734, 0.005, 0.869), center=(588, 242)
[INFO] [1789634929.594582499] [vision_manager]: Book detected: xyz=(0.608, 0.003, 0.869), center=(542, 241)
[INFO] [1789634929.595755511] [vision_manager]: Book detected: xyz=(-0.091, -0.023, 0.402), center=(248, 222)
[INFO] [1789634929.596881914] [vision_manager]: Book detected: xyz=(-0.090, 0.039, 0.400), center=(249, 271)
[INFO] [1789634929.738933706] [vision_manager]: Book detected: xyz=(-0.087, -0.179, 0.401), center=(251, 98)
[INFO] [1789634929.740006178] [vision_manager]: Book detected: xyz=(-0.114, -0.096, 0.516), center=(250, 181)
[INFO] [1789634929.741009150] [vision_manager]: Book detected: xyz=(0.734, 0.005, 0.869), center=(588, 242)
[INFO] [1789634929.741993869] [vision_manager]: Book detected: xyz=(0.608, 0.000, 0.869), center=(542, 240)
[INFO] [1789634929.742964542] [vision_manager]: Book detected: xyz=(-0.091, -0.023, 0.402), center=(248, 222)
[INFO] [1789634929.743988060] [vision_manager]: Book detected: xyz=(-0.091, 0.037, 0.400), center=(248, 269)
[INFO] [1789634929.875766680] [vision_manager]: Book detected: xyz=(-0.086, -0.179, 0.401), center=(252, 98)
[INFO] [1789634929.876818143] [vision_manager]: Book detected: xyz=(-0.114, -0.096, 0.516), center=(250, 181)
[INFO] [1789634929.881147623] [vision_manager]: Book detected: xyz=(0.734, 0.005, 0.869), center=(588, 242)
[INFO] [1789634929.882180825] [vision_manager]: Book detected: xyz=(0.611, 0.000, 0.869), center=(543, 240)
[INFO] [1789634929.883249060] [vision_manager]: Book detected: xyz=(-0.091, -0.023, 0.402), center=(248, 222)
[INFO] [1789634929.884163437] [vision_manager]: Book detected: xyz=(-0.091, 0.037, 0.400), center=(248, 269)
[INFO] [1789634930.013937175] [vision_manager]: Book detected: xyz=(-0.086, -0.179, 0.401), center=(252, 98)
[INFO] [1789634930.014959319] [vision_manager]: Book detected: xyz=(-0.114, -0.096, 0.516), center=(250, 181)
[INFO] [1789634930.015954435] [vision_manager]: Book detected: xyz=(0.734, 0.005, 0.869), center=(588, 242)
[INFO] [1789634930.016940195] [vision_manager]: Book detected: xyz=(0.406, 0.002, 0.593), center=(537, 241)
[INFO] [1789634930.017966513] [vision_manager]: Book detected: xyz=(-0.091, -0.022, 0.403), center=(248, 223)
[INFO] [1789634930.019007959] [vision_manager]: Book detected: xyz=(-0.091, 0.038, 0.400), center=(248, 270)
[INFO] [1789634930.156275548] [vision_manager]: Book detected: xyz=(-0.086, -0.179, 0.401), center=(252, 98)
[INFO] [1789634930.158484527] [vision_manager]: Book detected: xyz=(-0.112, -0.096, 0.507), center=(250, 180)
[INFO] [1789634930.160122029] [vision_manager]: Book detected: xyz=(0.734, 0.005, 0.869), center=(588, 242)
[INFO] [1789634930.161719462] [vision_manager]: Book detected: xyz=(0.408, 0.000, 0.593), center=(538, 240)
[INFO] [1789634930.163213143] [vision_manager]: Book detected: xyz=(-0.091, -0.024, 0.402), center=(248, 221)
[INFO] [1789634930.164527520] [vision_manager]: Book detected: xyz=(-0.092, 0.037, 0.400), center=(247, 269)
[INFO] [1789634930.310871007] [vision_manager]: Book detected: xyz=(-0.087, -0.180, 0.400), center=(251, 97)
[INFO] [1789634930.312514690] [vision_manager]: Book detected: xyz=(-0.114, -0.096, 0.507), center=(249, 180)
[INFO] [1789634930.314854458] [vision_manager]: Book detected: xyz=(0.734, 0.005, 0.869), center=(588, 242)
[INFO] [1789634930.316250549] [vision_manager]: Book detected: xyz=(0.611, 0.000, 0.869), center=(543, 240)
[INFO] [1789634930.317448537] [vision_manager]: Book detected: xyz=(-0.090, -0.025, 0.401), center=(249, 220)
[INFO] [1789634930.318609253] [vision_manager]: Book detected: xyz=(-0.092, 0.035, 0.400), center=(247, 268)
[INFO] [1789634930.449207804] [vision_manager]: Book detected: xyz=(-0.087, -0.180, 0.400), center=(251, 97)
[INFO] [1789634930.450229507] [vision_manager]: Book detected: xyz=(-0.114, -0.096, 0.516), center=(250, 181)
[INFO] [1789634930.456484327] [vision_manager]: Book detected: xyz=(0.734, 0.005, 0.869), center=(588, 242)
[INFO] [1789634930.457373520] [vision_manager]: Book detected: xyz=(0.616, 0.000, 0.869), center=(545, 240)
[INFO] [1789634930.458223991] [vision_manager]: Book detected: xyz=(-0.090, -0.022, 0.403), center=(249, 223)
[INFO] [1789634930.459113742] [vision_manager]: Book detected: xyz=(-0.090, 0.030, 0.400), center=(249, 264)
[INFO] [1789634930.593992788] [vision_manager]: Book detected: xyz=(-0.087, -0.180, 0.400), center=(251, 97)
[INFO] [1789634930.595075612] [vision_manager]: Book detected: xyz=(-0.114, -0.096, 0.516), center=(250, 181)
[INFO] [1789634930.596062856] [vision_manager]: Book detected: xyz=(0.734, 0.005, 0.869), center=(588, 242)
[INFO] [1789634930.597026961] [vision_manager]: Book detected: xyz=(0.611, 0.000, 0.869), center=(543, 240)
[INFO] [1789634930.597991336] [vision_manager]: Book detected: xyz=(-0.090, -0.022, 0.403), center=(249, 223)
[INFO] [1789634930.598971066] [vision_manager]: Book detected: xyz=(-0.090, 0.033, 0.400), center=(249, 266)
[INFO] [1789634930.732524964] [vision_manager]: Book detected: xyz=(-0.086, -0.179, 0.401), center=(252, 98)
[INFO] [1789634930.733745204] [vision_manager]: Book detected: xyz=(-0.112, -0.096, 0.507), center=(250, 180)
[INFO] [1789634930.734905745] [vision_manager]: Book detected: xyz=(0.734, 0.005, 0.869), center=(588, 242)
[INFO] [1789634930.736137565] [vision_manager]: Book detected: xyz=(0.606, 0.000, 0.869), center=(541, 240)
[INFO] [1789634930.737570709] [vision_manager]: Book detected: xyz=(-0.090, -0.022, 0.403), center=(249, 223)
[INFO] [1789634930.867618776] [vision_manager]: Book detected: xyz=(-0.086, -0.179, 0.401), center=(252, 98)
[INFO] [1789634930.868794413] [vision_manager]: Book detected: xyz=(-0.114, -0.096, 0.516), center=(250, 181)
[INFO] [1789634930.870062370] [vision_manager]: Book detected: xyz=(0.734, 0.005, 0.869), center=(588, 242)
[INFO] [1789634930.871189111] [vision_manager]: Book detected: xyz=(0.611, 0.000, 0.869), center=(543, 240)
[INFO] [1789634930.872313720] [vision_manager]: Book detected: xyz=(-0.090, -0.022, 0.403), center=(249, 223)
[INFO] [1789634931.011704012] [vision_manager]: Book detected: xyz=(-0.086, -0.180, 0.400), center=(252, 97)
[INFO] [1789634931.012762152] [vision_manager]: Book detected: xyz=(-0.112, -0.096, 0.516), center=(251, 181)
[INFO] [1789634931.013748227] [vision_manager]: Book detected: xyz=(0.734, 0.005, 0.869), center=(588, 242)
[INFO] [1789634931.014787979] [vision_manager]: Book detected: xyz=(0.614, 0.000, 0.869), center=(544, 240)
[INFO] [1789634931.015790214] [vision_manager]: Book detected: xyz=(-0.090, -0.022, 0.403), center=(249, 223)
[INFO] [1789634931.151943806] [vision_manager]: Book detected: xyz=(-0.087, -0.179, 0.401), center=(251, 98)
[INFO] [1789634931.153267122] [vision_manager]: Book detected: xyz=(-0.112, -0.096, 0.507), center=(250, 180)
[INFO] [1789634931.154525655] [vision_manager]: Book detected: xyz=(0.734, 0.005, 0.869), center=(588, 242)
[INFO] [1789634931.155790671] [vision_manager]: Book detected: xyz=(0.616, 0.000, 0.869), center=(545, 240)
[INFO] [1789634931.157042522] [vision_manager]: Book detected: xyz=(-0.090, -0.022, 0.403), center=(249, 223)
[INFO] [1789634931.300508519] [vision_manager]: Book detected: xyz=(-0.086, -0.179, 0.401), center=(252, 98)
[INFO] [1789634931.302063306] [vision_manager]: Book detected: xyz=(-0.114, -0.096, 0.516), center=(250, 181)
[INFO] [1789634931.303667995] [vision_manager]: Book detected: xyz=(0.734, 0.005, 0.869), center=(588, 242)
[INFO] [1789634931.305274717] [vision_manager]: Book detected: xyz=(0.608, 0.000, 0.869), center=(542, 240)
[INFO] [1789634931.306891424] [vision_manager]: Book detected: xyz=(-0.090, -0.022, 0.403), center=(249, 223)
[INFO] [1789634931.460139063] [vision_manager]: Book detected: xyz=(-0.086, -0.180, 0.400), center=(252, 97)
[INFO] [1789634931.462159717] [vision_manager]: Book detected: xyz=(-0.112, -0.096, 0.507), center=(250, 180)
[INFO] [1789634931.464143484] [vision_manager]: Book detected: xyz=(0.734, 0.005, 0.869), center=(588, 242)
[INFO] [1789634931.466182557] [vision_manager]: Book detected: xyz=(0.616, 0.000, 0.869), center=(545, 240)
[INFO] [1789634931.467978394] [vision_manager]: Book detected: xyz=(-0.090, -0.022, 0.403), center=(249, 223)
[INFO] [1789634931.469574393] [vision_manager]: Book detected: xyz=(-0.090, 0.037, 0.400), center=(249, 269)
[INFO] [1789634931.601448648] [vision_manager]: Book detected: xyz=(-0.086, -0.180, 0.400), center=(252, 97)
[INFO] [1789634931.602575638] [vision_manager]: Book detected: xyz=(-0.112, -0.096, 0.507), center=(250, 180)
[INFO] [1789634931.603593524] [vision_manager]: Book detected: xyz=(0.734, 0.005, 0.869), center=(588, 242)
[INFO] [1789634931.604602994] [vision_manager]: Book detected: xyz=(0.619, 0.000, 0.869), center=(546, 240)
[INFO] [1789634931.605643904] [vision_manager]: Book detected: xyz=(-0.090, -0.022, 0.403), center=(249, 223)
[INFO] [1789634931.606644047] [vision_manager]: Book detected: xyz=(-0.090, 0.038, 0.400), center=(249, 270)
[INFO] [1789634931.757703895] [vision_manager]: Book detected: xyz=(-0.086, -0.180, 0.400), center=(252, 97)
[INFO] [1789634931.759364497] [vision_manager]: Book detected: xyz=(-0.110, -0.096, 0.507), center=(251, 180)
[INFO] [1789634931.761210352] [vision_manager]: Book detected: xyz=(0.734, 0.005, 0.869), center=(588, 242)
[INFO] [1789634931.762618095] [vision_manager]: Book detected: xyz=(0.616, 0.000, 0.869), center=(545, 240)
[INFO] [1789634931.763688722] [vision_manager]: Book detected: xyz=(-0.090, -0.022, 0.403), center=(249, 223)
[INFO] [1789634931.908090679] [vision_manager]: Book detected: xyz=(-0.086, -0.180, 0.400), center=(252, 97)
[INFO] [1789634931.910331768] [vision_manager]: Book detected: xyz=(-0.108, -0.096, 0.499), center=(251, 179)
[INFO] [1789634931.912500539] [vision_manager]: Book detected: xyz=(0.734, 0.005, 0.869), center=(588, 242)
[INFO] [1789634931.914123560] [vision_manager]: Book detected: xyz=(0.627, 0.000, 0.869), center=(549, 240)
[INFO] [1789634931.915642611] [vision_manager]: Book detected: xyz=(-0.090, -0.022, 0.403), center=(249, 223)
[INFO] [1789634932.038203106] [vision_manager]: Book detected: xyz=(-0.085, -0.180, 0.400), center=(253, 97)
[INFO] [1789634932.039636884] [vision_manager]: Book detected: xyz=(-0.108, -0.096, 0.499), center=(251, 179)
[INFO] [1789634932.041343771] [vision_manager]: Book detected: xyz=(0.734, 0.005, 0.869), center=(588, 242)
[INFO] [1789634932.043403984] [vision_manager]: Book detected: xyz=(0.630, 0.000, 0.869), center=(550, 240)
[INFO] [1789634932.045085381] [vision_manager]: Book detected: xyz=(-0.090, -0.022, 0.403), center=(249, 223)
[INFO] [1789634932.195896850] [vision_manager]: Book detected: xyz=(-0.086, -0.180, 0.400), center=(252, 97)
[INFO] [1789634932.197316914] [vision_manager]: Book detected: xyz=(-0.110, -0.096, 0.507), center=(251, 180)
[INFO] [1789634932.198650336] [vision_manager]: Book detected: xyz=(0.734, 0.005, 0.869), center=(588, 242)
[INFO] [1789634932.200092237] [vision_manager]: Book detected: xyz=(0.630, 0.000, 0.869), center=(550, 240)
[INFO] [1789634932.201396903] [vision_manager]: Book detected: xyz=(-0.092, -0.021, 0.411), center=(249, 224)
[INFO] [1789634932.357681976] [vision_manager]: Book detected: xyz=(-0.085, -0.180, 0.400), center=(253, 97)
[INFO] [1789634932.359150461] [vision_manager]: Book detected: xyz=(-0.114, -0.096, 0.525), center=(251, 182)
[INFO] [1789634932.360517500] [vision_manager]: Book detected: xyz=(0.734, 0.005, 0.869), center=(588, 242)
[INFO] [1789634932.361836380] [vision_manager]: Book detected: xyz=(0.636, 0.000, 0.869), center=(552, 240)
[INFO] [1789634932.363159715] [vision_manager]: Book detected: xyz=(-0.092, -0.021, 0.411), center=(249, 224)
[INFO] [1789634932.536988191] [vision_manager]: Book detected: xyz=(-0.086, -0.180, 0.400), center=(252, 97)
[INFO] [1789634932.538510023] [vision_manager]: Book detected: xyz=(-0.112, -0.096, 0.516), center=(251, 181)
[INFO] [1789634932.539980794] [vision_manager]: Book detected: xyz=(0.734, 0.005, 0.869), center=(588, 242)
[INFO] [1789634932.541380518] [vision_manager]: Book detected: xyz=(0.619, 0.000, 0.869), center=(546, 240)
[INFO] [1789634932.542789988] [vision_manager]: Book detected: xyz=(-0.092, -0.021, 0.411), center=(249, 224)
[INFO] [1789634932.544128329] [vision_manager]: Book detected: xyz=(-0.090, 0.037, 0.400), center=(249, 269)
[INFO] [1789634932.676639653] [vision_manager]: Book detected: xyz=(-0.086, -0.180, 0.400), center=(252, 97)
[INFO] [1789634932.677666997] [vision_manager]: Book detected: xyz=(-0.114, -0.096, 0.516), center=(250, 181)
[INFO] [1789634932.678648371] [vision_manager]: Book detected: xyz=(0.734, 0.005, 0.869), center=(588, 242)
[INFO] [1789634932.679629243] [vision_manager]: Book detected: xyz=(0.630, 0.000, 0.869), center=(550, 240)
[INFO] [1789634932.680677265] [vision_manager]: Book detected: xyz=(-0.093, -0.021, 0.411), center=(248, 224)
[INFO] [1789634932.681729750] [vision_manager]: Book detected: xyz=(-0.090, 0.039, 0.400), center=(249, 271)
[INFO] [1789634932.832765016] [vision_manager]: Book detected: xyz=(-0.086, -0.180, 0.400), center=(252, 97)
[INFO] [1789634932.833810085] [vision_manager]: Book detected: xyz=(0.734, 0.005, 0.869), center=(588, 242)
[INFO] [1789634932.834854038] [vision_manager]: Book detected: xyz=(-0.114, -0.096, 0.516), center=(250, 181)
[INFO] [1789634932.835802447] [vision_manager]: Book detected: xyz=(0.627, 0.000, 0.869), center=(549, 240)
[INFO] [1789634932.836750425] [vision_manager]: Book detected: xyz=(-0.090, -0.025, 0.401), center=(249, 220)
[INFO] [1789634932.837715993] [vision_manager]: Book detected: xyz=(-0.091, 0.037, 0.400), center=(248, 269)
[INFO] [1789634932.987657365] [vision_manager]: Book detected: xyz=(-0.086, -0.180, 0.400), center=(252, 97)
[INFO] [1789634932.988692303] [vision_manager]: Book detected: xyz=(-0.114, -0.096, 0.516), center=(250, 181)
[INFO] [1789634932.989713344] [vision_manager]: Book detected: xyz=(0.734, 0.005, 0.869), center=(588, 242)
[INFO] [1789634932.990715671] [vision_manager]: Book detected: xyz=(0.630, 0.000, 0.869), center=(550, 240)
[INFO] [1789634932.991683939] [vision_manager]: Book detected: xyz=(-0.092, -0.021, 0.411), center=(249, 224)
[INFO] [1789634932.992649454] [vision_manager]: Book detected: xyz=(-0.091, 0.040, 0.400), center=(248, 272)
[INFO] [1789634933.147345759] [vision_manager]: Book detected: xyz=(-0.086, -0.180, 0.400), center=(252, 97)
[INFO] [1789634933.148969749] [vision_manager]: Book detected: xyz=(-0.112, -0.096, 0.516), center=(251, 181)
[INFO] [1789634933.150524591] [vision_manager]: Book detected: xyz=(0.734, 0.005, 0.869), center=(588, 242)
[INFO] [1789634933.152724609] [vision_manager]: Book detected: xyz=(0.636, 0.000, 0.869), center=(552, 240)
[INFO] [1789634933.154673570] [vision_manager]: Book detected: xyz=(-0.092, -0.021, 0.411), center=(249, 224)
[INFO] [1789634933.156128215] [vision_manager]: Book detected: xyz=(-0.090, 0.039, 0.400), center=(249, 271)
[INFO] [1789634933.297450884] [vision_manager]: Book detected: xyz=(-0.086, -0.180, 0.400), center=(252, 97)
[INFO] [1789634933.298511035] [vision_manager]: Book detected: xyz=(-0.112, -0.096, 0.507), center=(250, 180)
[INFO] [1789634933.299535862] [vision_manager]: Book detected: xyz=(0.734, 0.005, 0.869), center=(588, 242)
[INFO] [1789634933.300608851] [vision_manager]: Book detected: xyz=(0.627, 0.000, 0.869), center=(549, 240)
[INFO] [1789634933.301614621] [vision_manager]: Book detected: xyz=(-0.093, -0.021, 0.411), center=(248, 224)
[INFO] [1789634933.302635437] [vision_manager]: Book detected: xyz=(-0.090, 0.042, 0.400), center=(249, 273)
[INFO] [1789634933.438601825] [vision_manager]: Book detected: xyz=(-0.087, -0.180, 0.400), center=(251, 97)
[INFO] [1789634933.440855198] [vision_manager]: Book detected: xyz=(0.734, 0.005, 0.869), center=(588, 242)
[INFO] [1789634933.442210355] [vision_manager]: Book detected: xyz=(-0.110, -0.096, 0.499), center=(250, 179)
[INFO] [1789634933.443287245] [vision_manager]: Book detected: xyz=(0.619, 0.000, 0.869), center=(546, 240)
[INFO] [1789634933.444329417] [vision_manager]: Book detected: xyz=(-0.091, -0.022, 0.403), center=(248, 223)
[INFO] [1789634933.445422550] [vision_manager]: Book detected: xyz=(-0.090, 0.040, 0.400), center=(249, 272)
[INFO] [1789634933.571030497] [vision_manager]: Book detected: xyz=(-0.086, -0.180, 0.400), center=(252, 97)
[INFO] [1789634933.572062286] [vision_manager]: Book detected: xyz=(-0.110, -0.096, 0.507), center=(251, 180)
[INFO] [1789634933.573163110] [vision_manager]: Book detected: xyz=(0.734, 0.005, 0.869), center=(588, 242)
[INFO] [1789634933.574466071] [vision_manager]: Book detected: xyz=(0.638, 0.000, 0.869), center=(553, 240)
[INFO] [1789634933.575506664] [vision_manager]: Book detected: xyz=(-0.098, -0.021, 0.439), center=(249, 225)
[INFO] [1789634933.576457921] [vision_manager]: Book detected: xyz=(-0.090, 0.037, 0.400), center=(249, 269)
[INFO] [1789634933.716069202] [vision_manager]: Book detected: xyz=(-0.086, -0.180, 0.400), center=(252, 97)
[INFO] [1789634933.717121689] [vision_manager]: Book detected: xyz=(-0.112, -0.096, 0.507), center=(250, 180)
[INFO] [1789634933.718058348] [vision_manager]: Book detected: xyz=(0.734, 0.005, 0.869), center=(588, 242)
[INFO] [1789634933.718991177] [vision_manager]: Book detected: xyz=(0.638, 0.000, 0.869), center=(553, 240)
[INFO] [1789634933.719922364] [vision_manager]: Book detected: xyz=(-0.092, -0.021, 0.411), center=(249, 224)
[INFO] [1789634933.720896341] [vision_manager]: Book detected: xyz=(-0.090, 0.042, 0.400), center=(249, 273)
[INFO] [1789634933.868781420] [vision_manager]: Book detected: xyz=(-0.086, -0.180, 0.400), center=(252, 97)
[INFO] [1789634933.870201173] [vision_manager]: Book detected: xyz=(0.734, 0.005, 0.869), center=(588, 242)
[INFO] [1789634933.871374557] [vision_manager]: Book detected: xyz=(-0.112, -0.096, 0.507), center=(250, 180)
[INFO] [1789634933.872559548] [vision_manager]: Book detected: xyz=(0.641, 0.000, 0.869), center=(554, 240)
[INFO] [1789634933.873701755] [vision_manager]: Book detected: xyz=(-0.093, -0.021, 0.411), center=(248, 224)
[INFO] [1789634933.874855872] [vision_manager]: Book detected: xyz=(-0.091, 0.042, 0.400), center=(248, 273)
[INFO] [1789634934.035587047] [vision_manager]: Book detected: xyz=(-0.087, -0.180, 0.400), center=(251, 97)
[INFO] [1789634934.037306719] [vision_manager]: Book detected: xyz=(-0.112, -0.096, 0.507), center=(250, 180)
[INFO] [1789634934.038925358] [vision_manager]: Book detected: xyz=(0.734, 0.005, 0.869), center=(588, 242)
[INFO] [1789634934.040541944] [vision_manager]: Book detected: xyz=(0.630, 0.000, 0.869), center=(550, 240)
[INFO] [1789634934.041980153] [vision_manager]: Book detected: xyz=(-0.092, -0.021, 0.411), center=(249, 224)
[INFO] [1789634934.043342103] [vision_manager]: Book detected: xyz=(-0.090, 0.042, 0.400), center=(249, 273)
[INFO] [1789634934.181039863] [vision_manager]: Book detected: xyz=(-0.087, -0.180, 0.400), center=(251, 97)
[INFO] [1789634934.182084108] [vision_manager]: Book detected: xyz=(-0.110, -0.096, 0.507), center=(251, 180)
[INFO] [1789634934.183077429] [vision_manager]: Book detected: xyz=(0.734, 0.005, 0.869), center=(588, 242)
[INFO] [1789634934.184126729] [vision_manager]: Book detected: xyz=(0.622, 0.003, 0.869), center=(547, 241)
[INFO] [1789634934.185122732] [vision_manager]: Book detected: xyz=(-0.126, -0.080, 0.563), center=(249, 195)
[INFO] [1789634934.186025993] [vision_manager]: Book detected: xyz=(-0.126, -0.007, 0.563), center=(249, 236)
[INFO] [1789634934.186902985] [vision_manager]: Book detected: xyz=(-0.090, 0.042, 0.400), center=(249, 273)
[INFO] [1789634934.187476144] [vision_manager]: No placeable empty shelf position found
[INFO] [1789634934.337059068] [vision_manager]: Book detected: xyz=(-0.088, -0.180, 0.400), center=(250, 97)
[INFO] [1789634934.338778919] [vision_manager]: Book detected: xyz=(-0.112, -0.096, 0.507), center=(250, 180)
[INFO] [1789634934.340345814] [vision_manager]: Book detected: xyz=(0.734, 0.005, 0.869), center=(588, 242)
[INFO] [1789634934.341975624] [vision_manager]: Book detected: xyz=(0.630, 0.000, 0.869), center=(550, 240)
[INFO] [1789634934.343651148] [vision_manager]: Book detected: xyz=(-0.090, -0.055, 0.402), center=(249, 197)
[INFO] [1789634934.346516922] [vision_manager]: Book detected: xyz=(-0.090, 0.043, 0.400), center=(249, 274)
[INFO] [1789634934.486950118] [vision_manager]: Book detected: xyz=(-0.087, -0.180, 0.400), center=(251, 97)
[INFO] [1789634934.487980273] [vision_manager]: Book detected: xyz=(-0.110, -0.096, 0.507), center=(251, 180)
[INFO] [1789634934.488984223] [vision_manager]: Book detected: xyz=(0.734, 0.005, 0.869), center=(588, 242)
[INFO] [1789634934.489997196] [vision_manager]: Book detected: xyz=(0.647, 0.000, 0.869), center=(556, 240)
[INFO] [1789634934.491010416] [vision_manager]: Book detected: xyz=(-0.098, -0.021, 0.439), center=(249, 225)
[INFO] [1789634934.491967220] [vision_manager]: Book detected: xyz=(-0.090, 0.043, 0.400), center=(249, 274)
[INFO] [1789634934.632498790] [vision_manager]: Book detected: xyz=(-0.087, -0.180, 0.400), center=(251, 97)
[INFO] [1789634934.633532396] [vision_manager]: Book detected: xyz=(-0.110, -0.096, 0.507), center=(251, 180)
[INFO] [1789634934.634534148] [vision_manager]: Book detected: xyz=(0.734, 0.005, 0.869), center=(588, 242)
[INFO] [1789634934.635502677] [vision_manager]: Book detected: xyz=(0.622, 0.000, 0.869), center=(547, 240)
[INFO] [1789634934.636428229] [vision_manager]: Book detected: xyz=(-0.098, -0.021, 0.439), center=(249, 225)
[INFO] [1789634934.637362169] [vision_manager]: Book detected: xyz=(-0.090, 0.042, 0.400), center=(249, 273)
[INFO] [1789634934.793404204] [vision_manager]: Book detected: xyz=(-0.087, -0.180, 0.400), center=(251, 97)
[INFO] [1789634934.795024348] [vision_manager]: Book detected: xyz=(-0.112, -0.096, 0.516), center=(251, 181)
[INFO] [1789634934.796605184] [vision_manager]: Book detected: xyz=(0.734, 0.005, 0.869), center=(588, 242)
[INFO] [1789634934.798019216] [vision_manager]: Book detected: xyz=(0.641, 0.000, 0.869), center=(554, 240)
[INFO] [1789634934.799337877] [vision_manager]: Book detected: xyz=(-0.098, -0.021, 0.439), center=(249, 225)
[INFO] [1789634934.939546869] [vision_manager]: Book detected: xyz=(-0.087, -0.180, 0.400), center=(251, 97)
[INFO] [1789634934.940748953] [vision_manager]: Book detected: xyz=(-0.116, -0.096, 0.525), center=(250, 182)
[INFO] [1789634934.941793335] [vision_manager]: Book detected: xyz=(0.734, 0.005, 0.869), center=(588, 242)
[INFO] [1789634934.942800334] [vision_manager]: Book detected: xyz=(0.630, 0.000, 0.869), center=(550, 240)
[INFO] [1789634934.943859519] [vision_manager]: Book detected: xyz=(-0.098, -0.021, 0.439), center=(249, 225)
[INFO] [1789634934.945111990] [vision_manager]: Book detected: xyz=(-0.091, 0.039, 0.400), center=(248, 271)
[INFO] [1789634935.075550756] [vision_manager]: Book detected: xyz=(-0.087, -0.180, 0.400), center=(251, 97)
[INFO] [1789634935.076620202] [vision_manager]: Book detected: xyz=(-0.114, -0.096, 0.525), center=(251, 182)
[INFO] [1789634935.077621502] [vision_manager]: Book detected: xyz=(0.734, 0.005, 0.869), center=(588, 242)
[INFO] [1789634935.078614900] [vision_manager]: Book detected: xyz=(0.611, 0.003, 0.869), center=(543, 241)
[INFO] [1789634935.079610191] [vision_manager]: Book detected: xyz=(-0.106, -0.021, 0.472), center=(249, 226)
[INFO] [1789634935.080252436] [vision_manager]: No placeable empty shelf position found
[INFO] [1789634935.205780270] [vision_manager]: Book detected: xyz=(-0.087, -0.180, 0.400), center=(251, 97)
[INFO] [1789634935.206877354] [vision_manager]: Book detected: xyz=(0.734, 0.005, 0.869), center=(588, 242)
[INFO] [1789634935.207928854] [vision_manager]: Book detected: xyz=(-0.114, -0.096, 0.516), center=(250, 181)
[INFO] [1789634935.208938624] [vision_manager]: Book detected: xyz=(0.658, 0.000, 0.869), center=(560, 240)
[INFO] [1789634935.209992378] [vision_manager]: Book detected: xyz=(-0.106, -0.021, 0.472), center=(249, 226)
[INFO] [1789634935.211016313] [vision_manager]: Book detected: xyz=(-0.090, 0.042, 0.400), center=(249, 273)
[INFO] [1789634935.211621185] [vision_manager]: No placeable empty shelf position found
[INFO] [1789634935.337541980] [vision_manager]: Book detected: xyz=(-0.087, -0.180, 0.400), center=(251, 97)
[INFO] [1789634935.338587107] [vision_manager]: Book detected: xyz=(-0.114, -0.096, 0.516), center=(250, 181)
[INFO] [1789634935.339579018] [vision_manager]: Book detected: xyz=(0.734, 0.005, 0.869), center=(588, 242)
[INFO] [1789634935.340583924] [vision_manager]: Book detected: xyz=(0.647, 0.000, 0.869), center=(556, 240)
[INFO] [1789634935.341575162] [vision_manager]: Book detected: xyz=(-0.107, -0.021, 0.472), center=(248, 226)
[INFO] [1789634935.342553675] [vision_manager]: Book detected: xyz=(-0.091, 0.042, 0.400), center=(248, 273)
[INFO] [1789634935.343194826] [vision_manager]: No placeable empty shelf position found
[INFO] [1789634935.470358630] [vision_manager]: Book detected: xyz=(-0.087, -0.180, 0.400), center=(251, 97)
[INFO] [1789634935.477698350] [vision_manager]: Book detected: xyz=(-0.114, -0.096, 0.516), center=(250, 181)
[INFO] [1789634935.478668293] [vision_manager]: Book detected: xyz=(0.734, 0.005, 0.869), center=(588, 242)
[INFO] [1789634935.479599079] [vision_manager]: Book detected: xyz=(0.655, 0.000, 0.869), center=(559, 240)
[INFO] [1789634935.480502148] [vision_manager]: Book detected: xyz=(-0.114, -0.021, 0.511), center=(249, 227)
[INFO] [1789634935.481290293] [vision_manager]: Book detected: xyz=(-0.091, 0.040, 0.400), center=(248, 272)
[INFO] [1789634935.481798623] [vision_manager]: No placeable empty shelf position found
[INFO] [1789634935.628845615] [vision_manager]: Book detected: xyz=(-0.088, -0.180, 0.400), center=(250, 97)
[INFO] [1789634935.629802017] [vision_manager]: Book detected: xyz=(-0.114, -0.096, 0.516), center=(250, 181)
[INFO] [1789634935.630740039] [vision_manager]: Book detected: xyz=(0.734, 0.005, 0.869), center=(588, 242)
[INFO] [1789634935.631703795] [vision_manager]: Book detected: xyz=(0.647, 0.000, 0.869), center=(556, 240)
[INFO] [1789634935.632630156] [vision_manager]: Book detected: xyz=(-0.106, -0.021, 0.472), center=(249, 226)
[INFO] [1789634935.633523206] [vision_manager]: Book detected: xyz=(-0.091, 0.039, 0.400), center=(248, 271)
[INFO] [1789634935.634110823] [vision_manager]: No placeable empty shelf position found
[INFO] [1789634935.771248184] [vision_manager]: Book detected: xyz=(-0.087, -0.180, 0.400), center=(251, 97)
[INFO] [1789634935.772436199] [vision_manager]: Book detected: xyz=(-0.116, -0.096, 0.525), center=(250, 182)
[INFO] [1789634935.773457985] [vision_manager]: Book detected: xyz=(0.734, 0.005, 0.869), center=(588, 242)
[INFO] [1789634935.774478375] [vision_manager]: Book detected: xyz=(0.652, 0.000, 0.869), center=(558, 240)
[INFO] [1789634935.775786830] [vision_manager]: Book detected: xyz=(-0.091, -0.021, 0.411), center=(250, 224)
[INFO] [1789634935.776913011] [vision_manager]: Book detected: xyz=(-0.092, 0.033, 0.400), center=(247, 266)
[INFO] [1789634935.929646498] [vision_manager]: Book detected: xyz=(-0.087, -0.180, 0.400), center=(251, 97)
[INFO] [1789634935.930710288] [vision_manager]: Book detected: xyz=(-0.112, -0.096, 0.516), center=(251, 181)
[INFO] [1789634935.931693462] [vision_manager]: Book detected: xyz=(0.734, 0.005, 0.869), center=(588, 242)
[INFO] [1789634935.932704779] [vision_manager]: Book detected: xyz=(0.647, 0.003, 0.869), center=(556, 241)
[INFO] [1789634935.933702074] [vision_manager]: Book detected: xyz=(-0.106, -0.021, 0.472), center=(249, 226)
[INFO] [1789634935.934684601] [vision_manager]: Book detected: xyz=(-0.091, 0.037, 0.400), center=(248, 269)
[INFO] [1789634935.935305002] [vision_manager]: No placeable empty shelf position found
[INFO] [1789634936.106925361] [vision_manager]: Book detected: xyz=(-0.087, -0.180, 0.400), center=(251, 97)
[INFO] [1789634936.108626402] [vision_manager]: Book detected: xyz=(-0.116, -0.096, 0.525), center=(250, 182)
[INFO] [1789634936.110225774] [vision_manager]: Book detected: xyz=(0.734, 0.005, 0.869), center=(588, 242)
[INFO] [1789634936.111672383] [vision_manager]: Book detected: xyz=(0.616, 0.000, 0.869), center=(545, 240)
[INFO] [1789634936.112969957] [vision_manager]: Book detected: xyz=(-0.092, -0.021, 0.411), center=(249, 224)
[INFO] [1789634936.114310395] [vision_manager]: Book detected: xyz=(-0.091, 0.030, 0.400), center=(248, 264)
[INFO] [1789634936.262323916] [vision_manager]: Book detected: xyz=(-0.087, -0.180, 0.400), center=(251, 97)
[INFO] [1789634936.263368791] [vision_manager]: Book detected: xyz=(-0.120, -0.096, 0.544), center=(250, 184)
[INFO] [1789634936.264355102] [vision_manager]: Book detected: xyz=(0.734, 0.005, 0.869), center=(588, 242)
[INFO] [1789634936.265316554] [vision_manager]: Book detected: xyz=(0.619, 0.000, 0.869), center=(546, 240)
[INFO] [1789634936.266267647] [vision_manager]: Book detected: xyz=(-0.092, -0.021, 0.411), center=(249, 224)
[INFO] [1789634936.267219265] [vision_manager]: Book detected: xyz=(-0.092, 0.035, 0.400), center=(247, 268)
[INFO] [1789634936.390702593] [vision_manager]: Book detected: xyz=(-0.087, -0.180, 0.400), center=(251, 97)
[INFO] [1789634936.391767817] [vision_manager]: Book detected: xyz=(-0.114, -0.096, 0.516), center=(250, 181)
[INFO] [1789634936.392761996] [vision_manager]: Book detected: xyz=(0.734, 0.005, 0.869), center=(588, 242)
[INFO] [1789634936.393778713] [vision_manager]: Book detected: xyz=(0.622, 0.000, 0.869), center=(547, 240)
[INFO] [1789634936.394761828] [vision_manager]: Book detected: xyz=(-0.090, -0.022, 0.403), center=(249, 223)
[INFO] [1789634936.395743123] [vision_manager]: Book detected: xyz=(-0.091, 0.035, 0.400), center=(248, 268)
[INFO] [1789634936.532348083] [vision_manager]: Book detected: xyz=(-0.087, -0.180, 0.400), center=(251, 97)
[INFO] [1789634936.533711706] [vision_manager]: Book detected: xyz=(0.734, 0.005, 0.869), center=(588, 242)
[INFO] [1789634936.534943269] [vision_manager]: Book detected: xyz=(-0.120, -0.096, 0.534), center=(249, 183)
[INFO] [1789634936.536090351] [vision_manager]: Book detected: xyz=(0.630, 0.000, 0.869), center=(550, 240)
[INFO] [1789634936.537212100] [vision_manager]: Book detected: xyz=(-0.090, -0.022, 0.403), center=(249, 223)
[INFO] [1789634936.538336056] [vision_manager]: Book detected: xyz=(-0.092, 0.040, 0.400), center=(247, 272)
[INFO] [1789634936.684151722] [vision_manager]: Book detected: xyz=(-0.087, -0.180, 0.400), center=(251, 97)
[INFO] [1789634936.685223642] [vision_manager]: Book detected: xyz=(0.734, 0.005, 0.869), center=(588, 242)
[INFO] [1789634936.686242519] [vision_manager]: Book detected: xyz=(-0.112, -0.096, 0.507), center=(250, 180)
[INFO] [1789634936.687265635] [vision_manager]: Book detected: xyz=(0.641, 0.000, 0.869), center=(554, 240)
[INFO] [1789634936.688267842] [vision_manager]: Book detected: xyz=(-0.090, -0.023, 0.402), center=(249, 222)
[INFO] [1789634936.689527058] [vision_manager]: Book detected: xyz=(-0.092, 0.037, 0.400), center=(247, 269)
[INFO] [1789634936.861644758] [vision_manager]: Book detected: xyz=(-0.087, -0.180, 0.400), center=(251, 97)
[INFO] [1789634936.863064684] [vision_manager]: Book detected: xyz=(-0.112, -0.096, 0.516), center=(251, 181)
[INFO] [1789634936.864425722] [vision_manager]: Book detected: xyz=(0.734, 0.005, 0.869), center=(588, 242)
[INFO] [1789634936.865787689] [vision_manager]: Book detected: xyz=(0.614, 0.000, 0.869), center=(544, 240)
[INFO] [1789634936.867139259] [vision_manager]: Book detected: xyz=(-0.100, -0.021, 0.439), center=(248, 225)
[INFO] [1789634936.868308648] [vision_manager]: Book detected: xyz=(-0.091, 0.040, 0.400), center=(248, 272)
[INFO] [1789634937.038566403] [vision_manager]: Book detected: xyz=(-0.087, -0.180, 0.400), center=(251, 97)
[INFO] [1789634937.040106949] [vision_manager]: Book detected: xyz=(-0.116, -0.096, 0.525), center=(250, 182)
[INFO] [1789634937.041721634] [vision_manager]: Book detected: xyz=(0.734, 0.005, 0.869), center=(588, 242)
[INFO] [1789634937.043189378] [vision_manager]: Book detected: xyz=(0.608, 0.003, 0.869), center=(542, 241)
[INFO] [1789634937.044498120] [vision_manager]: Book detected: xyz=(-0.098, -0.021, 0.439), center=(249, 225)
[INFO] [1789634937.045705143] [vision_manager]: Book detected: xyz=(-0.090, 0.039, 0.400), center=(249, 271)
[INFO] [1789634937.203682196] [vision_manager]: Book detected: xyz=(-0.087, -0.180, 0.400), center=(251, 97)
[INFO] [1789634937.205817467] [vision_manager]: Book detected: xyz=(-0.114, -0.096, 0.516), center=(250, 181)
[INFO] [1789634937.207497902] [vision_manager]: Book detected: xyz=(0.732, 0.005, 0.869), center=(587, 242)
[INFO] [1789634937.209151638] [vision_manager]: Book detected: xyz=(0.606, 0.000, 0.869), center=(541, 240)
[INFO] [1789634937.210576877] [vision_manager]: Book detected: xyz=(-0.106, -0.021, 0.472), center=(249, 226)
[INFO] [1789634937.212520280] [vision_manager]: Book detected: xyz=(-0.090, 0.042, 0.400), center=(249, 273)
[INFO] [1789634937.213627510] [vision_manager]: No placeable empty shelf position found
[INFO] [1789634937.359945103] [vision_manager]: Book detected: xyz=(-0.087, -0.180, 0.400), center=(251, 97)
[INFO] [1789634937.361784043] [vision_manager]: Book detected: xyz=(-0.112, -0.096, 0.516), center=(251, 181)
[INFO] [1789634937.363262630] [vision_manager]: Book detected: xyz=(0.734, 0.005, 0.869), center=(588, 242)
[INFO] [1789634937.364791458] [vision_manager]: Book detected: xyz=(0.630, 0.000, 0.869), center=(550, 240)
[INFO] [1789634937.366362383] [vision_manager]: Book detected: xyz=(-0.098, -0.021, 0.439), center=(249, 225)
[INFO] [1789634937.367747069] [vision_manager]: Book detected: xyz=(-0.090, 0.043, 0.400), center=(249, 274)
[INFO] [1789634937.531204923] [vision_manager]: Book detected: xyz=(-0.087, -0.179, 0.401), center=(251, 98)
[INFO] [1789634937.532254049] [vision_manager]: Book detected: xyz=(-0.114, -0.096, 0.516), center=(250, 181)
[INFO] [1789634937.533267218] [vision_manager]: Book detected: xyz=(0.734, 0.005, 0.869), center=(588, 242)
[INFO] [1789634937.534223176] [vision_manager]: Book detected: xyz=(0.614, 0.000, 0.869), center=(544, 240)
[INFO] [1789634937.535231712] [vision_manager]: Book detected: xyz=(-0.106, -0.021, 0.472), center=(249, 226)
[INFO] [1789634937.536152397] [vision_manager]: Book detected: xyz=(-0.090, 0.043, 0.400), center=(249, 274)
[INFO] [1789634937.536774470] [vision_manager]: No placeable empty shelf position found
[INFO] [1789634937.720388686] [vision_manager]: Book detected: xyz=(-0.086, -0.180, 0.400), center=(252, 97)
[INFO] [1789634937.721438345] [vision_manager]: Book detected: xyz=(-0.114, -0.096, 0.516), center=(250, 181)
[INFO] [1789634937.722436297] [vision_manager]: Book detected: xyz=(0.734, 0.005, 0.869), center=(588, 242)
[INFO] [1789634937.723416427] [vision_manager]: Book detected: xyz=(0.644, 0.000, 0.869), center=(555, 240)
[INFO] [1789634937.724401464] [vision_manager]: Book detected: xyz=(-0.098, -0.021, 0.439), center=(249, 225)
[INFO] [1789634937.725334034] [vision_manager]: Book detected: xyz=(-0.090, 0.042, 0.400), center=(249, 273)
[INFO] [1789634937.875736335] [vision_manager]: Book detected: xyz=(-0.086, -0.180, 0.400), center=(252, 97)
[INFO] [1789634937.876869036] [vision_manager]: Book detected: xyz=(-0.114, -0.096, 0.516), center=(250, 181)
[INFO] [1789634937.877917895] [vision_manager]: Book detected: xyz=(0.734, 0.005, 0.869), center=(588, 242)
[INFO] [1789634937.878961921] [vision_manager]: Book detected: xyz=(0.647, 0.000, 0.869), center=(556, 240)
[INFO] [1789634937.880005836] [vision_manager]: Book detected: xyz=(-0.106, -0.021, 0.472), center=(249, 226)
[INFO] [1789634937.881037853] [vision_manager]: Book detected: xyz=(-0.088, 0.043, 0.400), center=(250, 274)
[INFO] [1789634937.881687912] [vision_manager]: No placeable empty shelf position found
[INFO] [1789634938.089719567] [vision_manager]: Book detected: xyz=(-0.086, -0.180, 0.400), center=(252, 97)
[INFO] [1789634938.090943243] [vision_manager]: Book detected: xyz=(-0.112, -0.096, 0.507), center=(250, 180)
[INFO] [1789634938.092125654] [vision_manager]: Book detected: xyz=(0.734, 0.005, 0.869), center=(588, 242)
[INFO] [1789634938.093282019] [vision_manager]: Book detected: xyz=(0.638, 0.000, 0.869), center=(553, 240)
[INFO] [1789634938.094406121] [vision_manager]: Book detected: xyz=(-0.098, -0.021, 0.439), center=(249, 225)
[INFO] [1789634938.095489023] [vision_manager]: Book detected: xyz=(-0.090, 0.042, 0.400), center=(249, 273)
[INFO] [1789634938.436269091] [vision_manager]: Book detected: xyz=(-0.087, -0.179, 0.401), center=(251, 98)
[INFO] [1789634938.437992447] [vision_manager]: Book detected: xyz=(-0.114, -0.096, 0.516), center=(250, 181)
[INFO] [1789634938.439595425] [vision_manager]: Book detected: xyz=(0.734, 0.005, 0.869), center=(588, 242)
[INFO] [1789634938.441255365] [vision_manager]: Book detected: xyz=(0.619, 0.000, 0.869), center=(546, 240)
[INFO] [1789634938.442827367] [vision_manager]: Book detected: xyz=(-0.098, -0.021, 0.439), center=(249, 225)
[INFO] [1789634938.444178036] [vision_manager]: Book detected: xyz=(-0.090, 0.042, 0.400), center=(249, 273)
[INFO] [1789634938.643588145] [vision_manager]: Book detected: xyz=(-0.086, -0.180, 0.400), center=(252, 97)
[INFO] [1789634938.644657943] [vision_manager]: Book detected: xyz=(-0.110, -0.096, 0.507), center=(251, 180)
[INFO] [1789634938.645685133] [vision_manager]: Book detected: xyz=(0.734, 0.005, 0.869), center=(588, 242)
[INFO] [1789634938.646721117] [vision_manager]: Book detected: xyz=(0.658, 0.000, 0.869), center=(560, 240)
[INFO] [1789634938.647726250] [vision_manager]: Book detected: xyz=(-0.104, -0.021, 0.472), center=(250, 226)
[INFO] [1789634938.648393022] [vision_manager]: No placeable empty shelf position found
[INFO] [1789634938.801025121] [vision_manager]: Book detected: xyz=(-0.086, -0.180, 0.400), center=(252, 97)
[INFO] [1789634938.802234414] [vision_manager]: Book detected: xyz=(-0.112, -0.096, 0.516), center=(251, 181)
[INFO] [1789634938.803265694] [vision_manager]: Book detected: xyz=(0.734, 0.005, 0.869), center=(588, 242)
[INFO] [1789634938.804294706] [vision_manager]: Book detected: xyz=(0.658, 0.000, 0.869), center=(560, 240)
[INFO] [1789634938.805323583] [vision_manager]: Book detected: xyz=(-0.106, -0.021, 0.472), center=(249, 226)
[INFO] [1789634938.805977736] [vision_manager]: No placeable empty shelf position found
[INFO] [1789634938.986718522] [vision_manager]: Book detected: xyz=(-0.085, -0.179, 0.401), center=(253, 98)
[INFO] [1789634938.988114130] [vision_manager]: Book detected: xyz=(-0.112, -0.096, 0.516), center=(251, 181)
[INFO] [1789634938.989433604] [vision_manager]: Book detected: xyz=(0.734, 0.005, 0.869), center=(588, 242)
[INFO] [1789634938.990725849] [vision_manager]: Book detected: xyz=(0.644, 0.000, 0.869), center=(555, 240)
[INFO] [1789634938.991911268] [vision_manager]: Book detected: xyz=(-0.098, -0.021, 0.439), center=(249, 225)
[INFO] [1789634938.993041704] [vision_manager]: Book detected: xyz=(-0.091, 0.039, 0.400), center=(248, 271)
[INFO] [1789634939.149099738] [vision_manager]: Book detected: xyz=(-0.086, -0.179, 0.401), center=(252, 98)
[INFO] [1789634939.150551950] [vision_manager]: Book detected: xyz=(-0.110, -0.096, 0.507), center=(251, 180)
[INFO] [1789634939.152466976] [vision_manager]: Book detected: xyz=(0.734, 0.005, 0.869), center=(588, 242)
[INFO] [1789634939.154021410] [vision_manager]: Book detected: xyz=(0.644, 0.000, 0.869), center=(555, 240)
[INFO] [1789634939.155071717] [vision_manager]: Book detected: xyz=(-0.092, -0.021, 0.411), center=(249, 224)
[INFO] [1789634939.310860075] [vision_manager]: Book detected: xyz=(-0.086, -0.179, 0.401), center=(252, 98)
[INFO] [1789634939.312470933] [vision_manager]: Book detected: xyz=(-0.112, -0.096, 0.507), center=(250, 180)
[INFO] [1789634939.313813613] [vision_manager]: Book detected: xyz=(0.734, 0.005, 0.869), center=(588, 242)
[INFO] [1789634939.315128123] [vision_manager]: Book detected: xyz=(0.663, 0.000, 0.869), center=(562, 240)
[INFO] [1789634939.316467253] [vision_manager]: Book detected: xyz=(-0.106, -0.021, 0.472), center=(249, 226)
[INFO] [1789634939.317794512] [vision_manager]: Book detected: xyz=(-0.091, 0.040, 0.400), center=(248, 272)
[INFO] [1789634939.318616201] [vision_manager]: No placeable empty shelf position found
[INFO] [1789634939.505470930] [vision_manager]: Book detected: xyz=(-0.086, -0.179, 0.401), center=(252, 98)
[INFO] [1789634939.507503149] [vision_manager]: Book detected: xyz=(0.734, 0.005, 0.869), center=(588, 242)
[INFO] [1789634939.509585916] [vision_manager]: Book detected: xyz=(-0.114, -0.096, 0.507), center=(249, 180)
[INFO] [1789634939.511750067] [vision_manager]: Book detected: xyz=(0.669, 0.000, 0.869), center=(564, 240)
[INFO] [1789634939.513715960] [vision_manager]: Book detected: xyz=(-0.100, -0.021, 0.439), center=(248, 225)
[INFO] [1789634939.515358454] [vision_manager]: Book detected: xyz=(-0.092, 0.040, 0.400), center=(247, 272)
[INFO] [1789634939.664908504] [vision_manager]: Book detected: xyz=(-0.086, -0.179, 0.401), center=(252, 98)
[INFO] [1789634939.666273202] [vision_manager]: Book detected: xyz=(0.737, 0.005, 0.869), center=(589, 242)
[INFO] [1789634939.667481944] [vision_manager]: Book detected: xyz=(-0.114, -0.096, 0.507), center=(249, 180)
[INFO] [1789634939.668748263] [vision_manager]: Book detected: xyz=(0.674, 0.000, 0.869), center=(566, 240)
[INFO] [1789634939.669902320] [vision_manager]: Book detected: xyz=(-0.100, -0.021, 0.439), center=(248, 225)
[INFO] [1789634939.671124385] [vision_manager]: Book detected: xyz=(-0.092, 0.037, 0.400), center=(247, 269)
[INFO] [1789634939.851044218] [vision_manager]: Book detected: xyz=(-0.086, -0.179, 0.401), center=(252, 98)
[INFO] [1789634939.854093679] [vision_manager]: Book detected: xyz=(-0.112, -0.096, 0.507), center=(250, 180)
[INFO] [1789634939.856436548] [vision_manager]: Book detected: xyz=(0.734, 0.005, 0.869), center=(588, 242)
[INFO] [1789634939.858563908] [vision_manager]: Book detected: xyz=(0.674, 0.000, 0.869), center=(566, 240)
[INFO] [1789634939.860610100] [vision_manager]: Book detected: xyz=(-0.098, -0.021, 0.439), center=(249, 225)
[INFO] [1789634939.862694328] [vision_manager]: Book detected: xyz=(-0.091, 0.022, 0.402), center=(248, 257)
[INFO] [1789634940.026864297] [vision_manager]: Book detected: xyz=(-0.086, -0.179, 0.401), center=(252, 98)
[INFO] [1789634940.028431540] [vision_manager]: Book detected: xyz=(-0.114, -0.096, 0.516), center=(250, 181)
[INFO] [1789634940.029937008] [vision_manager]: Book detected: xyz=(0.734, 0.005, 0.869), center=(588, 242)
[INFO] [1789634940.031365028] [vision_manager]: Book detected: xyz=(0.677, 0.000, 0.869), center=(567, 240)
[INFO] [1789634940.032845052] [vision_manager]: Book detected: xyz=(-0.107, -0.021, 0.472), center=(248, 226)
[INFO] [1789634940.035010450] [vision_manager]: Book detected: xyz=(-0.092, 0.030, 0.400), center=(247, 264)
[INFO] [1789634940.036029488] [vision_manager]: No placeable empty shelf position found
[INFO] [1789634940.203475379] [vision_manager]: Book detected: xyz=(-0.086, -0.179, 0.401), center=(252, 98)
[INFO] [1789634940.205174714] [vision_manager]: Book detected: xyz=(-0.114, -0.096, 0.516), center=(250, 181)
[INFO] [1789634940.206718028] [vision_manager]: Book detected: xyz=(0.734, 0.005, 0.869), center=(588, 242)
[INFO] [1789634940.208092468] [vision_manager]: Book detected: xyz=(0.655, 0.000, 0.869), center=(559, 240)
[INFO] [1789634940.210365872] [vision_manager]: Book detected: xyz=(-0.107, -0.021, 0.472), center=(248, 226)
[INFO] [1789634940.211893014] [vision_manager]: Book detected: xyz=(-0.091, 0.037, 0.400), center=(248, 269)
[INFO] [1789634940.212785724] [vision_manager]: No placeable empty shelf position found
[INFO] [1789634940.370528649] [vision_manager]: Book detected: xyz=(-0.086, -0.179, 0.401), center=(252, 98)
[INFO] [1789634940.372449262] [vision_manager]: Book detected: xyz=(-0.114, -0.096, 0.516), center=(250, 181)
[INFO] [1789634940.374680192] [vision_manager]: Book detected: xyz=(0.734, 0.005, 0.869), center=(588, 242)
[INFO] [1789634940.376320240] [vision_manager]: Book detected: xyz=(0.638, 0.000, 0.869), center=(553, 240)
[INFO] [1789634940.377625127] [vision_manager]: Book detected: xyz=(-0.100, -0.021, 0.439), center=(248, 225)
[INFO] [1789634940.378741507] [vision_manager]: Book detected: xyz=(-0.091, 0.042, 0.400), center=(248, 273)
[INFO] [1789634940.504378832] [vision_manager]: Book detected: xyz=(-0.086, -0.178, 0.401), center=(252, 99)
[INFO] [1789634940.506125033] [vision_manager]: Book detected: xyz=(0.734, 0.005, 0.869), center=(588, 242)
[INFO] [1789634940.556098770] [vision_manager]: Book detected: xyz=(-0.114, -0.096, 0.516), center=(250, 181)
[INFO] [1789634940.556876604] [vision_manager]: Book detected: xyz=(0.669, 0.000, 0.869), center=(564, 240)
[INFO] [1789634940.557631785] [vision_manager]: Book detected: xyz=(-0.107, -0.021, 0.472), center=(248, 226)
[INFO] [1789634940.558355010] [vision_manager]: Book detected: xyz=(-0.091, 0.042, 0.400), center=(248, 273)
[INFO] [1789634940.558808633] [vision_manager]: No placeable empty shelf position found
[INFO] [1789634940.710783932] [vision_manager]: Book detected: xyz=(-0.086, -0.180, 0.400), center=(252, 97)
[INFO] [1789634940.711961570] [vision_manager]: Book detected: xyz=(-0.114, -0.096, 0.516), center=(250, 181)
[INFO] [1789634940.713006445] [vision_manager]: Book detected: xyz=(0.734, 0.005, 0.869), center=(588, 242)
[INFO] [1789634940.714020595] [vision_manager]: Book detected: xyz=(0.627, 0.003, 0.869), center=(549, 241)
[INFO] [1789634940.715182892] [vision_manager]: Book detected: xyz=(-0.100, -0.021, 0.439), center=(248, 225)
[INFO] [1789634940.716248486] [vision_manager]: Book detected: xyz=(-0.091, 0.038, 0.400), center=(248, 270)
[INFO] [1789634940.882719572] [vision_manager]: Book detected: xyz=(-0.086, -0.179, 0.401), center=(252, 98)
[INFO] [1789634940.883777998] [vision_manager]: Book detected: xyz=(-0.114, -0.096, 0.516), center=(250, 181)
[INFO] [1789634940.885110491] [vision_manager]: Book detected: xyz=(0.734, 0.005, 0.869), center=(588, 242)
[INFO] [1789634940.886358472] [vision_manager]: Book detected: xyz=(0.649, 0.000, 0.869), center=(557, 240)
[INFO] [1789634940.887420370] [vision_manager]: Book detected: xyz=(-0.107, -0.021, 0.472), center=(248, 226)
[INFO] [1789634940.888445977] [vision_manager]: Book detected: xyz=(-0.091, 0.042, 0.400), center=(248, 273)
[INFO] [1789634940.889089051] [vision_manager]: No placeable empty shelf position found
[INFO] [1789634941.080565746] [vision_manager]: Book detected: xyz=(-0.086, -0.178, 0.401), center=(252, 99)
[INFO] [1789634941.081888304] [vision_manager]: Book detected: xyz=(-0.116, -0.096, 0.525), center=(250, 182)
[INFO] [1789634941.083178085] [vision_manager]: Book detected: xyz=(0.734, 0.005, 0.869), center=(588, 242)
[INFO] [1789634941.084443363] [vision_manager]: Book detected: xyz=(0.638, 0.000, 0.869), center=(553, 240)
[INFO] [1789634941.085717055] [vision_manager]: Book detected: xyz=(-0.098, -0.021, 0.439), center=(249, 225)
[INFO] [1789634941.086977841] [vision_manager]: Book detected: xyz=(-0.090, 0.034, 0.400), center=(249, 267)
[INFO] [1789634941.224311979] [vision_manager]: Book detected: xyz=(-0.086, -0.180, 0.400), center=(252, 97)
[INFO] [1789634941.225397963] [vision_manager]: Book detected: xyz=(-0.118, -0.096, 0.544), center=(251, 184)
[INFO] [1789634941.226409337] [vision_manager]: Book detected: xyz=(0.737, 0.005, 0.869), center=(589, 242)
[INFO] [1789634941.227473307] [vision_manager]: Book detected: xyz=(-0.098, -0.021, 0.439), center=(249, 225)
[INFO] [1789634941.363837775] [vision_manager]: Book detected: xyz=(-0.086, -0.179, 0.401), center=(252, 98)
[INFO] [1789634941.364896857] [vision_manager]: Book detected: xyz=(-0.118, -0.096, 0.534), center=(250, 183)
[INFO] [1789634941.365922051] [vision_manager]: Book detected: xyz=(0.734, 0.005, 0.869), center=(588, 242)
[INFO] [1789634941.366935226] [vision_manager]: Book detected: xyz=(0.669, 0.000, 0.869), center=(564, 240)
[INFO] [1789634941.367894723] [vision_manager]: Book detected: xyz=(-0.098, -0.021, 0.439), center=(249, 225)
[INFO] [1789634941.368831091] [vision_manager]: Book detected: xyz=(-0.091, 0.022, 0.402), center=(248, 257)
[INFO] [1789634941.506842326] [vision_manager]: Book detected: xyz=(-0.086, -0.179, 0.401), center=(252, 98)
[INFO] [1789634941.507996238] [vision_manager]: Book detected: xyz=(-0.118, -0.096, 0.534), center=(250, 183)
[INFO] [1789634941.509031410] [vision_manager]: Book detected: xyz=(0.734, 0.005, 0.869), center=(588, 242)
[INFO] [1789634941.510184960] [vision_manager]: Book detected: xyz=(0.655, 0.000, 0.869), center=(559, 240)
[INFO] [1789634941.511345295] [vision_manager]: Book detected: xyz=(-0.098, -0.021, 0.439), center=(249, 225)
[INFO] [1789634941.512582743] [vision_manager]: Book detected: xyz=(-0.091, 0.032, 0.400), center=(248, 265)
[INFO] [1789634941.677023839] [vision_manager]: Book detected: xyz=(-0.086, -0.179, 0.401), center=(252, 98)
[INFO] [1789634941.679033861] [vision_manager]: Book detected: xyz=(-0.115, -0.096, 0.516), center=(249, 181)
[INFO] [1789634941.681213795] [vision_manager]: Book detected: xyz=(0.737, 0.005, 0.869), center=(589, 242)
[INFO] [1789634941.682957488] [vision_manager]: Book detected: xyz=(0.660, 0.000, 0.869), center=(561, 240)
[INFO] [1789634941.684329138] [vision_manager]: Book detected: xyz=(-0.100, -0.021, 0.439), center=(248, 225)
[INFO] [1789634941.813139377] [vision_manager]: Book detected: xyz=(-0.086, -0.179, 0.401), center=(252, 98)
[INFO] [1789634941.814524737] [vision_manager]: Book detected: xyz=(-0.112, -0.096, 0.507), center=(250, 180)
[INFO] [1789634941.815872200] [vision_manager]: Book detected: xyz=(0.734, 0.005, 0.869), center=(588, 242)
[INFO] [1789634941.817714755] [vision_manager]: Book detected: xyz=(0.652, 0.000, 0.869), center=(558, 240)
[INFO] [1789634941.819324519] [vision_manager]: Book detected: xyz=(-0.106, -0.021, 0.472), center=(249, 226)
[INFO] [1789634941.820001678] [vision_manager]: No placeable empty shelf position found
[INFO] [1789634941.985181234] [vision_manager]: Book detected: xyz=(-0.086, -0.178, 0.401), center=(252, 99)
[INFO] [1789634941.986381674] [vision_manager]: Book detected: xyz=(-0.112, -0.096, 0.507), center=(250, 180)
[INFO] [1789634941.987545990] [vision_manager]: Book detected: xyz=(0.734, 0.005, 0.869), center=(588, 242)
[INFO] [1789634941.988671797] [vision_manager]: Book detected: xyz=(0.638, 0.000, 0.869), center=(553, 240)
[INFO] [1789634941.989737615] [vision_manager]: Book detected: xyz=(-0.100, -0.021, 0.439), center=(248, 225)
[INFO] [1789634941.990800113] [vision_manager]: Book detected: xyz=(-0.091, 0.037, 0.400), center=(248, 269)
[INFO] [1789634942.139676634] [vision_manager]: Book detected: xyz=(-0.086, -0.179, 0.401), center=(252, 98)
[INFO] [1789634942.140838815] [vision_manager]: Book detected: xyz=(-0.112, -0.096, 0.507), center=(250, 180)
[INFO] [1789634942.141885111] [vision_manager]: Book detected: xyz=(0.734, 0.005, 0.869), center=(588, 242)
[INFO] [1789634942.142867646] [vision_manager]: Book detected: xyz=(0.633, 0.000, 0.869), center=(551, 240)
[INFO] [1789634942.143866071] [vision_manager]: Book detected: xyz=(-0.098, -0.021, 0.439), center=(249, 225)
[INFO] [1789634942.326561594] [vision_manager]: Book detected: xyz=(-0.086, -0.180, 0.400), center=(252, 97)
[INFO] [1789634942.327632557] [vision_manager]: Book detected: xyz=(-0.114, -0.096, 0.516), center=(250, 181)
[INFO] [1789634942.328643745] [vision_manager]: Book detected: xyz=(0.734, 0.005, 0.869), center=(588, 242)
[INFO] [1789634942.330625706] [vision_manager]: Book detected: xyz=(0.649, 0.000, 0.869), center=(557, 240)
[INFO] [1789634942.331631357] [vision_manager]: Book detected: xyz=(-0.098, -0.021, 0.439), center=(249, 225)
[INFO] [1789634942.481209697] [vision_manager]: Book detected: xyz=(-0.086, -0.180, 0.400), center=(252, 97)
[INFO] [1789634942.482408917] [vision_manager]: Book detected: xyz=(-0.112, -0.096, 0.507), center=(250, 180)
[INFO] [1789634942.483491075] [vision_manager]: Book detected: xyz=(0.734, 0.005, 0.869), center=(588, 242)
[INFO] [1789634942.484460880] [vision_manager]: Book detected: xyz=(0.636, 0.000, 0.869), center=(552, 240)
[INFO] [1789634942.485425265] [vision_manager]: Book detected: xyz=(-0.106, -0.021, 0.472), center=(249, 226)
[INFO] [1789634942.486018336] [vision_manager]: No placeable empty shelf position found
[INFO] [1789634942.630417343] [vision_manager]: Book detected: xyz=(-0.085, -0.179, 0.401), center=(253, 98)
[INFO] [1789634942.631756239] [vision_manager]: Book detected: xyz=(-0.114, -0.096, 0.525), center=(251, 182)
[INFO] [1789634942.633032841] [vision_manager]: Book detected: xyz=(0.734, 0.005, 0.869), center=(588, 242)
[INFO] [1789634942.634294252] [vision_manager]: Book detected: xyz=(0.655, 0.000, 0.869), center=(559, 240)
[INFO] [1789634942.635554594] [vision_manager]: Book detected: xyz=(-0.106, -0.021, 0.472), center=(249, 226)
[INFO] [1789634942.636407059] [vision_manager]: No placeable empty shelf position found
[INFO] [1789634942.786945083] [vision_manager]: Book detected: xyz=(-0.086, -0.179, 0.401), center=(252, 98)
[INFO] [1789634942.788146217] [vision_manager]: Book detected: xyz=(-0.114, -0.096, 0.525), center=(251, 182)
[INFO] [1789634942.789307242] [vision_manager]: Book detected: xyz=(0.734, 0.005, 0.869), center=(588, 242)
[INFO] [1789634942.790306817] [vision_manager]: Book detected: xyz=(0.647, 0.000, 0.869), center=(556, 240)
[INFO] [1789634942.791304376] [vision_manager]: Book detected: xyz=(-0.106, -0.021, 0.472), center=(249, 226)
[INFO] [1789634942.791939654] [vision_manager]: No placeable empty shelf position found
[INFO] [1789634943.074302239] [vision_manager]: Book detected: xyz=(-0.085, -0.179, 0.401), center=(253, 98)
[INFO] [1789634943.077198243] [vision_manager]: Book detected: xyz=(-0.112, -0.096, 0.516), center=(251, 181)
[INFO] [1789634943.079748387] [vision_manager]: Book detected: xyz=(0.734, 0.005, 0.869), center=(588, 242)
[INFO] [1789634943.086553728] [vision_manager]: Book detected: xyz=(0.658, 0.000, 0.869), center=(560, 240)
[INFO] [1789634943.087874370] [vision_manager]: Book detected: xyz=(-0.098, -0.021, 0.439), center=(249, 225)
[INFO] [1789634943.284432499] [vision_manager]: Book detected: xyz=(-0.086, -0.179, 0.401), center=(252, 98)
[INFO] [1789634943.288153466] [vision_manager]: Book detected: xyz=(-0.110, -0.096, 0.499), center=(250, 179)
[INFO] [1789634943.290414370] [vision_manager]: Book detected: xyz=(0.734, 0.005, 0.869), center=(588, 242)
[INFO] [1789634943.292643065] [vision_manager]: Book detected: xyz=(0.644, 0.000, 0.869), center=(555, 240)
[INFO] [1789634943.294044383] [vision_manager]: Book detected: xyz=(-0.106, -0.021, 0.472), center=(249, 226)
[INFO] [1789634943.295221281] [vision_manager]: Book detected: xyz=(-0.091, 0.033, 0.400), center=(248, 266)
[INFO] [1789634943.295951532] [vision_manager]: No placeable empty shelf position found
[INFO] [1789634943.425858749] [vision_manager]: Book detected: xyz=(-0.086, -0.179, 0.401), center=(252, 98)
[INFO] [1789634943.426926008] [vision_manager]: Book detected: xyz=(-0.110, -0.096, 0.507), center=(251, 180)
[INFO] [1789634943.427927983] [vision_manager]: Book detected: xyz=(0.734, 0.005, 0.869), center=(588, 242)
[INFO] [1789634943.428882105] [vision_manager]: Book detected: xyz=(0.636, 0.000, 0.869), center=(552, 240)
[INFO] [1789634943.429822864] [vision_manager]: Book detected: xyz=(-0.106, -0.021, 0.472), center=(249, 226)
[INFO] [1789634943.430450432] [vision_manager]: No placeable empty shelf position found
[INFO] [1789634943.592284898] [vision_manager]: Book detected: xyz=(-0.086, -0.180, 0.400), center=(252, 97)
[INFO] [1789634943.593656884] [vision_manager]: Book detected: xyz=(-0.110, -0.096, 0.507), center=(251, 180)
[INFO] [1789634943.594996320] [vision_manager]: Book detected: xyz=(0.737, 0.005, 0.869), center=(589, 242)
[INFO] [1789634943.596262776] [vision_manager]: Book detected: xyz=(0.649, 0.000, 0.869), center=(557, 240)
[INFO] [1789634943.597529756] [vision_manager]: Book detected: xyz=(-0.106, -0.021, 0.472), center=(249, 226)
[INFO] [1789634943.598853954] [vision_manager]: Book detected: xyz=(-0.091, 0.035, 0.400), center=(248, 268)
[INFO] [1789634943.599687619] [vision_manager]: No placeable empty shelf position found
[INFO] [1789634943.727059249] [vision_manager]: Book detected: xyz=(-0.085, -0.179, 0.401), center=(253, 98)
[INFO] [1789634943.728068598] [vision_manager]: Book detected: xyz=(-0.112, -0.096, 0.507), center=(250, 180)
[INFO] [1789634943.729016941] [vision_manager]: Book detected: xyz=(0.737, 0.005, 0.869), center=(589, 242)
[INFO] [1789634943.729968611] [vision_manager]: Book detected: xyz=(0.658, 0.000, 0.869), center=(560, 240)
[INFO] [1789634943.730913895] [vision_manager]: Book detected: xyz=(-0.106, -0.021, 0.472), center=(249, 226)
[INFO] [1789634943.731856726] [vision_manager]: Book detected: xyz=(-0.091, 0.033, 0.400), center=(248, 266)
[INFO] [1789634943.732500572] [vision_manager]: No placeable empty shelf position found
[INFO] [1789634943.875009511] [vision_manager]: Book detected: xyz=(-0.086, -0.179, 0.401), center=(252, 98)
[INFO] [1789634943.876042015] [vision_manager]: Book detected: xyz=(-0.114, -0.096, 0.516), center=(250, 181)
[INFO] [1789634943.877172034] [vision_manager]: Book detected: xyz=(0.734, 0.005, 0.869), center=(588, 242)
[INFO] [1789634943.878387383] [vision_manager]: Book detected: xyz=(0.644, 0.000, 0.869), center=(555, 240)
[INFO] [1789634943.879603741] [vision_manager]: Book detected: xyz=(-0.116, -0.021, 0.511), center=(248, 227)
[INFO] [1789634943.880631859] [vision_manager]: Book detected: xyz=(-0.091, 0.034, 0.400), center=(248, 267)
[INFO] [1789634943.881266679] [vision_manager]: No placeable empty shelf position found
[INFO] [1789634944.038023802] [vision_manager]: Book detected: xyz=(-0.085, -0.179, 0.401), center=(253, 98)
[INFO] [1789634944.040023591] [vision_manager]: Book detected: xyz=(-0.110, -0.096, 0.507), center=(251, 180)
[INFO] [1789634944.041853189] [vision_manager]: Book detected: xyz=(0.734, 0.005, 0.869), center=(588, 242)
[INFO] [1789634944.043667975] [vision_manager]: Book detected: xyz=(0.636, 0.000, 0.869), center=(552, 240)
[INFO] [1789634944.045524241] [vision_manager]: Book detected: xyz=(-0.114, -0.021, 0.511), center=(249, 227)
[INFO] [1789634944.047926976] [vision_manager]: Book detected: xyz=(-0.090, 0.037, 0.400), center=(249, 269)
[INFO] [1789634944.049160931] [vision_manager]: No placeable empty shelf position found
[INFO] [1789634944.236444896] [vision_manager]: Book detected: xyz=(-0.085, -0.179, 0.401), center=(253, 98)
[INFO] [1789634944.238146522] [vision_manager]: Book detected: xyz=(-0.112, -0.096, 0.507), center=(250, 180)
[INFO] [1789634944.239517333] [vision_manager]: Book detected: xyz=(0.734, 0.005, 0.869), center=(588, 242)
[INFO] [1789634944.240791156] [vision_manager]: Book detected: xyz=(0.647, 0.000, 0.869), center=(556, 240)
[INFO] [1789634944.242219064] [vision_manager]: Book detected: xyz=(-0.116, -0.021, 0.511), center=(248, 227)
[INFO] [1789634944.243552499] [vision_manager]: Book detected: xyz=(-0.091, 0.040, 0.400), center=(248, 272)
[INFO] [1789634944.244399151] [vision_manager]: No placeable empty shelf position found
[INFO] [1789634944.390591448] [vision_manager]: Book detected: xyz=(-0.086, -0.179, 0.401), center=(252, 98)
[INFO] [1789634944.391706889] [vision_manager]: Book detected: xyz=(-0.112, -0.096, 0.507), center=(250, 180)
[INFO] [1789634944.392712218] [vision_manager]: Book detected: xyz=(0.734, 0.005, 0.869), center=(588, 242)
[INFO] [1789634944.393697842] [vision_manager]: Book detected: xyz=(0.655, 0.000, 0.869), center=(559, 240)
[INFO] [1789634944.394679765] [vision_manager]: Book detected: xyz=(-0.116, -0.021, 0.511), center=(248, 227)
[INFO] [1789634944.395694747] [vision_manager]: Book detected: xyz=(-0.091, 0.039, 0.400), center=(248, 271)
[INFO] [1789634944.396338270] [vision_manager]: No placeable empty shelf position found
[INFO] [1789634944.565644525] [vision_manager]: Book detected: xyz=(-0.086, -0.179, 0.401), center=(252, 98)
[INFO] [1789634944.567872878] [vision_manager]: Book detected: xyz=(-0.112, -0.096, 0.507), center=(250, 180)
[INFO] [1789634944.570846315] [vision_manager]: Book detected: xyz=(0.734, 0.005, 0.869), center=(588, 242)
[INFO] [1789634944.572569281] [vision_manager]: Book detected: xyz=(0.644, 0.000, 0.869), center=(555, 240)
[INFO] [1789634944.573996793] [vision_manager]: Book detected: xyz=(-0.116, -0.021, 0.511), center=(248, 227)
[INFO] [1789634944.575394724] [vision_manager]: Book detected: xyz=(-0.091, 0.040, 0.400), center=(248, 272)
[INFO] [1789634944.576216751] [vision_manager]: No placeable empty shelf position found
[INFO] [1789634944.756339657] [vision_manager]: Book detected: xyz=(-0.086, -0.179, 0.401), center=(252, 98)
[INFO] [1789634944.757663260] [vision_manager]: Book detected: xyz=(-0.114, -0.096, 0.516), center=(250, 181)
[INFO] [1789634944.758986794] [vision_manager]: Book detected: xyz=(0.734, 0.005, 0.869), center=(588, 242)
[INFO] [1789634944.760262367] [vision_manager]: Book detected: xyz=(0.669, 0.000, 0.869), center=(564, 240)
[INFO] [1789634944.761534512] [vision_manager]: Book detected: xyz=(-0.098, -0.021, 0.439), center=(249, 225)
[INFO] [1789634944.762721906] [vision_manager]: Book detected: xyz=(-0.092, 0.033, 0.400), center=(247, 266)
[INFO] [1789634944.948012638] [vision_manager]: Book detected: xyz=(-0.086, -0.180, 0.400), center=(252, 97)
[INFO] [1789634944.950389034] [vision_manager]: Book detected: xyz=(-0.114, -0.096, 0.507), center=(249, 180)
[INFO] [1789634944.952511159] [vision_manager]: Book detected: xyz=(0.734, 0.005, 0.869), center=(588, 242)
[INFO] [1789634944.955170759] [vision_manager]: Book detected: xyz=(0.658, 0.000, 0.869), center=(560, 240)
[INFO] [1789634944.958081641] [vision_manager]: Book detected: xyz=(-0.091, -0.022, 0.403), center=(248, 223)
[INFO] [1789634944.960030472] [vision_manager]: Book detected: xyz=(-0.093, 0.039, 0.400), center=(246, 271)
[INFO] [1789634945.135740184] [vision_manager]: Book detected: xyz=(-0.086, -0.180, 0.400), center=(252, 97)
[INFO] [1789634945.137190347] [vision_manager]: Book detected: xyz=(-0.112, -0.096, 0.507), center=(250, 180)
[INFO] [1789634945.138505203] [vision_manager]: Book detected: xyz=(0.734, 0.005, 0.869), center=(588, 242)
[INFO] [1789634945.139824174] [vision_manager]: Book detected: xyz=(0.660, 0.000, 0.869), center=(561, 240)
[INFO] [1789634945.141103017] [vision_manager]: Book detected: xyz=(-0.090, -0.022, 0.403), center=(249, 223)
[INFO] [1789634945.142371443] [vision_manager]: Book detected: xyz=(-0.093, 0.038, 0.400), center=(246, 270)
[INFO] [1789634945.300385554] [vision_manager]: Book detected: xyz=(-0.086, -0.179, 0.401), center=(252, 98)
[INFO] [1789634945.302587143] [vision_manager]: Book detected: xyz=(-0.112, -0.096, 0.499), center=(249, 179)
[INFO] [1789634945.305313737] [vision_manager]: Book detected: xyz=(0.734, 0.005, 0.869), center=(588, 242)
[INFO] [1789634945.307392429] [vision_manager]: Book detected: xyz=(0.652, 0.000, 0.869), center=(558, 240)
[INFO] [1789634945.309552811] [vision_manager]: Book detected: xyz=(-0.100, -0.021, 0.439), center=(248, 225)
[INFO] [1789634945.311497399] [vision_manager]: Book detected: xyz=(-0.092, 0.035, 0.400), center=(247, 268)
[INFO] [1789634945.485727475] [vision_manager]: Book detected: xyz=(-0.086, -0.179, 0.401), center=(252, 98)
[INFO] [1789634945.487766435] [vision_manager]: Book detected: xyz=(-0.112, -0.096, 0.507), center=(250, 180)
[INFO] [1789634945.490127922] [vision_manager]: Book detected: xyz=(0.734, 0.005, 0.869), center=(588, 242)
[INFO] [1789634945.492150391] [vision_manager]: Book detected: xyz=(0.649, 0.000, 0.869), center=(557, 240)
[INFO] [1789634945.494145981] [vision_manager]: Book detected: xyz=(-0.100, -0.021, 0.439), center=(248, 225)
[INFO] [1789634945.496094310] [vision_manager]: Book detected: xyz=(-0.092, 0.035, 0.400), center=(247, 268)
[INFO] [1789634945.676766260] [vision_manager]: Book detected: xyz=(-0.086, -0.179, 0.401), center=(252, 98)
[INFO] [1789634945.678308593] [vision_manager]: Book detected: xyz=(-0.112, -0.096, 0.507), center=(250, 180)
[INFO] [1789634945.684241538] [vision_manager]: Book detected: xyz=(0.734, 0.005, 0.869), center=(588, 242)
[INFO] [1789634945.685388428] [vision_manager]: Book detected: xyz=(0.647, 0.000, 0.869), center=(556, 240)
[INFO] [1789634945.686762490] [vision_manager]: Book detected: xyz=(-0.100, -0.021, 0.439), center=(248, 225)
[INFO] [1789634945.687799270] [vision_manager]: Book detected: xyz=(-0.091, 0.042, 0.400), center=(248, 273)
[INFO] [1789634945.868113199] [vision_manager]: Book detected: xyz=(-0.086, -0.180, 0.400), center=(252, 97)
[INFO] [1789634945.870713581] [vision_manager]: Book detected: xyz=(-0.112, -0.096, 0.507), center=(250, 180)
[INFO] [1789634945.872734155] [vision_manager]: Book detected: xyz=(0.734, 0.005, 0.869), center=(588, 242)
[INFO] [1789634945.874722974] [vision_manager]: Book detected: xyz=(0.630, 0.000, 0.869), center=(550, 240)
[INFO] [1789634945.876824426] [vision_manager]: Book detected: xyz=(-0.100, -0.021, 0.439), center=(248, 225)
[INFO] [1789634945.878793739] [vision_manager]: Book detected: xyz=(-0.092, 0.039, 0.400), center=(247, 271)
[INFO] [1789634946.024528235] [vision_manager]: Book detected: xyz=(-0.086, -0.180, 0.400), center=(252, 97)
[INFO] [1789634946.025913085] [vision_manager]: Book detected: xyz=(-0.112, -0.096, 0.516), center=(251, 181)
[INFO] [1789634946.027128193] [vision_manager]: Book detected: xyz=(0.734, 0.005, 0.869), center=(588, 242)
[INFO] [1789634946.028292587] [vision_manager]: Book detected: xyz=(0.636, 0.000, 0.869), center=(552, 240)
[INFO] [1789634946.029484653] [vision_manager]: Book detected: xyz=(-0.106, -0.021, 0.472), center=(249, 226)
[INFO] [1789634946.030696353] [vision_manager]: Book detected: xyz=(-0.091, 0.042, 0.400), center=(248, 273)
[INFO] [1789634946.031447151] [vision_manager]: No placeable empty shelf position found
[INFO] [1789634946.199618692] [vision_manager]: Book detected: xyz=(-0.086, -0.180, 0.400), center=(252, 97)
[INFO] [1789634946.200636327] [vision_manager]: Book detected: xyz=(-0.110, -0.096, 0.507), center=(251, 180)
[INFO] [1789634946.201833673] [vision_manager]: Book detected: xyz=(0.734, 0.005, 0.869), center=(588, 242)
[INFO] [1789634946.204955401] [vision_manager]: Book detected: xyz=(0.641, 0.000, 0.869), center=(554, 240)
[INFO] [1789634946.206903915] [vision_manager]: Book detected: xyz=(-0.089, -0.027, 0.401), center=(250, 219)
[INFO] [1789634946.208281777] [vision_manager]: Book detected: xyz=(-0.091, 0.042, 0.400), center=(248, 273)
[INFO] [1789634946.372656170] [vision_manager]: Book detected: xyz=(-0.086, -0.180, 0.400), center=(252, 97)
[INFO] [1789634946.373898710] [vision_manager]: Book detected: xyz=(-0.112, -0.096, 0.516), center=(251, 181)
[INFO] [1789634946.375118735] [vision_manager]: Book detected: xyz=(0.734, 0.005, 0.869), center=(588, 242)
[INFO] [1789634946.376373190] [vision_manager]: Book detected: xyz=(0.638, 0.000, 0.869), center=(553, 240)
[INFO] [1789634946.377581792] [vision_manager]: Book detected: xyz=(-0.098, -0.021, 0.439), center=(249, 225)
[INFO] [1789634946.378823333] [vision_manager]: Book detected: xyz=(-0.090, 0.043, 0.400), center=(249, 274)
[INFO] [1789634946.538169262] [vision_manager]: Book detected: xyz=(-0.086, -0.180, 0.400), center=(252, 97)
[INFO] [1789634946.539414857] [vision_manager]: Book detected: xyz=(-0.112, -0.096, 0.516), center=(251, 181)
[INFO] [1789634946.540646409] [vision_manager]: Book detected: xyz=(0.734, 0.005, 0.869), center=(588, 242)
[INFO] [1789634946.541875597] [vision_manager]: Book detected: xyz=(0.625, 0.000, 0.869), center=(548, 240)
[INFO] [1789634946.543066770] [vision_manager]: Book detected: xyz=(-0.098, -0.021, 0.439), center=(249, 225)
[INFO] [1789634946.544183355] [vision_manager]: Book detected: xyz=(-0.090, 0.039, 0.400), center=(249, 271)
[INFO] [1789634946.706728694] [vision_manager]: Book detected: xyz=(-0.085, -0.179, 0.401), center=(253, 98)
[INFO] [1789634946.708265143] [vision_manager]: Book detected: xyz=(-0.112, -0.096, 0.516), center=(251, 181)
[INFO] [1789634946.709725740] [vision_manager]: Book detected: xyz=(0.734, 0.005, 0.869), center=(588, 242)
[INFO] [1789634946.711333681] [vision_manager]: Book detected: xyz=(0.627, 0.000, 0.869), center=(549, 240)
[INFO] [1789634946.712835975] [vision_manager]: Book detected: xyz=(-0.093, -0.021, 0.411), center=(248, 224)
[INFO] [1789634946.714228405] [vision_manager]: Book detected: xyz=(-0.091, 0.028, 0.401), center=(248, 262)
[INFO] [1789634946.861373760] [vision_manager]: Book detected: xyz=(-0.085, -0.180, 0.400), center=(253, 97)
[INFO] [1789634946.862477112] [vision_manager]: Book detected: xyz=(-0.112, -0.096, 0.516), center=(251, 181)
[INFO] [1789634946.863478975] [vision_manager]: Book detected: xyz=(0.734, 0.005, 0.869), center=(588, 242)
[INFO] [1789634946.864463031] [vision_manager]: Book detected: xyz=(0.627, 0.000, 0.869), center=(549, 240)
[INFO] [1789634946.865465981] [vision_manager]: Book detected: xyz=(-0.089, -0.025, 0.401), center=(250, 220)
[INFO] [1789634946.866497932] [vision_manager]: Book detected: xyz=(-0.091, 0.029, 0.400), center=(248, 263)
[INFO] [1789634947.018329397] [vision_manager]: Book detected: xyz=(-0.085, -0.179, 0.401), center=(253, 98)
[INFO] [1789634947.020565645] [vision_manager]: Book detected: xyz=(-0.114, -0.096, 0.525), center=(251, 182)
[INFO] [1789634947.022526893] [vision_manager]: Book detected: xyz=(0.734, 0.005, 0.869), center=(588, 242)
[INFO] [1789634947.024503931] [vision_manager]: Book detected: xyz=(0.636, 0.000, 0.869), center=(552, 240)
[INFO] [1789634947.026573494] [vision_manager]: Book detected: xyz=(-0.089, -0.024, 0.402), center=(250, 221)
[INFO] [1789634947.190855612] [vision_manager]: Book detected: xyz=(-0.085, -0.179, 0.401), center=(253, 98)
[INFO] [1789634947.192499681] [vision_manager]: Book detected: xyz=(-0.110, -0.096, 0.507), center=(251, 180)
[INFO] [1789634947.194059584] [vision_manager]: Book detected: xyz=(0.734, 0.005, 0.869), center=(588, 242)
[INFO] [1789634947.195617030] [vision_manager]: Book detected: xyz=(0.625, 0.000, 0.869), center=(548, 240)
[INFO] [1789634947.197194704] [vision_manager]: Book detected: xyz=(-0.089, -0.022, 0.403), center=(250, 223)
[INFO] [1789634947.199240192] [vision_manager]: Book detected: xyz=(-0.090, 0.029, 0.400), center=(249, 263)
[INFO] [1789634947.369222070] [vision_manager]: Book detected: xyz=(-0.086, -0.179, 0.401), center=(252, 98)
[INFO] [1789634947.370435124] [vision_manager]: Book detected: xyz=(-0.108, -0.096, 0.499), center=(251, 179)
[INFO] [1789634947.371501088] [vision_manager]: Book detected: xyz=(0.734, 0.005, 0.869), center=(588, 242)
[INFO] [1789634947.372537613] [vision_manager]: Book detected: xyz=(0.608, 0.003, 0.869), center=(542, 241)
[INFO] [1789634947.373580222] [vision_manager]: Book detected: xyz=(-0.098, -0.021, 0.439), center=(249, 225)
[INFO] [1789634947.374628542] [vision_manager]: Book detected: xyz=(-0.090, 0.039, 0.400), center=(249, 271)
[INFO] [1789634947.507282658] [vision_manager]: Book detected: xyz=(-0.086, -0.179, 0.401), center=(252, 98)
[INFO] [1789634947.508749329] [vision_manager]: Book detected: xyz=(-0.110, -0.096, 0.507), center=(251, 180)
[INFO] [1789634947.509841161] [vision_manager]: Book detected: xyz=(0.734, 0.005, 0.869), center=(588, 242)
[INFO] [1789634947.510871956] [vision_manager]: Book detected: xyz=(0.625, 0.000, 0.869), center=(548, 240)
[INFO] [1789634947.511878011] [vision_manager]: Book detected: xyz=(-0.098, -0.021, 0.439), center=(249, 225)
[INFO] [1789634947.514101311] [vision_manager]: Book detected: xyz=(-0.091, 0.040, 0.400), center=(248, 272)
[INFO] [1789634947.847658691] [vision_manager]: Book detected: xyz=(-0.086, -0.180, 0.400), center=(252, 97)
[INFO] [1789634947.850254775] [vision_manager]: Book detected: xyz=(-0.112, -0.096, 0.507), center=(250, 180)
[INFO] [1789634947.852803516] [vision_manager]: Book detected: xyz=(0.734, 0.005, 0.869), center=(588, 242)
[INFO] [1789634947.854122046] [vision_manager]: Book detected: xyz=(0.644, 0.000, 0.869), center=(555, 240)
[INFO] [1789634947.855352647] [vision_manager]: Book detected: xyz=(-0.100, -0.021, 0.439), center=(248, 225)
[INFO] [1789634947.856579822] [vision_manager]: Book detected: xyz=(-0.091, 0.039, 0.400), center=(248, 271)
[INFO] [1789634948.100813446] [vision_manager]: Book detected: xyz=(-0.086, -0.180, 0.400), center=(252, 97)
[INFO] [1789634948.102348419] [vision_manager]: Book detected: xyz=(-0.110, -0.096, 0.507), center=(251, 180)
[INFO] [1789634948.103613485] [vision_manager]: Book detected: xyz=(0.734, 0.005, 0.869), center=(588, 242)
[INFO] [1789634948.104861829] [vision_manager]: Book detected: xyz=(0.633, 0.000, 0.869), center=(551, 240)
[INFO] [1789634948.106155677] [vision_manager]: Book detected: xyz=(-0.107, -0.021, 0.472), center=(248, 226)
[INFO] [1789634948.107805905] [vision_manager]: Book detected: xyz=(-0.090, 0.039, 0.400), center=(249, 271)
[INFO] [1789634948.108634218] [vision_manager]: No placeable empty shelf position found
[INFO] [1789634948.270914263] [vision_manager]: Book detected: xyz=(-0.085, -0.180, 0.400), center=(253, 97)
[INFO] [1789634948.272957854] [vision_manager]: Book detected: xyz=(-0.112, -0.096, 0.516), center=(251, 181)
[INFO] [1789634948.274907204] [vision_manager]: Book detected: xyz=(0.734, 0.005, 0.869), center=(588, 242)
[INFO] [1789634948.277463623] [vision_manager]: Book detected: xyz=(0.630, 0.000, 0.869), center=(550, 240)
[INFO] [1789634948.279490973] [vision_manager]: Book detected: xyz=(-0.106, -0.021, 0.472), center=(249, 226)
[INFO] [1789634948.281119104] [vision_manager]: Book detected: xyz=(-0.091, 0.038, 0.400), center=(248, 270)
[INFO] [1789634948.282152195] [vision_manager]: No placeable empty shelf position found
[INFO] [1789634948.469227732] [vision_manager]: Book detected: xyz=(-0.085, -0.180, 0.400), center=(253, 97)
[INFO] [1789634948.470506613] [vision_manager]: Book detected: xyz=(-0.111, -0.096, 0.516), center=(252, 181)
[INFO] [1789634948.471710327] [vision_manager]: Book detected: xyz=(0.734, 0.005, 0.869), center=(588, 242)
[INFO] [1789634948.473088208] [vision_manager]: Book detected: xyz=(0.625, 0.000, 0.869), center=(548, 240)
[INFO] [1789634948.474396998] [vision_manager]: Book detected: xyz=(-0.106, -0.021, 0.472), center=(249, 226)
[INFO] [1789634948.475811549] [vision_manager]: Book detected: xyz=(-0.090, 0.035, 0.400), center=(249, 268)
[INFO] [1789634948.476786623] [vision_manager]: No placeable empty shelf position found
[INFO] [1789634948.629753506] [vision_manager]: Book detected: xyz=(-0.085, -0.180, 0.400), center=(253, 97)
[INFO] [1789634948.631027951] [vision_manager]: Book detected: xyz=(-0.114, -0.096, 0.525), center=(251, 182)
[INFO] [1789634948.632195890] [vision_manager]: Book detected: xyz=(0.734, 0.005, 0.869), center=(588, 242)
[INFO] [1789634948.633319943] [vision_manager]: Book detected: xyz=(0.622, 0.000, 0.869), center=(547, 240)
[INFO] [1789634948.634442155] [vision_manager]: Book detected: xyz=(-0.098, -0.021, 0.439), center=(249, 225)
[INFO] [1789634948.635564297] [vision_manager]: Book detected: xyz=(-0.090, 0.034, 0.400), center=(249, 267)
[INFO] [1789634948.766181126] [vision_manager]: Book detected: xyz=(-0.085, -0.180, 0.400), center=(253, 97)
[INFO] [1789634948.768774484] [vision_manager]: Book detected: xyz=(-0.114, -0.096, 0.525), center=(251, 182)
[INFO] [1789634948.769945924] [vision_manager]: Book detected: xyz=(0.734, 0.005, 0.869), center=(588, 242)
[INFO] [1789634948.771004455] [vision_manager]: Book detected: xyz=(0.641, 0.000, 0.869), center=(554, 240)
[INFO] [1789634948.772410676] [vision_manager]: Book detected: xyz=(-0.098, -0.021, 0.439), center=(249, 225)
[INFO] [1789634948.773559668] [vision_manager]: Book detected: xyz=(-0.090, 0.030, 0.400), center=(249, 264)
[INFO] [1789634948.929202833] [vision_manager]: Book detected: xyz=(-0.085, -0.180, 0.400), center=(253, 97)
[INFO] [1789634948.930257875] [vision_manager]: Book detected: xyz=(-0.112, -0.096, 0.516), center=(251, 181)
[INFO] [1789634948.931242211] [vision_manager]: Book detected: xyz=(0.734, 0.005, 0.869), center=(588, 242)
[INFO] [1789634948.932212814] [vision_manager]: Book detected: xyz=(0.663, 0.000, 0.869), center=(562, 240)
[INFO] [1789634948.933165756] [vision_manager]: Book detected: xyz=(-0.106, -0.021, 0.472), center=(249, 226)
[INFO] [1789634948.934095367] [vision_manager]: Book detected: xyz=(-0.090, 0.035, 0.400), center=(249, 268)
[INFO] [1789634948.934689654] [vision_manager]: No placeable empty shelf position found
[INFO] [1789634949.104012040] [vision_manager]: Book detected: xyz=(-0.085, -0.180, 0.400), center=(253, 97)
[INFO] [1789634949.105965267] [vision_manager]: Book detected: xyz=(-0.112, -0.096, 0.516), center=(251, 181)
[INFO] [1789634949.108253903] [vision_manager]: Book detected: xyz=(0.734, 0.005, 0.869), center=(588, 242)
[INFO] [1789634949.109828473] [vision_manager]: Book detected: xyz=(0.649, 0.000, 0.869), center=(557, 240)
[INFO] [1789634949.111527519] [vision_manager]: Book detected: xyz=(-0.100, -0.021, 0.439), center=(248, 225)
[INFO] [1789634949.112948981] [vision_manager]: Book detected: xyz=(-0.091, 0.032, 0.400), center=(248, 265)
[INFO] [1789634949.256365300] [vision_manager]: Book detected: xyz=(-0.085, -0.180, 0.400), center=(253, 97)
[INFO] [1789634949.257788694] [vision_manager]: Book detected: xyz=(-0.112, -0.096, 0.516), center=(251, 181)
[INFO] [1789634949.259085285] [vision_manager]: Book detected: xyz=(0.734, 0.005, 0.869), center=(588, 242)
[INFO] [1789634949.260420968] [vision_manager]: Book detected: xyz=(0.666, 0.000, 0.869), center=(563, 240)
[INFO] [1789634949.261679901] [vision_manager]: Book detected: xyz=(-0.092, -0.021, 0.411), center=(249, 224)
[INFO] [1789634949.418905573] [vision_manager]: Book detected: xyz=(-0.086, -0.180, 0.400), center=(252, 97)
[INFO] [1789634949.419921114] [vision_manager]: Book detected: xyz=(-0.114, -0.096, 0.516), center=(250, 181)
[INFO] [1789634949.420896659] [vision_manager]: Book detected: xyz=(0.734, 0.005, 0.869), center=(588, 242)
[INFO] [1789634949.421880600] [vision_manager]: Book detected: xyz=(0.658, 0.000, 0.869), center=(560, 240)
[INFO] [1789634949.422885578] [vision_manager]: Book detected: xyz=(-0.089, -0.027, 0.401), center=(250, 219)
[INFO] [1789634949.423797899] [vision_manager]: Book detected: xyz=(-0.090, 0.039, 0.400), center=(249, 271)
[INFO] [1789634949.580287903] [vision_manager]: Book detected: xyz=(-0.086, -0.180, 0.400), center=(252, 97)
[INFO] [1789634949.581773795] [vision_manager]: Book detected: xyz=(-0.114, -0.096, 0.516), center=(250, 181)
[INFO] [1789634949.583497475] [vision_manager]: Book detected: xyz=(0.734, 0.005, 0.869), center=(588, 242)
[INFO] [1789634949.586296489] [vision_manager]: Book detected: xyz=(0.652, 0.000, 0.869), center=(558, 240)
[INFO] [1789634949.588257065] [vision_manager]: Book detected: xyz=(-0.093, -0.021, 0.411), center=(248, 224)
[INFO] [1789634949.589616537] [vision_manager]: Book detected: xyz=(-0.091, 0.020, 0.402), center=(248, 256)
[INFO] [1789634949.755281672] [vision_manager]: Book detected: xyz=(-0.086, -0.180, 0.400), center=(252, 97)
[INFO] [1789634949.756936366] [vision_manager]: Book detected: xyz=(-0.114, -0.096, 0.516), center=(250, 181)
[INFO] [1789634949.758584572] [vision_manager]: Book detected: xyz=(0.734, 0.005, 0.869), center=(588, 242)
[INFO] [1789634949.764233192] [vision_manager]: Book detected: xyz=(0.638, 0.000, 0.869), center=(553, 240)
[INFO] [1789634949.765943420] [vision_manager]: Book detected: xyz=(-0.091, -0.022, 0.403), center=(248, 223)
[INFO] [1789634949.767106316] [vision_manager]: Book detected: xyz=(-0.091, 0.028, 0.401), center=(248, 262)
[INFO] [1789634949.902175825] [vision_manager]: Book detected: xyz=(-0.086, -0.180, 0.400), center=(252, 97)
[INFO] [1789634949.903377114] [vision_manager]: Book detected: xyz=(0.734, 0.005, 0.869), center=(588, 242)
[INFO] [1789634949.904518948] [vision_manager]: Book detected: xyz=(-0.114, -0.096, 0.516), center=(250, 181)
[INFO] [1789634949.905649813] [vision_manager]: Book detected: xyz=(0.649, 0.000, 0.869), center=(557, 240)
[INFO] [1789634949.906749328] [vision_manager]: Book detected: xyz=(-0.090, -0.022, 0.403), center=(249, 223)
[INFO] [1789634949.907835771] [vision_manager]: Book detected: xyz=(-0.091, 0.037, 0.400), center=(248, 269)
[INFO] [1789634950.069662455] [vision_manager]: Book detected: xyz=(-0.086, -0.180, 0.400), center=(252, 97)
[INFO] [1789634950.071813334] [vision_manager]: Book detected: xyz=(-0.110, -0.096, 0.507), center=(251, 180)
[INFO] [1789634950.073957602] [vision_manager]: Book detected: xyz=(0.734, 0.005, 0.869), center=(588, 242)
[INFO] [1789634950.075468609] [vision_manager]: Book detected: xyz=(0.644, 0.000, 0.869), center=(555, 240)
[INFO] [1789634950.076981438] [vision_manager]: Book detected: xyz=(-0.092, -0.021, 0.411), center=(249, 224)
[INFO] [1789634950.078322227] [vision_manager]: Book detected: xyz=(-0.091, 0.039, 0.400), center=(248, 271)
[INFO] [1789634950.219204204] [vision_manager]: Book detected: xyz=(-0.086, -0.180, 0.400), center=(252, 97)
[INFO] [1789634950.220865791] [vision_manager]: Book detected: xyz=(-0.112, -0.096, 0.516), center=(251, 181)
[INFO] [1789634950.222463862] [vision_manager]: Book detected: xyz=(0.734, 0.005, 0.869), center=(588, 242)
[INFO] [1789634950.224242831] [vision_manager]: Book detected: xyz=(0.638, 0.000, 0.869), center=(553, 240)
[INFO] [1789634950.225748648] [vision_manager]: Book detected: xyz=(-0.092, -0.021, 0.411), center=(249, 224)
[INFO] [1789634950.227054364] [vision_manager]: Book detected: xyz=(-0.090, 0.038, 0.400), center=(249, 270)
[INFO] [1789634950.372632757] [vision_manager]: Book detected: xyz=(-0.086, -0.179, 0.401), center=(252, 98)
[INFO] [1789634950.373948587] [vision_manager]: Book detected: xyz=(-0.112, -0.096, 0.507), center=(250, 180)
[INFO] [1789634950.375314199] [vision_manager]: Book detected: xyz=(0.734, 0.005, 0.869), center=(588, 242)
[INFO] [1789634950.376631883] [vision_manager]: Book detected: xyz=(0.636, 0.000, 0.869), center=(552, 240)
[INFO] [1789634950.377774940] [vision_manager]: Book detected: xyz=(-0.092, -0.021, 0.411), center=(249, 224)
[INFO] [1789634950.378939004] [vision_manager]: Book detected: xyz=(-0.091, 0.040, 0.400), center=(248, 272)
[INFO] [1789634950.499989044] [vision_manager]: Book detected: xyz=(-0.086, -0.180, 0.400), center=(252, 97)
[INFO] [1789634950.501042578] [vision_manager]: Book detected: xyz=(-0.112, -0.096, 0.507), center=(250, 180)
[INFO] [1789634950.502061955] [vision_manager]: Book detected: xyz=(0.734, 0.005, 0.869), center=(588, 242)
[INFO] [1789634950.503009278] [vision_manager]: Book detected: xyz=(0.633, 0.000, 0.869), center=(551, 240)
[INFO] [1789634950.503916410] [vision_manager]: Book detected: xyz=(-0.100, -0.021, 0.439), center=(248, 225)
[INFO] [1789634950.504824771] [vision_manager]: Book detected: xyz=(-0.091, 0.040, 0.400), center=(248, 272)
[INFO] [1789634950.650273498] [vision_manager]: Book detected: xyz=(-0.086, -0.180, 0.400), center=(252, 97)
[INFO] [1789634950.651322193] [vision_manager]: Book detected: xyz=(-0.114, -0.096, 0.516), center=(250, 181)
[INFO] [1789634950.652319132] [vision_manager]: Book detected: xyz=(0.734, 0.005, 0.869), center=(588, 242)
[INFO] [1789634950.653315323] [vision_manager]: Book detected: xyz=(0.641, 0.000, 0.869), center=(554, 240)
[INFO] [1789634950.654445619] [vision_manager]: Book detected: xyz=(-0.098, -0.021, 0.439), center=(249, 225)
[INFO] [1789634950.655535876] [vision_manager]: Book detected: xyz=(-0.091, 0.040, 0.400), center=(248, 272)
[INFO] [1789634950.804355180] [vision_manager]: Book detected: xyz=(-0.086, -0.180, 0.400), center=(252, 97)
[INFO] [1789634950.805771375] [vision_manager]: Book detected: xyz=(-0.114, -0.096, 0.516), center=(250, 181)
[INFO] [1789634950.807072676] [vision_manager]: Book detected: xyz=(0.734, 0.005, 0.869), center=(588, 242)
[INFO] [1789634950.808277640] [vision_manager]: Book detected: xyz=(0.647, 0.000, 0.869), center=(556, 240)
[INFO] [1789634950.809409159] [vision_manager]: Book detected: xyz=(-0.092, -0.021, 0.411), center=(249, 224)
[INFO] [1789634950.810518616] [vision_manager]: Book detected: xyz=(-0.091, 0.039, 0.400), center=(248, 271)
[INFO] [1789634950.942057026] [vision_manager]: Book detected: xyz=(-0.086, -0.180, 0.400), center=(252, 97)
[INFO] [1789634950.943298644] [vision_manager]: Book detected: xyz=(-0.112, -0.096, 0.507), center=(250, 180)
[INFO] [1789634950.944364867] [vision_manager]: Book detected: xyz=(0.734, 0.005, 0.869), center=(588, 242)
[INFO] [1789634950.945419709] [vision_manager]: Book detected: xyz=(0.644, 0.000, 0.869), center=(555, 240)
[INFO] [1789634950.946540196] [vision_manager]: Book detected: xyz=(-0.090, -0.022, 0.403), center=(249, 223)
[INFO] [1789634950.947712045] [vision_manager]: Book detected: xyz=(-0.091, 0.040, 0.400), center=(248, 272)
[INFO] [1789634951.071026053] [vision_manager]: Book detected: xyz=(-0.086, -0.179, 0.401), center=(252, 98)
[INFO] [1789634951.072286729] [vision_manager]: Book detected: xyz=(-0.112, -0.096, 0.507), center=(250, 180)
[INFO] [1789634951.073430454] [vision_manager]: Book detected: xyz=(0.734, 0.005, 0.869), center=(588, 242)
[INFO] [1789634951.074597983] [vision_manager]: Book detected: xyz=(0.647, 0.000, 0.869), center=(556, 240)
[INFO] [1789634951.075773583] [vision_manager]: Book detected: xyz=(-0.092, -0.021, 0.411), center=(249, 224)
[INFO] [1789634951.076928164] [vision_manager]: Book detected: xyz=(-0.090, 0.042, 0.400), center=(249, 273)
[INFO] [1789634951.204792439] [vision_manager]: Book detected: xyz=(-0.086, -0.179, 0.401), center=(252, 98)
[INFO] [1789634951.205904874] [vision_manager]: Book detected: xyz=(-0.112, -0.096, 0.507), center=(250, 180)
[INFO] [1789634951.206980836] [vision_manager]: Book detected: xyz=(0.734, 0.005, 0.869), center=(588, 242)
[INFO] [1789634951.208024970] [vision_manager]: Book detected: xyz=(0.638, 0.000, 0.869), center=(553, 240)
[INFO] [1789634951.209057005] [vision_manager]: Book detected: xyz=(-0.092, -0.021, 0.411), center=(249, 224)
[INFO] [1789634951.210081297] [vision_manager]: Book detected: xyz=(-0.090, 0.043, 0.400), center=(249, 274)
[INFO] [1789634951.338356309] [vision_manager]: Book detected: xyz=(-0.086, -0.179, 0.401), center=(252, 98)
[INFO] [1789634951.339417045] [vision_manager]: Book detected: xyz=(-0.114, -0.096, 0.516), center=(250, 181)
[INFO] [1789634951.340404205] [vision_manager]: Book detected: xyz=(0.734, 0.005, 0.869), center=(588, 242)
[INFO] [1789634951.341377474] [vision_manager]: Book detected: xyz=(0.638, 0.000, 0.869), center=(553, 240)
[INFO] [1789634951.342375026] [vision_manager]: Book detected: xyz=(-0.092, -0.021, 0.411), center=(249, 224)
[INFO] [1789634951.343374595] [vision_manager]: Book detected: xyz=(-0.090, 0.042, 0.400), center=(249, 273)
[INFO] [1789634951.482605458] [vision_manager]: Book detected: xyz=(-0.086, -0.179, 0.401), center=(252, 98)
[INFO] [1789634951.484142771] [vision_manager]: Book detected: xyz=(-0.112, -0.096, 0.499), center=(249, 179)
[INFO] [1789634951.485483149] [vision_manager]: Book detected: xyz=(0.734, 0.005, 0.869), center=(588, 242)
[INFO] [1789634951.486847378] [vision_manager]: Book detected: xyz=(0.625, 0.003, 0.869), center=(548, 241)
[INFO] [1789634951.488196970] [vision_manager]: Book detected: xyz=(-0.091, -0.022, 0.403), center=(248, 223)
[INFO] [1789634951.489662874] [vision_manager]: Book detected: xyz=(-0.092, 0.043, 0.400), center=(247, 274)
[INFO] [1789634951.634597998] [vision_manager]: Book detected: xyz=(-0.086, -0.179, 0.401), center=(252, 98)
[INFO] [1789634951.635994464] [vision_manager]: Book detected: xyz=(-0.110, -0.096, 0.499), center=(250, 179)
[INFO] [1789634951.637283723] [vision_manager]: Book detected: xyz=(0.734, 0.005, 0.869), center=(588, 242)
[INFO] [1789634951.638457480] [vision_manager]: Book detected: xyz=(0.630, 0.000, 0.869), center=(550, 240)
[INFO] [1789634951.639633371] [vision_manager]: Book detected: xyz=(-0.090, -0.022, 0.403), center=(249, 223)
[INFO] [1789634951.640778292] [vision_manager]: Book detected: xyz=(-0.091, 0.042, 0.400), center=(248, 273)
[INFO] [1789634951.778066424] [vision_manager]: Book detected: xyz=(-0.086, -0.179, 0.401), center=(252, 98)
[INFO] [1789634951.779725617] [vision_manager]: Book detected: xyz=(-0.110, -0.096, 0.499), center=(250, 179)
[INFO] [1789634951.781287929] [vision_manager]: Book detected: xyz=(0.734, 0.005, 0.869), center=(588, 242)
[INFO] [1789634951.782715490] [vision_manager]: Book detected: xyz=(0.625, 0.000, 0.869), center=(548, 240)
[INFO] [1789634951.784177783] [vision_manager]: Book detected: xyz=(-0.092, -0.021, 0.411), center=(249, 224)
[INFO] [1789634951.785704352] [vision_manager]: Book detected: xyz=(-0.091, 0.040, 0.400), center=(248, 272)
[INFO] [1789634951.966754283] [vision_manager]: Book detected: xyz=(-0.086, -0.179, 0.401), center=(252, 98)
[INFO] [1789634951.968368320] [vision_manager]: Book detected: xyz=(-0.110, -0.096, 0.499), center=(250, 179)
[INFO] [1789634951.970243825] [vision_manager]: Book detected: xyz=(0.734, 0.005, 0.869), center=(588, 242)
[INFO] [1789634951.971732729] [vision_manager]: Book detected: xyz=(0.638, 0.000, 0.869), center=(553, 240)
[INFO] [1789634951.972871358] [vision_manager]: Book detected: xyz=(-0.092, -0.021, 0.411), center=(249, 224)
[INFO] [1789634951.974015538] [vision_manager]: Book detected: xyz=(-0.091, 0.042, 0.400), center=(248, 273)
[INFO] [1789634952.129517281] [vision_manager]: Book detected: xyz=(-0.086, -0.179, 0.401), center=(252, 98)
[INFO] [1789634952.130715309] [vision_manager]: Book detected: xyz=(-0.112, -0.096, 0.507), center=(250, 180)
[INFO] [1789634952.131842733] [vision_manager]: Book detected: xyz=(0.734, 0.005, 0.869), center=(588, 242)
[INFO] [1789634952.132863353] [vision_manager]: Book detected: xyz=(0.636, 0.000, 0.869), center=(552, 240)
[INFO] [1789634952.133916716] [vision_manager]: Book detected: xyz=(-0.092, -0.021, 0.411), center=(249, 224)
[INFO] [1789634952.134927979] [vision_manager]: Book detected: xyz=(-0.091, 0.040, 0.400), center=(248, 272)
[INFO] [1789634952.284650016] [vision_manager]: Book detected: xyz=(-0.086, -0.179, 0.401), center=(252, 98)
[INFO] [1789634952.285691765] [vision_manager]: Book detected: xyz=(0.734, 0.005, 0.869), center=(588, 242)
[INFO] [1789634952.286684417] [vision_manager]: Book detected: xyz=(-0.114, -0.096, 0.516), center=(250, 181)
[INFO] [1789634952.287660752] [vision_manager]: Book detected: xyz=(0.652, 0.000, 0.869), center=(558, 240)
[INFO] [1789634952.288590899] [vision_manager]: Book detected: xyz=(-0.090, -0.024, 0.402), center=(249, 221)
[INFO] [1789634952.289520148] [vision_manager]: Book detected: xyz=(-0.091, 0.042, 0.400), center=(248, 273)
[INFO] [1789634952.430862770] [vision_manager]: Book detected: xyz=(-0.086, -0.179, 0.401), center=(252, 98)
[INFO] [1789634952.432735475] [vision_manager]: Book detected: xyz=(0.734, 0.005, 0.869), center=(588, 242)
[INFO] [1789634952.434703144] [vision_manager]: Book detected: xyz=(-0.115, -0.096, 0.516), center=(249, 181)
[INFO] [1789634952.437362963] [vision_manager]: Book detected: xyz=(0.633, 0.000, 0.869), center=(551, 240)
[INFO] [1789634952.439377009] [vision_manager]: Book detected: xyz=(-0.091, -0.023, 0.402), center=(248, 222)
[INFO] [1789634952.441093229] [vision_manager]: Book detected: xyz=(-0.093, 0.043, 0.400), center=(246, 274)
[INFO] [1789634952.565838195] [vision_manager]: Book detected: xyz=(-0.086, -0.179, 0.401), center=(252, 98)
[INFO] [1789634952.567478349] [vision_manager]: Book detected: xyz=(0.737, 0.005, 0.869), center=(589, 242)
[INFO] [1789634952.568616727] [vision_manager]: Book detected: xyz=(-0.114, -0.096, 0.516), center=(250, 181)
[INFO] [1789634952.569888374] [vision_manager]: Book detected: xyz=(0.649, 0.000, 0.869), center=(557, 240)
[INFO] [1789634952.570973335] [vision_manager]: Book detected: xyz=(-0.106, -0.021, 0.472), center=(249, 226)
[INFO] [1789634952.572298451] [vision_manager]: Book detected: xyz=(-0.091, 0.044, 0.400), center=(248, 275)
[INFO] [1789634952.573008542] [vision_manager]: No placeable empty shelf position found
[INFO] [1789634952.727004770] [vision_manager]: Book detected: xyz=(-0.086, -0.180, 0.400), center=(252, 97)
[INFO] [1789634952.728062135] [vision_manager]: Book detected: xyz=(0.734, 0.005, 0.869), center=(588, 242)
[INFO] [1789634952.729025375] [vision_manager]: Book detected: xyz=(-0.112, -0.096, 0.507), center=(250, 180)
[INFO] [1789634952.729997545] [vision_manager]: Book detected: xyz=(0.630, 0.000, 0.869), center=(550, 240)
[INFO] [1789634952.731031233] [vision_manager]: Book detected: xyz=(-0.100, -0.021, 0.439), center=(248, 225)
[INFO] [1789634952.732025005] [vision_manager]: Book detected: xyz=(-0.091, 0.044, 0.400), center=(248, 275)
[INFO] [1789634952.900766565] [vision_manager]: Book detected: xyz=(-0.086, -0.180, 0.400), center=(252, 97)
[INFO] [1789634952.902217075] [vision_manager]: Book detected: xyz=(0.734, 0.005, 0.869), center=(588, 242)
[INFO] [1789634952.903584943] [vision_manager]: Book detected: xyz=(0.638, 0.000, 0.869), center=(553, 240)
[INFO] [1789634952.904943478] [vision_manager]: Book detected: xyz=(-0.114, -0.096, 0.507), center=(249, 180)
[INFO] [1789634952.906213166] [vision_manager]: Book detected: xyz=(-0.091, -0.024, 0.402), center=(248, 221)
[INFO] [1789634952.907357532] [vision_manager]: Book detected: xyz=(-0.092, 0.044, 0.400), center=(247, 275)
[INFO] [1789634953.128417050] [vision_manager]: Book detected: xyz=(-0.086, -0.180, 0.400), center=(252, 97)
[INFO] [1789634953.130122267] [vision_manager]: Book detected: xyz=(0.734, 0.005, 0.869), center=(588, 242)
[INFO] [1789634953.131603846] [vision_manager]: Book detected: xyz=(0.652, 0.000, 0.869), center=(558, 240)
[INFO] [1789634953.132994875] [vision_manager]: Book detected: xyz=(-0.112, -0.096, 0.507), center=(250, 180)
[INFO] [1789634953.134357566] [vision_manager]: Book detected: xyz=(-0.090, -0.025, 0.401), center=(249, 220)
[INFO] [1789634953.135827920] [vision_manager]: Book detected: xyz=(-0.092, 0.043, 0.400), center=(247, 274)
[INFO] [1789634953.398014806] [vision_manager]: Book detected: xyz=(-0.086, -0.180, 0.400), center=(252, 97)
[INFO] [1789634953.398915994] [vision_manager]: Book detected: xyz=(0.734, 0.005, 0.869), center=(588, 242)
[INFO] [1789634953.399784542] [vision_manager]: Book detected: xyz=(-0.114, -0.096, 0.516), center=(250, 181)
[INFO] [1789634953.400658357] [vision_manager]: Book detected: xyz=(0.663, 0.000, 0.869), center=(562, 240)
[INFO] [1789634953.401505462] [vision_manager]: Book detected: xyz=(-0.090, -0.025, 0.401), center=(249, 220)
[INFO] [1789634953.402363725] [vision_manager]: Book detected: xyz=(-0.091, 0.040, 0.400), center=(248, 272)
[INFO] [1789634953.703398049] [vision_manager]: Book detected: xyz=(-0.086, -0.180, 0.400), center=(252, 97)
[INFO] [1789634953.704335669] [vision_manager]: Book detected: xyz=(0.734, 0.005, 0.869), center=(588, 242)
[INFO] [1789634953.705248097] [vision_manager]: Book detected: xyz=(-0.114, -0.096, 0.516), center=(250, 181)
[INFO] [1789634953.706153575] [vision_manager]: Book detected: xyz=(0.655, 0.000, 0.869), center=(559, 240)
[INFO] [1789634953.707040413] [vision_manager]: Book detected: xyz=(-0.090, -0.023, 0.402), center=(249, 222)
[INFO] [1789634953.707908955] [vision_manager]: Book detected: xyz=(-0.091, 0.035, 0.400), center=(248, 268)
[INFO] [1789634954.022227188] [vision_manager]: Book detected: xyz=(-0.086, -0.180, 0.400), center=(252, 97)
[INFO] [1789634954.023819153] [vision_manager]: Book detected: xyz=(0.734, 0.005, 0.869), center=(588, 242)
[INFO] [1789634954.025467310] [vision_manager]: Book detected: xyz=(-0.114, -0.096, 0.516), center=(250, 181)
[INFO] [1789634954.026795690] [vision_manager]: Book detected: xyz=(0.658, 0.000, 0.869), center=(560, 240)
[INFO] [1789634954.028064787] [vision_manager]: Book detected: xyz=(-0.089, -0.024, 0.402), center=(250, 221)
[INFO] [1789634954.029254114] [vision_manager]: Book detected: xyz=(-0.090, 0.038, 0.400), center=(249, 270)
[INFO] [1789634954.420066406] [vision_manager]: Book detected: xyz=(-0.086, -0.179, 0.401), center=(252, 98)
[INFO] [1789634954.425017766] [vision_manager]: Book detected: xyz=(0.734, 0.005, 0.869), center=(588, 242)
[INFO] [1789634954.426474353] [vision_manager]: Book detected: xyz=(-0.112, -0.096, 0.507), center=(250, 180)
[INFO] [1789634954.427740089] [vision_manager]: Book detected: xyz=(0.633, 0.003, 0.869), center=(551, 241)
[INFO] [1789634954.430649034] [vision_manager]: Book detected: xyz=(-0.091, -0.022, 0.403), center=(248, 223)
[INFO] [1789634954.433589787] [vision_manager]: Book detected: xyz=(-0.091, 0.030, 0.400), center=(248, 264)
[INFO] [1789634954.730168552] [vision_manager]: Book detected: xyz=(-0.086, -0.179, 0.401), center=(252, 98)
[INFO] [1789634954.731502418] [vision_manager]: Book detected: xyz=(-0.108, -0.096, 0.499), center=(251, 179)
[INFO] [1789634954.733166365] [vision_manager]: Book detected: xyz=(0.734, 0.005, 0.869), center=(588, 242)
[INFO] [1789634954.734520491] [vision_manager]: Book detected: xyz=(0.633, 0.000, 0.869), center=(551, 240)
[INFO] [1789634954.736505818] [vision_manager]: Book detected: xyz=(-0.090, -0.023, 0.402), center=(249, 222)
[INFO] [1789634954.738711590] [vision_manager]: Book detected: xyz=(-0.091, 0.028, 0.401), center=(248, 262)
[INFO] [1789634954.928684497] [vision_manager]: Book detected: xyz=(-0.086, -0.179, 0.401), center=(252, 98)
[INFO] [1789634954.929742139] [vision_manager]: Book detected: xyz=(-0.107, -0.096, 0.491), center=(251, 178)
[INFO] [1789634954.930753796] [vision_manager]: Book detected: xyz=(0.734, 0.005, 0.869), center=(588, 242)
[INFO] [1789634954.931798630] [vision_manager]: Book detected: xyz=(0.633, 0.000, 0.869), center=(551, 240)
[INFO] [1789634954.932804444] [vision_manager]: Book detected: xyz=(-0.090, -0.022, 0.403), center=(249, 223)
[INFO] [1789634954.933769175] [vision_manager]: Book detected: xyz=(-0.091, 0.032, 0.400), center=(248, 265)
[INFO] [1789634955.133933704] [vision_manager]: Book detected: xyz=(-0.086, -0.179, 0.401), center=(252, 98)
[INFO] [1789634955.135040542] [vision_manager]: Book detected: xyz=(-0.110, -0.096, 0.507), center=(251, 180)
[INFO] [1789634955.136092313] [vision_manager]: Book detected: xyz=(0.734, 0.005, 0.869), center=(588, 242)
[INFO] [1789634955.137107724] [vision_manager]: Book detected: xyz=(0.636, 0.000, 0.869), center=(552, 240)
[INFO] [1789634955.138114048] [vision_manager]: Book detected: xyz=(-0.089, -0.023, 0.402), center=(250, 222)
[INFO] [1789634955.286625095] [vision_manager]: Book detected: xyz=(-0.086, -0.179, 0.401), center=(252, 98)
[INFO] [1789634955.287606230] [vision_manager]: Book detected: xyz=(-0.108, -0.096, 0.499), center=(251, 179)
[INFO] [1789634955.288554179] [vision_manager]: Book detected: xyz=(0.734, 0.005, 0.869), center=(588, 242)
[INFO] [1789634955.289500799] [vision_manager]: Book detected: xyz=(0.633, 0.000, 0.869), center=(551, 240)
[INFO] [1789634955.290422662] [vision_manager]: Book detected: xyz=(-0.090, -0.023, 0.402), center=(249, 222)
[INFO] [1789634955.454247647] [vision_manager]: Book detected: xyz=(-0.086, -0.179, 0.401), center=(252, 98)
[INFO] [1789634955.455636659] [vision_manager]: Book detected: xyz=(-0.108, -0.096, 0.499), center=(251, 179)
[INFO] [1789634955.456964783] [vision_manager]: Book detected: xyz=(0.734, 0.005, 0.869), center=(588, 242)
[INFO] [1789634955.458298748] [vision_manager]: Book detected: xyz=(0.636, 0.000, 0.869), center=(552, 240)
[INFO] [1789634955.459618434] [vision_manager]: Book detected: xyz=(-0.090, -0.023, 0.402), center=(249, 222)
[INFO] [1789634955.460925862] [vision_manager]: Book detected: xyz=(-0.090, 0.038, 0.400), center=(249, 270)
[INFO] [1789634955.613898607] [vision_manager]: Book detected: xyz=(-0.086, -0.179, 0.401), center=(252, 98)
[INFO] [1789634955.614954918] [vision_manager]: Book detected: xyz=(-0.108, -0.096, 0.499), center=(251, 179)
[INFO] [1789634955.615962913] [vision_manager]: Book detected: xyz=(0.734, 0.005, 0.869), center=(588, 242)
[INFO] [1789634955.616942006] [vision_manager]: Book detected: xyz=(0.630, 0.000, 0.869), center=(550, 240)
[INFO] [1789634955.617931190] [vision_manager]: Book detected: xyz=(-0.091, -0.022, 0.403), center=(248, 223)
[INFO] [1789634955.618864899] [vision_manager]: Book detected: xyz=(-0.091, 0.039, 0.400), center=(248, 271)
[INFO] [1789634955.748693941] [vision_manager]: Book detected: xyz=(-0.085, -0.179, 0.401), center=(253, 98)
[INFO] [1789634955.749905879] [vision_manager]: Book detected: xyz=(-0.108, -0.096, 0.499), center=(251, 179)
[INFO] [1789634955.751034074] [vision_manager]: Book detected: xyz=(0.734, 0.005, 0.869), center=(588, 242)
[INFO] [1789634955.752167368] [vision_manager]: Book detected: xyz=(0.630, 0.000, 0.869), center=(550, 240)
[INFO] [1789634955.753245109] [vision_manager]: Book detected: xyz=(-0.090, -0.022, 0.403), center=(249, 223)
[INFO] [1789634955.754333008] [vision_manager]: Book detected: xyz=(-0.091, 0.042, 0.400), center=(248, 273)
[INFO] [1789634955.880786689] [vision_manager]: Book detected: xyz=(-0.086, -0.180, 0.400), center=(252, 97)
[INFO] [1789634955.882059096] [vision_manager]: Book detected: xyz=(-0.108, -0.096, 0.499), center=(251, 179)
[INFO] [1789634955.883279930] [vision_manager]: Book detected: xyz=(0.734, 0.005, 0.869), center=(588, 242)
[INFO] [1789634955.884824815] [vision_manager]: Book detected: xyz=(0.636, 0.000, 0.869), center=(552, 240)
[INFO] [1789634955.885937573] [vision_manager]: Book detected: xyz=(-0.092, -0.021, 0.411), center=(249, 224)
[INFO] [1789634955.886981378] [vision_manager]: Book detected: xyz=(-0.090, 0.042, 0.400), center=(249, 273)
[INFO] [1789634956.041586124] [vision_manager]: Book detected: xyz=(-0.086, -0.180, 0.400), center=(252, 97)
[INFO] [1789634956.043144271] [vision_manager]: Book detected: xyz=(-0.110, -0.096, 0.507), center=(251, 180)
[INFO] [1789634956.044654056] [vision_manager]: Book detected: xyz=(0.734, 0.005, 0.869), center=(588, 242)
[INFO] [1789634956.045837894] [vision_manager]: Book detected: xyz=(0.633, 0.000, 0.869), center=(551, 240)
[INFO] [1789634956.047077006] [vision_manager]: Book detected: xyz=(-0.093, -0.021, 0.411), center=(248, 224)
[INFO] [1789634956.048320540] [vision_manager]: Book detected: xyz=(-0.091, 0.042, 0.400), center=(248, 273)
[INFO] [1789634956.238422702] [vision_manager]: Book detected: xyz=(-0.085, -0.180, 0.400), center=(253, 97)
[INFO] [1789634956.239771683] [vision_manager]: Book detected: xyz=(0.734, 0.005, 0.869), center=(588, 242)
[INFO] [1789634956.241167543] [vision_manager]: Book detected: xyz=(-0.112, -0.096, 0.507), center=(250, 180)
[INFO] [1789634956.242548244] [vision_manager]: Book detected: xyz=(0.647, 0.000, 0.869), center=(556, 240)
[INFO] [1789634956.243882670] [vision_manager]: Book detected: xyz=(-0.098, -0.021, 0.439), center=(249, 225)
[INFO] [1789634956.245143556] [vision_manager]: Book detected: xyz=(-0.091, 0.042, 0.400), center=(248, 273)
[INFO] [1789634956.419675879] [vision_manager]: Book detected: xyz=(-0.085, -0.180, 0.400), center=(253, 97)
[INFO] [1789634956.420825990] [vision_manager]: Book detected: xyz=(0.734, 0.005, 0.869), center=(588, 242)
[INFO] [1789634956.421878729] [vision_manager]: Book detected: xyz=(-0.110, -0.096, 0.507), center=(251, 180)
[INFO] [1789634956.422919284] [vision_manager]: Book detected: xyz=(0.663, 0.000, 0.869), center=(562, 240)
[INFO] [1789634956.423966315] [vision_manager]: Book detected: xyz=(-0.092, -0.021, 0.411), center=(249, 224)
[INFO] [1789634956.424989297] [vision_manager]: Book detected: xyz=(-0.091, 0.042, 0.400), center=(248, 273)
[INFO] [1789634956.606926230] [vision_manager]: Book detected: xyz=(-0.086, -0.179, 0.401), center=(252, 98)
[INFO] [1789634956.608198634] [vision_manager]: Book detected: xyz=(0.734, 0.005, 0.869), center=(588, 242)
[INFO] [1789634956.609415527] [vision_manager]: Book detected: xyz=(-0.112, -0.096, 0.507), center=(250, 180)
[INFO] [1789634956.611865783] [vision_manager]: Book detected: xyz=(0.663, 0.000, 0.869), center=(562, 240)
[INFO] [1789634956.613193980] [vision_manager]: Book detected: xyz=(-0.100, -0.021, 0.439), center=(248, 225)
[INFO] [1789634956.614334622] [vision_manager]: Book detected: xyz=(-0.091, 0.042, 0.400), center=(248, 273)
[INFO] [1789634956.752083632] [vision_manager]: Book detected: xyz=(-0.086, -0.178, 0.401), center=(252, 99)
[INFO] [1789634956.753031140] [vision_manager]: Book detected: xyz=(0.734, 0.005, 0.869), center=(588, 242)
[INFO] [1789634956.753942261] [vision_manager]: Book detected: xyz=(-0.110, -0.096, 0.507), center=(251, 180)
[INFO] [1789634956.754852700] [vision_manager]: Book detected: xyz=(0.658, 0.000, 0.869), center=(560, 240)
[INFO] [1789634956.755762445] [vision_manager]: Book detected: xyz=(-0.092, -0.021, 0.411), center=(249, 224)
[INFO] [1789634956.756671576] [vision_manager]: Book detected: xyz=(-0.090, 0.042, 0.400), center=(249, 273)
[INFO] [1789634956.895851342] [vision_manager]: Book detected: xyz=(-0.086, -0.180, 0.400), center=(252, 97)
[INFO] [1789634956.896933574] [vision_manager]: Book detected: xyz=(-0.110, -0.096, 0.507), center=(251, 180)
[INFO] [1789634956.897972294] [vision_manager]: Book detected: xyz=(0.734, 0.005, 0.869), center=(588, 242)
[INFO] [1789634956.899000933] [vision_manager]: Book detected: xyz=(0.647, 0.000, 0.869), center=(556, 240)
[INFO] [1789634956.900027566] [vision_manager]: Book detected: xyz=(-0.092, -0.021, 0.411), center=(249, 224)
[INFO] [1789634956.901068034] [vision_manager]: Book detected: xyz=(-0.090, 0.043, 0.400), center=(249, 274)
[INFO] [1789634957.044833794] [vision_manager]: Book detected: xyz=(-0.086, -0.179, 0.401), center=(252, 98)
[INFO] [1789634957.046980551] [vision_manager]: Book detected: xyz=(-0.110, -0.096, 0.507), center=(251, 180)
[INFO] [1789634957.049038275] [vision_manager]: Book detected: xyz=(0.734, 0.005, 0.869), center=(588, 242)
[INFO] [1789634957.050913043] [vision_manager]: Book detected: xyz=(0.644, 0.000, 0.869), center=(555, 240)
[INFO] [1789634957.052717272] [vision_manager]: Book detected: xyz=(-0.092, -0.021, 0.411), center=(249, 224)
[INFO] [1789634957.054515872] [vision_manager]: Book detected: xyz=(-0.088, 0.043, 0.400), center=(250, 274)
[INFO] [1789634957.181484678] [vision_manager]: Book detected: xyz=(-0.086, -0.179, 0.401), center=(252, 98)
[INFO] [1789634957.183301715] [vision_manager]: Book detected: xyz=(-0.110, -0.096, 0.507), center=(251, 180)
[INFO] [1789634957.184379672] [vision_manager]: Book detected: xyz=(0.734, 0.005, 0.869), center=(588, 242)
[INFO] [1789634957.185505500] [vision_manager]: Book detected: xyz=(0.649, 0.000, 0.869), center=(557, 240)
[INFO] [1789634957.186452736] [vision_manager]: Book detected: xyz=(-0.091, -0.021, 0.411), center=(250, 224)
[INFO] [1789634957.187471305] [vision_manager]: Book detected: xyz=(-0.088, 0.042, 0.400), center=(250, 273)
[INFO] [1789634957.322077513] [vision_manager]: Book detected: xyz=(-0.086, -0.180, 0.400), center=(252, 97)
[INFO] [1789634957.323591207] [vision_manager]: Book detected: xyz=(-0.112, -0.096, 0.516), center=(251, 181)
[INFO] [1789634957.324994819] [vision_manager]: Book detected: xyz=(0.734, 0.005, 0.869), center=(588, 242)
[INFO] [1789634957.326284173] [vision_manager]: Book detected: xyz=(0.663, 0.000, 0.869), center=(562, 240)
[INFO] [1789634957.327509579] [vision_manager]: Book detected: xyz=(-0.092, -0.021, 0.411), center=(249, 224)
[INFO] [1789634957.328718298] [vision_manager]: Book detected: xyz=(-0.088, 0.042, 0.400), center=(250, 273)
[INFO] [1789634957.461007129] [vision_manager]: Book detected: xyz=(-0.086, -0.180, 0.400), center=(252, 97)
[INFO] [1789634957.462296357] [vision_manager]: Book detected: xyz=(0.734, 0.005, 0.869), center=(588, 242)
[INFO] [1789634957.463504501] [vision_manager]: Book detected: xyz=(-0.112, -0.096, 0.516), center=(251, 181)
[INFO] [1789634957.464707171] [vision_manager]: Book detected: xyz=(0.666, 0.000, 0.869), center=(563, 240)
[INFO] [1789634957.465907590] [vision_manager]: Book detected: xyz=(-0.090, -0.022, 0.403), center=(249, 223)
[INFO] [1789634957.467125134] [vision_manager]: Book detected: xyz=(-0.088, 0.043, 0.400), center=(250, 274)
[INFO] [1789634957.705570793] [vision_manager]: Book detected: xyz=(-0.086, -0.180, 0.400), center=(252, 97)
[INFO] [1789634957.706901003] [vision_manager]: Book detected: xyz=(0.734, 0.005, 0.869), center=(588, 242)
[INFO] [1789634957.708255179] [vision_manager]: Book detected: xyz=(-0.110, -0.096, 0.507), center=(251, 180)
[INFO] [1789634957.709513322] [vision_manager]: Book detected: xyz=(0.658, 0.000, 0.869), center=(560, 240)
[INFO] [1789634957.710782683] [vision_manager]: Book detected: xyz=(-0.092, -0.021, 0.411), center=(249, 224)
[INFO] [1789634957.712088489] [vision_manager]: Book detected: xyz=(-0.090, 0.044, 0.400), center=(249, 275)
[INFO] [1789634957.855722752] [vision_manager]: Book detected: xyz=(-0.086, -0.180, 0.400), center=(252, 97)
[INFO] [1789634957.856836714] [vision_manager]: Book detected: xyz=(0.734, 0.005, 0.869), center=(588, 242)
[INFO] [1789634957.857806087] [vision_manager]: Book detected: xyz=(-0.112, -0.096, 0.507), center=(250, 180)
[INFO] [1789634957.858709300] [vision_manager]: Book detected: xyz=(0.660, 0.000, 0.869), center=(561, 240)
[INFO] [1789634957.859708728] [vision_manager]: Book detected: xyz=(-0.090, -0.022, 0.403), center=(249, 223)
[INFO] [1789634957.860570840] [vision_manager]: Book detected: xyz=(-0.090, 0.042, 0.400), center=(249, 273)
[INFO] [1789634957.992280227] [vision_manager]: Book detected: xyz=(-0.086, -0.180, 0.400), center=(252, 97)
[INFO] [1789634957.993262582] [vision_manager]: Book detected: xyz=(-0.112, -0.096, 0.516), center=(251, 181)
[INFO] [1789634957.994210621] [vision_manager]: Book detected: xyz=(0.734, 0.005, 0.869), center=(588, 242)
[INFO] [1789634957.995142509] [vision_manager]: Book detected: xyz=(0.644, 0.000, 0.869), center=(555, 240)
[INFO] [1789634957.996067650] [vision_manager]: Book detected: xyz=(-0.092, -0.021, 0.411), center=(249, 224)
[INFO] [1789634957.997004984] [vision_manager]: Book detected: xyz=(-0.090, 0.037, 0.400), center=(249, 269)
[INFO] [1789634958.133737619] [vision_manager]: Book detected: xyz=(-0.086, -0.179, 0.401), center=(252, 98)
[INFO] [1789634958.134822194] [vision_manager]: Book detected: xyz=(-0.112, -0.096, 0.516), center=(251, 181)
[INFO] [1789634958.135735745] [vision_manager]: Book detected: xyz=(0.734, 0.005, 0.869), center=(588, 242)
[INFO] [1789634958.136667956] [vision_manager]: Book detected: xyz=(0.636, 0.000, 0.869), center=(552, 240)
[INFO] [1789634958.137583882] [vision_manager]: Book detected: xyz=(-0.089, -0.027, 0.401), center=(250, 219)
[INFO] [1789634958.138505311] [vision_manager]: Book detected: xyz=(-0.090, 0.037, 0.400), center=(249, 269)
[INFO] [1789634958.263498119] [vision_manager]: Book detected: xyz=(-0.086, -0.179, 0.401), center=(252, 98)
[INFO] [1789634958.264629939] [vision_manager]: Book detected: xyz=(0.734, 0.005, 0.869), center=(588, 242)
[INFO] [1789634958.265729614] [vision_manager]: Book detected: xyz=(-0.114, -0.096, 0.516), center=(250, 181)
[INFO] [1789634958.266810077] [vision_manager]: Book detected: xyz=(0.644, 0.000, 0.869), center=(555, 240)
[INFO] [1789634958.267878949] [vision_manager]: Book detected: xyz=(-0.090, -0.022, 0.403), center=(249, 223)
[INFO] [1789634958.268967329] [vision_manager]: Book detected: xyz=(-0.090, 0.039, 0.400), center=(249, 271)
[INFO] [1789634958.382774417] [vision_manager]: Book detected: xyz=(-0.086, -0.179, 0.401), center=(252, 98)
[INFO] [1789634958.383896239] [vision_manager]: Book detected: xyz=(-0.114, -0.096, 0.516), center=(250, 181)
[INFO] [1789634958.384969993] [vision_manager]: Book detected: xyz=(0.734, 0.005, 0.869), center=(588, 242)
[INFO] [1789634958.386038483] [vision_manager]: Book detected: xyz=(0.625, 0.000, 0.869), center=(548, 240)
[INFO] [1789634958.387100842] [vision_manager]: Book detected: xyz=(-0.092, -0.021, 0.411), center=(249, 224)
[INFO] [1789634958.388023675] [vision_manager]: Book detected: xyz=(-0.090, 0.043, 0.400), center=(249, 274)
[INFO] [1789634958.506154355] [vision_manager]: Book detected: xyz=(-0.085, -0.179, 0.401), center=(253, 98)
[INFO] [1789634958.507670745] [vision_manager]: Book detected: xyz=(0.734, 0.005, 0.869), center=(588, 242)
[INFO] [1789634958.509150164] [vision_manager]: Book detected: xyz=(-0.112, -0.096, 0.507), center=(250, 180)
[INFO] [1789634958.510590590] [vision_manager]: Book detected: xyz=(0.638, 0.000, 0.869), center=(553, 240)
[INFO] [1789634958.512022363] [vision_manager]: Book detected: xyz=(-0.090, -0.022, 0.403), center=(249, 223)
[INFO] [1789634958.513372560] [vision_manager]: Book detected: xyz=(-0.091, 0.040, 0.400), center=(248, 272)
[INFO] [1789634958.613163914] [vision_manager]: Book detected: xyz=(-0.086, -0.179, 0.401), center=(252, 98)
[INFO] [1789634958.614279923] [vision_manager]: Book detected: xyz=(0.734, 0.005, 0.869), center=(588, 242)
[INFO] [1789634958.615434618] [vision_manager]: Book detected: xyz=(-0.112, -0.096, 0.507), center=(250, 180)
[INFO] [1789634958.616447560] [vision_manager]: Book detected: xyz=(0.633, 0.000, 0.869), center=(551, 240)
[INFO] [1789634958.617414699] [vision_manager]: Book detected: xyz=(-0.091, -0.022, 0.403), center=(248, 223)
[INFO] [1789634958.618376473] [vision_manager]: Book detected: xyz=(-0.091, 0.043, 0.400), center=(248, 274)
[INFO] [1789634958.726876413] [vision_manager]: Book detected: xyz=(-0.086, -0.179, 0.401), center=(252, 98)
[INFO] [1789634958.727995634] [vision_manager]: Book detected: xyz=(0.734, 0.005, 0.869), center=(588, 242)
[INFO] [1789634958.729043259] [vision_manager]: Book detected: xyz=(-0.112, -0.096, 0.507), center=(250, 180)
[INFO] [1789634958.729979114] [vision_manager]: Book detected: xyz=(0.625, 0.000, 0.869), center=(548, 240)
[INFO] [1789634958.730912536] [vision_manager]: Book detected: xyz=(-0.090, -0.022, 0.403), center=(249, 223)
[INFO] [1789634958.731850167] [vision_manager]: Book detected: xyz=(-0.090, 0.044, 0.400), center=(249, 275)
[INFO] [1789634958.845041039] [vision_manager]: Book detected: xyz=(-0.086, -0.179, 0.401), center=(252, 98)
[INFO] [1789634958.846532689] [vision_manager]: Book detected: xyz=(0.734, 0.005, 0.869), center=(588, 242)
[INFO] [1789634958.847809588] [vision_manager]: Book detected: xyz=(-0.112, -0.096, 0.507), center=(250, 180)
[INFO] [1789634958.851417135] [vision_manager]: Book detected: xyz=(0.630, 0.000, 0.869), center=(550, 240)
[INFO] [1789634958.854711851] [vision_manager]: Book detected: xyz=(-0.092, -0.021, 0.411), center=(249, 224)
[INFO] [1789634958.856534946] [vision_manager]: Book detected: xyz=(-0.090, 0.044, 0.400), center=(249, 275)
[INFO] [1789634958.991949307] [vision_manager]: Book detected: xyz=(-0.086, -0.179, 0.401), center=(252, 98)
[INFO] [1789634958.993256310] [vision_manager]: Book detected: xyz=(-0.112, -0.096, 0.507), center=(250, 180)
[INFO] [1789634958.994423491] [vision_manager]: Book detected: xyz=(0.734, 0.005, 0.869), center=(588, 242)
[INFO] [1789634958.995533461] [vision_manager]: Book detected: xyz=(0.625, 0.000, 0.869), center=(548, 240)
[INFO] [1789634958.996604266] [vision_manager]: Book detected: xyz=(-0.090, -0.022, 0.403), center=(249, 223)
[INFO] [1789634958.997730506] [vision_manager]: Book detected: xyz=(-0.090, 0.042, 0.400), center=(249, 273)
[INFO] [1789634959.154412303] [vision_manager]: Book detected: xyz=(-0.086, -0.179, 0.401), center=(252, 98)
[INFO] [1789634959.156183182] [vision_manager]: Book detected: xyz=(0.734, 0.005, 0.869), center=(588, 242)
[INFO] [1789634959.157866938] [vision_manager]: Book detected: xyz=(-0.112, -0.096, 0.507), center=(250, 180)
[INFO] [1789634959.159509392] [vision_manager]: Book detected: xyz=(0.630, 0.000, 0.869), center=(550, 240)
[INFO] [1789634959.161120000] [vision_manager]: Book detected: xyz=(-0.092, -0.021, 0.411), center=(249, 224)
[INFO] [1789634959.162505027] [vision_manager]: Book detected: xyz=(-0.090, 0.043, 0.400), center=(249, 274)
[INFO] [1789634959.311406446] [vision_manager]: Book detected: xyz=(-0.086, -0.179, 0.401), center=(252, 98)
[INFO] [1789634959.312963700] [vision_manager]: Book detected: xyz=(0.734, 0.005, 0.869), center=(588, 242)
[INFO] [1789634959.314305572] [vision_manager]: Book detected: xyz=(-0.112, -0.096, 0.507), center=(250, 180)
[INFO] [1789634959.315596165] [vision_manager]: Book detected: xyz=(0.633, 0.000, 0.869), center=(551, 240)
[INFO] [1789634959.316825005] [vision_manager]: Book detected: xyz=(-0.090, -0.023, 0.402), center=(249, 222)
[INFO] [1789634959.318069419] [vision_manager]: Book detected: xyz=(-0.091, 0.042, 0.400), center=(248, 273)
[INFO] [1789634959.454008256] [vision_manager]: Book detected: xyz=(-0.086, -0.179, 0.401), center=(252, 98)
[INFO] [1789634959.455186726] [vision_manager]: Book detected: xyz=(0.734, 0.005, 0.869), center=(588, 242)
[INFO] [1789634959.456235471] [vision_manager]: Book detected: xyz=(-0.112, -0.096, 0.507), center=(250, 180)
[INFO] [1789634959.457277785] [vision_manager]: Book detected: xyz=(0.655, 0.000, 0.869), center=(559, 240)
[INFO] [1789634959.458263446] [vision_manager]: Book detected: xyz=(-0.093, -0.021, 0.411), center=(248, 224)
[INFO] [1789634959.459173010] [vision_manager]: Book detected: xyz=(-0.091, 0.040, 0.400), center=(248, 272)
[INFO] [1789634959.592431456] [vision_manager]: Book detected: xyz=(-0.086, -0.180, 0.400), center=(252, 97)
[INFO] [1789634959.593999540] [vision_manager]: Book detected: xyz=(0.734, 0.005, 0.869), center=(588, 242)
[INFO] [1789634959.595479940] [vision_manager]: Book detected: xyz=(-0.112, -0.096, 0.507), center=(250, 180)
[INFO] [1789634959.596916491] [vision_manager]: Book detected: xyz=(0.655, 0.000, 0.869), center=(559, 240)
[INFO] [1789634959.598360997] [vision_manager]: Book detected: xyz=(-0.091, -0.022, 0.403), center=(248, 223)
[INFO] [1789634959.599850433] [vision_manager]: Book detected: xyz=(-0.091, 0.042, 0.400), center=(248, 273)
[INFO] [1789634959.733013058] [vision_manager]: Book detected: xyz=(-0.086, -0.180, 0.400), center=(252, 97)
[INFO] [1789634959.734520911] [vision_manager]: Book detected: xyz=(0.734, 0.005, 0.869), center=(588, 242)
[INFO] [1789634959.735963012] [vision_manager]: Book detected: xyz=(-0.112, -0.096, 0.507), center=(250, 180)
[INFO] [1789634959.737338290] [vision_manager]: Book detected: xyz=(0.647, 0.000, 0.869), center=(556, 240)
[INFO] [1789634959.738599562] [vision_manager]: Book detected: xyz=(-0.092, -0.021, 0.411), center=(249, 224)
[INFO] [1789634959.739813011] [vision_manager]: Book detected: xyz=(-0.091, 0.043, 0.400), center=(248, 274)
[INFO] [1789634959.881810779] [vision_manager]: Book detected: xyz=(-0.086, -0.180, 0.400), center=(252, 97)
[INFO] [1789634959.882863233] [vision_manager]: Book detected: xyz=(-0.110, -0.096, 0.507), center=(251, 180)
[INFO] [1789634959.883881625] [vision_manager]: Book detected: xyz=(0.734, 0.005, 0.869), center=(588, 242)
[INFO] [1789634959.884890732] [vision_manager]: Book detected: xyz=(0.638, 0.000, 0.869), center=(553, 240)
[INFO] [1789634959.885886093] [vision_manager]: Book detected: xyz=(-0.090, -0.022, 0.403), center=(249, 223)
[INFO] [1789634959.886873861] [vision_manager]: Book detected: xyz=(-0.090, 0.043, 0.400), center=(249, 274)
[INFO] [1789634960.028030085] [vision_manager]: Book detected: xyz=(-0.086, -0.180, 0.400), center=(252, 97)
[INFO] [1789634960.028860294] [vision_manager]: Book detected: xyz=(-0.112, -0.096, 0.507), center=(250, 180)
[INFO] [1789634960.029614250] [vision_manager]: Book detected: xyz=(0.734, 0.005, 0.869), center=(588, 242)
[INFO] [1789634960.030411867] [vision_manager]: Book detected: xyz=(0.627, 0.000, 0.869), center=(549, 240)
[INFO] [1789634960.031197502] [vision_manager]: Book detected: xyz=(-0.091, -0.022, 0.403), center=(248, 223)
[INFO] [1789634960.031949310] [vision_manager]: Book detected: xyz=(-0.091, 0.043, 0.400), center=(248, 274)
[INFO] [1789634960.173868069] [vision_manager]: Book detected: xyz=(-0.086, -0.180, 0.400), center=(252, 97)
[INFO] [1789634960.175184944] [vision_manager]: Book detected: xyz=(0.734, 0.005, 0.869), center=(588, 242)
[INFO] [1789634960.176525630] [vision_manager]: Book detected: xyz=(-0.110, -0.096, 0.499), center=(250, 179)
[INFO] [1789634960.177818646] [vision_manager]: Book detected: xyz=(0.652, 0.000, 0.869), center=(558, 240)
[INFO] [1789634960.178924728] [vision_manager]: Book detected: xyz=(-0.091, -0.023, 0.402), center=(248, 222)
[INFO] [1789634960.180009375] [vision_manager]: Book detected: xyz=(-0.091, 0.040, 0.400), center=(248, 272)
[INFO] [1789634960.308484473] [vision_manager]: Book detected: xyz=(-0.086, -0.180, 0.400), center=(252, 97)
[INFO] [1789634960.309837533] [vision_manager]: Book detected: xyz=(-0.112, -0.096, 0.507), center=(250, 180)
[INFO] [1789634960.310864859] [vision_manager]: Book detected: xyz=(0.734, 0.005, 0.869), center=(588, 242)
[INFO] [1789634960.311871480] [vision_manager]: Book detected: xyz=(0.649, 0.000, 0.869), center=(557, 240)
[INFO] [1789634960.312916855] [vision_manager]: Book detected: xyz=(-0.090, -0.024, 0.402), center=(249, 221)
[INFO] [1789634960.314283614] [vision_manager]: Book detected: xyz=(-0.090, 0.039, 0.400), center=(249, 271)
[INFO] [1789634960.456609747] [vision_manager]: Book detected: xyz=(-0.086, -0.179, 0.401), center=(252, 98)
[INFO] [1789634960.458164892] [vision_manager]: Book detected: xyz=(-0.112, -0.096, 0.507), center=(250, 180)
[INFO] [1789634960.459613875] [vision_manager]: Book detected: xyz=(0.734, 0.005, 0.869), center=(588, 242)
[INFO] [1789634960.461097629] [vision_manager]: Book detected: xyz=(0.633, 0.000, 0.869), center=(551, 240)
[INFO] [1789634960.462558273] [vision_manager]: Book detected: xyz=(-0.090, -0.023, 0.402), center=(249, 222)
[INFO] [1789634960.464038412] [vision_manager]: Book detected: xyz=(-0.091, 0.040, 0.400), center=(248, 272)
[INFO] [1789634960.615643096] [vision_manager]: Book detected: xyz=(-0.086, -0.179, 0.401), center=(252, 98)
[INFO] [1789634960.617178912] [vision_manager]: Book detected: xyz=(-0.112, -0.096, 0.507), center=(250, 180)
[INFO] [1789634960.619140421] [vision_manager]: Book detected: xyz=(0.734, 0.005, 0.869), center=(588, 242)
[INFO] [1789634960.621127331] [vision_manager]: Book detected: xyz=(0.633, 0.000, 0.869), center=(551, 240)
[INFO] [1789634960.622511259] [vision_manager]: Book detected: xyz=(-0.091, -0.023, 0.402), center=(248, 222)
[INFO] [1789634960.623942474] [vision_manager]: Book detected: xyz=(-0.090, 0.042, 0.400), center=(249, 273)
[INFO] [1789634960.757814752] [vision_manager]: Book detected: xyz=(-0.086, -0.179, 0.401), center=(252, 98)
[INFO] [1789634960.758800296] [vision_manager]: Book detected: xyz=(0.734, 0.005, 0.869), center=(588, 242)
[INFO] [1789634960.760860625] [vision_manager]: Book detected: xyz=(-0.112, -0.096, 0.507), center=(250, 180)
[INFO] [1789634960.761781871] [vision_manager]: Book detected: xyz=(0.649, 0.000, 0.869), center=(557, 240)
[INFO] [1789634960.762691084] [vision_manager]: Book detected: xyz=(-0.090, -0.023, 0.402), center=(249, 222)
[INFO] [1789634960.763594293] [vision_manager]: Book detected: xyz=(-0.091, 0.040, 0.400), center=(248, 272)
[INFO] [1789634960.898646635] [vision_manager]: Book detected: xyz=(-0.086, -0.179, 0.401), center=(252, 98)
[INFO] [1789634960.900009252] [vision_manager]: Book detected: xyz=(0.734, 0.005, 0.869), center=(588, 242)
[INFO] [1789634960.900960164] [vision_manager]: Book detected: xyz=(-0.112, -0.096, 0.507), center=(250, 180)
[INFO] [1789634960.901878755] [vision_manager]: Book detected: xyz=(0.666, 0.000, 0.869), center=(563, 240)
[INFO] [1789634960.902788321] [vision_manager]: Book detected: xyz=(-0.090, -0.023, 0.402), center=(249, 222)
[INFO] [1789634960.903695846] [vision_manager]: Book detected: xyz=(-0.091, 0.040, 0.400), center=(248, 272)
[INFO] [1789634961.038482125] [vision_manager]: Book detected: xyz=(-0.085, -0.179, 0.401), center=(253, 98)
[INFO] [1789634961.039979868] [vision_manager]: Book detected: xyz=(-0.112, -0.096, 0.507), center=(250, 180)
[INFO] [1789634961.041422257] [vision_manager]: Book detected: xyz=(0.734, 0.005, 0.869), center=(588, 242)
[INFO] [1789634961.042715629] [vision_manager]: Book detected: xyz=(0.663, 0.000, 0.869), center=(562, 240)
[INFO] [1789634961.043914975] [vision_manager]: Book detected: xyz=(-0.091, -0.022, 0.403), center=(248, 223)
[INFO] [1789634961.045126499] [vision_manager]: Book detected: xyz=(-0.091, 0.038, 0.400), center=(248, 270)
[INFO] [1789634961.164622823] [vision_manager]: Book detected: xyz=(-0.086, -0.179, 0.401), center=(252, 98)
[INFO] [1789634961.165612637] [vision_manager]: Book detected: xyz=(0.734, 0.005, 0.869), center=(588, 242)
[INFO] [1789634961.215993396] [vision_manager]: Book detected: xyz=(-0.112, -0.096, 0.507), center=(250, 180)
[INFO] [1789634961.216810569] [vision_manager]: Book detected: xyz=(0.660, 0.000, 0.869), center=(561, 240)
[INFO] [1789634961.217568922] [vision_manager]: Book detected: xyz=(-0.090, -0.023, 0.402), center=(249, 222)
[INFO] [1789634961.218301779] [vision_manager]: Book detected: xyz=(-0.092, 0.034, 0.400), center=(247, 267)
[INFO] [1789634961.382569769] [vision_manager]: Book detected: xyz=(-0.085, -0.179, 0.401), center=(253, 98)
[INFO] [1789634961.384071782] [vision_manager]: Book detected: xyz=(-0.112, -0.096, 0.516), center=(251, 181)
[INFO] [1789634961.385839013] [vision_manager]: Book detected: xyz=(0.734, 0.005, 0.869), center=(588, 242)
[INFO] [1789634961.387877197] [vision_manager]: Book detected: xyz=(0.669, 0.000, 0.869), center=(564, 240)
[INFO] [1789634961.389279171] [vision_manager]: Book detected: xyz=(-0.090, -0.023, 0.402), center=(249, 222)
[INFO] [1789634961.390718951] [vision_manager]: Book detected: xyz=(-0.092, 0.024, 0.401), center=(247, 259)
[INFO] [1789634961.520467506] [vision_manager]: Book detected: xyz=(-0.086, -0.179, 0.401), center=(252, 98)
[INFO] [1789634961.521788828] [vision_manager]: Book detected: xyz=(0.737, 0.005, 0.869), center=(589, 242)
[INFO] [1789634961.523036689] [vision_manager]: Book detected: xyz=(-0.112, -0.096, 0.507), center=(250, 180)
[INFO] [1789634961.524329885] [vision_manager]: Book detected: xyz=(0.671, 0.000, 0.869), center=(565, 240)
[INFO] [1789634961.525581549] [vision_manager]: Book detected: xyz=(-0.090, -0.023, 0.402), center=(249, 222)
[INFO] [1789634961.526798967] [vision_manager]: Book detected: xyz=(-0.092, 0.028, 0.401), center=(247, 262)
[INFO] [1789634961.650507729] [vision_manager]: Book detected: xyz=(-0.086, -0.179, 0.401), center=(252, 98)
[INFO] [1789634961.652017399] [vision_manager]: Book detected: xyz=(-0.115, -0.096, 0.516), center=(249, 181)
[INFO] [1789634961.653610710] [vision_manager]: Book detected: xyz=(0.734, 0.005, 0.869), center=(588, 242)
[INFO] [1789634961.655040812] [vision_manager]: Book detected: xyz=(0.674, 0.000, 0.869), center=(566, 240)
[INFO] [1789634961.656335938] [vision_manager]: Book detected: xyz=(-0.091, -0.022, 0.403), center=(248, 223)
[INFO] [1789634961.796771386] [vision_manager]: Book detected: xyz=(-0.086, -0.179, 0.401), center=(252, 98)
[INFO] [1789634961.798321179] [vision_manager]: Book detected: xyz=(-0.117, -0.096, 0.525), center=(249, 182)
[INFO] [1789634961.799533040] [vision_manager]: Book detected: xyz=(0.734, 0.005, 0.869), center=(588, 242)
[INFO] [1789634961.800732697] [vision_manager]: Book detected: xyz=(0.671, 0.000, 0.869), center=(565, 240)
[INFO] [1789634961.801971998] [vision_manager]: Book detected: xyz=(-0.093, -0.021, 0.411), center=(248, 224)
[INFO] [1789634961.803182728] [vision_manager]: Book detected: xyz=(0.014, 0.449, 0.869), center=(325, 404)
[INFO] [1789634961.920601209] [vision_manager]: Book detected: xyz=(-0.086, -0.179, 0.401), center=(252, 98)
[INFO] [1789634961.921674362] [vision_manager]: Book detected: xyz=(-0.124, -0.096, 0.554), center=(249, 185)
[INFO] [1789634961.922708056] [vision_manager]: Book detected: xyz=(0.734, 0.005, 0.869), center=(588, 242)
[INFO] [1789634961.923740925] [vision_manager]: Book detected: xyz=(0.660, 0.000, 0.869), center=(561, 240)
[INFO] [1789634961.924675233] [vision_manager]: Book detected: xyz=(-0.098, -0.021, 0.439), center=(249, 225)
[INFO] [1789634961.925577001] [vision_manager]: Book detected: xyz=(0.014, 0.449, 0.869), center=(325, 404)
[INFO] [1789634962.047810908] [vision_manager]: Book detected: xyz=(-0.086, -0.179, 0.401), center=(252, 98)
[INFO] [1789634962.048895071] [vision_manager]: Book detected: xyz=(0.737, 0.005, 0.869), center=(589, 242)
[INFO] [1789634962.049955731] [vision_manager]: Book detected: xyz=(-0.117, -0.096, 0.525), center=(249, 182)
[INFO] [1789634962.050864902] [vision_manager]: Book detected: xyz=(0.677, 0.000, 0.869), center=(567, 240)
[INFO] [1789634962.051780030] [vision_manager]: Book detected: xyz=(-0.092, -0.021, 0.411), center=(249, 224)
[INFO] [1789634962.052685283] [vision_manager]: Book detected: xyz=(0.014, 0.449, 0.869), center=(325, 404)
[INFO] [1789634962.184919548] [vision_manager]: Book detected: xyz=(-0.086, -0.179, 0.401), center=(252, 98)
[INFO] [1789634962.186450646] [vision_manager]: Book detected: xyz=(0.734, 0.005, 0.869), center=(588, 242)
[INFO] [1789634962.187892559] [vision_manager]: Book detected: xyz=(-0.119, -0.096, 0.525), center=(248, 182)
[INFO] [1789634962.189341268] [vision_manager]: Book detected: xyz=(0.658, 0.000, 0.869), center=(560, 240)
[INFO] [1789634962.190788045] [vision_manager]: Book detected: xyz=(-0.093, -0.021, 0.411), center=(248, 224)
[INFO] [1789634962.192264604] [vision_manager]: Book detected: xyz=(-0.094, 0.023, 0.402), center=(246, 258)
[INFO] [1789634962.318615935] [vision_manager]: Book detected: xyz=(-0.086, -0.179, 0.401), center=(252, 98)
[INFO] [1789634962.320136424] [vision_manager]: Book detected: xyz=(-0.110, -0.096, 0.507), center=(251, 180)
[INFO] [1789634962.321495819] [vision_manager]: Book detected: xyz=(0.734, 0.005, 0.869), center=(588, 242)
[INFO] [1789634962.322723518] [vision_manager]: Book detected: xyz=(0.666, 0.000, 0.869), center=(563, 240)
[INFO] [1789634962.323973638] [vision_manager]: Book detected: xyz=(-0.090, -0.022, 0.403), center=(249, 223)
[INFO] [1789634962.325268907] [vision_manager]: Book detected: xyz=(0.014, 0.447, 0.869), center=(325, 403)
[INFO] [1789634962.465532632] [vision_manager]: Book detected: xyz=(-0.087, -0.179, 0.401), center=(251, 98)
[INFO] [1789634962.466628045] [vision_manager]: Book detected: xyz=(0.734, 0.005, 0.869), center=(588, 242)
[INFO] [1789634962.467667322] [vision_manager]: Book detected: xyz=(-0.119, -0.096, 0.525), center=(248, 182)
[INFO] [1789634962.468699139] [vision_manager]: Book detected: xyz=(0.641, 0.000, 0.869), center=(554, 240)
[INFO] [1789634962.469724889] [vision_manager]: Book detected: xyz=(-0.126, 0.000, 0.563), center=(249, 240)
[INFO] [1789634962.470753144] [vision_manager]: Book detected: xyz=(-0.114, 0.019, 0.497), center=(247, 252)
[INFO] [1789634962.471486738] [vision_manager]: No placeable empty shelf position found
[INFO] [1789634962.594007677] [vision_manager]: Book detected: xyz=(-0.087, -0.179, 0.401), center=(251, 98)
[INFO] [1789634962.595487453] [vision_manager]: Book detected: xyz=(-0.110, -0.096, 0.499), center=(250, 179)
[INFO] [1789634962.596456270] [vision_manager]: Book detected: xyz=(0.734, 0.005, 0.869), center=(588, 242)
[INFO] [1789634962.597387671] [vision_manager]: Book detected: xyz=(0.630, 0.000, 0.869), center=(550, 240)
[INFO] [1789634962.598303736] [vision_manager]: Book detected: xyz=(-0.090, -0.022, 0.403), center=(249, 223)
[INFO] [1789634962.599216588] [vision_manager]: Book detected: xyz=(-0.091, 0.027, 0.401), center=(248, 261)
[INFO] [1789634962.726617242] [vision_manager]: Book detected: xyz=(-0.086, -0.179, 0.401), center=(252, 98)
[INFO] [1789634962.727543966] [vision_manager]: Book detected: xyz=(0.734, 0.005, 0.869), center=(588, 242)
[INFO] [1789634962.728448423] [vision_manager]: Book detected: xyz=(-0.112, -0.096, 0.499), center=(249, 179)
[INFO] [1789634962.729343491] [vision_manager]: Book detected: xyz=(0.636, 0.000, 0.869), center=(552, 240)
[INFO] [1789634962.730238657] [vision_manager]: Book detected: xyz=(-0.093, -0.021, 0.411), center=(248, 224)
[INFO] [1789634962.731096411] [vision_manager]: Book detected: xyz=(-0.092, 0.037, 0.400), center=(247, 269)
[INFO] [1789634962.859089011] [vision_manager]: Book detected: xyz=(-0.086, -0.179, 0.401), center=(252, 98)
[INFO] [1789634962.860753551] [vision_manager]: Book detected: xyz=(0.734, 0.005, 0.869), center=(588, 242)
[INFO] [1789634962.862263409] [vision_manager]: Book detected: xyz=(-0.115, -0.096, 0.507), center=(248, 180)
[INFO] [1789634962.863738799] [vision_manager]: Book detected: xyz=(0.644, 0.000, 0.869), center=(555, 240)
[INFO] [1789634962.865266580] [vision_manager]: Book detected: xyz=(-0.093, -0.021, 0.411), center=(248, 224)
[INFO] [1789634962.866735828] [vision_manager]: Book detected: xyz=(-0.092, 0.028, 0.401), center=(247, 262)
[INFO] [1789634962.999623456] [vision_manager]: Book detected: xyz=(-0.087, -0.179, 0.401), center=(251, 98)
[INFO] [1789634963.000972898] [vision_manager]: Book detected: xyz=(0.734, 0.005, 0.869), center=(588, 242)
[INFO] [1789634963.002175467] [vision_manager]: Book detected: xyz=(0.641, 0.000, 0.869), center=(554, 240)
[INFO] [1789634963.004010809] [vision_manager]: Book detected: xyz=(-0.118, -0.096, 0.507), center=(246, 180)
[INFO] [1789634963.005766656] [vision_manager]: Book detected: xyz=(-0.100, -0.021, 0.439), center=(248, 225)
[INFO] [1789634963.006899712] [vision_manager]: Book detected: xyz=(-0.093, 0.030, 0.400), center=(246, 264)
[INFO] [1789634963.113657199] [vision_manager]: Book detected: xyz=(-0.086, -0.179, 0.401), center=(252, 98)
[INFO] [1789634963.115146388] [vision_manager]: Book detected: xyz=(0.734, 0.005, 0.869), center=(588, 242)
[INFO] [1789634963.116582245] [vision_manager]: Book detected: xyz=(-0.119, -0.096, 0.516), center=(247, 181)
[INFO] [1789634963.118106650] [vision_manager]: Book detected: xyz=(0.627, 0.000, 0.869), center=(549, 240)
[INFO] [1789634963.119630553] [vision_manager]: Book detected: xyz=(-0.091, -0.022, 0.403), center=(248, 223)
[INFO] [1789634963.121199096] [vision_manager]: Book detected: xyz=(-0.093, 0.038, 0.400), center=(246, 270)
[INFO] [1789634963.263505797] [vision_manager]: Book detected: xyz=(-0.086, -0.179, 0.401), center=(252, 98)
[INFO] [1789634963.264796881] [vision_manager]: Book detected: xyz=(0.734, 0.005, 0.869), center=(588, 242)
[INFO] [1789634963.265911100] [vision_manager]: Book detected: xyz=(0.647, 0.000, 0.869), center=(556, 240)
[INFO] [1789634963.266981595] [vision_manager]: Book detected: xyz=(-0.119, -0.096, 0.516), center=(247, 181)
[INFO] [1789634963.268060124] [vision_manager]: Book detected: xyz=(-0.091, -0.023, 0.402), center=(248, 222)
[INFO] [1789634963.269130074] [vision_manager]: Book detected: xyz=(-0.093, 0.039, 0.400), center=(246, 271)
[INFO] [1789634963.386207973] [vision_manager]: Book detected: xyz=(-0.086, -0.179, 0.401), center=(252, 98)
[INFO] [1789634963.387278060] [vision_manager]: Book detected: xyz=(0.734, 0.005, 0.869), center=(588, 242)
[INFO] [1789634963.388313941] [vision_manager]: Book detected: xyz=(-0.114, -0.096, 0.507), center=(249, 180)
[INFO] [1789634963.389343379] [vision_manager]: Book detected: xyz=(0.641, 0.000, 0.869), center=(554, 240)
[INFO] [1789634963.390372876] [vision_manager]: Book detected: xyz=(-0.095, -0.021, 0.411), center=(247, 224)
[INFO] [1789634963.391371283] [vision_manager]: Book detected: xyz=(-0.092, 0.040, 0.400), center=(247, 272)
[INFO] [1789634963.496008477] [vision_manager]: Book detected: xyz=(-0.086, -0.179, 0.401), center=(252, 98)
[INFO] [1789634963.497137880] [vision_manager]: Book detected: xyz=(0.734, 0.005, 0.869), center=(588, 242)
[INFO] [1789634963.498213505] [vision_manager]: Book detected: xyz=(-0.117, -0.096, 0.525), center=(249, 182)
[INFO] [1789634963.499252530] [vision_manager]: Book detected: xyz=(0.638, 0.000, 0.869), center=(553, 240)
[INFO] [1789634963.500193065] [vision_manager]: Book detected: xyz=(-0.090, -0.023, 0.402), center=(249, 222)
[INFO] [1789634963.501126179] [vision_manager]: Book detected: xyz=(-0.092, 0.037, 0.400), center=(247, 269)
[INFO] [1789634963.636726978] [vision_manager]: Book detected: xyz=(-0.086, -0.179, 0.401), center=(252, 98)
[INFO] [1789634963.638239581] [vision_manager]: Book detected: xyz=(0.734, 0.005, 0.869), center=(588, 242)
[INFO] [1789634963.639719220] [vision_manager]: Book detected: xyz=(-0.114, -0.096, 0.516), center=(250, 181)
[INFO] [1789634963.641176417] [vision_manager]: Book detected: xyz=(0.647, 0.000, 0.869), center=(556, 240)
[INFO] [1789634963.642623937] [vision_manager]: Book detected: xyz=(-0.090, -0.023, 0.402), center=(249, 222)
[INFO] [1789634963.643941588] [vision_manager]: Book detected: xyz=(-0.092, 0.032, 0.400), center=(247, 265)
[INFO] [1789634963.760789636] [vision_manager]: Book detected: xyz=(-0.087, -0.179, 0.401), center=(251, 98)
[INFO] [1789634963.762635348] [vision_manager]: Book detected: xyz=(0.734, 0.005, 0.869), center=(588, 242)
[INFO] [1789634963.764435441] [vision_manager]: Book detected: xyz=(-0.112, -0.096, 0.507), center=(250, 180)
[INFO] [1789634963.766229473] [vision_manager]: Book detected: xyz=(0.630, 0.000, 0.869), center=(550, 240)
[INFO] [1789634963.768066035] [vision_manager]: Book detected: xyz=(-0.091, -0.022, 0.403), center=(248, 223)
[INFO] [1789634963.769703465] [vision_manager]: Book detected: xyz=(-0.091, 0.035, 0.400), center=(248, 268)
[INFO] [1789634963.890259073] [vision_manager]: Book detected: xyz=(-0.086, -0.179, 0.401), center=(252, 98)
[INFO] [1789634963.891543258] [vision_manager]: Book detected: xyz=(0.734, 0.005, 0.869), center=(588, 242)
[INFO] [1789634963.892666947] [vision_manager]: Book detected: xyz=(-0.112, -0.096, 0.507), center=(250, 180)
[INFO] [1789634963.893743746] [vision_manager]: Book detected: xyz=(0.633, 0.000, 0.869), center=(551, 240)
[INFO] [1789634963.894920792] [vision_manager]: Book detected: xyz=(-0.093, -0.021, 0.411), center=(248, 224)
[INFO] [1789634963.895948659] [vision_manager]: Book detected: xyz=(-0.091, 0.034, 0.400), center=(248, 267)
[INFO] [1789634964.027563461] [vision_manager]: Book detected: xyz=(-0.086, -0.179, 0.401), center=(252, 98)
[INFO] [1789634964.029562427] [vision_manager]: Book detected: xyz=(0.734, 0.005, 0.869), center=(588, 242)
[INFO] [1789634964.031212761] [vision_manager]: Book detected: xyz=(-0.112, -0.096, 0.507), center=(250, 180)
[INFO] [1789634964.032801179] [vision_manager]: Book detected: xyz=(0.644, 0.000, 0.869), center=(555, 240)
[INFO] [1789634964.034949814] [vision_manager]: Book detected: xyz=(-0.091, -0.023, 0.402), center=(248, 222)
[INFO] [1789634964.037543996] [vision_manager]: Book detected: xyz=(-0.091, 0.038, 0.400), center=(248, 270)
[INFO] [1789634964.140030129] [vision_manager]: Book detected: xyz=(-0.087, -0.179, 0.401), center=(251, 98)
[INFO] [1789634964.141020413] [vision_manager]: Book detected: xyz=(0.734, 0.005, 0.869), center=(588, 242)
[INFO] [1789634964.141954401] [vision_manager]: Book detected: xyz=(-0.112, -0.096, 0.507), center=(250, 180)
[INFO] [1789634964.142901158] [vision_manager]: Book detected: xyz=(0.641, 0.000, 0.869), center=(554, 240)
[INFO] [1789634964.143834257] [vision_manager]: Book detected: xyz=(-0.090, -0.024, 0.402), center=(249, 221)
[INFO] [1789634964.144753498] [vision_manager]: Book detected: xyz=(-0.091, 0.039, 0.400), center=(248, 271)
[INFO] [1789634964.242696428] [vision_manager]: Book detected: xyz=(-0.086, -0.179, 0.401), center=(252, 98)
[INFO] [1789634964.243929553] [vision_manager]: Book detected: xyz=(-0.112, -0.096, 0.507), center=(250, 180)
[INFO] [1789634964.245077447] [vision_manager]: Book detected: xyz=(0.734, 0.005, 0.869), center=(588, 242)
[INFO] [1789634964.246042086] [vision_manager]: Book detected: xyz=(0.641, 0.000, 0.869), center=(554, 240)
[INFO] [1789634964.247001150] [vision_manager]: Book detected: xyz=(-0.090, -0.022, 0.403), center=(249, 223)
[INFO] [1789634964.248021361] [vision_manager]: Book detected: xyz=(-0.091, 0.032, 0.400), center=(248, 265)
[INFO] [1789634964.365148986] [vision_manager]: Book detected: xyz=(-0.086, -0.179, 0.401), center=(252, 98)
[INFO] [1789634964.366224599] [vision_manager]: Book detected: xyz=(0.734, 0.005, 0.869), center=(588, 242)
[INFO] [1789634964.367273409] [vision_manager]: Book detected: xyz=(-0.112, -0.096, 0.507), center=(250, 180)
[INFO] [1789634964.368313292] [vision_manager]: Book detected: xyz=(0.644, 0.000, 0.869), center=(555, 240)
[INFO] [1789634964.369347922] [vision_manager]: Book detected: xyz=(-0.091, -0.022, 0.403), center=(248, 223)
[INFO] [1789634964.370391440] [vision_manager]: Book detected: xyz=(-0.091, 0.038, 0.400), center=(248, 270)
[INFO] [1789634964.500079012] [vision_manager]: Book detected: xyz=(-0.086, -0.179, 0.401), center=(252, 98)
[INFO] [1789634964.501015686] [vision_manager]: Book detected: xyz=(-0.112, -0.096, 0.507), center=(250, 180)
[INFO] [1789634964.501952429] [vision_manager]: Book detected: xyz=(0.734, 0.005, 0.869), center=(588, 242)
[INFO] [1789634964.502865054] [vision_manager]: Book detected: xyz=(0.619, 0.000, 0.869), center=(546, 240)
[INFO] [1789634964.503776584] [vision_manager]: Book detected: xyz=(-0.090, -0.022, 0.403), center=(249, 223)
[INFO] [1789634964.504675941] [vision_manager]: Book detected: xyz=(-0.091, 0.037, 0.400), center=(248, 269)
[INFO] [1789634964.635410185] [vision_manager]: Book detected: xyz=(-0.086, -0.179, 0.401), center=(252, 98)
[INFO] [1789634964.636902164] [vision_manager]: Book detected: xyz=(-0.112, -0.096, 0.507), center=(250, 180)
[INFO] [1789634964.638363025] [vision_manager]: Book detected: xyz=(0.734, 0.005, 0.869), center=(588, 242)
[INFO] [1789634964.639820134] [vision_manager]: Book detected: xyz=(0.630, 0.000, 0.869), center=(550, 240)
[INFO] [1789634964.641284120] [vision_manager]: Book detected: xyz=(-0.091, -0.022, 0.403), center=(248, 223)
[INFO] [1789634964.642622568] [vision_manager]: Book detected: xyz=(-0.091, 0.040, 0.400), center=(248, 272)
[INFO] [1789634964.780990852] [vision_manager]: Book detected: xyz=(-0.086, -0.179, 0.401), center=(252, 98)
[INFO] [1789634964.782489424] [vision_manager]: Book detected: xyz=(-0.110, -0.096, 0.507), center=(251, 180)
[INFO] [1789634964.783926430] [vision_manager]: Book detected: xyz=(0.734, 0.005, 0.869), center=(588, 242)
[INFO] [1789634964.785379606] [vision_manager]: Book detected: xyz=(0.649, 0.000, 0.869), center=(557, 240)
[INFO] [1789634964.786682904] [vision_manager]: Book detected: xyz=(-0.091, -0.022, 0.403), center=(248, 223)
[INFO] [1789634964.787881114] [vision_manager]: Book detected: xyz=(-0.091, 0.037, 0.400), center=(248, 269)
[INFO] [1789634964.902843557] [vision_manager]: Book detected: xyz=(-0.085, -0.179, 0.401), center=(253, 98)
[INFO] [1789634964.903824304] [vision_manager]: Book detected: xyz=(-0.110, -0.096, 0.507), center=(251, 180)
[INFO] [1789634964.904750619] [vision_manager]: Book detected: xyz=(0.734, 0.005, 0.869), center=(588, 242)
[INFO] [1789634964.905837643] [vision_manager]: Book detected: xyz=(0.647, 0.000, 0.869), center=(556, 240)
[INFO] [1789634964.906908318] [vision_manager]: Book detected: xyz=(-0.091, -0.022, 0.403), center=(248, 223)
[INFO] [1789634964.907859486] [vision_manager]: Book detected: xyz=(-0.092, 0.030, 0.400), center=(247, 264)
[INFO] [1789634965.035241703] [vision_manager]: Book detected: xyz=(-0.085, -0.179, 0.401), center=(253, 98)
[INFO] [1789634965.036737279] [vision_manager]: Book detected: xyz=(-0.110, -0.096, 0.499), center=(250, 179)
[INFO] [1789634965.038178505] [vision_manager]: Book detected: xyz=(0.734, 0.005, 0.869), center=(588, 242)
[INFO] [1789634965.039382340] [vision_manager]: Book detected: xyz=(0.649, 0.000, 0.869), center=(557, 240)
[INFO] [1789634965.040589769] [vision_manager]: Book detected: xyz=(-0.091, -0.022, 0.403), center=(248, 223)
[INFO] [1789634965.041786557] [vision_manager]: Book detected: xyz=(-0.092, 0.038, 0.400), center=(247, 270)
[INFO] [1789634965.171118961] [vision_manager]: Book detected: xyz=(-0.085, -0.180, 0.400), center=(253, 97)
[INFO] [1789634965.172251746] [vision_manager]: Book detected: xyz=(-0.110, -0.096, 0.507), center=(251, 180)
[INFO] [1789634965.173229447] [vision_manager]: Book detected: xyz=(0.734, 0.005, 0.869), center=(588, 242)
[INFO] [1789634965.174357783] [vision_manager]: Book detected: xyz=(0.633, 0.000, 0.869), center=(551, 240)
[INFO] [1789634965.175275387] [vision_manager]: Book detected: xyz=(-0.091, -0.022, 0.403), center=(248, 223)
[INFO] [1789634965.176601546] [vision_manager]: Book detected: xyz=(-0.091, 0.039, 0.400), center=(248, 271)
[INFO] [1789634965.310426829] [vision_manager]: Book detected: xyz=(-0.086, -0.179, 0.401), center=(252, 98)
[INFO] [1789634965.311393027] [vision_manager]: Book detected: xyz=(-0.110, -0.096, 0.499), center=(250, 179)
[INFO] [1789634965.312322866] [vision_manager]: Book detected: xyz=(0.734, 0.005, 0.869), center=(588, 242)
[INFO] [1789634965.313267682] [vision_manager]: Book detected: xyz=(0.633, 0.000, 0.869), center=(551, 240)
[INFO] [1789634965.314197391] [vision_manager]: Book detected: xyz=(-0.091, -0.022, 0.403), center=(248, 223)
[INFO] [1789634965.315105427] [vision_manager]: Book detected: xyz=(-0.091, 0.040, 0.400), center=(248, 272)
[INFO] [1789634965.452272049] [vision_manager]: Book detected: xyz=(-0.086, -0.179, 0.401), center=(252, 98)
[INFO] [1789634965.453317439] [vision_manager]: Book detected: xyz=(-0.110, -0.096, 0.499), center=(250, 179)
[INFO] [1789634965.454298346] [vision_manager]: Book detected: xyz=(0.734, 0.005, 0.869), center=(588, 242)
[INFO] [1789634965.455217769] [vision_manager]: Book detected: xyz=(0.627, 0.000, 0.869), center=(549, 240)
[INFO] [1789634965.456132059] [vision_manager]: Book detected: xyz=(-0.091, -0.023, 0.402), center=(248, 222)
[INFO] [1789634965.457034480] [vision_manager]: Book detected: xyz=(-0.092, 0.039, 0.400), center=(247, 271)
[INFO] [1789634965.596959610] [vision_manager]: Book detected: xyz=(-0.085, -0.180, 0.400), center=(253, 97)
[INFO] [1789634965.599038434] [vision_manager]: Book detected: xyz=(-0.110, -0.096, 0.507), center=(251, 180)
[INFO] [1789634965.600987443] [vision_manager]: Book detected: xyz=(0.734, 0.005, 0.869), center=(588, 242)
[INFO] [1789634965.602930999] [vision_manager]: Book detected: xyz=(0.641, 0.000, 0.869), center=(554, 240)
[INFO] [1789634965.604876105] [vision_manager]: Book detected: xyz=(-0.091, -0.024, 0.402), center=(248, 221)
[INFO] [1789634965.739030528] [vision_manager]: Book detected: xyz=(-0.085, -0.180, 0.400), center=(253, 97)
[INFO] [1789634965.740752668] [vision_manager]: Book detected: xyz=(-0.110, -0.096, 0.507), center=(251, 180)
[INFO] [1789634965.742223782] [vision_manager]: Book detected: xyz=(0.734, 0.005, 0.869), center=(588, 242)
[INFO] [1789634965.743699110] [vision_manager]: Book detected: xyz=(0.633, 0.000, 0.869), center=(551, 240)
[INFO] [1789634965.745195906] [vision_manager]: Book detected: xyz=(-0.090, -0.024, 0.402), center=(249, 221)
[INFO] [1789634965.873173469] [vision_manager]: Book detected: xyz=(-0.085, -0.180, 0.400), center=(253, 97)
[INFO] [1789634965.874053606] [vision_manager]: Book detected: xyz=(-0.110, -0.096, 0.507), center=(251, 180)
[INFO] [1789634965.874883418] [vision_manager]: Book detected: xyz=(0.734, 0.005, 0.869), center=(588, 242)
[INFO] [1789634965.875716703] [vision_manager]: Book detected: xyz=(0.652, 0.000, 0.869), center=(558, 240)
[INFO] [1789634965.876553361] [vision_manager]: Book detected: xyz=(-0.126, -0.002, 0.563), center=(249, 239)
[INFO] [1789634965.877125973] [vision_manager]: No placeable empty shelf position found
[INFO] [1789634965.999689601] [vision_manager]: Book detected: xyz=(-0.085, -0.180, 0.400), center=(253, 97)
[INFO] [1789634966.001483259] [vision_manager]: Book detected: xyz=(-0.112, -0.096, 0.516), center=(251, 181)
[INFO] [1789634966.002945778] [vision_manager]: Book detected: xyz=(0.734, 0.005, 0.869), center=(588, 242)
[INFO] [1789634966.004422619] [vision_manager]: Book detected: xyz=(0.630, 0.000, 0.869), center=(550, 240)
[INFO] [1789634966.005875781] [vision_manager]: Book detected: xyz=(-0.090, -0.024, 0.402), center=(249, 221)
[INFO] [1789634966.126488307] [vision_manager]: Book detected: xyz=(-0.085, -0.180, 0.400), center=(253, 97)
[INFO] [1789634966.127530401] [vision_manager]: Book detected: xyz=(-0.110, -0.096, 0.507), center=(251, 180)
[INFO] [1789634966.128455903] [vision_manager]: Book detected: xyz=(0.734, 0.005, 0.869), center=(588, 242)
[INFO] [1789634966.129373446] [vision_manager]: Book detected: xyz=(0.622, 0.000, 0.869), center=(547, 240)
[INFO] [1789634966.130291557] [vision_manager]: Book detected: xyz=(-0.126, -0.004, 0.563), center=(249, 238)
[INFO] [1789634966.130931358] [vision_manager]: No placeable empty shelf position found
[INFO] [1789634966.262161403] [vision_manager]: Book detected: xyz=(-0.085, -0.179, 0.401), center=(253, 98)
[INFO] [1789634966.263118560] [vision_manager]: Book detected: xyz=(-0.110, -0.096, 0.507), center=(251, 180)
[INFO] [1789634966.264040082] [vision_manager]: Book detected: xyz=(0.734, 0.005, 0.869), center=(588, 242)
[INFO] [1789634966.264961109] [vision_manager]: Book detected: xyz=(0.638, 0.000, 0.869), center=(553, 240)
[INFO] [1789634966.265872707] [vision_manager]: Book detected: xyz=(-0.090, -0.024, 0.402), center=(249, 221)
[INFO] [1789634966.402867274] [vision_manager]: Book detected: xyz=(-0.085, -0.180, 0.400), center=(253, 97)
[INFO] [1789634966.404035936] [vision_manager]: Book detected: xyz=(-0.110, -0.096, 0.507), center=(251, 180)
[INFO] [1789634966.405147252] [vision_manager]: Book detected: xyz=(0.734, 0.005, 0.869), center=(588, 242)
[INFO] [1789634966.406232563] [vision_manager]: Book detected: xyz=(0.614, 0.000, 0.869), center=(544, 240)
[INFO] [1789634966.407235944] [vision_manager]: Book detected: xyz=(-0.090, -0.024, 0.402), center=(249, 221)
[INFO] [1789634966.565390650] [vision_manager]: Book detected: xyz=(-0.085, -0.180, 0.400), center=(253, 97)
[INFO] [1789634966.566880307] [vision_manager]: Book detected: xyz=(-0.110, -0.096, 0.507), center=(251, 180)
[INFO] [1789634966.568313516] [vision_manager]: Book detected: xyz=(0.734, 0.005, 0.869), center=(588, 242)
[INFO] [1789634966.569530407] [vision_manager]: Book detected: xyz=(0.622, 0.000, 0.869), center=(547, 240)
[INFO] [1789634966.570744814] [vision_manager]: Book detected: xyz=(-0.091, -0.024, 0.402), center=(248, 221)
[INFO] [1789634966.571988961] [vision_manager]: Book detected: xyz=(-0.091, 0.039, 0.400), center=(248, 271)
[INFO] [1789634966.710277558] [vision_manager]: Book detected: xyz=(-0.086, -0.180, 0.400), center=(252, 97)
[INFO] [1789634966.711090889] [vision_manager]: Book detected: xyz=(-0.110, -0.096, 0.507), center=(251, 180)
[INFO] [1789634966.711849192] [vision_manager]: Book detected: xyz=(0.734, 0.005, 0.869), center=(588, 242)
[INFO] [1789634966.712601803] [vision_manager]: Book detected: xyz=(0.616, 0.000, 0.869), center=(545, 240)
[INFO] [1789634966.713341053] [vision_manager]: Book detected: xyz=(-0.090, -0.024, 0.402), center=(249, 221)
[INFO] [1789634966.714043560] [vision_manager]: Book detected: xyz=(-0.090, 0.039, 0.400), center=(249, 271)
[INFO] [1789634966.849880159] [vision_manager]: Book detected: xyz=(-0.086, -0.180, 0.400), center=(252, 97)
[INFO] [1789634966.850874900] [vision_manager]: Book detected: xyz=(-0.110, -0.096, 0.507), center=(251, 180)
[INFO] [1789634966.851809345] [vision_manager]: Book detected: xyz=(0.734, 0.005, 0.869), center=(588, 242)
[INFO] [1789634966.852724404] [vision_manager]: Book detected: xyz=(0.616, 0.000, 0.869), center=(545, 240)
[INFO] [1789634966.853630462] [vision_manager]: Book detected: xyz=(-0.090, -0.023, 0.402), center=(249, 222)
[INFO] [1789634966.854560434] [vision_manager]: Book detected: xyz=(-0.090, 0.040, 0.400), center=(249, 272)
[INFO] [1789634967.000146127] [vision_manager]: Book detected: xyz=(-0.085, -0.180, 0.400), center=(253, 97)
[INFO] [1789634967.001425959] [vision_manager]: Book detected: xyz=(-0.110, -0.096, 0.507), center=(251, 180)
[INFO] [1789634967.002647637] [vision_manager]: Book detected: xyz=(0.734, 0.005, 0.869), center=(588, 242)
[INFO] [1789634967.003866699] [vision_manager]: Book detected: xyz=(0.411, 0.000, 0.593), center=(540, 240)
[INFO] [1789634967.005098038] [vision_manager]: Book detected: xyz=(-0.090, -0.023, 0.402), center=(249, 222)
[INFO] [1789634967.006345549] [vision_manager]: Book detected: xyz=(-0.090, 0.039, 0.400), center=(249, 271)
[INFO] [1789634967.147614026] [vision_manager]: Book detected: xyz=(-0.085, -0.180, 0.400), center=(253, 97)
[INFO] [1789634967.148610263] [vision_manager]: Book detected: xyz=(-0.108, -0.096, 0.499), center=(251, 179)
[INFO] [1789634967.149583637] [vision_manager]: Book detected: xyz=(0.734, 0.005, 0.869), center=(588, 242)
[INFO] [1789634967.150589921] [vision_manager]: Book detected: xyz=(0.625, 0.000, 0.869), center=(548, 240)
[INFO] [1789634967.151976420] [vision_manager]: Book detected: xyz=(-0.091, -0.023, 0.402), center=(248, 222)
[INFO] [1789634967.153319346] [vision_manager]: Book detected: xyz=(-0.091, 0.039, 0.400), center=(248, 271)
[INFO] [1789634967.280391362] [vision_manager]: Book detected: xyz=(-0.085, -0.180, 0.400), center=(253, 97)
[INFO] [1789634967.281331488] [vision_manager]: Book detected: xyz=(-0.108, -0.096, 0.499), center=(251, 179)
[INFO] [1789634967.282235410] [vision_manager]: Book detected: xyz=(0.734, 0.005, 0.869), center=(588, 242)
[INFO] [1789634967.283103209] [vision_manager]: Book detected: xyz=(0.627, 0.000, 0.869), center=(549, 240)
[INFO] [1789634967.283966510] [vision_manager]: Book detected: xyz=(-0.090, -0.022, 0.403), center=(249, 223)
[INFO] [1789634967.284821924] [vision_manager]: Book detected: xyz=(-0.091, 0.040, 0.400), center=(248, 272)
[INFO] [1789634967.422634776] [vision_manager]: Book detected: xyz=(-0.085, -0.180, 0.400), center=(253, 97)
[INFO] [1789634967.423665479] [vision_manager]: Book detected: xyz=(-0.107, -0.096, 0.491), center=(251, 178)
[INFO] [1789634967.424581431] [vision_manager]: Book detected: xyz=(0.734, 0.005, 0.869), center=(588, 242)
[INFO] [1789634967.425491338] [vision_manager]: Book detected: xyz=(0.630, 0.000, 0.869), center=(550, 240)
[INFO] [1789634967.426395279] [vision_manager]: Book detected: xyz=(-0.090, -0.022, 0.403), center=(249, 223)
[INFO] [1789634967.427304844] [vision_manager]: Book detected: xyz=(-0.090, 0.039, 0.400), center=(249, 271)
[INFO] [1789634967.566689504] [vision_manager]: Book detected: xyz=(-0.085, -0.180, 0.400), center=(253, 97)
[INFO] [1789634967.568183157] [vision_manager]: Book detected: xyz=(-0.107, -0.096, 0.491), center=(251, 178)
[INFO] [1789634967.569540922] [vision_manager]: Book detected: xyz=(0.734, 0.005, 0.869), center=(588, 242)
[INFO] [1789634967.570852351] [vision_manager]: Book detected: xyz=(0.636, 0.000, 0.869), center=(552, 240)
[INFO] [1789634967.572142195] [vision_manager]: Book detected: xyz=(-0.090, -0.023, 0.402), center=(249, 222)
[INFO] [1789634967.573424845] [vision_manager]: Book detected: xyz=(-0.090, 0.039, 0.400), center=(249, 271)
[INFO] [1789634967.759557403] [vision_manager]: Book detected: xyz=(-0.085, -0.180, 0.400), center=(253, 97)
[INFO] [1789634967.760360653] [vision_manager]: Book detected: xyz=(-0.103, -0.096, 0.475), center=(251, 176)
[INFO] [1789634967.761147986] [vision_manager]: Book detected: xyz=(0.734, 0.005, 0.869), center=(588, 242)
[INFO] [1789634967.761874595] [vision_manager]: Book detected: xyz=(0.616, 0.000, 0.869), center=(545, 240)
[INFO] [1789634967.762634499] [vision_manager]: Book detected: xyz=(-0.091, 0.040, 0.400), center=(248, 272)
[INFO] [1789634967.887566070] [vision_manager]: Book detected: xyz=(-0.085, -0.180, 0.400), center=(253, 97)
[INFO] [1789634967.888663183] [vision_manager]: Book detected: xyz=(0.734, 0.005, 0.869), center=(588, 242)
[INFO] [1789634967.889704880] [vision_manager]: Book detected: xyz=(-0.105, -0.096, 0.483), center=(251, 177)
[INFO] [1789634967.890754212] [vision_manager]: Book detected: xyz=(0.630, 0.000, 0.869), center=(550, 240)
[INFO] [1789634967.891727548] [vision_manager]: Book detected: xyz=(-0.091, 0.040, 0.400), center=(248, 272)
[INFO] [1789634968.026256602] [vision_manager]: Book detected: xyz=(-0.085, -0.180, 0.400), center=(253, 97)
[INFO] [1789634968.027211273] [vision_manager]: Book detected: xyz=(-0.108, -0.096, 0.499), center=(251, 179)
[INFO] [1789634968.028128078] [vision_manager]: Book detected: xyz=(0.734, 0.005, 0.869), center=(588, 242)
[INFO] [1789634968.029039824] [vision_manager]: Book detected: xyz=(0.614, 0.000, 0.869), center=(544, 240)
[INFO] [1789634968.029955849] [vision_manager]: Book detected: xyz=(-0.091, -0.023, 0.402), center=(248, 222)
[INFO] [1789634968.030868500] [vision_manager]: Book detected: xyz=(-0.092, 0.039, 0.400), center=(247, 271)
[INFO] [1789634968.169996937] [vision_manager]: Book detected: xyz=(-0.086, -0.180, 0.400), center=(252, 97)
[INFO] [1789634968.171287669] [vision_manager]: Book detected: xyz=(0.734, 0.005, 0.869), center=(588, 242)
[INFO] [1789634968.172440697] [vision_manager]: Book detected: xyz=(-0.110, -0.096, 0.499), center=(250, 179)
[INFO] [1789634968.173517406] [vision_manager]: Book detected: xyz=(0.410, 0.000, 0.593), center=(539, 240)
[INFO] [1789634968.174580083] [vision_manager]: Book detected: xyz=(-0.128, -0.080, 0.563), center=(248, 195)
[INFO] [1789634968.175622342] [vision_manager]: Book detected: xyz=(-0.092, 0.040, 0.400), center=(247, 272)
[INFO] [1789634968.300752721] [vision_manager]: Book detected: xyz=(-0.086, -0.180, 0.400), center=(252, 97)
[INFO] [1789634968.301725601] [vision_manager]: Book detected: xyz=(-0.112, -0.096, 0.516), center=(251, 181)
[INFO] [1789634968.302674365] [vision_manager]: Book detected: xyz=(0.734, 0.005, 0.869), center=(588, 242)
[INFO] [1789634968.303620667] [vision_manager]: Book detected: xyz=(0.608, 0.000, 0.869), center=(542, 240)
[INFO] [1789634968.304531086] [vision_manager]: Book detected: xyz=(-0.090, -0.023, 0.402), center=(249, 222)
[INFO] [1789634968.305439963] [vision_manager]: Book detected: xyz=(-0.091, 0.038, 0.400), center=(248, 270)
[INFO] [1789634968.444416539] [vision_manager]: Book detected: xyz=(-0.086, -0.180, 0.400), center=(252, 97)
[INFO] [1789634968.445372045] [vision_manager]: Book detected: xyz=(-0.110, -0.096, 0.507), center=(251, 180)
[INFO] [1789634968.446280944] [vision_manager]: Book detected: xyz=(0.734, 0.005, 0.869), center=(588, 242)
[INFO] [1789634968.447189917] [vision_manager]: Book detected: xyz=(0.411, 0.000, 0.593), center=(540, 240)
[INFO] [1789634968.448099445] [vision_manager]: Book detected: xyz=(-0.091, -0.023, 0.402), center=(248, 222)
[INFO] [1789634968.448993439] [vision_manager]: Book detected: xyz=(-0.091, 0.039, 0.400), center=(248, 271)
[INFO] [1789634968.587666350] [vision_manager]: Book detected: xyz=(-0.086, -0.180, 0.400), center=(252, 97)
[INFO] [1789634968.588484955] [vision_manager]: Book detected: xyz=(-0.112, -0.096, 0.507), center=(250, 180)
[INFO] [1789634968.589262587] [vision_manager]: Book detected: xyz=(0.734, 0.005, 0.869), center=(588, 242)
[INFO] [1789634968.590027611] [vision_manager]: Book detected: xyz=(0.411, 0.000, 0.593), center=(540, 240)
[INFO] [1789634968.590784835] [vision_manager]: Book detected: xyz=(-0.091, -0.023, 0.402), center=(248, 222)
[INFO] [1789634968.591539980] [vision_manager]: Book detected: xyz=(-0.091, 0.038, 0.400), center=(248, 270)
[INFO] [1789634968.734786060] [vision_manager]: Book detected: xyz=(-0.086, -0.180, 0.400), center=(252, 97)
[INFO] [1789634968.735786479] [vision_manager]: Book detected: xyz=(-0.112, -0.096, 0.507), center=(250, 180)
[INFO] [1789634968.736739636] [vision_manager]: Book detected: xyz=(0.734, 0.005, 0.869), center=(588, 242)
[INFO] [1789634968.737712497] [vision_manager]: Book detected: xyz=(0.606, 0.000, 0.869), center=(541, 240)
[INFO] [1789634968.738634459] [vision_manager]: Book detected: xyz=(-0.091, -0.023, 0.402), center=(248, 222)
[INFO] [1789634968.739557414] [vision_manager]: Book detected: xyz=(-0.091, 0.038, 0.400), center=(248, 270)
[INFO] [1789634968.867625349] [vision_manager]: Book detected: xyz=(-0.087, -0.180, 0.400), center=(251, 97)
[INFO] [1789634968.869497903] [vision_manager]: Book detected: xyz=(-0.112, -0.096, 0.507), center=(250, 180)
[INFO] [1789634968.871683180] [vision_manager]: Book detected: xyz=(0.734, 0.005, 0.869), center=(588, 242)
[INFO] [1789634968.873583554] [vision_manager]: Book detected: xyz=(0.622, 0.000, 0.869), center=(547, 240)
[INFO] [1789634968.874885486] [vision_manager]: Book detected: xyz=(-0.091, -0.023, 0.402), center=(248, 222)
[INFO] [1789634968.876187839] [vision_manager]: Book detected: xyz=(-0.092, 0.038, 0.400), center=(247, 270)
[INFO] [1789634969.008163920] [vision_manager]: Book detected: xyz=(-0.088, -0.180, 0.400), center=(250, 97)
[INFO] [1789634969.009658764] [vision_manager]: Book detected: xyz=(-0.114, -0.096, 0.516), center=(250, 181)
[INFO] [1789634969.011122503] [vision_manager]: Book detected: xyz=(0.734, 0.005, 0.869), center=(588, 242)
[INFO] [1789634969.012573368] [vision_manager]: Book detected: xyz=(0.608, 0.000, 0.869), center=(542, 240)
[INFO] [1789634969.014020350] [vision_manager]: Book detected: xyz=(-0.091, -0.022, 0.403), center=(248, 223)
[INFO] [1789634969.015548448] [vision_manager]: Book detected: xyz=(-0.092, 0.034, 0.400), center=(247, 267)
[INFO] [1789634969.129000275] [vision_manager]: Book detected: xyz=(-0.088, -0.180, 0.400), center=(250, 97)
[INFO] [1789634969.130097845] [vision_manager]: Book detected: xyz=(-0.114, -0.096, 0.516), center=(250, 181)
[INFO] [1789634969.131140418] [vision_manager]: Book detected: xyz=(0.734, 0.005, 0.869), center=(588, 242)
[INFO] [1789634969.132178349] [vision_manager]: Book detected: xyz=(0.611, 0.000, 0.869), center=(543, 240)
[INFO] [1789634969.133219683] [vision_manager]: Book detected: xyz=(-0.091, -0.022, 0.403), center=(248, 223)
[INFO] [1789634969.134128930] [vision_manager]: Book detected: xyz=(-0.092, 0.033, 0.400), center=(247, 266)
[INFO] [1789634969.241415240] [vision_manager]: Book detected: xyz=(-0.087, -0.180, 0.400), center=(251, 97)
[INFO] [1789634969.242361667] [vision_manager]: Book detected: xyz=(-0.114, -0.096, 0.516), center=(250, 181)
[INFO] [1789634969.243284449] [vision_manager]: Book detected: xyz=(0.734, 0.005, 0.869), center=(588, 242)
[INFO] [1789634969.244202719] [vision_manager]: Book detected: xyz=(0.608, 0.000, 0.869), center=(542, 240)
[INFO] [1789634969.245082409] [vision_manager]: Book detected: xyz=(-0.090, -0.022, 0.403), center=(249, 223)
[INFO] [1789634969.245956954] [vision_manager]: Book detected: xyz=(-0.091, 0.033, 0.400), center=(248, 266)
[INFO] [1789634969.358489068] [vision_manager]: Book detected: xyz=(-0.088, -0.180, 0.400), center=(250, 97)
[INFO] [1789634969.359455453] [vision_manager]: Book detected: xyz=(-0.114, -0.096, 0.516), center=(250, 181)
[INFO] [1789634969.360371800] [vision_manager]: Book detected: xyz=(0.734, 0.005, 0.869), center=(588, 242)
[INFO] [1789634969.361290970] [vision_manager]: Book detected: xyz=(0.411, 0.000, 0.593), center=(540, 240)
[INFO] [1789634969.362175728] [vision_manager]: Book detected: xyz=(-0.092, -0.021, 0.411), center=(249, 224)
[INFO] [1789634969.363070656] [vision_manager]: Book detected: xyz=(-0.091, 0.027, 0.401), center=(248, 261)
[INFO] [1789634969.475799167] [vision_manager]: Book detected: xyz=(-0.088, -0.180, 0.400), center=(250, 97)
[INFO] [1789634969.476886557] [vision_manager]: Book detected: xyz=(-0.112, -0.096, 0.507), center=(250, 180)
[INFO] [1789634969.477918142] [vision_manager]: Book detected: xyz=(0.734, 0.005, 0.869), center=(588, 242)
[INFO] [1789634969.478923177] [vision_manager]: Book detected: xyz=(0.608, 0.000, 0.869), center=(542, 240)
[INFO] [1789634969.479917562] [vision_manager]: Book detected: xyz=(-0.090, -0.022, 0.403), center=(249, 223)
[INFO] [1789634969.480878133] [vision_manager]: Book detected: xyz=(-0.091, 0.025, 0.401), center=(248, 260)
[INFO] [1789634969.597345188] [vision_manager]: Book detected: xyz=(-0.088, -0.180, 0.400), center=(250, 97)
[INFO] [1789634969.598838997] [vision_manager]: Book detected: xyz=(-0.117, -0.096, 0.525), center=(249, 182)
[INFO] [1789634969.600301131] [vision_manager]: Book detected: xyz=(0.734, 0.005, 0.869), center=(588, 242)
[INFO] [1789634969.601662548] [vision_manager]: Book detected: xyz=(0.611, 0.000, 0.869), center=(543, 240)
[INFO] [1789634969.602898156] [vision_manager]: Book detected: xyz=(-0.090, -0.023, 0.402), center=(249, 222)
[INFO] [1789634969.715633178] [vision_manager]: Book detected: xyz=(-0.088, -0.180, 0.400), center=(250, 97)
[INFO] [1789634969.717486644] [vision_manager]: Book detected: xyz=(-0.114, -0.096, 0.507), center=(249, 180)
[INFO] [1789634969.719097563] [vision_manager]: Book detected: xyz=(0.734, 0.005, 0.869), center=(588, 242)
[INFO] [1789634969.720534835] [vision_manager]: Book detected: xyz=(0.616, 0.000, 0.869), center=(545, 240)
[INFO] [1789634969.721964614] [vision_manager]: Book detected: xyz=(-0.100, -0.021, 0.439), center=(248, 225)
[INFO] [1789634969.825508438] [vision_manager]: Book detected: xyz=(-0.087, -0.180, 0.400), center=(251, 97)
[INFO] [1789634969.826467310] [vision_manager]: Book detected: xyz=(-0.114, -0.096, 0.516), center=(250, 181)
[INFO] [1789634969.827427677] [vision_manager]: Book detected: xyz=(0.734, 0.005, 0.869), center=(588, 242)
[INFO] [1789634969.828405110] [vision_manager]: Book detected: xyz=(0.627, 0.000, 0.869), center=(549, 240)
[INFO] [1789634969.829332039] [vision_manager]: Book detected: xyz=(-0.098, -0.021, 0.439), center=(249, 225)
[INFO] [1789634969.948960638] [vision_manager]: Book detected: xyz=(-0.087, -0.180, 0.400), center=(251, 97)
[INFO] [1789634969.950832596] [vision_manager]: Book detected: xyz=(-0.112, -0.096, 0.507), center=(250, 180)
[INFO] [1789634969.952595733] [vision_manager]: Book detected: xyz=(0.734, 0.005, 0.869), center=(588, 242)
[INFO] [1789634969.954224791] [vision_manager]: Book detected: xyz=(0.616, 0.000, 0.869), center=(545, 240)
[INFO] [1789634969.956169402] [vision_manager]: Book detected: xyz=(-0.098, -0.021, 0.439), center=(249, 225)
[INFO] [1789634970.077367863] [vision_manager]: Book detected: xyz=(-0.086, -0.179, 0.401), center=(252, 98)
[INFO] [1789634970.078498252] [vision_manager]: Book detected: xyz=(-0.112, -0.096, 0.507), center=(250, 180)
[INFO] [1789634970.079457756] [vision_manager]: Book detected: xyz=(0.734, 0.005, 0.869), center=(588, 242)
[INFO] [1789634970.080385959] [vision_manager]: Book detected: xyz=(0.616, 0.000, 0.869), center=(545, 240)
[INFO] [1789634970.081296939] [vision_manager]: Book detected: xyz=(-0.106, -0.021, 0.472), center=(249, 226)
[INFO] [1789634970.081931693] [vision_manager]: No placeable empty shelf position found
[INFO] [1789634970.230210049] [vision_manager]: Book detected: xyz=(-0.086, -0.179, 0.401), center=(252, 98)
[INFO] [1789634970.231912491] [vision_manager]: Book detected: xyz=(-0.112, -0.096, 0.507), center=(250, 180)
[INFO] [1789634970.233474322] [vision_manager]: Book detected: xyz=(0.734, 0.005, 0.869), center=(588, 242)
[INFO] [1789634970.234638183] [vision_manager]: Book detected: xyz=(0.633, 0.000, 0.869), center=(551, 240)
[INFO] [1789634970.235692754] [vision_manager]: Book detected: xyz=(-0.098, -0.021, 0.439), center=(249, 225)
[INFO] [1789634970.236737909] [vision_manager]: Book detected: xyz=(-0.091, 0.028, 0.401), center=(248, 262)
[INFO] [1789634970.384962850] [vision_manager]: Book detected: xyz=(-0.087, -0.179, 0.401), center=(251, 98)
[INFO] [1789634970.387549762] [vision_manager]: Book detected: xyz=(-0.110, -0.096, 0.499), center=(250, 179)
[INFO] [1789634970.390580439] [vision_manager]: Book detected: xyz=(0.734, 0.005, 0.869), center=(588, 242)
[INFO] [1789634970.392601421] [vision_manager]: Book detected: xyz=(0.644, 0.000, 0.869), center=(555, 240)
[INFO] [1789634970.394387676] [vision_manager]: Book detected: xyz=(-0.107, -0.021, 0.472), center=(248, 226)
[INFO] [1789634970.395794581] [vision_manager]: Book detected: xyz=(-0.092, 0.033, 0.400), center=(247, 266)
[INFO] [1789634970.396859826] [vision_manager]: No placeable empty shelf position found
[INFO] [1789634970.527600435] [vision_manager]: Book detected: xyz=(-0.087, -0.180, 0.400), center=(251, 97)
[INFO] [1789634970.529314045] [vision_manager]: Book detected: xyz=(-0.110, -0.096, 0.499), center=(250, 179)
[INFO] [1789634970.530830812] [vision_manager]: Book detected: xyz=(0.734, 0.005, 0.869), center=(588, 242)
[INFO] [1789634970.532263738] [vision_manager]: Book detected: xyz=(0.630, 0.000, 0.869), center=(550, 240)
[INFO] [1789634970.533611279] [vision_manager]: Book detected: xyz=(-0.100, -0.021, 0.439), center=(248, 225)
[INFO] [1789634970.534843188] [vision_manager]: Book detected: xyz=(-0.091, 0.028, 0.401), center=(248, 262)
[INFO] [1789634970.687968018] [vision_manager]: Book detected: xyz=(-0.088, -0.180, 0.400), center=(250, 97)
[INFO] [1789634970.690130920] [vision_manager]: Book detected: xyz=(-0.112, -0.096, 0.507), center=(250, 180)
[INFO] [1789634970.691830918] [vision_manager]: Book detected: xyz=(0.734, 0.005, 0.869), center=(588, 242)
[INFO] [1789634970.693478527] [vision_manager]: Book detected: xyz=(0.616, 0.000, 0.869), center=(545, 240)
[INFO] [1789634970.695351496] [vision_manager]: Book detected: xyz=(-0.098, -0.021, 0.439), center=(249, 225)
[INFO] [1789634970.862532543] [vision_manager]: Book detected: xyz=(-0.087, -0.179, 0.401), center=(251, 98)
[INFO] [1789634970.864265251] [vision_manager]: Book detected: xyz=(-0.112, -0.096, 0.507), center=(250, 180)
[INFO] [1789634970.865880413] [vision_manager]: Book detected: xyz=(0.734, 0.005, 0.869), center=(588, 242)
[INFO] [1789634970.867505113] [vision_manager]: Book detected: xyz=(0.614, 0.000, 0.869), center=(544, 240)
[INFO] [1789634970.869193703] [vision_manager]: Book detected: xyz=(-0.107, -0.021, 0.472), center=(248, 226)
[INFO] [1789634970.870741978] [vision_manager]: Book detected: xyz=(-0.093, 0.019, 0.404), center=(247, 255)
[INFO] [1789634970.871679151] [vision_manager]: No placeable empty shelf position found
[INFO] [1789634971.010544380] [vision_manager]: Book detected: xyz=(-0.087, -0.179, 0.401), center=(251, 98)
[INFO] [1789634971.012007634] [vision_manager]: Book detected: xyz=(-0.114, -0.096, 0.507), center=(249, 180)
[INFO] [1789634971.013498532] [vision_manager]: Book detected: xyz=(0.734, 0.005, 0.869), center=(588, 242)
[INFO] [1789634971.014883786] [vision_manager]: Book detected: xyz=(0.619, 0.003, 0.869), center=(546, 241)
[INFO] [1789634971.016104170] [vision_manager]: Book detected: xyz=(-0.107, -0.021, 0.472), center=(248, 226)
[INFO] [1789634971.017329249] [vision_manager]: Book detected: xyz=(-0.094, 0.024, 0.401), center=(246, 259)
[INFO] [1789634971.018200648] [vision_manager]: No placeable empty shelf position found
[INFO] [1789634971.177805511] [vision_manager]: Book detected: xyz=(-0.087, -0.179, 0.401), center=(251, 98)
[INFO] [1789634971.179120712] [vision_manager]: Book detected: xyz=(-0.114, -0.096, 0.516), center=(250, 181)
[INFO] [1789634971.180479627] [vision_manager]: Book detected: xyz=(0.734, 0.005, 0.869), center=(588, 242)
[INFO] [1789634971.181757487] [vision_manager]: Book detected: xyz=(0.633, 0.000, 0.869), center=(551, 240)
[INFO] [1789634971.182988208] [vision_manager]: Book detected: xyz=(-0.106, -0.021, 0.472), center=(249, 226)
[INFO] [1789634971.184248262] [vision_manager]: Book detected: xyz=(-0.091, 0.027, 0.401), center=(248, 261)
[INFO] [1789634971.185250372] [vision_manager]: No placeable empty shelf position found
[INFO] [1789634971.326698598] [vision_manager]: Book detected: xyz=(-0.087, -0.180, 0.400), center=(251, 97)
[INFO] [1789634971.328144769] [vision_manager]: Book detected: xyz=(-0.110, -0.096, 0.507), center=(251, 180)
[INFO] [1789634971.329472103] [vision_manager]: Book detected: xyz=(0.734, 0.005, 0.869), center=(588, 242)
[INFO] [1789634971.330623462] [vision_manager]: Book detected: xyz=(0.630, 0.000, 0.869), center=(550, 240)
[INFO] [1789634971.331765399] [vision_manager]: Book detected: xyz=(-0.092, -0.021, 0.411), center=(249, 224)
[INFO] [1789634971.332964710] [vision_manager]: Book detected: xyz=(-0.090, 0.034, 0.400), center=(249, 267)
[INFO] [1789634971.455920417] [vision_manager]: Book detected: xyz=(-0.087, -0.180, 0.400), center=(251, 97)
[INFO] [1789634971.457503131] [vision_manager]: Book detected: xyz=(-0.110, -0.096, 0.499), center=(250, 179)
[INFO] [1789634971.458849424] [vision_manager]: Book detected: xyz=(0.734, 0.005, 0.869), center=(588, 242)
[INFO] [1789634971.460264487] [vision_manager]: Book detected: xyz=(0.627, 0.000, 0.869), center=(549, 240)
[INFO] [1789634971.461551407] [vision_manager]: Book detected: xyz=(-0.091, -0.022, 0.403), center=(248, 223)
[INFO] [1789634971.462674013] [vision_manager]: Book detected: xyz=(-0.091, 0.032, 0.400), center=(248, 265)
[INFO] [1789634971.570876308] [vision_manager]: Book detected: xyz=(-0.087, -0.180, 0.400), center=(251, 97)
[INFO] [1789634971.571962621] [vision_manager]: Book detected: xyz=(-0.110, -0.096, 0.507), center=(251, 180)
[INFO] [1789634971.573001815] [vision_manager]: Book detected: xyz=(0.734, 0.005, 0.869), center=(588, 242)
[INFO] [1789634971.573997122] [vision_manager]: Book detected: xyz=(0.636, 0.000, 0.869), center=(552, 240)
[INFO] [1789634971.574956973] [vision_manager]: Book detected: xyz=(-0.092, -0.021, 0.411), center=(249, 224)
[INFO] [1789634971.575897427] [vision_manager]: Book detected: xyz=(-0.091, 0.034, 0.400), center=(248, 267)
[INFO] [1789634971.679871047] [vision_manager]: Book detected: xyz=(-0.087, -0.180, 0.400), center=(251, 97)
[INFO] [1789634971.681266127] [vision_manager]: Book detected: xyz=(-0.110, -0.096, 0.507), center=(251, 180)
[INFO] [1789634971.682534924] [vision_manager]: Book detected: xyz=(0.734, 0.005, 0.869), center=(588, 242)
[INFO] [1789634971.683797408] [vision_manager]: Book detected: xyz=(0.630, 0.003, 0.869), center=(550, 241)
[INFO] [1789634971.685059608] [vision_manager]: Book detected: xyz=(-0.100, -0.021, 0.439), center=(248, 225)
[INFO] [1789634971.686318096] [vision_manager]: Book detected: xyz=(-0.091, 0.030, 0.400), center=(248, 264)
[INFO] [1789634971.794266285] [vision_manager]: Book detected: xyz=(-0.086, -0.180, 0.400), center=(252, 97)
[INFO] [1789634971.795391558] [vision_manager]: Book detected: xyz=(-0.114, -0.096, 0.516), center=(250, 181)
[INFO] [1789634971.796471526] [vision_manager]: Book detected: xyz=(0.734, 0.005, 0.869), center=(588, 242)
[INFO] [1789634971.797516882] [vision_manager]: Book detected: xyz=(0.644, 0.000, 0.869), center=(555, 240)
[INFO] [1789634971.798468019] [vision_manager]: Book detected: xyz=(-0.090, -0.024, 0.402), center=(249, 221)
[INFO] [1789634971.799407632] [vision_manager]: Book detected: xyz=(-0.092, 0.032, 0.400), center=(247, 265)
[INFO] [1789634971.905934620] [vision_manager]: Book detected: xyz=(-0.087, -0.180, 0.400), center=(251, 97)
[INFO] [1789634971.907489417] [vision_manager]: Book detected: xyz=(-0.112, -0.096, 0.507), center=(250, 180)
[INFO] [1789634971.957103239] [vision_manager]: Book detected: xyz=(0.734, 0.005, 0.869), center=(588, 242)
[INFO] [1789634971.957920081] [vision_manager]: Book detected: xyz=(0.658, 0.000, 0.869), center=(560, 240)
[INFO] [1789634971.958698722] [vision_manager]: Book detected: xyz=(-0.090, -0.022, 0.403), center=(249, 223)
[INFO] [1789634971.959455715] [vision_manager]: Book detected: xyz=(-0.093, 0.029, 0.400), center=(246, 263)
[INFO] [1789634972.052715456] [vision_manager]: Book detected: xyz=(-0.086, -0.180, 0.400), center=(252, 97)
[INFO] [1789634972.053703869] [vision_manager]: Book detected: xyz=(-0.110, -0.096, 0.507), center=(251, 180)
[INFO] [1789634972.054647405] [vision_manager]: Book detected: xyz=(0.734, 0.005, 0.869), center=(588, 242)
[INFO] [1789634972.055617829] [vision_manager]: Book detected: xyz=(0.644, 0.000, 0.869), center=(555, 240)
[INFO] [1789634972.056531530] [vision_manager]: Book detected: xyz=(-0.090, -0.022, 0.403), center=(249, 223)
[INFO] [1789634972.057458391] [vision_manager]: Book detected: xyz=(-0.091, 0.034, 0.400), center=(248, 267)
[INFO] [1789634972.173930991] [vision_manager]: Book detected: xyz=(-0.086, -0.180, 0.400), center=(252, 97)
[INFO] [1789634972.174929565] [vision_manager]: Book detected: xyz=(-0.108, -0.096, 0.499), center=(251, 179)
[INFO] [1789634972.175886147] [vision_manager]: Book detected: xyz=(0.734, 0.005, 0.869), center=(588, 242)
[INFO] [1789634972.176944345] [vision_manager]: Book detected: xyz=(0.649, 0.000, 0.869), center=(557, 240)
[INFO] [1789634972.178502157] [vision_manager]: Book detected: xyz=(-0.092, -0.021, 0.411), center=(249, 224)
[INFO] [1789634972.179946011] [vision_manager]: Book detected: xyz=(-0.091, 0.033, 0.400), center=(248, 266)
[INFO] [1789634972.286861120] [vision_manager]: Book detected: xyz=(-0.086, -0.180, 0.400), center=(252, 97)
[INFO] [1789634972.287853991] [vision_manager]: Book detected: xyz=(-0.108, -0.096, 0.499), center=(251, 179)
[INFO] [1789634972.288805587] [vision_manager]: Book detected: xyz=(0.734, 0.005, 0.869), center=(588, 242)
[INFO] [1789634972.289737950] [vision_manager]: Book detected: xyz=(0.627, 0.000, 0.869), center=(549, 240)
[INFO] [1789634972.290648527] [vision_manager]: Book detected: xyz=(-0.090, -0.022, 0.403), center=(249, 223)
[INFO] [1789634972.291557444] [vision_manager]: Book detected: xyz=(-0.091, 0.037, 0.400), center=(248, 269)
[INFO] [1789634972.408333911] [vision_manager]: Book detected: xyz=(-0.086, -0.180, 0.400), center=(252, 97)
[INFO] [1789634972.409496616] [vision_manager]: Book detected: xyz=(-0.107, -0.096, 0.491), center=(251, 178)
[INFO] [1789634972.410580841] [vision_manager]: Book detected: xyz=(0.734, 0.005, 0.869), center=(588, 242)
[INFO] [1789634972.411673611] [vision_manager]: Book detected: xyz=(0.630, 0.003, 0.869), center=(550, 241)
[INFO] [1789634972.412652581] [vision_manager]: Book detected: xyz=(-0.090, -0.022, 0.403), center=(249, 223)
[INFO] [1789634972.519235510] [vision_manager]: Book detected: xyz=(-0.086, -0.180, 0.400), center=(252, 97)
[INFO] [1789634972.520377852] [vision_manager]: Book detected: xyz=(-0.110, -0.096, 0.507), center=(251, 180)
[INFO] [1789634972.521490098] [vision_manager]: Book detected: xyz=(0.734, 0.005, 0.869), center=(588, 242)
[INFO] [1789634972.528355466] [vision_manager]: Book detected: xyz=(0.630, 0.000, 0.869), center=(550, 240)
[INFO] [1789634972.530627948] [vision_manager]: Book detected: xyz=(-0.090, -0.022, 0.403), center=(249, 223)
[INFO] [1789634972.532512386] [vision_manager]: Book detected: xyz=(-0.091, 0.037, 0.400), center=(248, 269)
[INFO] [1789634972.660677232] [vision_manager]: Book detected: xyz=(-0.086, -0.180, 0.400), center=(252, 97)
[INFO] [1789634972.662714806] [vision_manager]: Book detected: xyz=(-0.107, -0.096, 0.491), center=(251, 178)
[INFO] [1789634972.664517664] [vision_manager]: Book detected: xyz=(0.734, 0.005, 0.869), center=(588, 242)
[INFO] [1789634972.666352150] [vision_manager]: Book detected: xyz=(0.614, 0.000, 0.869), center=(544, 240)
[INFO] [1789634972.668143492] [vision_manager]: Book detected: xyz=(-0.091, -0.022, 0.403), center=(248, 223)
[INFO] [1789634972.669926182] [vision_manager]: Book detected: xyz=(-0.092, 0.037, 0.400), center=(247, 269)
[INFO] [1789634972.781697553] [vision_manager]: Book detected: xyz=(-0.086, -0.180, 0.400), center=(252, 97)
[INFO] [1789634972.783677554] [vision_manager]: Book detected: xyz=(-0.107, -0.096, 0.491), center=(251, 178)
[INFO] [1789634972.785659857] [vision_manager]: Book detected: xyz=(0.734, 0.005, 0.869), center=(588, 242)
[INFO] [1789634972.787552971] [vision_manager]: Book detected: xyz=(0.625, 0.003, 0.869), center=(548, 241)
[INFO] [1789634972.789086709] [vision_manager]: Book detected: xyz=(-0.093, -0.021, 0.411), center=(248, 224)
[INFO] [1789634972.790637424] [vision_manager]: Book detected: xyz=(-0.092, 0.033, 0.400), center=(247, 266)
[INFO] [1789634972.894968044] [vision_manager]: Book detected: xyz=(-0.086, -0.180, 0.400), center=(252, 97)
[INFO] [1789634972.896125781] [vision_manager]: Book detected: xyz=(-0.107, -0.096, 0.491), center=(251, 178)
[INFO] [1789634972.897173446] [vision_manager]: Book detected: xyz=(0.734, 0.005, 0.869), center=(588, 242)
[INFO] [1789634972.898216187] [vision_manager]: Book detected: xyz=(0.611, 0.000, 0.869), center=(543, 240)
[INFO] [1789634972.899255864] [vision_manager]: Book detected: xyz=(-0.090, -0.022, 0.403), center=(249, 223)
[INFO] [1789634972.900299784] [vision_manager]: Book detected: xyz=(-0.091, 0.034, 0.400), center=(248, 267)
[INFO] [1789634973.018271297] [vision_manager]: Book detected: xyz=(-0.086, -0.180, 0.400), center=(252, 97)
[INFO] [1789634973.019844468] [vision_manager]: Book detected: xyz=(-0.107, -0.096, 0.491), center=(251, 178)
[INFO] [1789634973.021378145] [vision_manager]: Book detected: xyz=(0.734, 0.005, 0.869), center=(588, 242)
[INFO] [1789634973.022631473] [vision_manager]: Book detected: xyz=(0.630, 0.000, 0.869), center=(550, 240)
[INFO] [1789634973.023925392] [vision_manager]: Book detected: xyz=(-0.090, -0.023, 0.402), center=(249, 222)
[INFO] [1789634973.136144744] [vision_manager]: Book detected: xyz=(-0.086, -0.180, 0.400), center=(252, 97)
[INFO] [1789634973.137133930] [vision_manager]: Book detected: xyz=(-0.108, -0.096, 0.499), center=(251, 179)
[INFO] [1789634973.138073815] [vision_manager]: Book detected: xyz=(0.734, 0.005, 0.869), center=(588, 242)
[INFO] [1789634973.139099074] [vision_manager]: Book detected: xyz=(0.406, 0.000, 0.593), center=(537, 240)
[INFO] [1789634973.140017906] [vision_manager]: Book detected: xyz=(-0.090, -0.022, 0.403), center=(249, 223)
[INFO] [1789634973.140935818] [vision_manager]: Book detected: xyz=(-0.091, 0.034, 0.400), center=(248, 267)
[INFO] [1789634973.250636142] [vision_manager]: Book detected: xyz=(-0.086, -0.180, 0.400), center=(252, 97)
[INFO] [1789634973.252213895] [vision_manager]: Book detected: xyz=(-0.107, -0.096, 0.491), center=(251, 178)
[INFO] [1789634973.253741554] [vision_manager]: Book detected: xyz=(0.734, 0.005, 0.869), center=(588, 242)
[INFO] [1789634973.255289572] [vision_manager]: Book detected: xyz=(0.625, 0.000, 0.869), center=(548, 240)
[INFO] [1789634973.256597590] [vision_manager]: Book detected: xyz=(-0.090, -0.022, 0.403), center=(249, 223)
[INFO] [1789634973.257855718] [vision_manager]: Book detected: xyz=(-0.091, 0.035, 0.400), center=(248, 268)
[INFO] [1789634973.380033933] [vision_manager]: Book detected: xyz=(-0.085, -0.180, 0.400), center=(253, 97)
[INFO] [1789634973.381574692] [vision_manager]: Book detected: xyz=(-0.107, -0.096, 0.491), center=(251, 178)
[INFO] [1789634973.382824746] [vision_manager]: Book detected: xyz=(0.734, 0.005, 0.869), center=(588, 242)
[INFO] [1789634973.384088690] [vision_manager]: Book detected: xyz=(0.619, 0.000, 0.869), center=(546, 240)
[INFO] [1789634973.385339335] [vision_manager]: Book detected: xyz=(-0.090, -0.022, 0.403), center=(249, 223)
[INFO] [1789634973.386596486] [vision_manager]: Book detected: xyz=(-0.091, 0.034, 0.400), center=(248, 267)
[INFO] [1789634973.481689307] [vision_manager]: Book detected: xyz=(-0.085, -0.180, 0.400), center=(253, 97)
[INFO] [1789634973.482677736] [vision_manager]: Book detected: xyz=(-0.107, -0.096, 0.491), center=(251, 178)
[INFO] [1789634973.483640046] [vision_manager]: Book detected: xyz=(0.734, 0.005, 0.869), center=(588, 242)
[INFO] [1789634973.484610812] [vision_manager]: Book detected: xyz=(0.630, 0.000, 0.869), center=(550, 240)
[INFO] [1789634973.485565765] [vision_manager]: Book detected: xyz=(-0.090, -0.022, 0.403), center=(249, 223)
[INFO] [1789634973.591959648] [vision_manager]: Book detected: xyz=(-0.086, -0.180, 0.400), center=(252, 97)
[INFO] [1789634973.592979715] [vision_manager]: Book detected: xyz=(-0.105, -0.096, 0.483), center=(251, 177)
[INFO] [1789634973.593944100] [vision_manager]: Book detected: xyz=(0.734, 0.005, 0.869), center=(588, 242)
[INFO] [1789634973.594900599] [vision_manager]: Book detected: xyz=(0.630, 0.000, 0.869), center=(550, 240)
[INFO] [1789634973.595840462] [vision_manager]: Book detected: xyz=(-0.090, -0.022, 0.403), center=(249, 223)
[INFO] [1789634973.703133727] [vision_manager]: Book detected: xyz=(-0.085, -0.180, 0.400), center=(253, 97)
[INFO] [1789634973.704719979] [vision_manager]: Book detected: xyz=(-0.107, -0.096, 0.491), center=(251, 178)
[INFO] [1789634973.706113533] [vision_manager]: Book detected: xyz=(0.734, 0.005, 0.869), center=(588, 242)
[INFO] [1789634973.707409837] [vision_manager]: Book detected: xyz=(0.627, 0.000, 0.869), center=(549, 240)
[INFO] [1789634973.708668473] [vision_manager]: Book detected: xyz=(-0.090, -0.022, 0.403), center=(249, 223)
[INFO] [1789634973.825930371] [vision_manager]: Book detected: xyz=(-0.086, -0.180, 0.400), center=(252, 97)
[INFO] [1789634973.827882533] [vision_manager]: Book detected: xyz=(-0.107, -0.096, 0.491), center=(251, 178)
[INFO] [1789634973.829701800] [vision_manager]: Book detected: xyz=(0.734, 0.005, 0.869), center=(588, 242)
[INFO] [1789634973.831511922] [vision_manager]: Book detected: xyz=(0.630, 0.000, 0.869), center=(550, 240)
[INFO] [1789634973.832956386] [vision_manager]: Book detected: xyz=(-0.092, -0.021, 0.411), center=(249, 224)
[INFO] [1789634973.834459071] [vision_manager]: Book detected: xyz=(-0.091, 0.035, 0.400), center=(248, 268)
[INFO] [1789634973.940463729] [vision_manager]: Book detected: xyz=(-0.086, -0.179, 0.401), center=(252, 98)
[INFO] [1789634973.941676624] [vision_manager]: Book detected: xyz=(-0.107, -0.096, 0.491), center=(251, 178)
[INFO] [1789634973.942759273] [vision_manager]: Book detected: xyz=(0.734, 0.005, 0.869), center=(588, 242)
[INFO] [1789634973.943871379] [vision_manager]: Book detected: xyz=(0.627, 0.000, 0.869), center=(549, 240)
[INFO] [1789634973.944943312] [vision_manager]: Book detected: xyz=(-0.090, -0.022, 0.403), center=(249, 223)
[INFO] [1789634974.055224559] [vision_manager]: Book detected: xyz=(-0.086, -0.180, 0.400), center=(252, 97)
[INFO] [1789634974.056291127] [vision_manager]: Book detected: xyz=(-0.108, -0.096, 0.499), center=(251, 179)
[INFO] [1789634974.057284214] [vision_manager]: Book detected: xyz=(0.734, 0.005, 0.869), center=(588, 242)
[INFO] [1789634974.058246065] [vision_manager]: Book detected: xyz=(0.619, 0.000, 0.869), center=(546, 240)
[INFO] [1789634974.059191132] [vision_manager]: Book detected: xyz=(-0.090, -0.022, 0.403), center=(249, 223)
[INFO] [1789634974.174230615] [vision_manager]: Book detected: xyz=(-0.085, -0.180, 0.400), center=(253, 97)
[INFO] [1789634974.175807346] [vision_manager]: Book detected: xyz=(-0.108, -0.096, 0.499), center=(251, 179)
[INFO] [1789634974.177364137] [vision_manager]: Book detected: xyz=(0.734, 0.005, 0.869), center=(588, 242)
[INFO] [1789634974.178878518] [vision_manager]: Book detected: xyz=(0.627, 0.000, 0.869), center=(549, 240)
[INFO] [1789634974.180425924] [vision_manager]: Book detected: xyz=(-0.092, -0.021, 0.411), center=(249, 224)
[INFO] [1789634974.297406815] [vision_manager]: Book detected: xyz=(-0.086, -0.180, 0.400), center=(252, 97)
[INFO] [1789634974.298373864] [vision_manager]: Book detected: xyz=(-0.107, -0.096, 0.491), center=(251, 178)
[INFO] [1789634974.299304461] [vision_manager]: Book detected: xyz=(0.734, 0.005, 0.869), center=(588, 242)
[INFO] [1789634974.300235811] [vision_manager]: Book detected: xyz=(0.630, 0.000, 0.869), center=(550, 240)
[INFO] [1789634974.301155658] [vision_manager]: Book detected: xyz=(-0.092, -0.021, 0.411), center=(249, 224)
[INFO] [1789634974.413793711] [vision_manager]: Book detected: xyz=(-0.086, -0.180, 0.400), center=(252, 97)
[INFO] [1789634974.415012584] [vision_manager]: Book detected: xyz=(-0.107, -0.096, 0.491), center=(251, 178)
[INFO] [1789634974.416219608] [vision_manager]: Book detected: xyz=(0.734, 0.005, 0.869), center=(588, 242)
[INFO] [1789634974.417201501] [vision_manager]: Book detected: xyz=(0.630, 0.000, 0.869), center=(550, 240)
[INFO] [1789634974.418172951] [vision_manager]: Book detected: xyz=(-0.091, -0.021, 0.411), center=(250, 224)
[INFO] [1789634974.619946031] [vision_manager]: Book detected: xyz=(-0.086, -0.180, 0.400), center=(252, 97)
[INFO] [1789634974.621309628] [vision_manager]: Book detected: xyz=(-0.105, -0.096, 0.483), center=(251, 177)
[INFO] [1789634974.622628783] [vision_manager]: Book detected: xyz=(0.734, 0.005, 0.869), center=(588, 242)
[INFO] [1789634974.623851310] [vision_manager]: Book detected: xyz=(0.630, 0.000, 0.869), center=(550, 240)
[INFO] [1789634974.624967732] [vision_manager]: Book detected: xyz=(-0.090, -0.022, 0.403), center=(249, 223)
[INFO] [1789634974.769563445] [vision_manager]: Book detected: xyz=(-0.086, -0.180, 0.400), center=(252, 97)
[INFO] [1789634974.770575938] [vision_manager]: Book detected: xyz=(-0.108, -0.096, 0.499), center=(251, 179)
[INFO] [1789634974.771538496] [vision_manager]: Book detected: xyz=(0.734, 0.005, 0.869), center=(588, 242)
[INFO] [1789634974.772546911] [vision_manager]: Book detected: xyz=(0.644, 0.000, 0.869), center=(555, 240)
[INFO] [1789634974.774173617] [vision_manager]: Book detected: xyz=(-0.090, -0.023, 0.402), center=(249, 222)
[INFO] [1789634974.915679863] [vision_manager]: Book detected: xyz=(-0.086, -0.180, 0.400), center=(252, 97)
[INFO] [1789634974.917227673] [vision_manager]: Book detected: xyz=(-0.107, -0.096, 0.491), center=(251, 178)
[INFO] [1789634974.918689941] [vision_manager]: Book detected: xyz=(0.734, 0.005, 0.869), center=(588, 242)
[INFO] [1789634974.920177110] [vision_manager]: Book detected: xyz=(0.622, 0.000, 0.869), center=(547, 240)
[INFO] [1789634974.921467242] [vision_manager]: Book detected: xyz=(-0.090, -0.022, 0.403), center=(249, 223)
[INFO] [1789634975.060098927] [vision_manager]: Book detected: xyz=(-0.086, -0.180, 0.400), center=(252, 97)
[INFO] [1789634975.061675022] [vision_manager]: Book detected: xyz=(-0.107, -0.096, 0.499), center=(252, 179)
[INFO] [1789634975.063276100] [vision_manager]: Book detected: xyz=(0.734, 0.005, 0.869), center=(588, 242)
[INFO] [1789634975.064782106] [vision_manager]: Book detected: xyz=(0.641, 0.000, 0.869), center=(554, 240)
[INFO] [1789634975.066188199] [vision_manager]: Book detected: xyz=(-0.090, -0.023, 0.402), center=(249, 222)
[INFO] [1789634975.231325821] [vision_manager]: Book detected: xyz=(-0.086, -0.180, 0.400), center=(252, 97)
[INFO] [1789634975.233193861] [vision_manager]: Book detected: xyz=(-0.109, -0.096, 0.507), center=(252, 180)
[INFO] [1789634975.234996663] [vision_manager]: Book detected: xyz=(0.734, 0.005, 0.869), center=(588, 242)
[INFO] [1789634975.236542695] [vision_manager]: Book detected: xyz=(0.649, 0.000, 0.869), center=(557, 240)
[INFO] [1789634975.237981724] [vision_manager]: Book detected: xyz=(-0.090, -0.022, 0.403), center=(249, 223)
[INFO] [1789634975.368891437] [vision_manager]: Book detected: xyz=(-0.086, -0.180, 0.400), center=(252, 97)
[INFO] [1789634975.369969069] [vision_manager]: Book detected: xyz=(-0.111, -0.096, 0.516), center=(252, 181)
[INFO] [1789634975.370944653] [vision_manager]: Book detected: xyz=(0.737, 0.005, 0.869), center=(589, 242)
[INFO] [1789634975.371861706] [vision_manager]: Book detected: xyz=(0.674, 0.000, 0.869), center=(566, 240)
[INFO] [1789634975.372806500] [vision_manager]: Book detected: xyz=(-0.089, -0.022, 0.403), center=(250, 223)
[INFO] [1789634975.512785384] [vision_manager]: Book detected: xyz=(-0.086, -0.180, 0.400), center=(252, 97)
[INFO] [1789634975.513865669] [vision_manager]: Book detected: xyz=(-0.111, -0.096, 0.516), center=(252, 181)
[INFO] [1789634975.514847067] [vision_manager]: Book detected: xyz=(0.734, 0.005, 0.869), center=(588, 242)
[INFO] [1789634975.515762737] [vision_manager]: Book detected: xyz=(0.644, 0.000, 0.869), center=(555, 240)
[INFO] [1789634975.516676343] [vision_manager]: Book detected: xyz=(-0.123, -0.021, 0.556), center=(250, 228)
[INFO] [1789634975.517316043] [vision_manager]: No placeable empty shelf position found
[INFO] [1789634975.648955446] [vision_manager]: Book detected: xyz=(-0.086, -0.180, 0.400), center=(252, 97)
[INFO] [1789634975.650180549] [vision_manager]: Book detected: xyz=(-0.113, -0.096, 0.525), center=(252, 182)
[INFO] [1789634975.651251661] [vision_manager]: Book detected: xyz=(0.734, 0.005, 0.869), center=(588, 242)
[INFO] [1789634975.652289506] [vision_manager]: Book detected: xyz=(0.647, 0.000, 0.869), center=(556, 240)
[INFO] [1789634975.653348767] [vision_manager]: Book detected: xyz=(-0.088, -0.030, 0.401), center=(250, 216)
[INFO] [1789634975.757139361] [vision_manager]: Book detected: xyz=(-0.086, -0.180, 0.400), center=(252, 97)
[INFO] [1789634975.758521351] [vision_manager]: Book detected: xyz=(-0.111, -0.096, 0.516), center=(252, 181)
[INFO] [1789634975.759778943] [vision_manager]: Book detected: xyz=(0.734, 0.005, 0.869), center=(588, 242)
[INFO] [1789634975.761005320] [vision_manager]: Book detected: xyz=(0.660, 0.000, 0.869), center=(561, 240)
[INFO] [1789634975.762242172] [vision_manager]: Book detected: xyz=(-0.090, -0.023, 0.402), center=(249, 222)
[INFO] [1789634975.868975375] [vision_manager]: Book detected: xyz=(-0.086, -0.180, 0.400), center=(252, 97)
[INFO] [1789634975.870480787] [vision_manager]: Book detected: xyz=(-0.111, -0.096, 0.516), center=(252, 181)
[INFO] [1789634975.871922731] [vision_manager]: Book detected: xyz=(0.734, 0.005, 0.869), center=(588, 242)
[INFO] [1789634975.873381048] [vision_manager]: Book detected: xyz=(0.638, 0.000, 0.869), center=(553, 240)
[INFO] [1789634975.874798355] [vision_manager]: Book detected: xyz=(-0.090, -0.022, 0.403), center=(249, 223)
[INFO] [1789634975.975950280] [vision_manager]: Book detected: xyz=(-0.086, -0.180, 0.400), center=(252, 97)
[INFO] [1789634975.977354412] [vision_manager]: Book detected: xyz=(-0.111, -0.096, 0.516), center=(252, 181)
[INFO] [1789634975.979158776] [vision_manager]: Book detected: xyz=(0.734, 0.005, 0.869), center=(588, 242)
[INFO] [1789634975.980577466] [vision_manager]: Book detected: xyz=(0.649, 0.000, 0.869), center=(557, 240)
[INFO] [1789634975.981700309] [vision_manager]: Book detected: xyz=(-0.090, -0.023, 0.402), center=(249, 222)
[INFO] [1789634976.085817731] [vision_manager]: Book detected: xyz=(-0.086, -0.180, 0.400), center=(252, 97)
[INFO] [1789634976.086890560] [vision_manager]: Book detected: xyz=(-0.111, -0.096, 0.516), center=(252, 181)
[INFO] [1789634976.087936283] [vision_manager]: Book detected: xyz=(0.734, 0.005, 0.869), center=(588, 242)
[INFO] [1789634976.088977075] [vision_manager]: Book detected: xyz=(0.655, 0.000, 0.869), center=(559, 240)
[INFO] [1789634976.090014896] [vision_manager]: Book detected: xyz=(-0.090, -0.022, 0.403), center=(249, 223)
[INFO] [1789634976.206403882] [vision_manager]: Book detected: xyz=(-0.086, -0.180, 0.400), center=(252, 97)
[INFO] [1789634976.208170152] [vision_manager]: Book detected: xyz=(-0.111, -0.096, 0.516), center=(252, 181)
[INFO] [1789634976.209811174] [vision_manager]: Book detected: xyz=(0.734, 0.005, 0.869), center=(588, 242)
[INFO] [1789634976.211342099] [vision_manager]: Book detected: xyz=(0.658, 0.000, 0.869), center=(560, 240)
[INFO] [1789634976.212796878] [vision_manager]: Book detected: xyz=(-0.090, -0.022, 0.403), center=(249, 223)
[INFO] [1789634976.315860757] [vision_manager]: Book detected: xyz=(-0.086, -0.180, 0.400), center=(252, 97)
[INFO] [1789634976.316823503] [vision_manager]: Book detected: xyz=(-0.112, -0.096, 0.516), center=(251, 181)
[INFO] [1789634976.317746116] [vision_manager]: Book detected: xyz=(0.737, 0.005, 0.869), center=(589, 242)
[INFO] [1789634976.318654447] [vision_manager]: Book detected: xyz=(0.660, 0.000, 0.869), center=(561, 240)
[INFO] [1789634976.319568829] [vision_manager]: Book detected: xyz=(-0.092, -0.021, 0.411), center=(249, 224)
[INFO] [1789634976.320487082] [vision_manager]: Book detected: xyz=(-0.090, 0.042, 0.400), center=(249, 273)
[INFO] [1789634976.419001139] [vision_manager]: Book detected: xyz=(-0.086, -0.180, 0.400), center=(252, 97)
[INFO] [1789634976.419964553] [vision_manager]: Book detected: xyz=(-0.111, -0.096, 0.516), center=(252, 181)
[INFO] [1789634976.420881361] [vision_manager]: Book detected: xyz=(0.737, 0.005, 0.869), center=(589, 242)
[INFO] [1789634976.421785736] [vision_manager]: Book detected: xyz=(0.652, 0.000, 0.869), center=(558, 240)
[INFO] [1789634976.422691379] [vision_manager]: Book detected: xyz=(-0.090, -0.022, 0.403), center=(249, 223)
[INFO] [1789634976.540847170] [vision_manager]: Book detected: xyz=(-0.086, -0.180, 0.400), center=(252, 97)
[INFO] [1789634976.542157010] [vision_manager]: Book detected: xyz=(-0.111, -0.096, 0.516), center=(252, 181)
[INFO] [1789634976.543421321] [vision_manager]: Book detected: xyz=(0.734, 0.005, 0.869), center=(588, 242)
[INFO] [1789634976.544631589] [vision_manager]: Book detected: xyz=(0.636, 0.000, 0.869), center=(552, 240)
[INFO] [1789634976.545833685] [vision_manager]: Book detected: xyz=(-0.090, -0.022, 0.403), center=(249, 223)
[INFO] [1789634976.664137942] [vision_manager]: Book detected: xyz=(-0.085, -0.180, 0.400), center=(253, 97)
[INFO] [1789634976.665196168] [vision_manager]: Book detected: xyz=(-0.112, -0.096, 0.516), center=(251, 181)
[INFO] [1789634976.666189738] [vision_manager]: Book detected: xyz=(0.734, 0.005, 0.869), center=(588, 242)
[INFO] [1789634976.667163962] [vision_manager]: Book detected: xyz=(0.652, 0.000, 0.869), center=(558, 240)
[INFO] [1789634976.668121336] [vision_manager]: Book detected: xyz=(-0.090, -0.022, 0.403), center=(249, 223)
[INFO] [1789634976.774791127] [vision_manager]: Book detected: xyz=(-0.086, -0.180, 0.400), center=(252, 97)
[INFO] [1789634976.776246617] [vision_manager]: Book detected: xyz=(-0.111, -0.096, 0.516), center=(252, 181)
[INFO] [1789634976.777436067] [vision_manager]: Book detected: xyz=(0.734, 0.005, 0.869), center=(588, 242)
[INFO] [1789634976.778535769] [vision_manager]: Book detected: xyz=(0.644, 0.000, 0.869), center=(555, 240)
[INFO] [1789634976.779651216] [vision_manager]: Book detected: xyz=(-0.089, -0.022, 0.403), center=(250, 223)
[INFO] [1789634976.907738617] [vision_manager]: Book detected: xyz=(-0.086, -0.180, 0.400), center=(252, 97)
[INFO] [1789634976.908717967] [vision_manager]: Book detected: xyz=(-0.111, -0.096, 0.516), center=(252, 181)
[INFO] [1789634976.909660037] [vision_manager]: Book detected: xyz=(0.734, 0.005, 0.869), center=(588, 242)
[INFO] [1789634976.910607308] [vision_manager]: Book detected: xyz=(0.644, 0.000, 0.869), center=(555, 240)
[INFO] [1789634976.911557098] [vision_manager]: Book detected: xyz=(-0.090, -0.022, 0.403), center=(249, 223)
[INFO] [1789634977.026982968] [vision_manager]: Book detected: xyz=(-0.086, -0.180, 0.400), center=(252, 97)
[INFO] [1789634977.028675010] [vision_manager]: Book detected: xyz=(-0.113, -0.096, 0.525), center=(252, 182)
[INFO] [1789634977.030441123] [vision_manager]: Book detected: xyz=(0.734, 0.005, 0.869), center=(588, 242)
[INFO] [1789634977.031955854] [vision_manager]: Book detected: xyz=(0.644, 0.000, 0.869), center=(555, 240)
[INFO] [1789634977.033130228] [vision_manager]: Book detected: xyz=(-0.089, -0.022, 0.403), center=(250, 223)
Traceback (most recent call last):
  File "/home/rokey/ws_cobot_pjt/book-shelving-system/ros2_ws/install/shelving_perception/lib/shelving_perception/vision_manager", line 33, in <module>
    sys.exit(load_entry_point('shelving_perception==0.0.0', 'console_scripts', 'vision_manager')())
             ^^^^^^^^^^^^^^^^^^^^^^^^^^^^^^^^^^^^^^^^^^^^^^^^^^^^^^^^^^^^^^^^^^^^^^^^^^^^^^^^^^^^^
  File "/home/rokey/ws_cobot_pjt/book-shelving-system/ros2_ws/install/shelving_perception/lib/python3.12/site-packages/shelving_perception/vision_manager.py", line 254, in main
    rclpy.spin(node)
  File "/opt/ros/jazzy/lib/python3.12/site-packages/rclpy/__init__.py", line 247, in spin
    executor.spin_once()
  File "/opt/ros/jazzy/lib/python3.12/site-packages/rclpy/executors.py", line 926, in spin_once
    self._spin_once_impl(timeout_sec)
  File "/opt/ros/jazzy/lib/python3.12/site-packages/rclpy/executors.py", line 918, in _spin_once_impl
    raise handler.exception()
  File "/opt/ros/jazzy/lib/python3.12/site-packages/rclpy/task.py", line 286, in _execute_coroutine_step
    result = coro.send(None)
             ^^^^^^^^^^^^^^^
  File "/opt/ros/jazzy/lib/python3.12/site-packages/rclpy/executors.py", line 592, in handler
    await call_coroutine()
  File "/opt/ros/jazzy/lib/python3.12/site-packages/rclpy/executors.py", line 480, in _execute
    await await_or_execute(sub.callback, *msg_tuple)
  File "/opt/ros/jazzy/lib/python3.12/site-packages/rclpy/executors.py", line 115, in await_or_execute
    return callback(*args)
           ^^^^^^^^^^^^^^^
  File "/opt/ros/jazzy/lib/python3.12/site-packages/message_filters/__init__.py", line 95, in callback
    self.signalMessage(msg)
  File "/opt/ros/jazzy/lib/python3.12/site-packages/message_filters/simple_filter.py", line 58, in signalMessage
    callback(*(msg + args))
  File "/opt/ros/jazzy/lib/python3.12/site-packages/message_filters/__init__.py", line 401, in add
    self.signalMessage(*msgs)
  File "/opt/ros/jazzy/lib/python3.12/site-packages/message_filters/simple_filter.py", line 58, in signalMessage
    callback(*(msg + args))
  File "/home/rokey/ws_cobot_pjt/book-shelving-system/ros2_ws/install/shelving_perception/lib/python3.12/site-packages/shelving_perception/vision_manager.py", line 157, in rgb_callback
    self.book_pub.publish(book_msg)
  File "/opt/ros/jazzy/lib/python3.12/site-packages/rclpy/publisher.py", line 70, in publish
    self.__publisher.publish(msg)
rclpy._rclpy_pybind11.RCLError: Failed to publish: publisher's context is invalid, at ./src/rcl/publisher.c:423
[ros2run]: Process exited with failure 1
