[INFO] [1789635189.508931429] [vision_manager]: Subscribed to rgb=/rgb, depth=/depth, camera_info=/camera_info, target_frame=wrist_camera_optical_frame
[INFO] [1789635191.476748248] [vision_manager]: Book detected: xyz=(-0.086, -0.180, 0.400), center=(252, 97)
[INFO] [1789635191.478763628] [vision_manager]: Book detected: xyz=(-0.115, -0.096, 0.516), center=(249, 181)
[INFO] [1789635191.482927186] [vision_manager]: Book detected: xyz=(0.734, 0.005, 0.869), center=(588, 242)
[INFO] [1789635191.483826773] [vision_manager]: Book detected: xyz=(0.655, 0.000, 0.869), center=(559, 240)
[INFO] [1789635191.484635791] [vision_manager]: Book detected: xyz=(-0.095, -0.021, 0.411), center=(247, 224)
[INFO] [1789635191.485678225] [vision_manager]: Book detected: xyz=(-0.092, 0.039, 0.400), center=(247, 271)
[INFO] [1789635191.620311443] [vision_manager]: Book detected: xyz=(-0.085, -0.180, 0.400), center=(253, 97)
[INFO] [1789635191.622066504] [vision_manager]: Book detected: xyz=(0.734, 0.005, 0.869), center=(588, 242)
[INFO] [1789635191.623198482] [vision_manager]: Book detected: xyz=(-0.112, -0.096, 0.507), center=(250, 180)
[INFO] [1789635191.624226842] [vision_manager]: Book detected: xyz=(0.625, 0.000, 0.869), center=(548, 240)
[INFO] [1789635191.625201332] [vision_manager]: Book detected: xyz=(-0.090, -0.024, 0.402), center=(249, 221)
[INFO] [1789635191.626175330] [vision_manager]: Book detected: xyz=(-0.092, 0.040, 0.400), center=(247, 272)
[INFO] [1789635191.749113654] [vision_manager]: Book detected: xyz=(-0.085, -0.180, 0.400), center=(253, 97)
[INFO] [1789635191.751635057] [vision_manager]: Book detected: xyz=(0.734, 0.005, 0.869), center=(588, 242)
[INFO] [1789635191.752813497] [vision_manager]: Book detected: xyz=(-0.112, -0.096, 0.507), center=(250, 180)
[INFO] [1789635191.753897879] [vision_manager]: Book detected: xyz=(0.622, 0.000, 0.869), center=(547, 240)
[INFO] [1789635191.754873714] [vision_manager]: Book detected: xyz=(-0.090, -0.027, 0.401), center=(249, 219)
[INFO] [1789635191.755831421] [vision_manager]: Book detected: xyz=(-0.091, 0.040, 0.400), center=(248, 272)
[INFO] [1789635191.912445205] [vision_manager]: Book detected: xyz=(-0.085, -0.179, 0.401), center=(253, 98)
[INFO] [1789635191.913698677] [vision_manager]: Book detected: xyz=(-0.114, -0.096, 0.516), center=(250, 181)
[INFO] [1789635191.914913927] [vision_manager]: Book detected: xyz=(0.734, 0.005, 0.869), center=(588, 242)
[INFO] [1789635191.916139130] [vision_manager]: Book detected: xyz=(0.619, 0.000, 0.869), center=(546, 240)
[INFO] [1789635191.917344054] [vision_manager]: Book detected: xyz=(-0.090, -0.025, 0.401), center=(249, 220)
[INFO] [1789635191.918557070] [vision_manager]: Book detected: xyz=(-0.091, 0.037, 0.400), center=(248, 269)
[INFO] [1789635192.042708393] [vision_manager]: Book detected: xyz=(-0.085, -0.180, 0.400), center=(253, 97)
[INFO] [1789635192.044687697] [vision_manager]: Book detected: xyz=(-0.115, -0.096, 0.516), center=(249, 181)
[INFO] [1789635192.046604921] [vision_manager]: Book detected: xyz=(0.734, 0.005, 0.869), center=(588, 242)
[INFO] [1789635192.048228235] [vision_manager]: Book detected: xyz=(0.611, 0.000, 0.869), center=(543, 240)
[INFO] [1789635192.049713792] [vision_manager]: Book detected: xyz=(-0.091, -0.025, 0.401), center=(248, 220)
[INFO] [1789635192.051475997] [vision_manager]: Book detected: xyz=(-0.092, 0.038, 0.400), center=(247, 270)
[INFO] [1789635192.165381480] [vision_manager]: Book detected: xyz=(-0.085, -0.180, 0.400), center=(253, 97)
[INFO] [1789635192.166339614] [vision_manager]: Book detected: xyz=(-0.114, -0.096, 0.516), center=(250, 181)
[INFO] [1789635192.167246891] [vision_manager]: Book detected: xyz=(0.734, 0.005, 0.869), center=(588, 242)
[INFO] [1789635192.168143765] [vision_manager]: Book detected: xyz=(0.619, 0.000, 0.869), center=(546, 240)
[INFO] [1789635192.169035402] [vision_manager]: Book detected: xyz=(-0.090, -0.024, 0.402), center=(249, 221)
[INFO] [1789635192.169928259] [vision_manager]: Book detected: xyz=(-0.092, 0.034, 0.400), center=(247, 267)
[INFO] [1789635192.275898149] [vision_manager]: Book detected: xyz=(-0.085, -0.180, 0.400), center=(253, 97)
[INFO] [1789635192.277040450] [vision_manager]: Book detected: xyz=(-0.114, -0.096, 0.525), center=(251, 182)
[INFO] [1789635192.278109571] [vision_manager]: Book detected: xyz=(0.734, 0.005, 0.869), center=(588, 242)
[INFO] [1789635192.279137972] [vision_manager]: Book detected: xyz=(0.625, 0.000, 0.869), center=(548, 240)
[INFO] [1789635192.280739072] [vision_manager]: Book detected: xyz=(-0.090, -0.024, 0.402), center=(249, 221)
[INFO] [1789635192.283286613] [vision_manager]: Book detected: xyz=(-0.092, 0.033, 0.400), center=(247, 266)
[INFO] [1789635192.403844921] [vision_manager]: Book detected: xyz=(-0.086, -0.180, 0.400), center=(252, 97)
[INFO] [1789635192.404918085] [vision_manager]: Book detected: xyz=(-0.114, -0.096, 0.516), center=(250, 181)
[INFO] [1789635192.405912268] [vision_manager]: Book detected: xyz=(0.734, 0.005, 0.869), center=(588, 242)
[INFO] [1789635192.406885346] [vision_manager]: Book detected: xyz=(0.633, 0.000, 0.869), center=(551, 240)
[INFO] [1789635192.407838223] [vision_manager]: Book detected: xyz=(-0.090, -0.022, 0.403), center=(249, 223)
[INFO] [1789635192.408874223] [vision_manager]: Book detected: xyz=(-0.092, 0.033, 0.400), center=(247, 266)
[INFO] [1789635192.518649723] [vision_manager]: Book detected: xyz=(-0.086, -0.180, 0.400), center=(252, 97)
[INFO] [1789635192.520515045] [vision_manager]: Book detected: xyz=(-0.114, -0.096, 0.525), center=(251, 182)
[INFO] [1789635192.522485111] [vision_manager]: Book detected: xyz=(0.734, 0.005, 0.869), center=(588, 242)
[INFO] [1789635192.524757779] [vision_manager]: Book detected: xyz=(0.641, 0.000, 0.869), center=(554, 240)
[INFO] [1789635192.527066359] [vision_manager]: Book detected: xyz=(-0.090, -0.025, 0.401), center=(249, 220)
[INFO] [1789635192.528747086] [vision_manager]: Book detected: xyz=(-0.091, 0.035, 0.400), center=(248, 268)
[INFO] [1789635192.664618781] [vision_manager]: Book detected: xyz=(-0.086, -0.180, 0.400), center=(252, 97)
[INFO] [1789635192.665922547] [vision_manager]: Book detected: xyz=(-0.117, -0.096, 0.525), center=(249, 182)
[INFO] [1789635192.667245728] [vision_manager]: Book detected: xyz=(0.734, 0.005, 0.869), center=(588, 242)
[INFO] [1789635192.668535067] [vision_manager]: Book detected: xyz=(0.630, 0.000, 0.869), center=(550, 240)
[INFO] [1789635192.669794214] [vision_manager]: Book detected: xyz=(-0.091, -0.024, 0.402), center=(248, 221)
[INFO] [1789635192.670959364] [vision_manager]: Book detected: xyz=(-0.092, 0.037, 0.400), center=(247, 269)
[INFO] [1789635192.821372513] [vision_manager]: Book detected: xyz=(-0.086, -0.180, 0.400), center=(252, 97)
[INFO] [1789635192.822394253] [vision_manager]: Book detected: xyz=(-0.114, -0.096, 0.507), center=(249, 180)
[INFO] [1789635192.823389379] [vision_manager]: Book detected: xyz=(0.734, 0.005, 0.869), center=(588, 242)
[INFO] [1789635192.824350371] [vision_manager]: Book detected: xyz=(0.638, 0.000, 0.869), center=(553, 240)
[INFO] [1789635192.825381480] [vision_manager]: Book detected: xyz=(-0.091, -0.024, 0.402), center=(248, 221)
[INFO] [1789635192.826462086] [vision_manager]: Book detected: xyz=(-0.092, 0.040, 0.400), center=(247, 272)
[INFO] [1789635192.934998175] [vision_manager]: Book detected: xyz=(-0.086, -0.180, 0.400), center=(252, 97)
[INFO] [1789635192.936857503] [vision_manager]: Book detected: xyz=(-0.114, -0.096, 0.516), center=(250, 181)
[INFO] [1789635192.938579170] [vision_manager]: Book detected: xyz=(0.734, 0.005, 0.869), center=(588, 242)
[INFO] [1789635192.940038964] [vision_manager]: Book detected: xyz=(0.630, 0.000, 0.869), center=(550, 240)
[INFO] [1789635192.941545952] [vision_manager]: Book detected: xyz=(-0.100, -0.021, 0.439), center=(248, 225)
[INFO] [1789635192.943500797] [vision_manager]: Book detected: xyz=(-0.091, 0.037, 0.400), center=(248, 269)
[INFO] [1789635193.049173344] [vision_manager]: Book detected: xyz=(-0.085, -0.180, 0.400), center=(253, 97)
[INFO] [1789635193.050729035] [vision_manager]: Book detected: xyz=(-0.114, -0.096, 0.516), center=(250, 181)
[INFO] [1789635193.052406289] [vision_manager]: Book detected: xyz=(0.734, 0.005, 0.869), center=(588, 242)
[INFO] [1789635193.054128540] [vision_manager]: Book detected: xyz=(0.630, 0.000, 0.869), center=(550, 240)
[INFO] [1789635193.055648417] [vision_manager]: Book detected: xyz=(-0.090, -0.027, 0.401), center=(249, 219)
[INFO] [1789635193.056875914] [vision_manager]: Book detected: xyz=(-0.092, 0.038, 0.400), center=(247, 270)
[INFO] [1789635193.156827066] [vision_manager]: Book detected: xyz=(-0.086, -0.180, 0.400), center=(252, 97)
[INFO] [1789635193.157830779] [vision_manager]: Book detected: xyz=(-0.115, -0.096, 0.516), center=(249, 181)
[INFO] [1789635193.158892776] [vision_manager]: Book detected: xyz=(0.734, 0.005, 0.869), center=(588, 242)
[INFO] [1789635193.159929341] [vision_manager]: Book detected: xyz=(0.636, 0.000, 0.869), center=(552, 240)
[INFO] [1789635193.161508992] [vision_manager]: Book detected: xyz=(-0.091, -0.027, 0.401), center=(248, 219)
[INFO] [1789635193.162985104] [vision_manager]: Book detected: xyz=(-0.092, 0.040, 0.400), center=(247, 272)
[INFO] [1789635193.265014497] [vision_manager]: Book detected: xyz=(-0.086, -0.180, 0.400), center=(252, 97)
[INFO] [1789635193.265972279] [vision_manager]: Book detected: xyz=(-0.114, -0.096, 0.516), center=(250, 181)
[INFO] [1789635193.266877028] [vision_manager]: Book detected: xyz=(0.734, 0.005, 0.869), center=(588, 242)
[INFO] [1789635193.267792247] [vision_manager]: Book detected: xyz=(0.616, 0.000, 0.869), center=(545, 240)
[INFO] [1789635193.268691139] [vision_manager]: Book detected: xyz=(-0.090, -0.028, 0.401), center=(249, 218)
[INFO] [1789635193.269587635] [vision_manager]: Book detected: xyz=(-0.092, 0.040, 0.400), center=(247, 272)
[INFO] [1789635193.374007152] [vision_manager]: Book detected: xyz=(-0.086, -0.180, 0.400), center=(252, 97)
[INFO] [1789635193.375258780] [vision_manager]: Book detected: xyz=(-0.112, -0.096, 0.507), center=(250, 180)
[INFO] [1789635193.376503834] [vision_manager]: Book detected: xyz=(0.734, 0.005, 0.869), center=(588, 242)
[INFO] [1789635193.377749000] [vision_manager]: Book detected: xyz=(0.606, 0.003, 0.869), center=(541, 241)
[INFO] [1789635193.379183718] [vision_manager]: Book detected: xyz=(-0.100, -0.021, 0.439), center=(248, 225)
[INFO] [1789635193.380397090] [vision_manager]: Book detected: xyz=(-0.091, 0.038, 0.400), center=(248, 270)
[INFO] [1789635193.481395369] [vision_manager]: Book detected: xyz=(-0.086, -0.180, 0.400), center=(252, 97)
[INFO] [1789635193.482344214] [vision_manager]: Book detected: xyz=(-0.114, -0.096, 0.516), center=(250, 181)
[INFO] [1789635193.483256202] [vision_manager]: Book detected: xyz=(0.734, 0.005, 0.869), center=(588, 242)
[INFO] [1789635193.484154884] [vision_manager]: Book detected: xyz=(0.608, 0.000, 0.869), center=(542, 240)
[INFO] [1789635193.485057509] [vision_manager]: Book detected: xyz=(-0.093, -0.021, 0.411), center=(248, 224)
[INFO] [1789635193.485944068] [vision_manager]: Book detected: xyz=(-0.092, 0.039, 0.400), center=(247, 271)
[INFO] [1789635193.604500829] [vision_manager]: Book detected: xyz=(-0.086, -0.180, 0.400), center=(252, 97)
[INFO] [1789635193.606116353] [vision_manager]: Book detected: xyz=(-0.110, -0.096, 0.507), center=(251, 180)
[INFO] [1789635193.607763431] [vision_manager]: Book detected: xyz=(0.734, 0.005, 0.869), center=(588, 242)
[INFO] [1789635193.609351321] [vision_manager]: Book detected: xyz=(0.614, 0.000, 0.869), center=(544, 240)
[INFO] [1789635193.610831850] [vision_manager]: Book detected: xyz=(-0.091, -0.022, 0.403), center=(248, 223)
[INFO] [1789635193.612289182] [vision_manager]: Book detected: xyz=(-0.092, 0.037, 0.400), center=(247, 269)
[INFO] [1789635193.739923620] [vision_manager]: Book detected: xyz=(-0.086, -0.180, 0.400), center=(252, 97)
[INFO] [1789635193.741163492] [vision_manager]: Book detected: xyz=(-0.112, -0.096, 0.507), center=(250, 180)
[INFO] [1789635193.742855266] [vision_manager]: Book detected: xyz=(0.734, 0.005, 0.869), center=(588, 242)
[INFO] [1789635193.744535844] [vision_manager]: Book detected: xyz=(0.606, 0.000, 0.869), center=(541, 240)
[INFO] [1789635193.746125025] [vision_manager]: Book detected: xyz=(-0.090, -0.025, 0.401), center=(249, 220)
[INFO] [1789635193.747349604] [vision_manager]: Book detected: xyz=(-0.092, 0.037, 0.400), center=(247, 269)
[INFO] [1789635193.878345212] [vision_manager]: Book detected: xyz=(-0.086, -0.180, 0.400), center=(252, 97)
[INFO] [1789635193.879600100] [vision_manager]: Book detected: xyz=(-0.112, -0.096, 0.507), center=(250, 180)
[INFO] [1789635193.880819131] [vision_manager]: Book detected: xyz=(0.734, 0.005, 0.869), center=(588, 242)
[INFO] [1789635193.882021680] [vision_manager]: Book detected: xyz=(0.611, 0.000, 0.869), center=(543, 240)
[INFO] [1789635193.883234973] [vision_manager]: Book detected: xyz=(-0.091, -0.023, 0.402), center=(248, 222)
[INFO] [1789635193.884275081] [vision_manager]: Book detected: xyz=(-0.092, 0.035, 0.400), center=(247, 268)
[INFO] [1789635194.026789677] [vision_manager]: Book detected: xyz=(-0.086, -0.180, 0.400), center=(252, 97)
[INFO] [1789635194.028023129] [vision_manager]: Book detected: xyz=(-0.112, -0.096, 0.507), center=(250, 180)
[INFO] [1789635194.029160562] [vision_manager]: Book detected: xyz=(0.734, 0.005, 0.869), center=(588, 242)
[INFO] [1789635194.030240190] [vision_manager]: Book detected: xyz=(0.614, 0.000, 0.869), center=(544, 240)
[INFO] [1789635194.031336602] [vision_manager]: Book detected: xyz=(-0.093, -0.021, 0.411), center=(248, 224)
[INFO] [1789635194.032470279] [vision_manager]: Book detected: xyz=(-0.091, 0.035, 0.400), center=(248, 268)
[INFO] [1789635194.233305149] [vision_manager]: Book detected: xyz=(-0.086, -0.180, 0.400), center=(252, 97)
[INFO] [1789635194.234277325] [vision_manager]: Book detected: xyz=(-0.112, -0.096, 0.507), center=(250, 180)
[INFO] [1789635194.235204200] [vision_manager]: Book detected: xyz=(0.734, 0.005, 0.869), center=(588, 242)
[INFO] [1789635194.236091112] [vision_manager]: Book detected: xyz=(0.611, 0.000, 0.869), center=(543, 240)
[INFO] [1789635194.236968480] [vision_manager]: Book detected: xyz=(-0.091, -0.022, 0.403), center=(248, 223)
[INFO] [1789635194.237849984] [vision_manager]: Book detected: xyz=(-0.091, 0.038, 0.400), center=(248, 270)
[INFO] [1789635194.365530538] [vision_manager]: Book detected: xyz=(-0.086, -0.180, 0.400), center=(252, 97)
[INFO] [1789635194.367089872] [vision_manager]: Book detected: xyz=(-0.112, -0.096, 0.499), center=(249, 179)
[INFO] [1789635194.368544033] [vision_manager]: Book detected: xyz=(0.734, 0.005, 0.869), center=(588, 242)
[INFO] [1789635194.369855540] [vision_manager]: Book detected: xyz=(0.608, 0.000, 0.869), center=(542, 240)
[INFO] [1789635194.371045055] [vision_manager]: Book detected: xyz=(-0.093, -0.021, 0.411), center=(248, 224)
[INFO] [1789635194.372253823] [vision_manager]: Book detected: xyz=(-0.092, 0.037, 0.400), center=(247, 269)
[INFO] [1789635194.511182823] [vision_manager]: Book detected: xyz=(-0.086, -0.180, 0.400), center=(252, 97)
[INFO] [1789635194.513283646] [vision_manager]: Book detected: xyz=(-0.110, -0.096, 0.499), center=(250, 179)
[INFO] [1789635194.514666376] [vision_manager]: Book detected: xyz=(0.734, 0.005, 0.869), center=(588, 242)
[INFO] [1789635194.515915215] [vision_manager]: Book detected: xyz=(0.636, 0.000, 0.869), center=(552, 240)
[INFO] [1789635194.517198936] [vision_manager]: Book detected: xyz=(-0.098, -0.021, 0.439), center=(249, 225)
[INFO] [1789635194.518439584] [vision_manager]: Book detected: xyz=(-0.091, 0.033, 0.400), center=(248, 266)
[INFO] [1789635194.637802712] [vision_manager]: Book detected: xyz=(-0.086, -0.180, 0.400), center=(252, 97)
[INFO] [1789635194.638770400] [vision_manager]: Book detected: xyz=(-0.110, -0.096, 0.499), center=(250, 179)
[INFO] [1789635194.639686094] [vision_manager]: Book detected: xyz=(0.734, 0.005, 0.869), center=(588, 242)
[INFO] [1789635194.640596388] [vision_manager]: Book detected: xyz=(0.633, 0.000, 0.869), center=(551, 240)
[INFO] [1789635194.641505882] [vision_manager]: Book detected: xyz=(-0.092, -0.021, 0.411), center=(249, 224)
[INFO] [1789635194.642426690] [vision_manager]: Book detected: xyz=(-0.092, 0.023, 0.402), center=(247, 258)
[INFO] [1789635194.781835244] [vision_manager]: Book detected: xyz=(-0.086, -0.180, 0.400), center=(252, 97)
[INFO] [1789635194.783097968] [vision_manager]: Book detected: xyz=(-0.110, -0.096, 0.499), center=(250, 179)
[INFO] [1789635194.784148487] [vision_manager]: Book detected: xyz=(0.734, 0.005, 0.869), center=(588, 242)
[INFO] [1789635194.785178951] [vision_manager]: Book detected: xyz=(0.633, 0.000, 0.869), center=(551, 240)
[INFO] [1789635194.786212690] [vision_manager]: Book detected: xyz=(-0.093, -0.021, 0.411), center=(248, 224)
[INFO] [1789635194.787246467] [vision_manager]: Book detected: xyz=(-0.094, 0.020, 0.402), center=(246, 256)
[INFO] [1789635194.927783662] [vision_manager]: Book detected: xyz=(-0.086, -0.180, 0.400), center=(252, 97)
[INFO] [1789635194.928744106] [vision_manager]: Book detected: xyz=(-0.110, -0.096, 0.499), center=(250, 179)
[INFO] [1789635194.929662444] [vision_manager]: Book detected: xyz=(0.734, 0.005, 0.869), center=(588, 242)
[INFO] [1789635194.930573137] [vision_manager]: Book detected: xyz=(0.625, 0.000, 0.869), center=(548, 240)
[INFO] [1789635194.931479809] [vision_manager]: Book detected: xyz=(-0.093, -0.021, 0.411), center=(248, 224)
[INFO] [1789635194.932390811] [vision_manager]: Book detected: xyz=(-0.092, 0.035, 0.400), center=(247, 268)
[INFO] [1789635195.061017294] [vision_manager]: Book detected: xyz=(-0.086, -0.180, 0.400), center=(252, 97)
[INFO] [1789635195.062902917] [vision_manager]: Book detected: xyz=(-0.108, -0.096, 0.491), center=(250, 178)
[INFO] [1789635195.064388671] [vision_manager]: Book detected: xyz=(0.734, 0.005, 0.869), center=(588, 242)
[INFO] [1789635195.065850646] [vision_manager]: Book detected: xyz=(0.647, 0.000, 0.869), center=(556, 240)
[INFO] [1789635195.067370819] [vision_manager]: Book detected: xyz=(-0.090, -0.022, 0.403), center=(249, 223)
[INFO] [1789635195.069160965] [vision_manager]: Book detected: xyz=(-0.091, 0.032, 0.400), center=(248, 265)
[INFO] [1789635195.191516068] [vision_manager]: Book detected: xyz=(-0.086, -0.180, 0.400), center=(252, 97)
[INFO] [1789635195.193742607] [vision_manager]: Book detected: xyz=(-0.110, -0.096, 0.499), center=(250, 179)
[INFO] [1789635195.196604454] [vision_manager]: Book detected: xyz=(0.734, 0.005, 0.869), center=(588, 242)
[INFO] [1789635195.198416075] [vision_manager]: Book detected: xyz=(0.627, 0.003, 0.869), center=(549, 241)
[INFO] [1789635195.199934107] [vision_manager]: Book detected: xyz=(-0.092, -0.021, 0.411), center=(249, 224)
[INFO] [1789635195.201449971] [vision_manager]: Book detected: xyz=(-0.091, 0.032, 0.400), center=(248, 265)
[INFO] [1789635195.331294686] [vision_manager]: Book detected: xyz=(-0.086, -0.180, 0.400), center=(252, 97)
[INFO] [1789635195.332353940] [vision_manager]: Book detected: xyz=(-0.108, -0.096, 0.491), center=(250, 178)
[INFO] [1789635195.333390939] [vision_manager]: Book detected: xyz=(0.734, 0.005, 0.869), center=(588, 242)
[INFO] [1789635195.334407292] [vision_manager]: Book detected: xyz=(0.636, 0.000, 0.869), center=(552, 240)
[INFO] [1789635195.335386789] [vision_manager]: Book detected: xyz=(-0.091, -0.022, 0.403), center=(248, 223)
[INFO] [1789635195.336320755] [vision_manager]: Book detected: xyz=(-0.091, 0.035, 0.400), center=(248, 268)
[INFO] [1789635195.444262162] [vision_manager]: Book detected: xyz=(-0.086, -0.180, 0.400), center=(252, 97)
[INFO] [1789635195.445280777] [vision_manager]: Book detected: xyz=(-0.112, -0.096, 0.507), center=(250, 180)
[INFO] [1789635195.446268609] [vision_manager]: Book detected: xyz=(0.734, 0.005, 0.869), center=(588, 242)
[INFO] [1789635195.447255119] [vision_manager]: Book detected: xyz=(0.638, 0.003, 0.869), center=(553, 241)
[INFO] [1789635195.448269150] [vision_manager]: Book detected: xyz=(-0.093, -0.021, 0.411), center=(248, 224)
[INFO] [1789635195.449214196] [vision_manager]: Book detected: xyz=(-0.092, 0.038, 0.400), center=(247, 270)
[INFO] [1789635195.570759354] [vision_manager]: Book detected: xyz=(-0.086, -0.180, 0.400), center=(252, 97)
[INFO] [1789635195.572016894] [vision_manager]: Book detected: xyz=(-0.112, -0.096, 0.507), center=(250, 180)
[INFO] [1789635195.573240220] [vision_manager]: Book detected: xyz=(0.734, 0.005, 0.869), center=(588, 242)
[INFO] [1789635195.574435665] [vision_manager]: Book detected: xyz=(0.627, 0.000, 0.869), center=(549, 240)
[INFO] [1789635195.575591963] [vision_manager]: Book detected: xyz=(-0.090, -0.023, 0.402), center=(249, 222)
[INFO] [1789635195.576619868] [vision_manager]: Book detected: xyz=(-0.092, 0.034, 0.400), center=(247, 267)
[INFO] [1789635195.722916678] [vision_manager]: Book detected: xyz=(-0.086, -0.180, 0.400), center=(252, 97)
[INFO] [1789635195.724652808] [vision_manager]: Book detected: xyz=(-0.112, -0.096, 0.507), center=(250, 180)
[INFO] [1789635195.725845559] [vision_manager]: Book detected: xyz=(0.734, 0.005, 0.869), center=(588, 242)
[INFO] [1789635195.726973745] [vision_manager]: Book detected: xyz=(0.630, 0.000, 0.869), center=(550, 240)
[INFO] [1789635195.728094988] [vision_manager]: Book detected: xyz=(-0.093, -0.021, 0.411), center=(248, 224)
[INFO] [1789635195.729149138] [vision_manager]: Book detected: xyz=(-0.092, 0.035, 0.400), center=(247, 268)
[INFO] [1789635195.840743247] [vision_manager]: Book detected: xyz=(-0.086, -0.179, 0.401), center=(252, 98)
[INFO] [1789635195.841758063] [vision_manager]: Book detected: xyz=(-0.110, -0.096, 0.499), center=(250, 179)
[INFO] [1789635195.842750674] [vision_manager]: Book detected: xyz=(0.734, 0.005, 0.869), center=(588, 242)
[INFO] [1789635195.843722224] [vision_manager]: Book detected: xyz=(0.633, 0.000, 0.869), center=(551, 240)
[INFO] [1789635195.845024723] [vision_manager]: Book detected: xyz=(-0.091, -0.022, 0.403), center=(248, 223)
[INFO] [1789635195.846598907] [vision_manager]: Book detected: xyz=(-0.091, 0.035, 0.400), center=(248, 268)
[INFO] [1789635195.957971196] [vision_manager]: Book detected: xyz=(-0.086, -0.180, 0.400), center=(252, 97)
[INFO] [1789635195.959119823] [vision_manager]: Book detected: xyz=(-0.110, -0.096, 0.499), center=(250, 179)
[INFO] [1789635195.960179138] [vision_manager]: Book detected: xyz=(0.734, 0.005, 0.869), center=(588, 242)
[INFO] [1789635195.961247266] [vision_manager]: Book detected: xyz=(0.633, 0.000, 0.869), center=(551, 240)
[INFO] [1789635195.962348734] [vision_manager]: Book detected: xyz=(-0.091, -0.022, 0.403), center=(248, 223)
[INFO] [1789635195.963319797] [vision_manager]: Book detected: xyz=(-0.091, 0.034, 0.400), center=(248, 267)
[INFO] [1789635196.070531437] [vision_manager]: Book detected: xyz=(-0.086, -0.180, 0.400), center=(252, 97)
[INFO] [1789635196.071595207] [vision_manager]: Book detected: xyz=(-0.110, -0.096, 0.499), center=(250, 179)
[INFO] [1789635196.072611118] [vision_manager]: Book detected: xyz=(0.734, 0.005, 0.869), center=(588, 242)
[INFO] [1789635196.073636080] [vision_manager]: Book detected: xyz=(0.611, 0.000, 0.869), center=(543, 240)
[INFO] [1789635196.074790258] [vision_manager]: Book detected: xyz=(-0.091, -0.023, 0.402), center=(248, 222)
[INFO] [1789635196.076505100] [vision_manager]: Book detected: xyz=(-0.091, 0.038, 0.400), center=(248, 270)
[INFO] [1789635196.206929429] [vision_manager]: Book detected: xyz=(-0.086, -0.180, 0.400), center=(252, 97)
[INFO] [1789635196.208215254] [vision_manager]: Book detected: xyz=(-0.110, -0.096, 0.499), center=(250, 179)
[INFO] [1789635196.209345407] [vision_manager]: Book detected: xyz=(0.734, 0.005, 0.869), center=(588, 242)
[INFO] [1789635196.210414479] [vision_manager]: Book detected: xyz=(0.625, 0.003, 0.869), center=(548, 241)
[INFO] [1789635196.211423410] [vision_manager]: Book detected: xyz=(-0.091, -0.022, 0.403), center=(248, 223)
[INFO] [1789635196.212433857] [vision_manager]: Book detected: xyz=(-0.091, 0.035, 0.400), center=(248, 268)
[INFO] [1789635196.331334669] [vision_manager]: Book detected: xyz=(-0.086, -0.180, 0.400), center=(252, 97)
[INFO] [1789635196.332135940] [vision_manager]: Book detected: xyz=(-0.110, -0.096, 0.499), center=(250, 179)
[INFO] [1789635196.333025584] [vision_manager]: Book detected: xyz=(0.734, 0.005, 0.869), center=(588, 242)
[INFO] [1789635196.334263049] [vision_manager]: Book detected: xyz=(0.619, 0.000, 0.869), center=(546, 240)
[INFO] [1789635196.335095242] [vision_manager]: Book detected: xyz=(-0.090, -0.022, 0.403), center=(249, 223)
[INFO] [1789635196.335924304] [vision_manager]: Book detected: xyz=(-0.091, 0.029, 0.400), center=(248, 263)
[INFO] [1789635196.483471128] [vision_manager]: Book detected: xyz=(-0.086, -0.180, 0.400), center=(252, 97)
[INFO] [1789635196.485545871] [vision_manager]: Book detected: xyz=(-0.108, -0.096, 0.491), center=(250, 178)
[INFO] [1789635196.487329275] [vision_manager]: Book detected: xyz=(0.734, 0.005, 0.869), center=(588, 242)
[INFO] [1789635196.489180804] [vision_manager]: Book detected: xyz=(0.630, 0.000, 0.869), center=(550, 240)
[INFO] [1789635196.490951931] [vision_manager]: Book detected: xyz=(-0.091, -0.023, 0.402), center=(248, 222)
[INFO] [1789635196.492724063] [vision_manager]: Book detected: xyz=(-0.092, 0.030, 0.400), center=(247, 264)
[INFO] [1789635196.620661962] [vision_manager]: Book detected: xyz=(-0.085, -0.180, 0.400), center=(253, 97)
[INFO] [1789635196.622358109] [vision_manager]: Book detected: xyz=(-0.112, -0.096, 0.507), center=(250, 180)
[INFO] [1789635196.623861209] [vision_manager]: Book detected: xyz=(0.734, 0.005, 0.869), center=(588, 242)
[INFO] [1789635196.625388133] [vision_manager]: Book detected: xyz=(0.622, 0.000, 0.869), center=(547, 240)
[INFO] [1789635196.626810017] [vision_manager]: Book detected: xyz=(-0.091, -0.024, 0.402), center=(248, 221)
[INFO] [1789635196.628287076] [vision_manager]: Book detected: xyz=(-0.093, 0.032, 0.400), center=(246, 265)
[INFO] [1789635196.780148086] [vision_manager]: Book detected: xyz=(-0.086, -0.180, 0.400), center=(252, 97)
[INFO] [1789635196.781349071] [vision_manager]: Book detected: xyz=(-0.110, -0.096, 0.499), center=(250, 179)
[INFO] [1789635196.782633804] [vision_manager]: Book detected: xyz=(0.734, 0.005, 0.869), center=(588, 242)
[INFO] [1789635196.783679794] [vision_manager]: Book detected: xyz=(0.638, 0.000, 0.869), center=(553, 240)
[INFO] [1789635196.784795514] [vision_manager]: Book detected: xyz=(-0.093, -0.023, 0.402), center=(247, 222)
[INFO] [1789635196.785821295] [vision_manager]: Book detected: xyz=(-0.092, 0.035, 0.400), center=(247, 268)
[INFO] [1789635196.916555982] [vision_manager]: Book detected: xyz=(-0.086, -0.180, 0.400), center=(252, 97)
[INFO] [1789635196.918011405] [vision_manager]: Book detected: xyz=(0.734, 0.005, 0.869), center=(588, 242)
[INFO] [1789635196.919404243] [vision_manager]: Book detected: xyz=(-0.112, -0.096, 0.499), center=(249, 179)
[INFO] [1789635196.920781484] [vision_manager]: Book detected: xyz=(0.625, 0.000, 0.869), center=(548, 240)
[INFO] [1789635196.922214371] [vision_manager]: Book detected: xyz=(-0.093, -0.023, 0.402), center=(247, 222)
[INFO] [1789635196.923581135] [vision_manager]: Book detected: xyz=(-0.095, 0.038, 0.400), center=(245, 270)
[INFO] [1789635197.052972766] [vision_manager]: Book detected: xyz=(-0.086, -0.180, 0.400), center=(252, 97)
[INFO] [1789635197.054396930] [vision_manager]: Book detected: xyz=(-0.112, -0.096, 0.507), center=(250, 180)
[INFO] [1789635197.055756457] [vision_manager]: Book detected: xyz=(0.734, 0.005, 0.869), center=(588, 242)
[INFO] [1789635197.057124633] [vision_manager]: Book detected: xyz=(0.622, 0.000, 0.869), center=(547, 240)
[INFO] [1789635197.058489042] [vision_manager]: Book detected: xyz=(-0.093, -0.023, 0.402), center=(247, 222)
[INFO] [1789635197.059853756] [vision_manager]: Book detected: xyz=(-0.093, 0.035, 0.400), center=(246, 268)
[INFO] [1789635197.193829881] [vision_manager]: Book detected: xyz=(-0.085, -0.180, 0.400), center=(253, 97)
[INFO] [1789635197.194820314] [vision_manager]: Book detected: xyz=(-0.112, -0.096, 0.507), center=(250, 180)
[INFO] [1789635197.195889588] [vision_manager]: Book detected: xyz=(0.734, 0.005, 0.869), center=(588, 242)
[INFO] [1789635197.196804851] [vision_manager]: Book detected: xyz=(0.638, 0.000, 0.869), center=(553, 240)
[INFO] [1789635197.197725511] [vision_manager]: Book detected: xyz=(-0.091, -0.027, 0.401), center=(248, 219)
[INFO] [1789635197.198631390] [vision_manager]: Book detected: xyz=(-0.093, 0.030, 0.400), center=(246, 264)
[INFO] [1789635197.315461408] [vision_manager]: Book detected: xyz=(-0.086, -0.180, 0.400), center=(252, 97)
[INFO] [1789635197.316555422] [vision_manager]: Book detected: xyz=(0.734, 0.005, 0.869), center=(588, 242)
[INFO] [1789635197.317720220] [vision_manager]: Book detected: xyz=(-0.112, -0.096, 0.507), center=(250, 180)
[INFO] [1789635197.318834430] [vision_manager]: Book detected: xyz=(0.649, 0.000, 0.869), center=(557, 240)
[INFO] [1789635197.319839955] [vision_manager]: Book detected: xyz=(-0.090, -0.027, 0.401), center=(249, 219)
[INFO] [1789635197.320803584] [vision_manager]: Book detected: xyz=(-0.093, 0.033, 0.400), center=(246, 266)
[INFO] [1789635197.457557755] [vision_manager]: Book detected: xyz=(-0.086, -0.180, 0.400), center=(252, 97)
[INFO] [1789635197.458578192] [vision_manager]: Book detected: xyz=(-0.112, -0.096, 0.507), center=(250, 180)
[INFO] [1789635197.460173097] [vision_manager]: Book detected: xyz=(0.734, 0.005, 0.869), center=(588, 242)
[INFO] [1789635197.462297448] [vision_manager]: Book detected: xyz=(0.630, 0.000, 0.869), center=(550, 240)
[INFO] [1789635197.463469640] [vision_manager]: Book detected: xyz=(-0.091, -0.024, 0.402), center=(248, 221)
[INFO] [1789635197.464482916] [vision_manager]: Book detected: xyz=(-0.092, 0.030, 0.400), center=(247, 264)
[INFO] [1789635197.583214488] [vision_manager]: Book detected: xyz=(-0.086, -0.180, 0.400), center=(252, 97)
[INFO] [1789635197.584210102] [vision_manager]: Book detected: xyz=(-0.110, -0.096, 0.507), center=(251, 180)
[INFO] [1789635197.585129242] [vision_manager]: Book detected: xyz=(0.734, 0.005, 0.869), center=(588, 242)
[INFO] [1789635197.586037038] [vision_manager]: Book detected: xyz=(0.625, 0.000, 0.869), center=(548, 240)
[INFO] [1789635197.586938125] [vision_manager]: Book detected: xyz=(-0.090, -0.024, 0.402), center=(249, 221)
[INFO] [1789635197.587844560] [vision_manager]: Book detected: xyz=(-0.091, 0.032, 0.400), center=(248, 265)
[INFO] [1789635197.717258803] [vision_manager]: Book detected: xyz=(-0.086, -0.180, 0.400), center=(252, 97)
[INFO] [1789635197.718300354] [vision_manager]: Book detected: xyz=(-0.110, -0.096, 0.499), center=(250, 179)
[INFO] [1789635197.719161490] [vision_manager]: Book detected: xyz=(0.734, 0.005, 0.869), center=(588, 242)
[INFO] [1789635197.720006095] [vision_manager]: Book detected: xyz=(0.611, 0.000, 0.869), center=(543, 240)
[INFO] [1789635197.720849192] [vision_manager]: Book detected: xyz=(-0.090, -0.024, 0.402), center=(249, 221)
[INFO] [1789635197.721671052] [vision_manager]: Book detected: xyz=(-0.093, 0.029, 0.400), center=(246, 263)
[INFO] [1789635197.852805819] [vision_manager]: Book detected: xyz=(-0.086, -0.180, 0.400), center=(252, 97)
[INFO] [1789635197.853987591] [vision_manager]: Book detected: xyz=(-0.112, -0.096, 0.507), center=(250, 180)
[INFO] [1789635197.855310509] [vision_manager]: Book detected: xyz=(0.734, 0.005, 0.869), center=(588, 242)
[INFO] [1789635197.856796367] [vision_manager]: Book detected: xyz=(0.614, 0.000, 0.869), center=(544, 240)
[INFO] [1789635197.861423896] [vision_manager]: Book detected: xyz=(-0.091, -0.024, 0.402), center=(248, 221)
[INFO] [1789635197.862682845] [vision_manager]: Book detected: xyz=(-0.093, 0.037, 0.400), center=(246, 269)
[INFO] [1789635197.989976697] [vision_manager]: Book detected: xyz=(-0.086, -0.180, 0.400), center=(252, 97)
[INFO] [1789635197.991408306] [vision_manager]: Book detected: xyz=(-0.110, -0.096, 0.507), center=(251, 180)
[INFO] [1789635197.993571220] [vision_manager]: Book detected: xyz=(0.734, 0.005, 0.869), center=(588, 242)
[INFO] [1789635197.995561209] [vision_manager]: Book detected: xyz=(0.614, 0.000, 0.869), center=(544, 240)
[INFO] [1789635197.996901316] [vision_manager]: Book detected: xyz=(-0.090, -0.024, 0.402), center=(249, 221)
[INFO] [1789635197.998267170] [vision_manager]: Book detected: xyz=(-0.091, 0.034, 0.400), center=(248, 267)
[INFO] [1789635198.142159797] [vision_manager]: Book detected: xyz=(-0.086, -0.180, 0.400), center=(252, 97)
[INFO] [1789635198.144426367] [vision_manager]: Book detected: xyz=(-0.109, -0.096, 0.507), center=(252, 180)
[INFO] [1789635198.146227552] [vision_manager]: Book detected: xyz=(0.734, 0.005, 0.869), center=(588, 242)
[INFO] [1789635198.147764049] [vision_manager]: Book detected: xyz=(0.606, 0.000, 0.869), center=(541, 240)
[INFO] [1789635198.149145620] [vision_manager]: Book detected: xyz=(-0.090, -0.023, 0.402), center=(249, 222)
[INFO] [1789635198.273958894] [vision_manager]: Book detected: xyz=(-0.086, -0.180, 0.400), center=(252, 97)
[INFO] [1789635198.276139599] [vision_manager]: Book detected: xyz=(-0.110, -0.096, 0.507), center=(251, 180)
[INFO] [1789635198.278186185] [vision_manager]: Book detected: xyz=(0.734, 0.005, 0.869), center=(588, 242)
[INFO] [1789635198.279687121] [vision_manager]: Book detected: xyz=(0.608, 0.000, 0.869), center=(542, 240)
[INFO] [1789635198.281527979] [vision_manager]: Book detected: xyz=(-0.089, -0.025, 0.401), center=(250, 220)
[INFO] [1789635198.283027441] [vision_manager]: Book detected: xyz=(-0.091, 0.030, 0.400), center=(248, 264)
[INFO] [1789635198.454288739] [vision_manager]: Book detected: xyz=(-0.086, -0.180, 0.400), center=(252, 97)
[INFO] [1789635198.455757675] [vision_manager]: Book detected: xyz=(-0.110, -0.096, 0.507), center=(251, 180)
[INFO] [1789635198.457010220] [vision_manager]: Book detected: xyz=(0.734, 0.005, 0.869), center=(588, 242)
[INFO] [1789635198.458283597] [vision_manager]: Book detected: xyz=(0.408, 0.000, 0.593), center=(538, 240)
[INFO] [1789635198.459511891] [vision_manager]: Book detected: xyz=(-0.090, -0.022, 0.403), center=(249, 223)
[INFO] [1789635198.460735144] [vision_manager]: Book detected: xyz=(-0.091, 0.032, 0.400), center=(248, 265)
[INFO] [1789635198.648208265] [vision_manager]: Book detected: xyz=(-0.086, -0.180, 0.400), center=(252, 97)
[INFO] [1789635198.649727919] [vision_manager]: Book detected: xyz=(-0.110, -0.096, 0.507), center=(251, 180)
[INFO] [1789635198.651266490] [vision_manager]: Book detected: xyz=(0.734, 0.005, 0.869), center=(588, 242)
[INFO] [1789635198.652743875] [vision_manager]: Book detected: xyz=(0.616, 0.000, 0.869), center=(545, 240)
[INFO] [1789635198.654110459] [vision_manager]: Book detected: xyz=(-0.090, -0.023, 0.402), center=(249, 222)
[INFO] [1789635198.655347150] [vision_manager]: Book detected: xyz=(-0.090, 0.037, 0.400), center=(249, 269)
[INFO] [1789635198.849313305] [vision_manager]: Book detected: xyz=(-0.086, -0.180, 0.400), center=(252, 97)
[INFO] [1789635198.851182808] [vision_manager]: Book detected: xyz=(-0.108, -0.096, 0.499), center=(251, 179)
[INFO] [1789635198.852667896] [vision_manager]: Book detected: xyz=(0.734, 0.005, 0.869), center=(588, 242)
[INFO] [1789635198.854137925] [vision_manager]: Book detected: xyz=(0.616, 0.000, 0.869), center=(545, 240)
[INFO] [1789635198.855632093] [vision_manager]: Book detected: xyz=(-0.091, -0.022, 0.403), center=(248, 223)
[INFO] [1789635198.857190230] [vision_manager]: Book detected: xyz=(-0.091, 0.039, 0.400), center=(248, 271)
[INFO] [1789635199.018119313] [vision_manager]: Book detected: xyz=(-0.085, -0.180, 0.400), center=(253, 97)
[INFO] [1789635199.019419798] [vision_manager]: Book detected: xyz=(-0.108, -0.096, 0.499), center=(251, 179)
[INFO] [1789635199.069084610] [vision_manager]: Book detected: xyz=(0.734, 0.005, 0.869), center=(588, 242)
[INFO] [1789635199.069942853] [vision_manager]: Book detected: xyz=(0.625, 0.000, 0.869), center=(548, 240)
[INFO] [1789635199.070748862] [vision_manager]: Book detected: xyz=(-0.090, -0.023, 0.402), center=(249, 222)
[INFO] [1789635199.071572501] [vision_manager]: Book detected: xyz=(-0.090, 0.039, 0.400), center=(249, 271)
[INFO] [1789635199.223237612] [vision_manager]: Book detected: xyz=(-0.086, -0.180, 0.400), center=(252, 97)
[INFO] [1789635199.224450251] [vision_manager]: Book detected: xyz=(-0.108, -0.096, 0.499), center=(251, 179)
[INFO] [1789635199.225462128] [vision_manager]: Book detected: xyz=(0.734, 0.005, 0.869), center=(588, 242)
[INFO] [1789635199.226399038] [vision_manager]: Book detected: xyz=(0.630, 0.000, 0.869), center=(550, 240)
[INFO] [1789635199.227330657] [vision_manager]: Book detected: xyz=(-0.091, -0.022, 0.403), center=(248, 223)
[INFO] [1789635199.228266792] [vision_manager]: Book detected: xyz=(-0.091, 0.040, 0.400), center=(248, 272)
[INFO] [1789635199.378021074] [vision_manager]: Book detected: xyz=(-0.086, -0.180, 0.400), center=(252, 97)
[INFO] [1789635199.379122894] [vision_manager]: Book detected: xyz=(-0.110, -0.096, 0.507), center=(251, 180)
[INFO] [1789635199.380151224] [vision_manager]: Book detected: xyz=(0.734, 0.005, 0.869), center=(588, 242)
[INFO] [1789635199.381123286] [vision_manager]: Book detected: xyz=(0.641, 0.000, 0.869), center=(554, 240)
[INFO] [1789635199.382081765] [vision_manager]: Book detected: xyz=(-0.091, -0.022, 0.403), center=(248, 223)
[INFO] [1789635199.383029910] [vision_manager]: Book detected: xyz=(-0.092, 0.040, 0.400), center=(247, 272)
[INFO] [1789635199.556363098] [vision_manager]: Book detected: xyz=(-0.086, -0.180, 0.400), center=(252, 97)
[INFO] [1789635199.557461317] [vision_manager]: Book detected: xyz=(-0.110, -0.096, 0.507), center=(251, 180)
[INFO] [1789635199.558449470] [vision_manager]: Book detected: xyz=(0.734, 0.005, 0.869), center=(588, 242)
[INFO] [1789635199.559436929] [vision_manager]: Book detected: xyz=(0.630, 0.000, 0.869), center=(550, 240)
[INFO] [1789635199.560425109] [vision_manager]: Book detected: xyz=(-0.091, -0.022, 0.403), center=(248, 223)
[INFO] [1789635199.561419723] [vision_manager]: Book detected: xyz=(-0.091, 0.040, 0.400), center=(248, 272)
[INFO] [1789635199.943838687] [vision_manager]: Book detected: xyz=(-0.086, -0.180, 0.400), center=(252, 97)
[INFO] [1789635199.945283966] [vision_manager]: Book detected: xyz=(-0.110, -0.096, 0.507), center=(251, 180)
[INFO] [1789635199.946862968] [vision_manager]: Book detected: xyz=(0.734, 0.005, 0.869), center=(588, 242)
[INFO] [1789635199.948370302] [vision_manager]: Book detected: xyz=(0.627, 0.000, 0.869), center=(549, 240)
[INFO] [1789635199.949778790] [vision_manager]: Book detected: xyz=(-0.091, -0.022, 0.403), center=(248, 223)
[INFO] [1789635199.951066868] [vision_manager]: Book detected: xyz=(-0.091, 0.039, 0.400), center=(248, 271)
[INFO] [1789635200.083956178] [vision_manager]: Book detected: xyz=(-0.085, -0.180, 0.400), center=(253, 97)
[INFO] [1789635200.085061092] [vision_manager]: Book detected: xyz=(-0.110, -0.096, 0.499), center=(250, 179)
[INFO] [1789635200.086079044] [vision_manager]: Book detected: xyz=(0.734, 0.005, 0.869), center=(588, 242)
[INFO] [1789635200.087090432] [vision_manager]: Book detected: xyz=(0.652, 0.000, 0.869), center=(558, 240)
[INFO] [1789635200.088099556] [vision_manager]: Book detected: xyz=(-0.091, -0.023, 0.402), center=(248, 222)
[INFO] [1789635200.089135085] [vision_manager]: Book detected: xyz=(-0.092, 0.042, 0.400), center=(247, 273)
[INFO] [1789635200.217702538] [vision_manager]: Book detected: xyz=(-0.085, -0.180, 0.400), center=(253, 97)
[INFO] [1789635200.219543156] [vision_manager]: Book detected: xyz=(-0.110, -0.096, 0.507), center=(251, 180)
[INFO] [1789635200.220979982] [vision_manager]: Book detected: xyz=(0.734, 0.005, 0.869), center=(588, 242)
[INFO] [1789635200.222462835] [vision_manager]: Book detected: xyz=(0.641, 0.000, 0.869), center=(554, 240)
[INFO] [1789635200.224085133] [vision_manager]: Book detected: xyz=(-0.090, -0.023, 0.402), center=(249, 222)
[INFO] [1789635200.225991688] [vision_manager]: Book detected: xyz=(-0.091, 0.040, 0.400), center=(248, 272)
[INFO] [1789635200.364850784] [vision_manager]: Book detected: xyz=(-0.085, -0.180, 0.400), center=(253, 97)
[INFO] [1789635200.366378664] [vision_manager]: Book detected: xyz=(-0.110, -0.096, 0.507), center=(251, 180)
[INFO] [1789635200.367813497] [vision_manager]: Book detected: xyz=(0.734, 0.005, 0.869), center=(588, 242)
[INFO] [1789635200.369271649] [vision_manager]: Book detected: xyz=(0.652, 0.000, 0.869), center=(558, 240)
[INFO] [1789635200.370719842] [vision_manager]: Book detected: xyz=(-0.091, -0.022, 0.403), center=(248, 223)
[INFO] [1789635200.372168416] [vision_manager]: Book detected: xyz=(-0.091, 0.040, 0.400), center=(248, 272)
[INFO] [1789635200.508454569] [vision_manager]: Book detected: xyz=(-0.085, -0.180, 0.400), center=(253, 97)
[INFO] [1789635200.509720086] [vision_manager]: Book detected: xyz=(-0.108, -0.096, 0.499), center=(251, 179)
[INFO] [1789635200.510949571] [vision_manager]: Book detected: xyz=(0.734, 0.005, 0.869), center=(588, 242)
[INFO] [1789635200.512178498] [vision_manager]: Book detected: xyz=(0.655, 0.000, 0.869), center=(559, 240)
[INFO] [1789635200.513393424] [vision_manager]: Book detected: xyz=(-0.090, -0.023, 0.402), center=(249, 222)
[INFO] [1789635200.514621529] [vision_manager]: Book detected: xyz=(-0.090, 0.039, 0.400), center=(249, 271)
[INFO] [1789635200.667537271] [vision_manager]: Book detected: xyz=(-0.086, -0.180, 0.400), center=(252, 97)
[INFO] [1789635200.668953223] [vision_manager]: Book detected: xyz=(-0.110, -0.096, 0.499), center=(250, 179)
[INFO] [1789635200.670195482] [vision_manager]: Book detected: xyz=(0.734, 0.005, 0.869), center=(588, 242)
[INFO] [1789635200.671354584] [vision_manager]: Book detected: xyz=(0.644, 0.003, 0.869), center=(555, 241)
[INFO] [1789635200.672532719] [vision_manager]: Book detected: xyz=(-0.091, -0.022, 0.403), center=(248, 223)
[INFO] [1789635200.673740607] [vision_manager]: Book detected: xyz=(-0.092, 0.035, 0.400), center=(247, 268)
[INFO] [1789635200.823133241] [vision_manager]: Book detected: xyz=(-0.086, -0.179, 0.401), center=(252, 98)
[INFO] [1789635200.824406256] [vision_manager]: Book detected: xyz=(-0.110, -0.096, 0.499), center=(250, 179)
[INFO] [1789635200.825604879] [vision_manager]: Book detected: xyz=(0.734, 0.005, 0.869), center=(588, 242)
[INFO] [1789635200.826811156] [vision_manager]: Book detected: xyz=(0.655, 0.000, 0.869), center=(559, 240)
[INFO] [1789635200.828012645] [vision_manager]: Book detected: xyz=(-0.092, -0.021, 0.411), center=(249, 224)
[INFO] [1789635200.829217342] [vision_manager]: Book detected: xyz=(-0.091, 0.037, 0.400), center=(248, 269)
[INFO] [1789635200.949351694] [vision_manager]: Book detected: xyz=(-0.086, -0.179, 0.401), center=(252, 98)
[INFO] [1789635200.950626182] [vision_manager]: Book detected: xyz=(-0.108, -0.096, 0.499), center=(251, 179)
[INFO] [1789635200.951839784] [vision_manager]: Book detected: xyz=(0.734, 0.005, 0.869), center=(588, 242)
[INFO] [1789635200.953084982] [vision_manager]: Book detected: xyz=(0.633, 0.000, 0.869), center=(551, 240)
[INFO] [1789635200.954303493] [vision_manager]: Book detected: xyz=(-0.093, -0.021, 0.411), center=(248, 224)
[INFO] [1789635200.955560628] [vision_manager]: Book detected: xyz=(-0.091, 0.038, 0.400), center=(248, 270)
[INFO] [1789635201.108763828] [vision_manager]: Book detected: xyz=(-0.086, -0.180, 0.400), center=(252, 97)
[INFO] [1789635201.109861878] [vision_manager]: Book detected: xyz=(-0.108, -0.096, 0.499), center=(251, 179)
[INFO] [1789635201.110863107] [vision_manager]: Book detected: xyz=(0.734, 0.005, 0.869), center=(588, 242)
[INFO] [1789635201.111787833] [vision_manager]: Book detected: xyz=(0.641, 0.000, 0.869), center=(554, 240)
[INFO] [1789635201.112703553] [vision_manager]: Book detected: xyz=(-0.090, -0.022, 0.403), center=(249, 223)
[INFO] [1789635201.229347054] [vision_manager]: Book detected: xyz=(-0.086, -0.180, 0.400), center=(252, 97)
[INFO] [1789635201.230821417] [vision_manager]: Book detected: xyz=(-0.108, -0.096, 0.499), center=(251, 179)
[INFO] [1789635201.232365916] [vision_manager]: Book detected: xyz=(0.734, 0.005, 0.869), center=(588, 242)
[INFO] [1789635201.233455629] [vision_manager]: Book detected: xyz=(0.647, 0.000, 0.869), center=(556, 240)
[INFO] [1789635201.234744742] [vision_manager]: Book detected: xyz=(-0.090, -0.022, 0.403), center=(249, 223)
[INFO] [1789635201.353357145] [vision_manager]: Book detected: xyz=(-0.086, -0.180, 0.400), center=(252, 97)
[INFO] [1789635201.354600504] [vision_manager]: Book detected: xyz=(-0.108, -0.096, 0.499), center=(251, 179)
[INFO] [1789635201.355770309] [vision_manager]: Book detected: xyz=(0.734, 0.005, 0.869), center=(588, 242)
[INFO] [1789635201.356948069] [vision_manager]: Book detected: xyz=(0.641, 0.000, 0.869), center=(554, 240)
[INFO] [1789635201.358145066] [vision_manager]: Book detected: xyz=(-0.089, -0.022, 0.403), center=(250, 223)
[INFO] [1789635201.491038609] [vision_manager]: Book detected: xyz=(-0.086, -0.180, 0.400), center=(252, 97)
[INFO] [1789635201.492778405] [vision_manager]: Book detected: xyz=(-0.107, -0.096, 0.491), center=(251, 178)
[INFO] [1789635201.494441040] [vision_manager]: Book detected: xyz=(0.737, 0.005, 0.869), center=(589, 242)
[INFO] [1789635201.496004435] [vision_manager]: Book detected: xyz=(0.660, 0.000, 0.869), center=(561, 240)
[INFO] [1789635201.497480875] [vision_manager]: Book detected: xyz=(-0.090, -0.023, 0.402), center=(249, 222)
[INFO] [1789635201.663543635] [vision_manager]: Book detected: xyz=(-0.085, -0.180, 0.400), center=(253, 97)
[INFO] [1789635201.665259411] [vision_manager]: Book detected: xyz=(-0.108, -0.096, 0.499), center=(251, 179)
[INFO] [1789635201.666934412] [vision_manager]: Book detected: xyz=(0.737, 0.005, 0.869), center=(589, 242)
[INFO] [1789635201.669031830] [vision_manager]: Book detected: xyz=(0.655, 0.000, 0.869), center=(559, 240)
[INFO] [1789635201.671916400] [vision_manager]: Book detected: xyz=(-0.090, -0.022, 0.403), center=(249, 223)
[INFO] [1789635201.674218719] [vision_manager]: Book detected: xyz=(-0.090, 0.039, 0.400), center=(249, 271)
[INFO] [1789635201.852541341] [vision_manager]: Book detected: xyz=(-0.085, -0.180, 0.400), center=(253, 97)
[INFO] [1789635201.854092253] [vision_manager]: Book detected: xyz=(-0.108, -0.096, 0.499), center=(251, 179)
[INFO] [1789635201.856234786] [vision_manager]: Book detected: xyz=(0.737, 0.005, 0.869), center=(589, 242)
[INFO] [1789635201.858838507] [vision_manager]: Book detected: xyz=(0.663, 0.000, 0.869), center=(562, 240)
[INFO] [1789635201.860416979] [vision_manager]: Book detected: xyz=(-0.090, -0.023, 0.402), center=(249, 222)
[INFO] [1789635201.861793125] [vision_manager]: Book detected: xyz=(-0.091, 0.038, 0.400), center=(248, 270)
[INFO] [1789635202.011579343] [vision_manager]: Book detected: xyz=(-0.085, -0.180, 0.400), center=(253, 97)
[INFO] [1789635202.012989293] [vision_manager]: Book detected: xyz=(-0.108, -0.096, 0.499), center=(251, 179)
[INFO] [1789635202.014036171] [vision_manager]: Book detected: xyz=(0.737, 0.005, 0.869), center=(589, 242)
[INFO] [1789635202.015350265] [vision_manager]: Book detected: xyz=(0.652, 0.000, 0.869), center=(558, 240)
[INFO] [1789635202.016448494] [vision_manager]: Book detected: xyz=(-0.090, -0.024, 0.402), center=(249, 221)
[INFO] [1789635202.017448363] [vision_manager]: Book detected: xyz=(-0.090, 0.039, 0.400), center=(249, 271)
[INFO] [1789635202.200888466] [vision_manager]: Book detected: xyz=(-0.085, -0.180, 0.400), center=(253, 97)
[INFO] [1789635202.205491262] [vision_manager]: Book detected: xyz=(-0.108, -0.096, 0.499), center=(251, 179)
[INFO] [1789635202.207504946] [vision_manager]: Book detected: xyz=(0.737, 0.005, 0.869), center=(589, 242)
[INFO] [1789635202.208720940] [vision_manager]: Book detected: xyz=(0.655, 0.000, 0.869), center=(559, 240)
[INFO] [1789635202.209876579] [vision_manager]: Book detected: xyz=(-0.090, -0.022, 0.403), center=(249, 223)
[INFO] [1789635202.462866157] [vision_manager]: Book detected: xyz=(-0.086, -0.179, 0.401), center=(252, 98)
[INFO] [1789635202.464195884] [vision_manager]: Book detected: xyz=(-0.108, -0.096, 0.499), center=(251, 179)
[INFO] [1789635202.465353791] [vision_manager]: Book detected: xyz=(0.734, 0.005, 0.869), center=(588, 242)
[INFO] [1789635202.466454809] [vision_manager]: Book detected: xyz=(0.633, 0.000, 0.869), center=(551, 240)
[INFO] [1789635202.467759326] [vision_manager]: Book detected: xyz=(-0.090, -0.022, 0.403), center=(249, 223)
[INFO] [1789635202.470160939] [vision_manager]: Book detected: xyz=(-0.090, 0.038, 0.400), center=(249, 270)
[INFO] [1789635202.621948587] [vision_manager]: Book detected: xyz=(-0.086, -0.179, 0.401), center=(252, 98)
[INFO] [1789635202.623481381] [vision_manager]: Book detected: xyz=(-0.107, -0.096, 0.491), center=(251, 178)
[INFO] [1789635202.624893994] [vision_manager]: Book detected: xyz=(0.734, 0.005, 0.869), center=(588, 242)
[INFO] [1789635202.626376590] [vision_manager]: Book detected: xyz=(0.638, 0.000, 0.869), center=(553, 240)
[INFO] [1789635202.627866331] [vision_manager]: Book detected: xyz=(-0.090, -0.022, 0.403), center=(249, 223)
[INFO] [1789635202.798030178] [vision_manager]: Book detected: xyz=(-0.086, -0.179, 0.401), center=(252, 98)
[INFO] [1789635202.799002679] [vision_manager]: Book detected: xyz=(-0.108, -0.096, 0.499), center=(251, 179)
[INFO] [1789635202.800253426] [vision_manager]: Book detected: xyz=(0.734, 0.005, 0.869), center=(588, 242)
[INFO] [1789635202.801908064] [vision_manager]: Book detected: xyz=(0.647, 0.000, 0.869), center=(556, 240)
[INFO] [1789635202.803873525] [vision_manager]: Book detected: xyz=(-0.092, -0.021, 0.411), center=(249, 224)
[INFO] [1789635202.931755341] [vision_manager]: Book detected: xyz=(-0.086, -0.179, 0.401), center=(252, 98)
[INFO] [1789635202.933097131] [vision_manager]: Book detected: xyz=(-0.108, -0.096, 0.499), center=(251, 179)
[INFO] [1789635202.934365796] [vision_manager]: Book detected: xyz=(0.734, 0.005, 0.869), center=(588, 242)
[INFO] [1789635202.935994003] [vision_manager]: Book detected: xyz=(0.638, 0.000, 0.869), center=(553, 240)
[INFO] [1789635202.938008895] [vision_manager]: Book detected: xyz=(-0.090, -0.022, 0.403), center=(249, 223)
[INFO] [1789635202.939306948] [vision_manager]: Book detected: xyz=(-0.091, 0.032, 0.400), center=(248, 265)
[INFO] [1789635203.080945997] [vision_manager]: Book detected: xyz=(-0.085, -0.179, 0.401), center=(253, 98)
[INFO] [1789635203.082173414] [vision_manager]: Book detected: xyz=(-0.108, -0.096, 0.499), center=(251, 179)
[INFO] [1789635203.083295289] [vision_manager]: Book detected: xyz=(0.734, 0.005, 0.869), center=(588, 242)
[INFO] [1789635203.084443967] [vision_manager]: Book detected: xyz=(0.641, 0.000, 0.869), center=(554, 240)
[INFO] [1789635203.087210410] [vision_manager]: Book detected: xyz=(-0.092, -0.021, 0.411), center=(249, 224)
[INFO] [1789635203.088513936] [vision_manager]: Book detected: xyz=(-0.091, 0.027, 0.401), center=(248, 261)
[INFO] [1789635203.256171747] [vision_manager]: Book detected: xyz=(-0.086, -0.180, 0.400), center=(252, 97)
[INFO] [1789635203.261456575] [vision_manager]: Book detected: xyz=(-0.108, -0.096, 0.499), center=(251, 179)
[INFO] [1789635203.264639949] [vision_manager]: Book detected: xyz=(0.734, 0.005, 0.869), center=(588, 242)
[INFO] [1789635203.265982821] [vision_manager]: Book detected: xyz=(0.660, 0.000, 0.869), center=(561, 240)
[INFO] [1789635203.267304856] [vision_manager]: Book detected: xyz=(-0.090, -0.022, 0.403), center=(249, 223)
[INFO] [1789635203.427621011] [vision_manager]: Book detected: xyz=(-0.086, -0.179, 0.401), center=(252, 98)
[INFO] [1789635203.430471019] [vision_manager]: Book detected: xyz=(-0.108, -0.096, 0.499), center=(251, 179)
[INFO] [1789635203.433056075] [vision_manager]: Book detected: xyz=(0.734, 0.005, 0.869), center=(588, 242)
[INFO] [1789635203.435333837] [vision_manager]: Book detected: xyz=(0.655, 0.000, 0.869), center=(559, 240)
[INFO] [1789635203.437546507] [vision_manager]: Book detected: xyz=(-0.090, -0.022, 0.403), center=(249, 223)
[INFO] [1789635203.439736620] [vision_manager]: Book detected: xyz=(-0.091, 0.034, 0.400), center=(248, 267)
[INFO] [1789635203.591262528] [vision_manager]: Book detected: xyz=(-0.085, -0.180, 0.400), center=(253, 97)
[INFO] [1789635203.592578877] [vision_manager]: Book detected: xyz=(-0.108, -0.096, 0.499), center=(251, 179)
[INFO] [1789635203.593895919] [vision_manager]: Book detected: xyz=(0.734, 0.005, 0.869), center=(588, 242)
[INFO] [1789635203.595145340] [vision_manager]: Book detected: xyz=(0.647, 0.000, 0.869), center=(556, 240)
[INFO] [1789635203.596338900] [vision_manager]: Book detected: xyz=(-0.093, -0.021, 0.411), center=(248, 224)
[INFO] [1789635203.597444906] [vision_manager]: Book detected: xyz=(-0.091, 0.035, 0.400), center=(248, 268)
[INFO] [1789635203.789611711] [vision_manager]: Book detected: xyz=(-0.085, -0.180, 0.400), center=(253, 97)
[INFO] [1789635203.791413232] [vision_manager]: Book detected: xyz=(-0.108, -0.096, 0.499), center=(251, 179)
[INFO] [1789635203.793159833] [vision_manager]: Book detected: xyz=(0.734, 0.005, 0.869), center=(588, 242)
[INFO] [1789635203.794676776] [vision_manager]: Book detected: xyz=(0.644, 0.000, 0.869), center=(555, 240)
[INFO] [1789635203.796138370] [vision_manager]: Book detected: xyz=(-0.090, -0.022, 0.403), center=(249, 223)
[INFO] [1789635203.954603696] [vision_manager]: Book detected: xyz=(-0.085, -0.180, 0.400), center=(253, 97)
[INFO] [1789635203.956200702] [vision_manager]: Book detected: xyz=(-0.108, -0.096, 0.499), center=(251, 179)
[INFO] [1789635203.957789048] [vision_manager]: Book detected: xyz=(0.734, 0.005, 0.869), center=(588, 242)
[INFO] [1789635203.959317617] [vision_manager]: Book detected: xyz=(0.641, 0.000, 0.869), center=(554, 240)
[INFO] [1789635203.961031979] [vision_manager]: Book detected: xyz=(-0.090, -0.023, 0.402), center=(249, 222)
[INFO] [1789635203.962637277] [vision_manager]: Book detected: xyz=(-0.091, 0.034, 0.400), center=(248, 267)
[INFO] [1789635204.325410506] [vision_manager]: Book detected: xyz=(-0.085, -0.180, 0.400), center=(253, 97)
[INFO] [1789635204.327032616] [vision_manager]: Book detected: xyz=(-0.108, -0.096, 0.499), center=(251, 179)
[INFO] [1789635204.333848657] [vision_manager]: Book detected: xyz=(0.734, 0.005, 0.869), center=(588, 242)
[INFO] [1789635204.335486086] [vision_manager]: Book detected: xyz=(0.649, 0.000, 0.869), center=(557, 240)
[INFO] [1789635204.336915982] [vision_manager]: Book detected: xyz=(-0.090, -0.023, 0.402), center=(249, 222)
[INFO] [1789635204.338242403] [vision_manager]: Book detected: xyz=(-0.091, 0.035, 0.400), center=(248, 268)
[INFO] [1789635204.512070154] [vision_manager]: Book detected: xyz=(-0.085, -0.180, 0.400), center=(253, 97)
[INFO] [1789635204.513513128] [vision_manager]: Book detected: xyz=(-0.108, -0.096, 0.499), center=(251, 179)
[INFO] [1789635204.514767972] [vision_manager]: Book detected: xyz=(0.734, 0.005, 0.869), center=(588, 242)
[INFO] [1789635204.515971752] [vision_manager]: Book detected: xyz=(0.647, 0.000, 0.869), center=(556, 240)
[INFO] [1789635204.517361091] [vision_manager]: Book detected: xyz=(-0.098, -0.021, 0.439), center=(249, 225)
[INFO] [1789635204.711832545] [vision_manager]: Book detected: xyz=(-0.086, -0.180, 0.400), center=(252, 97)
[INFO] [1789635204.713025832] [vision_manager]: Book detected: xyz=(-0.112, -0.096, 0.507), center=(250, 180)
[INFO] [1789635204.714195698] [vision_manager]: Book detected: xyz=(0.734, 0.005, 0.869), center=(588, 242)
[INFO] [1789635204.715373810] [vision_manager]: Book detected: xyz=(0.666, 0.000, 0.869), center=(563, 240)
[INFO] [1789635204.716498920] [vision_manager]: Book detected: xyz=(-0.100, -0.021, 0.439), center=(248, 225)
[INFO] [1789635204.717745357] [vision_manager]: Book detected: xyz=(-0.094, 0.019, 0.404), center=(246, 255)
[INFO] [1789635204.956590877] [vision_manager]: Book detected: xyz=(-0.086, -0.179, 0.401), center=(252, 98)
[INFO] [1789635204.957771820] [vision_manager]: Book detected: xyz=(-0.108, -0.096, 0.499), center=(251, 179)
[INFO] [1789635204.958804155] [vision_manager]: Book detected: xyz=(0.734, 0.005, 0.869), center=(588, 242)
[INFO] [1789635204.959834980] [vision_manager]: Book detected: xyz=(0.658, 0.000, 0.869), center=(560, 240)
[INFO] [1789635204.960880041] [vision_manager]: Book detected: xyz=(-0.107, -0.021, 0.472), center=(248, 226)
[INFO] [1789635204.961500755] [vision_manager]: No placeable empty shelf position found
[INFO] [1789635205.181429971] [vision_manager]: Book detected: xyz=(-0.085, -0.179, 0.401), center=(253, 98)
[INFO] [1789635205.183162661] [vision_manager]: Book detected: xyz=(-0.110, -0.096, 0.507), center=(251, 180)
[INFO] [1789635205.184770095] [vision_manager]: Book detected: xyz=(0.734, 0.005, 0.869), center=(588, 242)
[INFO] [1789635205.186337689] [vision_manager]: Book detected: xyz=(0.655, 0.000, 0.869), center=(559, 240)
[INFO] [1789635205.187907525] [vision_manager]: Book detected: xyz=(-0.100, -0.021, 0.439), center=(248, 225)
[INFO] [1789635205.347287160] [vision_manager]: Book detected: xyz=(-0.086, -0.179, 0.401), center=(252, 98)
[INFO] [1789635205.349298644] [vision_manager]: Book detected: xyz=(-0.112, -0.096, 0.516), center=(251, 181)
[INFO] [1789635205.350459272] [vision_manager]: Book detected: xyz=(0.734, 0.005, 0.869), center=(588, 242)
[INFO] [1789635205.351552671] [vision_manager]: Book detected: xyz=(0.652, 0.000, 0.869), center=(558, 240)
[INFO] [1789635205.352622981] [vision_manager]: Book detected: xyz=(-0.100, -0.021, 0.439), center=(248, 225)
[INFO] [1789635205.510117802] [vision_manager]: Book detected: xyz=(-0.086, -0.179, 0.401), center=(252, 98)
[INFO] [1789635205.511506381] [vision_manager]: Book detected: xyz=(-0.112, -0.096, 0.507), center=(250, 180)
[INFO] [1789635205.512528039] [vision_manager]: Book detected: xyz=(0.734, 0.005, 0.869), center=(588, 242)
[INFO] [1789635205.513542447] [vision_manager]: Book detected: xyz=(0.660, 0.000, 0.869), center=(561, 240)
[INFO] [1789635205.514500087] [vision_manager]: Book detected: xyz=(-0.100, -0.021, 0.439), center=(248, 225)
[INFO] [1789635205.515465603] [vision_manager]: Book detected: xyz=(-0.099, 0.019, 0.429), center=(247, 254)
[INFO] [1789635205.684427627] [vision_manager]: Book detected: xyz=(-0.085, -0.179, 0.401), center=(253, 98)
[INFO] [1789635205.685541651] [vision_manager]: Book detected: xyz=(-0.110, -0.096, 0.507), center=(251, 180)
[INFO] [1789635205.686593299] [vision_manager]: Book detected: xyz=(0.734, 0.005, 0.869), center=(588, 242)
[INFO] [1789635205.687942968] [vision_manager]: Book detected: xyz=(0.660, 0.000, 0.869), center=(561, 240)
[INFO] [1789635205.692525600] [vision_manager]: Book detected: xyz=(-0.092, -0.021, 0.411), center=(249, 224)
[INFO] [1789635205.855684244] [vision_manager]: Book detected: xyz=(-0.086, -0.179, 0.401), center=(252, 98)
[INFO] [1789635205.856766206] [vision_manager]: Book detected: xyz=(-0.110, -0.096, 0.507), center=(251, 180)
[INFO] [1789635205.857759251] [vision_manager]: Book detected: xyz=(0.737, 0.005, 0.869), center=(589, 242)
[INFO] [1789635205.858763489] [vision_manager]: Book detected: xyz=(0.671, 0.000, 0.869), center=(565, 240)
[INFO] [1789635205.859910500] [vision_manager]: Book detected: xyz=(-0.090, -0.023, 0.402), center=(249, 222)
[INFO] [1789635206.025904537] [vision_manager]: Book detected: xyz=(-0.086, -0.179, 0.401), center=(252, 98)
[INFO] [1789635206.027754468] [vision_manager]: Book detected: xyz=(-0.108, -0.096, 0.499), center=(251, 179)
[INFO] [1789635206.028857060] [vision_manager]: Book detected: xyz=(0.734, 0.005, 0.869), center=(588, 242)
[INFO] [1789635206.029862185] [vision_manager]: Book detected: xyz=(0.660, 0.000, 0.869), center=(561, 240)
[INFO] [1789635206.031187055] [vision_manager]: Book detected: xyz=(-0.090, -0.022, 0.403), center=(249, 223)
[INFO] [1789635206.206139487] [vision_manager]: Book detected: xyz=(-0.085, -0.180, 0.400), center=(253, 97)
[INFO] [1789635206.207245268] [vision_manager]: Book detected: xyz=(-0.110, -0.096, 0.507), center=(251, 180)
[INFO] [1789635206.208371286] [vision_manager]: Book detected: xyz=(0.734, 0.005, 0.869), center=(588, 242)
[INFO] [1789635206.209517984] [vision_manager]: Book detected: xyz=(0.655, 0.000, 0.869), center=(559, 240)
[INFO] [1789635206.210583726] [vision_manager]: Book detected: xyz=(-0.090, -0.022, 0.403), center=(249, 223)
[INFO] [1789635206.211632443] [vision_manager]: Book detected: xyz=(-0.090, 0.027, 0.401), center=(249, 261)
[INFO] [1789635206.340197217] [vision_manager]: Book detected: xyz=(-0.085, -0.180, 0.400), center=(253, 97)
[INFO] [1789635206.341269573] [vision_manager]: Book detected: xyz=(-0.110, -0.096, 0.507), center=(251, 180)
[INFO] [1789635206.342249126] [vision_manager]: Book detected: xyz=(0.734, 0.005, 0.869), center=(588, 242)
[INFO] [1789635206.343263395] [vision_manager]: Book detected: xyz=(0.655, 0.000, 0.869), center=(559, 240)
[INFO] [1789635206.344370213] [vision_manager]: Book detected: xyz=(-0.090, -0.022, 0.403), center=(249, 223)
[INFO] [1789635206.345413842] [vision_manager]: Book detected: xyz=(-0.090, 0.029, 0.400), center=(249, 263)
[INFO] [1789635206.491618217] [vision_manager]: Book detected: xyz=(-0.085, -0.180, 0.400), center=(253, 97)
[INFO] [1789635206.492752156] [vision_manager]: Book detected: xyz=(-0.112, -0.096, 0.516), center=(251, 181)
[INFO] [1789635206.493825151] [vision_manager]: Book detected: xyz=(0.734, 0.005, 0.869), center=(588, 242)
[INFO] [1789635206.494854299] [vision_manager]: Book detected: xyz=(0.660, 0.000, 0.869), center=(561, 240)
[INFO] [1789635206.495879104] [vision_manager]: Book detected: xyz=(-0.089, -0.024, 0.402), center=(250, 221)
[INFO] [1789635206.496899569] [vision_manager]: Book detected: xyz=(-0.091, 0.029, 0.400), center=(248, 263)
[INFO] [1789635206.644949634] [vision_manager]: Book detected: xyz=(-0.085, -0.180, 0.400), center=(253, 97)
[INFO] [1789635206.646442494] [vision_manager]: Book detected: xyz=(-0.112, -0.096, 0.516), center=(251, 181)
[INFO] [1789635206.647766556] [vision_manager]: Book detected: xyz=(0.734, 0.005, 0.869), center=(588, 242)
[INFO] [1789635206.649096831] [vision_manager]: Book detected: xyz=(0.655, 0.000, 0.869), center=(559, 240)
[INFO] [1789635206.650429493] [vision_manager]: Book detected: xyz=(-0.090, -0.023, 0.402), center=(249, 222)
[INFO] [1789635206.651797444] [vision_manager]: Book detected: xyz=(-0.090, 0.035, 0.400), center=(249, 268)
[INFO] [1789635206.801527741] [vision_manager]: Book detected: xyz=(-0.085, -0.180, 0.400), center=(253, 97)
[INFO] [1789635206.802685048] [vision_manager]: Book detected: xyz=(-0.112, -0.096, 0.516), center=(251, 181)
[INFO] [1789635206.803719757] [vision_manager]: Book detected: xyz=(0.734, 0.005, 0.869), center=(588, 242)
[INFO] [1789635206.805074736] [vision_manager]: Book detected: xyz=(0.647, 0.000, 0.869), center=(556, 240)
[INFO] [1789635206.806791337] [vision_manager]: Book detected: xyz=(-0.090, -0.023, 0.402), center=(249, 222)
[INFO] [1789635206.936727373] [vision_manager]: Book detected: xyz=(-0.085, -0.180, 0.400), center=(253, 97)
[INFO] [1789635206.938097409] [vision_manager]: Book detected: xyz=(-0.112, -0.096, 0.516), center=(251, 181)
[INFO] [1789635206.939389551] [vision_manager]: Book detected: xyz=(0.734, 0.005, 0.869), center=(588, 242)
[INFO] [1789635206.940736839] [vision_manager]: Book detected: xyz=(0.636, 0.000, 0.869), center=(552, 240)
[INFO] [1789635206.942143455] [vision_manager]: Book detected: xyz=(-0.090, -0.022, 0.403), center=(249, 223)
[INFO] [1789635207.099005298] [vision_manager]: Book detected: xyz=(-0.085, -0.180, 0.400), center=(253, 97)
[INFO] [1789635207.099978297] [vision_manager]: Book detected: xyz=(-0.110, -0.096, 0.507), center=(251, 180)
[INFO] [1789635207.100942670] [vision_manager]: Book detected: xyz=(0.734, 0.005, 0.869), center=(588, 242)
[INFO] [1789635207.101943594] [vision_manager]: Book detected: xyz=(0.644, 0.000, 0.869), center=(555, 240)
[INFO] [1789635207.102952918] [vision_manager]: Book detected: xyz=(-0.090, -0.022, 0.403), center=(249, 223)
[INFO] [1789635207.272947209] [vision_manager]: Book detected: xyz=(-0.086, -0.180, 0.400), center=(252, 97)
[INFO] [1789635207.273970809] [vision_manager]: Book detected: xyz=(-0.110, -0.096, 0.507), center=(251, 180)
[INFO] [1789635207.274988545] [vision_manager]: Book detected: xyz=(0.734, 0.005, 0.869), center=(588, 242)
[INFO] [1789635207.275970384] [vision_manager]: Book detected: xyz=(0.644, 0.000, 0.869), center=(555, 240)
[INFO] [1789635207.276930967] [vision_manager]: Book detected: xyz=(-0.090, -0.022, 0.403), center=(249, 223)
[INFO] [1789635207.420094477] [vision_manager]: Book detected: xyz=(-0.086, -0.180, 0.400), center=(252, 97)
[INFO] [1789635207.422002402] [vision_manager]: Book detected: xyz=(-0.110, -0.096, 0.507), center=(251, 180)
[INFO] [1789635207.423202139] [vision_manager]: Book detected: xyz=(0.734, 0.005, 0.869), center=(588, 242)
[INFO] [1789635207.424317339] [vision_manager]: Book detected: xyz=(0.636, 0.000, 0.869), center=(552, 240)
[INFO] [1789635207.425338381] [vision_manager]: Book detected: xyz=(-0.090, -0.022, 0.403), center=(249, 223)
[INFO] [1789635207.590865226] [vision_manager]: Book detected: xyz=(-0.086, -0.180, 0.400), center=(252, 97)
[INFO] [1789635207.591914530] [vision_manager]: Book detected: xyz=(-0.110, -0.096, 0.507), center=(251, 180)
[INFO] [1789635207.592899137] [vision_manager]: Book detected: xyz=(0.734, 0.005, 0.869), center=(588, 242)
[INFO] [1789635207.593880706] [vision_manager]: Book detected: xyz=(0.641, 0.000, 0.869), center=(554, 240)
[INFO] [1789635207.594883478] [vision_manager]: Book detected: xyz=(-0.090, -0.022, 0.403), center=(249, 223)
[INFO] [1789635207.803448174] [vision_manager]: Book detected: xyz=(-0.086, -0.180, 0.400), center=(252, 97)
[INFO] [1789635207.804555979] [vision_manager]: Book detected: xyz=(-0.112, -0.096, 0.516), center=(251, 181)
[INFO] [1789635207.805691236] [vision_manager]: Book detected: xyz=(0.734, 0.005, 0.869), center=(588, 242)
[INFO] [1789635207.807660260] [vision_manager]: Book detected: xyz=(0.627, 0.000, 0.869), center=(549, 240)
[INFO] [1789635207.809512775] [vision_manager]: Book detected: xyz=(-0.090, -0.022, 0.403), center=(249, 223)
[INFO] [1789635207.995338796] [vision_manager]: Book detected: xyz=(-0.086, -0.180, 0.400), center=(252, 97)
[INFO] [1789635207.996530197] [vision_manager]: Book detected: xyz=(-0.112, -0.096, 0.516), center=(251, 181)
[INFO] [1789635207.997600574] [vision_manager]: Book detected: xyz=(0.734, 0.005, 0.869), center=(588, 242)
[INFO] [1789635207.998647472] [vision_manager]: Book detected: xyz=(0.633, 0.000, 0.869), center=(551, 240)
[INFO] [1789635207.999755145] [vision_manager]: Book detected: xyz=(-0.090, -0.023, 0.402), center=(249, 222)
[INFO] [1789635208.000782826] [vision_manager]: Book detected: xyz=(-0.091, 0.027, 0.401), center=(248, 261)
[INFO] [1789635208.147228493] [vision_manager]: Book detected: xyz=(-0.085, -0.180, 0.400), center=(253, 97)
[INFO] [1789635208.148378094] [vision_manager]: Book detected: xyz=(-0.114, -0.096, 0.525), center=(251, 182)
[INFO] [1789635208.149442336] [vision_manager]: Book detected: xyz=(0.734, 0.005, 0.869), center=(588, 242)
[INFO] [1789635208.150495920] [vision_manager]: Book detected: xyz=(0.630, 0.000, 0.869), center=(550, 240)
[INFO] [1789635208.151579017] [vision_manager]: Book detected: xyz=(-0.089, -0.022, 0.403), center=(250, 223)
[INFO] [1789635208.152619629] [vision_manager]: Book detected: xyz=(-0.091, 0.025, 0.401), center=(248, 260)
[INFO] [1789635208.322720682] [vision_manager]: Book detected: xyz=(-0.085, -0.180, 0.400), center=(253, 97)
[INFO] [1789635208.324983782] [vision_manager]: Book detected: xyz=(-0.114, -0.096, 0.525), center=(251, 182)
[INFO] [1789635208.327609655] [vision_manager]: Book detected: xyz=(0.734, 0.005, 0.869), center=(588, 242)
[INFO] [1789635208.329252867] [vision_manager]: Book detected: xyz=(0.641, 0.000, 0.869), center=(554, 240)
[INFO] [1789635208.330500815] [vision_manager]: Book detected: xyz=(-0.089, -0.027, 0.401), center=(250, 219)
[INFO] [1789635208.331733601] [vision_manager]: Book detected: xyz=(-0.090, 0.037, 0.400), center=(249, 269)
[INFO] [1789635208.573707338] [vision_manager]: Book detected: xyz=(-0.085, -0.180, 0.400), center=(253, 97)
[INFO] [1789635208.575209080] [vision_manager]: Book detected: xyz=(-0.116, -0.096, 0.534), center=(251, 183)
[INFO] [1789635208.576692790] [vision_manager]: Book detected: xyz=(0.734, 0.005, 0.869), center=(588, 242)
[INFO] [1789635208.578476719] [vision_manager]: Book detected: xyz=(0.641, 0.000, 0.869), center=(554, 240)
[INFO] [1789635208.580347554] [vision_manager]: Book detected: xyz=(-0.090, -0.027, 0.401), center=(249, 219)
[INFO] [1789635208.582060260] [vision_manager]: Book detected: xyz=(-0.090, 0.035, 0.400), center=(249, 268)
[INFO] [1789635208.760979919] [vision_manager]: Book detected: xyz=(-0.086, -0.180, 0.400), center=(252, 97)
[INFO] [1789635208.763211766] [vision_manager]: Book detected: xyz=(-0.116, -0.096, 0.534), center=(251, 183)
[INFO] [1789635208.764830362] [vision_manager]: Book detected: xyz=(0.734, 0.005, 0.869), center=(588, 242)
[INFO] [1789635208.766590560] [vision_manager]: Book detected: xyz=(0.652, 0.000, 0.869), center=(558, 240)
[INFO] [1789635208.768290683] [vision_manager]: Book detected: xyz=(-0.090, -0.023, 0.402), center=(249, 222)
[INFO] [1789635208.770126786] [vision_manager]: Book detected: xyz=(-0.090, 0.030, 0.400), center=(249, 264)
[INFO] [1789635208.976728944] [vision_manager]: Book detected: xyz=(-0.085, -0.180, 0.400), center=(253, 97)
[INFO] [1789635208.977781666] [vision_manager]: Book detected: xyz=(-0.112, -0.096, 0.516), center=(251, 181)
[INFO] [1789635208.978788421] [vision_manager]: Book detected: xyz=(0.734, 0.005, 0.869), center=(588, 242)
[INFO] [1789635208.979763853] [vision_manager]: Book detected: xyz=(0.649, 0.000, 0.869), center=(557, 240)
[INFO] [1789635208.980783114] [vision_manager]: Book detected: xyz=(-0.090, -0.022, 0.403), center=(249, 223)
[INFO] [1789635208.981811851] [vision_manager]: Book detected: xyz=(-0.091, 0.028, 0.401), center=(248, 262)
[INFO] [1789635209.173800177] [vision_manager]: Book detected: xyz=(-0.085, -0.180, 0.400), center=(253, 97)
[INFO] [1789635209.175447525] [vision_manager]: Book detected: xyz=(-0.114, -0.096, 0.525), center=(251, 182)
[INFO] [1789635209.176745228] [vision_manager]: Book detected: xyz=(0.734, 0.005, 0.869), center=(588, 242)
[INFO] [1789635209.177942061] [vision_manager]: Book detected: xyz=(0.644, 0.000, 0.869), center=(555, 240)
[INFO] [1789635209.179059196] [vision_manager]: Book detected: xyz=(-0.091, -0.021, 0.411), center=(250, 224)
[INFO] [1789635209.414061421] [vision_manager]: Book detected: xyz=(-0.086, -0.180, 0.400), center=(252, 97)
[INFO] [1789635209.415542020] [vision_manager]: Book detected: xyz=(-0.110, -0.096, 0.499), center=(250, 179)
[INFO] [1789635209.417484949] [vision_manager]: Book detected: xyz=(0.734, 0.005, 0.869), center=(588, 242)
[INFO] [1789635209.418747146] [vision_manager]: Book detected: xyz=(0.625, 0.003, 0.869), center=(548, 241)
[INFO] [1789635209.419951619] [vision_manager]: Book detected: xyz=(-0.090, -0.022, 0.403), center=(249, 223)
[INFO] [1789635209.421136403] [vision_manager]: Book detected: xyz=(-0.094, 0.020, 0.402), center=(246, 256)
[INFO] [1789635209.556500699] [vision_manager]: Book detected: xyz=(-0.085, -0.179, 0.401), center=(253, 98)
[INFO] [1789635209.557805646] [vision_manager]: Book detected: xyz=(-0.110, -0.096, 0.499), center=(250, 179)
[INFO] [1789635209.559640105] [vision_manager]: Book detected: xyz=(0.734, 0.005, 0.869), center=(588, 242)
[INFO] [1789635209.561944819] [vision_manager]: Book detected: xyz=(0.647, 0.003, 0.869), center=(556, 241)
[INFO] [1789635209.563620523] [vision_manager]: Book detected: xyz=(-0.090, -0.022, 0.403), center=(249, 223)
[INFO] [1789635209.564713241] [vision_manager]: Book detected: xyz=(-0.092, 0.022, 0.402), center=(247, 257)
[INFO] [1789635209.711145718] [vision_manager]: Book detected: xyz=(-0.086, -0.180, 0.400), center=(252, 97)
[INFO] [1789635209.712317606] [vision_manager]: Book detected: xyz=(-0.108, -0.096, 0.491), center=(250, 178)
[INFO] [1789635209.713533019] [vision_manager]: Book detected: xyz=(0.734, 0.005, 0.869), center=(588, 242)
[INFO] [1789635209.714806122] [vision_manager]: Book detected: xyz=(0.644, 0.000, 0.869), center=(555, 240)
[INFO] [1789635209.715810572] [vision_manager]: Book detected: xyz=(-0.090, -0.022, 0.403), center=(249, 223)
[INFO] [1789635209.716760429] [vision_manager]: Book detected: xyz=(-0.092, 0.022, 0.402), center=(247, 257)
[INFO] [1789635209.868838884] [vision_manager]: Book detected: xyz=(-0.085, -0.179, 0.401), center=(253, 98)
[INFO] [1789635209.869870971] [vision_manager]: Book detected: xyz=(-0.110, -0.096, 0.499), center=(250, 179)
[INFO] [1789635209.870860794] [vision_manager]: Book detected: xyz=(0.734, 0.005, 0.869), center=(588, 242)
[INFO] [1789635209.872427556] [vision_manager]: Book detected: xyz=(0.636, 0.000, 0.869), center=(552, 240)
[INFO] [1789635209.874405874] [vision_manager]: Book detected: xyz=(-0.091, -0.022, 0.403), center=(248, 223)
[INFO] [1789635210.062705792] [vision_manager]: Book detected: xyz=(-0.085, -0.179, 0.401), center=(253, 98)
[INFO] [1789635210.064272179] [vision_manager]: Book detected: xyz=(-0.107, -0.096, 0.491), center=(251, 178)
[INFO] [1789635210.066259842] [vision_manager]: Book detected: xyz=(0.734, 0.005, 0.869), center=(588, 242)
[INFO] [1789635210.071837765] [vision_manager]: Book detected: xyz=(0.627, 0.003, 0.869), center=(549, 241)
[INFO] [1789635210.073743622] [vision_manager]: Book detected: xyz=(-0.126, -0.002, 0.563), center=(249, 239)
[INFO] [1789635210.074543807] [vision_manager]: No placeable empty shelf position found
[INFO] [1789635210.340593061] [vision_manager]: Book detected: xyz=(-0.085, -0.179, 0.401), center=(253, 98)
[INFO] [1789635210.343184559] [vision_manager]: Book detected: xyz=(-0.107, -0.096, 0.491), center=(251, 178)
[INFO] [1789635210.345149385] [vision_manager]: Book detected: xyz=(0.734, 0.005, 0.869), center=(588, 242)
[INFO] [1789635210.346534385] [vision_manager]: Book detected: xyz=(0.633, 0.000, 0.869), center=(551, 240)
[INFO] [1789635210.347914717] [vision_manager]: Book detected: xyz=(-0.090, -0.022, 0.403), center=(249, 223)
[INFO] [1789635210.527205034] [vision_manager]: Book detected: xyz=(-0.085, -0.179, 0.401), center=(253, 98)
[INFO] [1789635210.530378404] [vision_manager]: Book detected: xyz=(-0.108, -0.096, 0.499), center=(251, 179)
[INFO] [1789635210.533206712] [vision_manager]: Book detected: xyz=(0.734, 0.005, 0.869), center=(588, 242)
[INFO] [1789635210.534850294] [vision_manager]: Book detected: xyz=(0.638, 0.000, 0.869), center=(553, 240)
[INFO] [1789635210.536802254] [vision_manager]: Book detected: xyz=(-0.090, -0.022, 0.403), center=(249, 223)
[INFO] [1789635210.707731319] [vision_manager]: Book detected: xyz=(-0.085, -0.180, 0.400), center=(253, 97)
[INFO] [1789635210.709065780] [vision_manager]: Book detected: xyz=(-0.108, -0.096, 0.499), center=(251, 179)
[INFO] [1789635210.710677865] [vision_manager]: Book detected: xyz=(0.734, 0.005, 0.869), center=(588, 242)
[INFO] [1789635210.712303624] [vision_manager]: Book detected: xyz=(0.636, 0.000, 0.869), center=(552, 240)
[INFO] [1789635210.713696600] [vision_manager]: Book detected: xyz=(-0.090, -0.024, 0.402), center=(249, 221)
[INFO] [1789635210.888379606] [vision_manager]: Book detected: xyz=(-0.085, -0.180, 0.400), center=(253, 97)
[INFO] [1789635210.890348048] [vision_manager]: Book detected: xyz=(-0.112, -0.096, 0.516), center=(251, 181)
[INFO] [1789635210.892187270] [vision_manager]: Book detected: xyz=(0.734, 0.005, 0.869), center=(588, 242)
[INFO] [1789635210.894707468] [vision_manager]: Book detected: xyz=(0.644, 0.000, 0.869), center=(555, 240)
[INFO] [1789635210.896977867] [vision_manager]: Book detected: xyz=(-0.090, -0.024, 0.402), center=(249, 221)
[INFO] [1789635210.898626098] [vision_manager]: Book detected: xyz=(-0.092, 0.027, 0.401), center=(247, 261)
[INFO] [1789635211.041592349] [vision_manager]: Book detected: xyz=(-0.085, -0.180, 0.400), center=(253, 97)
[INFO] [1789635211.042832583] [vision_manager]: Book detected: xyz=(-0.110, -0.096, 0.507), center=(251, 180)
[INFO] [1789635211.043930074] [vision_manager]: Book detected: xyz=(0.734, 0.005, 0.869), center=(588, 242)
[INFO] [1789635211.045064053] [vision_manager]: Book detected: xyz=(0.622, 0.000, 0.869), center=(547, 240)
[INFO] [1789635211.046126389] [vision_manager]: Book detected: xyz=(-0.090, -0.022, 0.403), center=(249, 223)
[INFO] [1789635211.047201559] [vision_manager]: Book detected: xyz=(-0.091, 0.030, 0.400), center=(248, 264)
[INFO] [1789635211.208762630] [vision_manager]: Book detected: xyz=(-0.086, -0.180, 0.400), center=(252, 97)
[INFO] [1789635211.209939037] [vision_manager]: Book detected: xyz=(-0.109, -0.096, 0.507), center=(252, 180)
[INFO] [1789635211.211251281] [vision_manager]: Book detected: xyz=(0.734, 0.005, 0.869), center=(588, 242)
[INFO] [1789635211.212401923] [vision_manager]: Book detected: xyz=(0.614, 0.000, 0.869), center=(544, 240)
[INFO] [1789635211.213509598] [vision_manager]: Book detected: xyz=(-0.089, -0.027, 0.401), center=(250, 219)
[INFO] [1789635211.214605641] [vision_manager]: Book detected: xyz=(-0.091, 0.034, 0.400), center=(248, 267)
[INFO] [1789635211.414420434] [vision_manager]: Book detected: xyz=(-0.086, -0.180, 0.400), center=(252, 97)
[INFO] [1789635211.423920149] [vision_manager]: Book detected: xyz=(-0.110, -0.096, 0.507), center=(251, 180)
[INFO] [1789635211.426967073] [vision_manager]: Book detected: xyz=(0.734, 0.005, 0.869), center=(588, 242)
[INFO] [1789635211.431420136] [vision_manager]: Book detected: xyz=(0.633, 0.000, 0.869), center=(551, 240)
[INFO] [1789635211.433150064] [vision_manager]: Book detected: xyz=(-0.090, -0.023, 0.402), center=(249, 222)
[INFO] [1789635211.434923477] [vision_manager]: Book detected: xyz=(-0.091, 0.038, 0.400), center=(248, 270)
[INFO] [1789635211.681616079] [vision_manager]: Book detected: xyz=(-0.086, -0.180, 0.400), center=(252, 97)
[INFO] [1789635211.682953460] [vision_manager]: Book detected: xyz=(-0.111, -0.096, 0.516), center=(252, 181)
[INFO] [1789635211.684371457] [vision_manager]: Book detected: xyz=(0.734, 0.005, 0.869), center=(588, 242)
[INFO] [1789635211.686830866] [vision_manager]: Book detected: xyz=(0.644, 0.000, 0.869), center=(555, 240)
[INFO] [1789635211.688372315] [vision_manager]: Book detected: xyz=(-0.090, -0.023, 0.402), center=(249, 222)
[INFO] [1789635211.857326503] [vision_manager]: Book detected: xyz=(-0.086, -0.180, 0.400), center=(252, 97)
[INFO] [1789635211.858691246] [vision_manager]: Book detected: xyz=(-0.111, -0.096, 0.516), center=(252, 181)
[INFO] [1789635211.859789784] [vision_manager]: Book detected: xyz=(0.734, 0.005, 0.869), center=(588, 242)
[INFO] [1789635211.860872068] [vision_manager]: Book detected: xyz=(0.622, 0.000, 0.869), center=(547, 240)
[INFO] [1789635211.869783937] [vision_manager]: Book detected: xyz=(-0.090, -0.023, 0.402), center=(249, 222)
[INFO] [1789635212.081780733] [vision_manager]: Book detected: xyz=(-0.085, -0.180, 0.400), center=(253, 97)
[INFO] [1789635212.083314151] [vision_manager]: Book detected: xyz=(-0.111, -0.096, 0.516), center=(252, 181)
[INFO] [1789635212.084865775] [vision_manager]: Book detected: xyz=(0.734, 0.005, 0.869), center=(588, 242)
[INFO] [1789635212.087749395] [vision_manager]: Book detected: xyz=(0.627, 0.000, 0.869), center=(549, 240)
[INFO] [1789635212.089447756] [vision_manager]: Book detected: xyz=(-0.090, -0.023, 0.402), center=(249, 222)
[INFO] [1789635212.318684469] [vision_manager]: Book detected: xyz=(-0.085, -0.180, 0.400), center=(253, 97)
[INFO] [1789635212.319874114] [vision_manager]: Book detected: xyz=(-0.112, -0.096, 0.516), center=(251, 181)
[INFO] [1789635212.320954305] [vision_manager]: Book detected: xyz=(0.734, 0.005, 0.869), center=(588, 242)
[INFO] [1789635212.321976507] [vision_manager]: Book detected: xyz=(0.630, 0.000, 0.869), center=(550, 240)
[INFO] [1789635212.323074828] [vision_manager]: Book detected: xyz=(-0.090, -0.022, 0.403), center=(249, 223)
[INFO] [1789635212.510755333] [vision_manager]: Book detected: xyz=(-0.086, -0.178, 0.401), center=(252, 99)
[INFO] [1789635212.512404127] [vision_manager]: Book detected: xyz=(-0.110, -0.096, 0.507), center=(251, 180)
[INFO] [1789635212.514057123] [vision_manager]: Book detected: xyz=(0.734, 0.005, 0.869), center=(588, 242)
[INFO] [1789635212.515565661] [vision_manager]: Book detected: xyz=(0.633, 0.000, 0.869), center=(551, 240)
[INFO] [1789635212.517249805] [vision_manager]: Book detected: xyz=(-0.092, -0.021, 0.411), center=(249, 224)
[INFO] [1789635212.794493960] [vision_manager]: Book detected: xyz=(-0.085, -0.178, 0.401), center=(253, 99)
[INFO] [1789635212.798467567] [vision_manager]: Book detected: xyz=(-0.110, -0.096, 0.507), center=(251, 180)
[INFO] [1789635212.799944394] [vision_manager]: Book detected: xyz=(0.734, 0.005, 0.869), center=(588, 242)
[INFO] [1789635212.804691738] [vision_manager]: Book detected: xyz=(0.636, 0.000, 0.869), center=(552, 240)
[INFO] [1789635212.806296753] [vision_manager]: Book detected: xyz=(-0.092, -0.021, 0.411), center=(249, 224)
[INFO] [1789635213.006691049] [vision_manager]: Book detected: xyz=(-0.085, -0.178, 0.401), center=(253, 99)
[INFO] [1789635213.008706134] [vision_manager]: Book detected: xyz=(-0.110, -0.096, 0.507), center=(251, 180)
[INFO] [1789635213.010304102] [vision_manager]: Book detected: xyz=(0.734, 0.005, 0.869), center=(588, 242)
[INFO] [1789635213.011988026] [vision_manager]: Book detected: xyz=(0.625, 0.000, 0.869), center=(548, 240)
[INFO] [1789635213.015340397] [vision_manager]: Book detected: xyz=(-0.090, -0.022, 0.403), center=(249, 223)
[INFO] [1789635213.167763032] [vision_manager]: Book detected: xyz=(-0.085, -0.179, 0.401), center=(253, 98)
[INFO] [1789635213.170362648] [vision_manager]: Book detected: xyz=(-0.110, -0.096, 0.507), center=(251, 180)
[INFO] [1789635213.172642965] [vision_manager]: Book detected: xyz=(0.734, 0.005, 0.869), center=(588, 242)
[INFO] [1789635213.174751570] [vision_manager]: Book detected: xyz=(0.641, 0.000, 0.869), center=(554, 240)
[INFO] [1789635213.176771756] [vision_manager]: Book detected: xyz=(-0.090, -0.022, 0.403), center=(249, 223)
[INFO] [1789635213.357364758] [vision_manager]: Book detected: xyz=(-0.085, -0.178, 0.401), center=(253, 99)
[INFO] [1789635213.359886467] [vision_manager]: Book detected: xyz=(-0.112, -0.096, 0.507), center=(250, 180)
[INFO] [1789635213.361634152] [vision_manager]: Book detected: xyz=(0.734, 0.005, 0.869), center=(588, 242)
[INFO] [1789635213.363340488] [vision_manager]: Book detected: xyz=(0.627, 0.000, 0.869), center=(549, 240)
[INFO] [1789635213.364982126] [vision_manager]: Book detected: xyz=(-0.092, -0.021, 0.411), center=(249, 224)
[INFO] [1789635213.542275356] [vision_manager]: Book detected: xyz=(-0.085, -0.178, 0.401), center=(253, 99)
[INFO] [1789635213.547166346] [vision_manager]: Book detected: xyz=(-0.110, -0.096, 0.499), center=(250, 179)
[INFO] [1789635213.550969924] [vision_manager]: Book detected: xyz=(0.734, 0.005, 0.869), center=(588, 242)
[INFO] [1789635213.553972396] [vision_manager]: Book detected: xyz=(0.638, 0.000, 0.869), center=(553, 240)
[INFO] [1789635213.555327984] [vision_manager]: Book detected: xyz=(-0.091, -0.022, 0.403), center=(248, 223)
[INFO] [1789635213.556478424] [vision_manager]: Book detected: xyz=(-0.090, 0.042, 0.400), center=(249, 273)
[INFO] [1789635213.720654412] [vision_manager]: Book detected: xyz=(-0.085, -0.179, 0.401), center=(253, 98)
[INFO] [1789635213.722570751] [vision_manager]: Book detected: xyz=(-0.108, -0.096, 0.499), center=(251, 179)
[INFO] [1789635213.725172692] [vision_manager]: Book detected: xyz=(0.734, 0.005, 0.869), center=(588, 242)
[INFO] [1789635213.727057052] [vision_manager]: Book detected: xyz=(0.638, 0.000, 0.869), center=(553, 240)
[INFO] [1789635213.728852295] [vision_manager]: Book detected: xyz=(-0.090, -0.023, 0.402), center=(249, 222)
[INFO] [1789635213.871063779] [vision_manager]: Book detected: xyz=(-0.086, -0.179, 0.401), center=(252, 98)
[INFO] [1789635213.872404606] [vision_manager]: Book detected: xyz=(-0.108, -0.096, 0.499), center=(251, 179)
[INFO] [1789635213.873915608] [vision_manager]: Book detected: xyz=(0.734, 0.005, 0.869), center=(588, 242)
[INFO] [1789635213.875123950] [vision_manager]: Book detected: xyz=(0.633, 0.000, 0.869), center=(551, 240)
[INFO] [1789635213.876807204] [vision_manager]: Book detected: xyz=(-0.090, -0.022, 0.403), center=(249, 223)
[INFO] [1789635214.021157773] [vision_manager]: Book detected: xyz=(-0.086, -0.178, 0.401), center=(252, 99)
[INFO] [1789635214.022727567] [vision_manager]: Book detected: xyz=(-0.112, -0.096, 0.507), center=(250, 180)
[INFO] [1789635214.024261624] [vision_manager]: Book detected: xyz=(0.734, 0.005, 0.869), center=(588, 242)
[INFO] [1789635214.025743783] [vision_manager]: Book detected: xyz=(0.633, 0.000, 0.869), center=(551, 240)
[INFO] [1789635214.027071198] [vision_manager]: Book detected: xyz=(-0.090, -0.022, 0.403), center=(249, 223)
[INFO] [1789635214.028526855] [vision_manager]: Book detected: xyz=(-0.090, 0.042, 0.400), center=(249, 273)
[INFO] [1789635214.151479241] [vision_manager]: Book detected: xyz=(-0.086, -0.179, 0.401), center=(252, 98)
[INFO] [1789635214.152509110] [vision_manager]: Book detected: xyz=(-0.110, -0.096, 0.507), center=(251, 180)
[INFO] [1789635214.153500993] [vision_manager]: Book detected: xyz=(0.734, 0.005, 0.869), center=(588, 242)
[INFO] [1789635214.154510221] [vision_manager]: Book detected: xyz=(0.633, 0.000, 0.869), center=(551, 240)
[INFO] [1789635214.155494273] [vision_manager]: Book detected: xyz=(-0.090, -0.023, 0.402), center=(249, 222)
[INFO] [1789635214.340903578] [vision_manager]: Book detected: xyz=(-0.086, -0.180, 0.400), center=(252, 97)
[INFO] [1789635214.342323925] [vision_manager]: Book detected: xyz=(-0.110, -0.096, 0.499), center=(250, 179)
[INFO] [1789635214.343593276] [vision_manager]: Book detected: xyz=(0.734, 0.005, 0.869), center=(588, 242)
[INFO] [1789635214.344802032] [vision_manager]: Book detected: xyz=(0.647, 0.000, 0.869), center=(556, 240)
[INFO] [1789635214.345997467] [vision_manager]: Book detected: xyz=(-0.090, -0.023, 0.402), center=(249, 222)
[INFO] [1789635214.347428804] [vision_manager]: Book detected: xyz=(-0.090, 0.039, 0.400), center=(249, 271)
[INFO] [1789635214.546136190] [vision_manager]: Book detected: xyz=(-0.086, -0.180, 0.400), center=(252, 97)
[INFO] [1789635214.548689186] [vision_manager]: Book detected: xyz=(-0.110, -0.096, 0.499), center=(250, 179)
[INFO] [1789635214.550723886] [vision_manager]: Book detected: xyz=(0.734, 0.005, 0.869), center=(588, 242)
[INFO] [1789635214.552805079] [vision_manager]: Book detected: xyz=(0.636, 0.000, 0.869), center=(552, 240)
[INFO] [1789635214.555303626] [vision_manager]: Book detected: xyz=(-0.090, -0.023, 0.402), center=(249, 222)
[INFO] [1789635214.557676445] [vision_manager]: Book detected: xyz=(-0.090, 0.039, 0.400), center=(249, 271)
[INFO] [1789635214.813396881] [vision_manager]: Book detected: xyz=(-0.086, -0.180, 0.400), center=(252, 97)
[INFO] [1789635214.814944266] [vision_manager]: Book detected: xyz=(-0.110, -0.096, 0.507), center=(251, 180)
[INFO] [1789635214.816152546] [vision_manager]: Book detected: xyz=(0.734, 0.005, 0.869), center=(588, 242)
[INFO] [1789635214.818466464] [vision_manager]: Book detected: xyz=(0.627, 0.000, 0.869), center=(549, 240)
[INFO] [1789635214.819518347] [vision_manager]: Book detected: xyz=(-0.090, -0.023, 0.402), center=(249, 222)
[INFO] [1789635214.820512090] [vision_manager]: Book detected: xyz=(-0.091, 0.037, 0.400), center=(248, 269)
[INFO] [1789635214.981009948] [vision_manager]: Book detected: xyz=(-0.086, -0.179, 0.401), center=(252, 98)
[INFO] [1789635214.982080148] [vision_manager]: Book detected: xyz=(-0.108, -0.096, 0.491), center=(250, 178)
[INFO] [1789635214.983078530] [vision_manager]: Book detected: xyz=(0.734, 0.005, 0.869), center=(588, 242)
[INFO] [1789635214.984079287] [vision_manager]: Book detected: xyz=(0.633, 0.000, 0.869), center=(551, 240)
[INFO] [1789635214.985075834] [vision_manager]: Book detected: xyz=(-0.092, -0.021, 0.411), center=(249, 224)
[INFO] [1789635214.986074781] [vision_manager]: Book detected: xyz=(-0.091, 0.034, 0.400), center=(248, 267)
[INFO] [1789635215.145767724] [vision_manager]: Book detected: xyz=(-0.086, -0.179, 0.401), center=(252, 98)
[INFO] [1789635215.147217699] [vision_manager]: Book detected: xyz=(-0.108, -0.096, 0.499), center=(251, 179)
[INFO] [1789635215.148473846] [vision_manager]: Book detected: xyz=(0.734, 0.005, 0.869), center=(588, 242)
[INFO] [1789635215.149462040] [vision_manager]: Book detected: xyz=(0.625, 0.000, 0.869), center=(548, 240)
[INFO] [1789635215.150418897] [vision_manager]: Book detected: xyz=(-0.092, -0.021, 0.411), center=(249, 224)
[INFO] [1789635215.289812804] [vision_manager]: Book detected: xyz=(-0.086, -0.179, 0.401), center=(252, 98)
[INFO] [1789635215.290780537] [vision_manager]: Book detected: xyz=(-0.112, -0.096, 0.507), center=(250, 180)
[INFO] [1789635215.291713818] [vision_manager]: Book detected: xyz=(0.734, 0.005, 0.869), center=(588, 242)
[INFO] [1789635215.292635544] [vision_manager]: Book detected: xyz=(0.625, 0.000, 0.869), center=(548, 240)
[INFO] [1789635215.293550439] [vision_manager]: Book detected: xyz=(-0.092, -0.021, 0.411), center=(249, 224)
[INFO] [1789635215.294453026] [vision_manager]: Book detected: xyz=(-0.091, 0.034, 0.400), center=(248, 267)
[INFO] [1789635215.440702551] [vision_manager]: Book detected: xyz=(-0.086, -0.179, 0.401), center=(252, 98)
[INFO] [1789635215.441702506] [vision_manager]: Book detected: xyz=(-0.110, -0.096, 0.507), center=(251, 180)
[INFO] [1789635215.442673177] [vision_manager]: Book detected: xyz=(0.734, 0.005, 0.869), center=(588, 242)
[INFO] [1789635215.443645987] [vision_manager]: Book detected: xyz=(0.630, 0.000, 0.869), center=(550, 240)
[INFO] [1789635215.444608105] [vision_manager]: Book detected: xyz=(-0.092, -0.021, 0.411), center=(249, 224)
[INFO] [1789635215.445567531] [vision_manager]: Book detected: xyz=(-0.091, 0.035, 0.400), center=(248, 268)
[INFO] [1789635215.619239019] [vision_manager]: Book detected: xyz=(-0.085, -0.179, 0.401), center=(253, 98)
[INFO] [1789635215.620767655] [vision_manager]: Book detected: xyz=(-0.112, -0.096, 0.507), center=(250, 180)
[INFO] [1789635215.622246708] [vision_manager]: Book detected: xyz=(0.734, 0.005, 0.869), center=(588, 242)
[INFO] [1789635215.623745472] [vision_manager]: Book detected: xyz=(0.614, 0.003, 0.869), center=(544, 241)
[INFO] [1789635215.625320104] [vision_manager]: Book detected: xyz=(-0.090, -0.022, 0.403), center=(249, 223)
[INFO] [1789635215.626831821] [vision_manager]: Book detected: xyz=(-0.092, 0.025, 0.401), center=(247, 260)
[INFO] [1789635215.814755321] [vision_manager]: Book detected: xyz=(-0.086, -0.179, 0.401), center=(252, 98)
[INFO] [1789635215.816148836] [vision_manager]: Book detected: xyz=(-0.110, -0.096, 0.499), center=(250, 179)
[INFO] [1789635215.817399010] [vision_manager]: Book detected: xyz=(0.734, 0.005, 0.869), center=(588, 242)
[INFO] [1789635215.818569644] [vision_manager]: Book detected: xyz=(0.622, 0.003, 0.869), center=(547, 241)
[INFO] [1789635215.819698878] [vision_manager]: Book detected: xyz=(-0.091, -0.022, 0.403), center=(248, 223)
[INFO] [1789635215.820821548] [vision_manager]: Book detected: xyz=(-0.092, 0.027, 0.401), center=(247, 261)
[INFO] [1789635215.981208097] [vision_manager]: Book detected: xyz=(-0.086, -0.179, 0.401), center=(252, 98)
[INFO] [1789635215.982541552] [vision_manager]: Book detected: xyz=(-0.110, -0.096, 0.499), center=(250, 179)
[INFO] [1789635215.983821506] [vision_manager]: Book detected: xyz=(0.734, 0.005, 0.869), center=(588, 242)
[INFO] [1789635215.985218186] [vision_manager]: Book detected: xyz=(0.630, 0.003, 0.869), center=(550, 241)
[INFO] [1789635215.986605558] [vision_manager]: Book detected: xyz=(-0.092, -0.021, 0.411), center=(249, 224)
[INFO] [1789635215.987958577] [vision_manager]: Book detected: xyz=(-0.091, 0.023, 0.402), center=(248, 258)
[INFO] [1789635216.142998087] [vision_manager]: Book detected: xyz=(-0.086, -0.179, 0.401), center=(252, 98)
[INFO] [1789635216.144140385] [vision_manager]: Book detected: xyz=(-0.107, -0.096, 0.491), center=(251, 178)
[INFO] [1789635216.145261131] [vision_manager]: Book detected: xyz=(0.734, 0.005, 0.869), center=(588, 242)
[INFO] [1789635216.146305027] [vision_manager]: Book detected: xyz=(0.638, 0.000, 0.869), center=(553, 240)
[INFO] [1789635216.147423547] [vision_manager]: Book detected: xyz=(-0.100, -0.021, 0.439), center=(248, 225)
[INFO] [1789635216.300555723] [vision_manager]: Book detected: xyz=(-0.086, -0.179, 0.401), center=(252, 98)
[INFO] [1789635216.302187508] [vision_manager]: Book detected: xyz=(-0.108, -0.096, 0.491), center=(250, 178)
[INFO] [1789635216.303626391] [vision_manager]: Book detected: xyz=(0.734, 0.005, 0.869), center=(588, 242)
[INFO] [1789635216.304926200] [vision_manager]: Book detected: xyz=(0.647, 0.003, 0.869), center=(556, 241)
[INFO] [1789635216.306305034] [vision_manager]: Book detected: xyz=(-0.107, -0.021, 0.472), center=(248, 226)
[INFO] [1789635216.307635199] [vision_manager]: Book detected: xyz=(0.016, 0.444, 0.869), center=(326, 402)
[INFO] [1789635216.308495925] [vision_manager]: No placeable empty shelf position found
[INFO] [1789635216.462269646] [vision_manager]: Book detected: xyz=(-0.085, -0.179, 0.401), center=(253, 98)
[INFO] [1789635216.463370259] [vision_manager]: Book detected: xyz=(-0.108, -0.096, 0.491), center=(250, 178)
[INFO] [1789635216.464454781] [vision_manager]: Book detected: xyz=(0.734, 0.005, 0.869), center=(588, 242)
[INFO] [1789635216.465463816] [vision_manager]: Book detected: xyz=(0.638, 0.003, 0.869), center=(553, 241)
[INFO] [1789635216.466456583] [vision_manager]: Book detected: xyz=(-0.106, -0.021, 0.472), center=(249, 226)
[INFO] [1789635216.467038840] [vision_manager]: No placeable empty shelf position found
[INFO] [1789635216.673388732] [vision_manager]: Book detected: xyz=(-0.086, -0.180, 0.400), center=(252, 97)
[INFO] [1789635216.676660591] [vision_manager]: Book detected: xyz=(-0.112, -0.096, 0.507), center=(250, 180)
[INFO] [1789635216.678675646] [vision_manager]: Book detected: xyz=(0.734, 0.005, 0.869), center=(588, 242)
[INFO] [1789635216.680779370] [vision_manager]: Book detected: xyz=(0.660, 0.003, 0.869), center=(561, 241)
[INFO] [1789635216.682998521] [vision_manager]: Book detected: xyz=(-0.106, -0.021, 0.472), center=(249, 226)
[INFO] [1789635216.684127439] [vision_manager]: No placeable empty shelf position found
[INFO] [1789635216.901824750] [vision_manager]: Book detected: xyz=(-0.086, -0.180, 0.400), center=(252, 97)
[INFO] [1789635216.904357233] [vision_manager]: Book detected: xyz=(-0.108, -0.096, 0.499), center=(251, 179)
[INFO] [1789635216.906090884] [vision_manager]: Book detected: xyz=(0.734, 0.005, 0.869), center=(588, 242)
[INFO] [1789635216.907442543] [vision_manager]: Book detected: xyz=(0.644, 0.000, 0.869), center=(555, 240)
[INFO] [1789635216.908811024] [vision_manager]: Book detected: xyz=(-0.107, -0.021, 0.472), center=(248, 226)
[INFO] [1789635216.909997424] [vision_manager]: Book detected: xyz=(-0.091, 0.035, 0.400), center=(248, 268)
[INFO] [1789635216.910709393] [vision_manager]: No placeable empty shelf position found
[INFO] [1789635217.050432964] [vision_manager]: Book detected: xyz=(-0.085, -0.178, 0.401), center=(253, 99)
[INFO] [1789635217.051541678] [vision_manager]: Book detected: xyz=(-0.108, -0.096, 0.499), center=(251, 179)
[INFO] [1789635217.052818692] [vision_manager]: Book detected: xyz=(0.734, 0.005, 0.869), center=(588, 242)
[INFO] [1789635217.054363499] [vision_manager]: Book detected: xyz=(0.636, 0.003, 0.869), center=(552, 241)
[INFO] [1789635217.055870297] [vision_manager]: Book detected: xyz=(-0.106, -0.021, 0.472), center=(249, 226)
[INFO] [1789635217.057217019] [vision_manager]: Book detected: xyz=(-0.091, 0.040, 0.400), center=(248, 272)
[INFO] [1789635217.057859482] [vision_manager]: No placeable empty shelf position found
[INFO] [1789635217.329175106] [vision_manager]: Book detected: xyz=(-0.086, -0.179, 0.401), center=(252, 98)
[INFO] [1789635217.330796834] [vision_manager]: Book detected: xyz=(-0.110, -0.096, 0.499), center=(250, 179)
[INFO] [1789635217.332210286] [vision_manager]: Book detected: xyz=(0.734, 0.005, 0.869), center=(588, 242)
[INFO] [1789635217.333532547] [vision_manager]: Book detected: xyz=(0.627, 0.003, 0.869), center=(549, 241)
[INFO] [1789635217.335003743] [vision_manager]: Book detected: xyz=(-0.098, -0.021, 0.439), center=(249, 225)
[INFO] [1789635217.336305009] [vision_manager]: Book detected: xyz=(-0.091, 0.033, 0.400), center=(248, 266)
[INFO] [1789635217.545183088] [vision_manager]: Book detected: xyz=(-0.086, -0.179, 0.401), center=(252, 98)
[INFO] [1789635217.546954868] [vision_manager]: Book detected: xyz=(-0.108, -0.096, 0.491), center=(250, 178)
[INFO] [1789635217.548367888] [vision_manager]: Book detected: xyz=(0.734, 0.005, 0.869), center=(588, 242)
[INFO] [1789635217.549696921] [vision_manager]: Book detected: xyz=(0.644, 0.000, 0.869), center=(555, 240)
[INFO] [1789635217.551018731] [vision_manager]: Book detected: xyz=(-0.092, -0.021, 0.411), center=(249, 224)
[INFO] [1789635217.553001245] [vision_manager]: Book detected: xyz=(-0.091, 0.039, 0.400), center=(248, 271)
[INFO] [1789635217.726497448] [vision_manager]: Book detected: xyz=(-0.086, -0.179, 0.401), center=(252, 98)
[INFO] [1789635217.728347807] [vision_manager]: Book detected: xyz=(-0.108, -0.096, 0.491), center=(250, 178)
[INFO] [1789635217.730012326] [vision_manager]: Book detected: xyz=(0.734, 0.005, 0.869), center=(588, 242)
[INFO] [1789635217.731620005] [vision_manager]: Book detected: xyz=(0.644, 0.003, 0.869), center=(555, 241)
[INFO] [1789635217.733338690] [vision_manager]: Book detected: xyz=(-0.092, -0.021, 0.411), center=(249, 224)
[INFO] [1789635217.734668898] [vision_manager]: Book detected: xyz=(-0.091, 0.039, 0.400), center=(248, 271)
[INFO] [1789635217.961634047] [vision_manager]: Book detected: xyz=(-0.085, -0.179, 0.401), center=(253, 98)
[INFO] [1789635217.963044408] [vision_manager]: Book detected: xyz=(-0.105, -0.096, 0.483), center=(251, 177)
[INFO] [1789635217.964400705] [vision_manager]: Book detected: xyz=(0.734, 0.005, 0.869), center=(588, 242)
[INFO] [1789635217.965730840] [vision_manager]: Book detected: xyz=(0.638, 0.000, 0.869), center=(553, 240)
[INFO] [1789635217.967072169] [vision_manager]: Book detected: xyz=(-0.098, -0.021, 0.439), center=(249, 225)
[INFO] [1789635218.132842524] [vision_manager]: Book detected: xyz=(-0.086, -0.179, 0.401), center=(252, 98)
[INFO] [1789635218.134234820] [vision_manager]: Book detected: xyz=(-0.110, -0.096, 0.491), center=(249, 178)
[INFO] [1789635218.135542564] [vision_manager]: Book detected: xyz=(0.734, 0.005, 0.869), center=(588, 242)
[INFO] [1789635218.136818097] [vision_manager]: Book detected: xyz=(0.647, 0.000, 0.869), center=(556, 240)
[INFO] [1789635218.138130188] [vision_manager]: Book detected: xyz=(-0.101, -0.021, 0.439), center=(247, 225)
[INFO] [1789635218.139385773] [vision_manager]: Book detected: xyz=(-0.092, 0.040, 0.400), center=(247, 272)
[INFO] [1789635218.340907295] [vision_manager]: Book detected: xyz=(-0.086, -0.179, 0.401), center=(252, 98)
[INFO] [1789635218.343177551] [vision_manager]: Book detected: xyz=(0.737, 0.005, 0.869), center=(589, 242)
[INFO] [1789635218.344788219] [vision_manager]: Book detected: xyz=(-0.108, -0.096, 0.491), center=(250, 178)
[INFO] [1789635218.346274881] [vision_manager]: Book detected: xyz=(0.666, 0.000, 0.869), center=(563, 240)
[INFO] [1789635218.347550302] [vision_manager]: Book detected: xyz=(-0.100, -0.021, 0.439), center=(248, 225)
[INFO] [1789635218.348878198] [vision_manager]: Book detected: xyz=(-0.091, 0.032, 0.400), center=(248, 265)
[INFO] [1789635218.489889165] [vision_manager]: Book detected: xyz=(-0.086, -0.179, 0.401), center=(252, 98)
[INFO] [1789635218.492535180] [vision_manager]: Book detected: xyz=(-0.110, -0.096, 0.499), center=(250, 179)
[INFO] [1789635218.494074429] [vision_manager]: Book detected: xyz=(0.734, 0.005, 0.869), center=(588, 242)
[INFO] [1789635218.495116540] [vision_manager]: Book detected: xyz=(0.649, 0.000, 0.869), center=(557, 240)
[INFO] [1789635218.496136047] [vision_manager]: Book detected: xyz=(-0.100, -0.021, 0.439), center=(248, 225)
[INFO] [1789635218.685021371] [vision_manager]: Book detected: xyz=(-0.086, -0.179, 0.401), center=(252, 98)
[INFO] [1789635218.686314115] [vision_manager]: Book detected: xyz=(-0.110, -0.096, 0.499), center=(250, 179)
[INFO] [1789635218.687890841] [vision_manager]: Book detected: xyz=(0.734, 0.005, 0.869), center=(588, 242)
[INFO] [1789635218.689668988] [vision_manager]: Book detected: xyz=(0.658, 0.000, 0.869), center=(560, 240)
[INFO] [1789635218.690968420] [vision_manager]: Book detected: xyz=(-0.092, -0.021, 0.411), center=(249, 224)
[INFO] [1789635218.692094365] [vision_manager]: Book detected: xyz=(-0.090, 0.035, 0.400), center=(249, 268)
[INFO] [1789635218.887231441] [vision_manager]: Book detected: xyz=(-0.086, -0.180, 0.400), center=(252, 97)
[INFO] [1789635218.889309075] [vision_manager]: Book detected: xyz=(-0.112, -0.096, 0.507), center=(250, 180)
[INFO] [1789635218.891262261] [vision_manager]: Book detected: xyz=(0.734, 0.005, 0.869), center=(588, 242)
[INFO] [1789635218.893557822] [vision_manager]: Book detected: xyz=(0.660, 0.000, 0.869), center=(561, 240)
[INFO] [1789635218.895456620] [vision_manager]: Book detected: xyz=(-0.091, -0.022, 0.403), center=(248, 223)
[INFO] [1789635218.896953884] [vision_manager]: Book detected: xyz=(-0.090, 0.033, 0.400), center=(249, 266)
[INFO] [1789635219.068182555] [vision_manager]: Book detected: xyz=(-0.086, -0.179, 0.401), center=(252, 98)
[INFO] [1789635219.069212278] [vision_manager]: Book detected: xyz=(-0.110, -0.096, 0.507), center=(251, 180)
[INFO] [1789635219.070153560] [vision_manager]: Book detected: xyz=(0.734, 0.005, 0.869), center=(588, 242)
[INFO] [1789635219.071086814] [vision_manager]: Book detected: xyz=(0.663, 0.000, 0.869), center=(562, 240)
[INFO] [1789635219.072170859] [vision_manager]: Book detected: xyz=(-0.091, -0.022, 0.403), center=(248, 223)
[INFO] [1789635219.073106977] [vision_manager]: Book detected: xyz=(-0.091, 0.034, 0.400), center=(248, 267)
[INFO] [1789635219.205855552] [vision_manager]: Book detected: xyz=(-0.086, -0.180, 0.400), center=(252, 97)
[INFO] [1789635219.206932545] [vision_manager]: Book detected: xyz=(-0.112, -0.096, 0.516), center=(251, 181)
[INFO] [1789635219.208059818] [vision_manager]: Book detected: xyz=(0.734, 0.005, 0.869), center=(588, 242)
[INFO] [1789635219.209153276] [vision_manager]: Book detected: xyz=(0.647, 0.000, 0.869), center=(556, 240)
[INFO] [1789635219.210150221] [vision_manager]: Book detected: xyz=(-0.089, -0.023, 0.402), center=(250, 222)
[INFO] [1789635219.372626131] [vision_manager]: Book detected: xyz=(-0.086, -0.179, 0.401), center=(252, 98)
[INFO] [1789635219.374741877] [vision_manager]: Book detected: xyz=(-0.110, -0.096, 0.507), center=(251, 180)
[INFO] [1789635219.376320332] [vision_manager]: Book detected: xyz=(0.734, 0.005, 0.869), center=(588, 242)
[INFO] [1789635219.377730175] [vision_manager]: Book detected: xyz=(0.652, 0.000, 0.869), center=(558, 240)
[INFO] [1789635219.379083067] [vision_manager]: Book detected: xyz=(-0.090, -0.022, 0.403), center=(249, 223)
[INFO] [1789635219.380638971] [vision_manager]: Book detected: xyz=(-0.090, 0.033, 0.400), center=(249, 266)
[INFO] [1789635219.712430191] [vision_manager]: Book detected: xyz=(-0.086, -0.179, 0.401), center=(252, 98)
[INFO] [1789635219.714116177] [vision_manager]: Book detected: xyz=(-0.112, -0.096, 0.516), center=(251, 181)
[INFO] [1789635219.723360678] [vision_manager]: Book detected: xyz=(0.734, 0.005, 0.869), center=(588, 242)
[INFO] [1789635219.725866595] [vision_manager]: Book detected: xyz=(0.633, 0.000, 0.869), center=(551, 240)
[INFO] [1789635219.727592609] [vision_manager]: Book detected: xyz=(-0.090, -0.022, 0.403), center=(249, 223)
[INFO] [1789635219.728737530] [vision_manager]: Book detected: xyz=(-0.090, 0.034, 0.400), center=(249, 267)
[INFO] [1789635219.884921741] [vision_manager]: Book detected: xyz=(-0.086, -0.179, 0.401), center=(252, 98)
[INFO] [1789635219.885945652] [vision_manager]: Book detected: xyz=(-0.114, -0.096, 0.525), center=(251, 182)
[INFO] [1789635219.886847880] [vision_manager]: Book detected: xyz=(0.734, 0.005, 0.869), center=(588, 242)
[INFO] [1789635219.887728080] [vision_manager]: Book detected: xyz=(0.627, 0.000, 0.869), center=(549, 240)
[INFO] [1789635219.888587388] [vision_manager]: Book detected: xyz=(-0.090, -0.023, 0.402), center=(249, 222)
[INFO] [1789635219.889451156] [vision_manager]: Book detected: xyz=(-0.091, 0.037, 0.400), center=(248, 269)
[INFO] [1789635220.054053590] [vision_manager]: Book detected: xyz=(-0.086, -0.179, 0.401), center=(252, 98)
[INFO] [1789635220.055140467] [vision_manager]: Book detected: xyz=(-0.114, -0.096, 0.516), center=(250, 181)
[INFO] [1789635220.056189768] [vision_manager]: Book detected: xyz=(0.734, 0.005, 0.869), center=(588, 242)
[INFO] [1789635220.057219201] [vision_manager]: Book detected: xyz=(0.625, 0.000, 0.869), center=(548, 240)
[INFO] [1789635220.058665204] [vision_manager]: Book detected: xyz=(-0.090, -0.022, 0.403), center=(249, 223)
[INFO] [1789635220.059816989] [vision_manager]: Book detected: xyz=(-0.091, 0.042, 0.400), center=(248, 273)
[INFO] [1789635220.212015248] [vision_manager]: Book detected: xyz=(-0.086, -0.180, 0.400), center=(252, 97)
[INFO] [1789635220.213681446] [vision_manager]: Book detected: xyz=(-0.116, -0.096, 0.525), center=(250, 182)
[INFO] [1789635220.215199842] [vision_manager]: Book detected: xyz=(0.734, 0.005, 0.869), center=(588, 242)
[INFO] [1789635220.216701060] [vision_manager]: Book detected: xyz=(0.627, 0.000, 0.869), center=(549, 240)
[INFO] [1789635220.218188133] [vision_manager]: Book detected: xyz=(-0.090, -0.022, 0.403), center=(249, 223)
[INFO] [1789635220.219477288] [vision_manager]: Book detected: xyz=(-0.091, 0.038, 0.400), center=(248, 270)
[INFO] [1789635220.410877613] [vision_manager]: Book detected: xyz=(-0.085, -0.180, 0.400), center=(253, 97)
[INFO] [1789635220.412557413] [vision_manager]: Book detected: xyz=(-0.114, -0.096, 0.525), center=(251, 182)
[INFO] [1789635220.414155727] [vision_manager]: Book detected: xyz=(0.734, 0.005, 0.869), center=(588, 242)
[INFO] [1789635220.415717458] [vision_manager]: Book detected: xyz=(0.627, 0.000, 0.869), center=(549, 240)
[INFO] [1789635220.417633150] [vision_manager]: Book detected: xyz=(-0.092, -0.021, 0.411), center=(249, 224)
[INFO] [1789635220.419064173] [vision_manager]: Book detected: xyz=(-0.090, 0.034, 0.400), center=(249, 267)
[INFO] [1789635220.551157057] [vision_manager]: Book detected: xyz=(-0.086, -0.180, 0.400), center=(252, 97)
[INFO] [1789635220.552825980] [vision_manager]: Book detected: xyz=(-0.114, -0.096, 0.525), center=(251, 182)
[INFO] [1789635220.554161194] [vision_manager]: Book detected: xyz=(0.734, 0.005, 0.869), center=(588, 242)
[INFO] [1789635220.555436295] [vision_manager]: Book detected: xyz=(0.633, 0.000, 0.869), center=(551, 240)
[INFO] [1789635220.556704221] [vision_manager]: Book detected: xyz=(-0.090, -0.022, 0.403), center=(249, 223)
[INFO] [1789635220.557964269] [vision_manager]: Book detected: xyz=(-0.090, 0.039, 0.400), center=(249, 271)
[INFO] [1789635220.694650091] [vision_manager]: Book detected: xyz=(-0.087, -0.180, 0.400), center=(251, 97)
[INFO] [1789635220.695795315] [vision_manager]: Book detected: xyz=(-0.114, -0.096, 0.525), center=(251, 182)
[INFO] [1789635220.696834061] [vision_manager]: Book detected: xyz=(0.734, 0.005, 0.869), center=(588, 242)
[INFO] [1789635220.697871421] [vision_manager]: Book detected: xyz=(0.622, 0.000, 0.869), center=(547, 240)
[INFO] [1789635220.698918818] [vision_manager]: Book detected: xyz=(-0.090, -0.022, 0.403), center=(249, 223)
[INFO] [1789635220.867522297] [vision_manager]: Book detected: xyz=(-0.086, -0.179, 0.401), center=(252, 98)
[INFO] [1789635220.869081082] [vision_manager]: Book detected: xyz=(-0.116, -0.096, 0.525), center=(250, 182)
[INFO] [1789635220.870576178] [vision_manager]: Book detected: xyz=(0.734, 0.005, 0.869), center=(588, 242)
[INFO] [1789635220.872091553] [vision_manager]: Book detected: xyz=(0.622, 0.000, 0.869), center=(547, 240)
[INFO] [1789635220.873651460] [vision_manager]: Book detected: xyz=(-0.090, -0.023, 0.402), center=(249, 222)
[INFO] [1789635221.001290941] [vision_manager]: Book detected: xyz=(-0.086, -0.179, 0.401), center=(252, 98)
[INFO] [1789635221.002738319] [vision_manager]: Book detected: xyz=(-0.114, -0.096, 0.525), center=(251, 182)
[INFO] [1789635221.004174641] [vision_manager]: Book detected: xyz=(0.734, 0.005, 0.869), center=(588, 242)
[INFO] [1789635221.005580200] [vision_manager]: Book detected: xyz=(0.633, 0.000, 0.869), center=(551, 240)
[INFO] [1789635221.006943288] [vision_manager]: Book detected: xyz=(-0.090, -0.023, 0.402), center=(249, 222)
[INFO] [1789635221.158677794] [vision_manager]: Book detected: xyz=(-0.086, -0.180, 0.400), center=(252, 97)
[INFO] [1789635221.160353361] [vision_manager]: Book detected: xyz=(-0.114, -0.096, 0.525), center=(251, 182)
[INFO] [1789635221.161903859] [vision_manager]: Book detected: xyz=(0.734, 0.005, 0.869), center=(588, 242)
[INFO] [1789635221.163414913] [vision_manager]: Book detected: xyz=(0.647, 0.000, 0.869), center=(556, 240)
[INFO] [1789635221.164870196] [vision_manager]: Book detected: xyz=(-0.090, -0.023, 0.402), center=(249, 222)
[INFO] [1789635221.166360804] [vision_manager]: Book detected: xyz=(-0.090, 0.039, 0.400), center=(249, 271)
[INFO] [1789635221.317683197] [vision_manager]: Book detected: xyz=(-0.087, -0.179, 0.401), center=(251, 98)
[INFO] [1789635221.319200267] [vision_manager]: Book detected: xyz=(-0.112, -0.096, 0.507), center=(250, 180)
[INFO] [1789635221.320575984] [vision_manager]: Book detected: xyz=(0.734, 0.005, 0.869), center=(588, 242)
[INFO] [1789635221.321897321] [vision_manager]: Book detected: xyz=(0.636, 0.000, 0.869), center=(552, 240)
[INFO] [1789635221.323382158] [vision_manager]: Book detected: xyz=(-0.090, -0.023, 0.402), center=(249, 222)
[INFO] [1789635221.325291232] [vision_manager]: Book detected: xyz=(-0.091, 0.039, 0.400), center=(248, 271)
[INFO] [1789635221.461173008] [vision_manager]: Book detected: xyz=(-0.086, -0.180, 0.400), center=(252, 97)
[INFO] [1789635221.462260555] [vision_manager]: Book detected: xyz=(-0.112, -0.096, 0.516), center=(251, 181)
[INFO] [1789635221.463290293] [vision_manager]: Book detected: xyz=(0.734, 0.005, 0.869), center=(588, 242)
[INFO] [1789635221.464410830] [vision_manager]: Book detected: xyz=(0.614, 0.003, 0.869), center=(544, 241)
[INFO] [1789635221.465457183] [vision_manager]: Book detected: xyz=(-0.090, -0.023, 0.402), center=(249, 222)
[INFO] [1789635221.466507025] [vision_manager]: Book detected: xyz=(-0.091, 0.033, 0.400), center=(248, 266)
[INFO] [1789635221.618971752] [vision_manager]: Book detected: xyz=(-0.086, -0.180, 0.400), center=(252, 97)
[INFO] [1789635221.620015049] [vision_manager]: Book detected: xyz=(-0.112, -0.096, 0.516), center=(251, 181)
[INFO] [1789635221.620971967] [vision_manager]: Book detected: xyz=(0.734, 0.005, 0.869), center=(588, 242)
[INFO] [1789635221.623409718] [vision_manager]: Book detected: xyz=(0.622, 0.003, 0.869), center=(547, 241)
[INFO] [1789635221.625082518] [vision_manager]: Book detected: xyz=(-0.090, -0.023, 0.402), center=(249, 222)
[INFO] [1789635221.627605290] [vision_manager]: Book detected: xyz=(-0.090, 0.039, 0.400), center=(249, 271)
[INFO] [1789635221.811323531] [vision_manager]: Book detected: xyz=(-0.086, -0.180, 0.400), center=(252, 97)
[INFO] [1789635221.812427672] [vision_manager]: Book detected: xyz=(-0.112, -0.096, 0.516), center=(251, 181)
[INFO] [1789635221.813437298] [vision_manager]: Book detected: xyz=(0.734, 0.005, 0.869), center=(588, 242)
[INFO] [1789635221.815258799] [vision_manager]: Book detected: xyz=(0.622, 0.000, 0.869), center=(547, 240)
[INFO] [1789635221.816365755] [vision_manager]: Book detected: xyz=(-0.090, -0.023, 0.402), center=(249, 222)
[INFO] [1789635221.990151788] [vision_manager]: Book detected: xyz=(-0.086, -0.179, 0.401), center=(252, 98)
[INFO] [1789635221.992632133] [vision_manager]: Book detected: xyz=(-0.112, -0.096, 0.516), center=(251, 181)
[INFO] [1789635221.994675824] [vision_manager]: Book detected: xyz=(0.734, 0.005, 0.869), center=(588, 242)
[INFO] [1789635221.996371191] [vision_manager]: Book detected: xyz=(0.616, 0.003, 0.869), center=(545, 241)
[INFO] [1789635221.997567783] [vision_manager]: Book detected: xyz=(-0.126, -0.004, 0.563), center=(249, 238)
[INFO] [1789635221.999138196] [vision_manager]: Book detected: xyz=(-0.091, 0.042, 0.400), center=(248, 273)
[INFO] [1789635222.000240551] [vision_manager]: No placeable empty shelf position found
[INFO] [1789635222.176183831] [vision_manager]: Book detected: xyz=(-0.086, -0.180, 0.400), center=(252, 97)
[INFO] [1789635222.178016699] [vision_manager]: Book detected: xyz=(-0.114, -0.096, 0.516), center=(250, 181)
[INFO] [1789635222.179712472] [vision_manager]: Book detected: xyz=(0.734, 0.005, 0.869), center=(588, 242)
[INFO] [1789635222.182127114] [vision_manager]: Book detected: xyz=(0.614, 0.000, 0.869), center=(544, 240)
[INFO] [1789635222.184608256] [vision_manager]: Book detected: xyz=(-0.126, -0.002, 0.563), center=(249, 239)
[INFO] [1789635222.186263228] [vision_manager]: Book detected: xyz=(-0.090, 0.040, 0.400), center=(249, 272)
[INFO] [1789635222.186883345] [vision_manager]: No placeable empty shelf position found
[INFO] [1789635222.339370760] [vision_manager]: Book detected: xyz=(-0.086, -0.180, 0.400), center=(252, 97)
[INFO] [1789635222.341544206] [vision_manager]: Book detected: xyz=(-0.112, -0.096, 0.516), center=(251, 181)
[INFO] [1789635222.343396817] [vision_manager]: Book detected: xyz=(0.734, 0.005, 0.869), center=(588, 242)
[INFO] [1789635222.345148414] [vision_manager]: Book detected: xyz=(0.411, 0.002, 0.593), center=(540, 241)
[INFO] [1789635222.346891424] [vision_manager]: Book detected: xyz=(-0.090, -0.023, 0.402), center=(249, 222)
[INFO] [1789635222.492027607] [vision_manager]: Book detected: xyz=(-0.086, -0.180, 0.400), center=(252, 97)
[INFO] [1789635222.494145931] [vision_manager]: Book detected: xyz=(-0.110, -0.096, 0.507), center=(251, 180)
[INFO] [1789635222.495967440] [vision_manager]: Book detected: xyz=(0.734, 0.005, 0.869), center=(588, 242)
[INFO] [1789635222.497843599] [vision_manager]: Book detected: xyz=(0.616, 0.000, 0.869), center=(545, 240)
[INFO] [1789635222.500035205] [vision_manager]: Book detected: xyz=(-0.090, -0.024, 0.402), center=(249, 221)
[INFO] [1789635222.640551806] [vision_manager]: Book detected: xyz=(-0.086, -0.180, 0.400), center=(252, 97)
[INFO] [1789635222.642384481] [vision_manager]: Book detected: xyz=(-0.110, -0.096, 0.507), center=(251, 180)
[INFO] [1789635222.644199944] [vision_manager]: Book detected: xyz=(0.734, 0.005, 0.869), center=(588, 242)
[INFO] [1789635222.646031037] [vision_manager]: Book detected: xyz=(0.627, 0.000, 0.869), center=(549, 240)
[INFO] [1789635222.647896234] [vision_manager]: Book detected: xyz=(-0.090, -0.024, 0.402), center=(249, 221)
[INFO] [1789635222.778657321] [vision_manager]: Book detected: xyz=(-0.086, -0.180, 0.400), center=(252, 97)
[INFO] [1789635222.780743704] [vision_manager]: Book detected: xyz=(-0.112, -0.096, 0.516), center=(251, 181)
[INFO] [1789635222.782652164] [vision_manager]: Book detected: xyz=(0.734, 0.005, 0.869), center=(588, 242)
[INFO] [1789635222.784329479] [vision_manager]: Book detected: xyz=(0.630, 0.000, 0.869), center=(550, 240)
[INFO] [1789635222.785885866] [vision_manager]: Book detected: xyz=(-0.090, -0.024, 0.402), center=(249, 221)
[INFO] [1789635222.914096993] [vision_manager]: Book detected: xyz=(-0.086, -0.180, 0.400), center=(252, 97)
[INFO] [1789635222.915609044] [vision_manager]: Book detected: xyz=(-0.114, -0.096, 0.525), center=(251, 182)
[INFO] [1789635222.917038886] [vision_manager]: Book detected: xyz=(0.734, 0.005, 0.869), center=(588, 242)
[INFO] [1789635222.918443139] [vision_manager]: Book detected: xyz=(0.644, 0.000, 0.869), center=(555, 240)
[INFO] [1789635222.919619715] [vision_manager]: Book detected: xyz=(-0.090, -0.022, 0.403), center=(249, 223)
[INFO] [1789635223.107667652] [vision_manager]: Book detected: xyz=(-0.086, -0.180, 0.400), center=(252, 97)
[INFO] [1789635223.109728562] [vision_manager]: Book detected: xyz=(-0.112, -0.096, 0.516), center=(251, 181)
[INFO] [1789635223.111767471] [vision_manager]: Book detected: xyz=(0.734, 0.005, 0.869), center=(588, 242)
[INFO] [1789635223.113694887] [vision_manager]: Book detected: xyz=(0.644, 0.000, 0.869), center=(555, 240)
[INFO] [1789635223.115796613] [vision_manager]: Book detected: xyz=(-0.126, -0.004, 0.563), center=(249, 238)
[INFO] [1789635223.116990172] [vision_manager]: No placeable empty shelf position found
[INFO] [1789635223.246280793] [vision_manager]: Book detected: xyz=(-0.086, -0.180, 0.400), center=(252, 97)
[INFO] [1789635223.247615569] [vision_manager]: Book detected: xyz=(-0.114, -0.096, 0.516), center=(250, 181)
[INFO] [1789635223.248834323] [vision_manager]: Book detected: xyz=(0.734, 0.005, 0.869), center=(588, 242)
[INFO] [1789635223.250025616] [vision_manager]: Book detected: xyz=(0.641, 0.000, 0.869), center=(554, 240)
[INFO] [1789635223.251228960] [vision_manager]: Book detected: xyz=(-0.090, -0.022, 0.403), center=(249, 223)
[INFO] [1789635223.252467096] [vision_manager]: Book detected: xyz=(-0.091, 0.040, 0.400), center=(248, 272)
[INFO] [1789635223.424928289] [vision_manager]: Book detected: xyz=(-0.086, -0.180, 0.400), center=(252, 97)
[INFO] [1789635223.426252897] [vision_manager]: Book detected: xyz=(-0.112, -0.096, 0.516), center=(251, 181)
[INFO] [1789635223.427559981] [vision_manager]: Book detected: xyz=(0.734, 0.005, 0.869), center=(588, 242)
[INFO] [1789635223.428862173] [vision_manager]: Book detected: xyz=(0.627, 0.000, 0.869), center=(549, 240)
[INFO] [1789635223.430174471] [vision_manager]: Book detected: xyz=(-0.090, -0.023, 0.402), center=(249, 222)
[INFO] [1789635223.431430360] [vision_manager]: Book detected: xyz=(-0.090, 0.039, 0.400), center=(249, 271)
[INFO] [1789635223.553754967] [vision_manager]: Book detected: xyz=(-0.086, -0.180, 0.400), center=(252, 97)
[INFO] [1789635223.554895855] [vision_manager]: Book detected: xyz=(-0.110, -0.096, 0.507), center=(251, 180)
[INFO] [1789635223.555941061] [vision_manager]: Book detected: xyz=(0.734, 0.005, 0.869), center=(588, 242)
[INFO] [1789635223.556974197] [vision_manager]: Book detected: xyz=(0.630, 0.000, 0.869), center=(550, 240)
[INFO] [1789635223.557998092] [vision_manager]: Book detected: xyz=(-0.092, -0.021, 0.411), center=(249, 224)
[INFO] [1789635223.559012276] [vision_manager]: Book detected: xyz=(-0.091, 0.040, 0.400), center=(248, 272)
[INFO] [1789635223.666468997] [vision_manager]: Book detected: xyz=(-0.085, -0.180, 0.400), center=(253, 97)
[INFO] [1789635223.667646289] [vision_manager]: Book detected: xyz=(-0.110, -0.096, 0.507), center=(251, 180)
[INFO] [1789635223.668724117] [vision_manager]: Book detected: xyz=(0.734, 0.005, 0.869), center=(588, 242)
[INFO] [1789635223.669800410] [vision_manager]: Book detected: xyz=(0.636, 0.000, 0.869), center=(552, 240)
[INFO] [1789635223.670918450] [vision_manager]: Book detected: xyz=(-0.091, -0.022, 0.403), center=(248, 223)
[INFO] [1789635223.671957833] [vision_manager]: Book detected: xyz=(-0.091, 0.042, 0.400), center=(248, 273)
[INFO] [1789635223.815690252] [vision_manager]: Book detected: xyz=(-0.086, -0.179, 0.401), center=(252, 98)
[INFO] [1789635223.816769243] [vision_manager]: Book detected: xyz=(-0.112, -0.096, 0.507), center=(250, 180)
[INFO] [1789635223.817801809] [vision_manager]: Book detected: xyz=(0.734, 0.005, 0.869), center=(588, 242)
[INFO] [1789635223.818821792] [vision_manager]: Book detected: xyz=(0.638, 0.000, 0.869), center=(553, 240)
[INFO] [1789635223.820025529] [vision_manager]: Book detected: xyz=(-0.091, -0.022, 0.403), center=(248, 223)
[INFO] [1789635223.821107557] [vision_manager]: Book detected: xyz=(-0.092, 0.038, 0.400), center=(247, 270)
[INFO] [1789635223.982377946] [vision_manager]: Book detected: xyz=(-0.086, -0.179, 0.401), center=(252, 98)
[INFO] [1789635223.983620698] [vision_manager]: Book detected: xyz=(-0.114, -0.096, 0.516), center=(250, 181)
[INFO] [1789635223.984673000] [vision_manager]: Book detected: xyz=(0.734, 0.005, 0.869), center=(588, 242)
[INFO] [1789635223.985822831] [vision_manager]: Book detected: xyz=(0.655, 0.000, 0.869), center=(559, 240)
[INFO] [1789635223.987377757] [vision_manager]: Book detected: xyz=(-0.090, -0.025, 0.401), center=(249, 220)
[INFO] [1789635223.988728381] [vision_manager]: Book detected: xyz=(-0.092, 0.033, 0.400), center=(247, 266)
[INFO] [1789635224.153995113] [vision_manager]: Book detected: xyz=(-0.086, -0.180, 0.400), center=(252, 97)
[INFO] [1789635224.155341903] [vision_manager]: Book detected: xyz=(-0.108, -0.096, 0.499), center=(251, 179)
[INFO] [1789635224.156681445] [vision_manager]: Book detected: xyz=(0.734, 0.005, 0.869), center=(588, 242)
[INFO] [1789635224.157958527] [vision_manager]: Book detected: xyz=(0.652, 0.000, 0.869), center=(558, 240)
[INFO] [1789635224.159324570] [vision_manager]: Book detected: xyz=(-0.091, -0.022, 0.403), center=(248, 223)
[INFO] [1789635224.160623206] [vision_manager]: Book detected: xyz=(-0.091, 0.042, 0.400), center=(248, 273)
[INFO] [1789635224.321635945] [vision_manager]: Book detected: xyz=(-0.086, -0.180, 0.400), center=(252, 97)
[INFO] [1789635224.322745411] [vision_manager]: Book detected: xyz=(-0.110, -0.096, 0.507), center=(251, 180)
[INFO] [1789635224.323801340] [vision_manager]: Book detected: xyz=(0.734, 0.005, 0.869), center=(588, 242)
[INFO] [1789635224.328793999] [vision_manager]: Book detected: xyz=(0.652, 0.000, 0.869), center=(558, 240)
[INFO] [1789635224.329958330] [vision_manager]: Book detected: xyz=(-0.090, -0.028, 0.401), center=(249, 218)
[INFO] [1789635224.330997898] [vision_manager]: Book detected: xyz=(-0.091, 0.040, 0.400), center=(248, 272)
[INFO] [1789635224.557627228] [vision_manager]: Book detected: xyz=(-0.086, -0.180, 0.400), center=(252, 97)
[INFO] [1789635224.559997821] [vision_manager]: Book detected: xyz=(-0.108, -0.096, 0.491), center=(250, 178)
[INFO] [1789635224.562605144] [vision_manager]: Book detected: xyz=(0.737, 0.005, 0.869), center=(589, 242)
[INFO] [1789635224.564648784] [vision_manager]: Book detected: xyz=(0.663, 0.000, 0.869), center=(562, 240)
[INFO] [1789635224.566389412] [vision_manager]: Book detected: xyz=(-0.090, -0.024, 0.402), center=(249, 221)
[INFO] [1789635224.567907930] [vision_manager]: Book detected: xyz=(-0.091, 0.038, 0.400), center=(248, 270)
[INFO] [1789635224.838876833] [vision_manager]: Book detected: xyz=(-0.087, -0.180, 0.400), center=(251, 97)
[INFO] [1789635224.840093888] [vision_manager]: Book detected: xyz=(-0.114, -0.096, 0.507), center=(249, 180)
[INFO] [1789635224.841250902] [vision_manager]: Book detected: xyz=(0.734, 0.005, 0.869), center=(588, 242)
[INFO] [1789635224.842411081] [vision_manager]: Book detected: xyz=(0.638, 0.000, 0.869), center=(553, 240)
[INFO] [1789635224.843939179] [vision_manager]: Book detected: xyz=(-0.090, -0.025, 0.401), center=(249, 220)
[INFO] [1789635224.845215772] [vision_manager]: Book detected: xyz=(-0.092, 0.034, 0.400), center=(247, 267)
[INFO] [1789635225.013710609] [vision_manager]: Book detected: xyz=(-0.087, -0.180, 0.400), center=(251, 97)
[INFO] [1789635225.015758409] [vision_manager]: Book detected: xyz=(-0.116, -0.096, 0.525), center=(250, 182)
[INFO] [1789635225.017708798] [vision_manager]: Book detected: xyz=(0.734, 0.005, 0.869), center=(588, 242)
[INFO] [1789635225.019650534] [vision_manager]: Book detected: xyz=(0.641, 0.000, 0.869), center=(554, 240)
[INFO] [1789635225.021940414] [vision_manager]: Book detected: xyz=(-0.090, -0.027, 0.401), center=(249, 219)
[INFO] [1789635225.023730476] [vision_manager]: Book detected: xyz=(-0.091, 0.033, 0.400), center=(248, 266)
[INFO] [1789635225.201727228] [vision_manager]: Book detected: xyz=(-0.087, -0.180, 0.400), center=(251, 97)
[INFO] [1789635225.202949216] [vision_manager]: Book detected: xyz=(-0.116, -0.096, 0.525), center=(250, 182)
[INFO] [1789635225.204092047] [vision_manager]: Book detected: xyz=(0.734, 0.005, 0.869), center=(588, 242)
[INFO] [1789635225.205246752] [vision_manager]: Book detected: xyz=(0.630, 0.003, 0.869), center=(550, 241)
[INFO] [1789635225.206342035] [vision_manager]: Book detected: xyz=(-0.090, -0.025, 0.401), center=(249, 220)
[INFO] [1789635225.207410228] [vision_manager]: Book detected: xyz=(-0.091, 0.032, 0.400), center=(248, 265)
[INFO] [1789635225.439684673] [vision_manager]: Book detected: xyz=(-0.086, -0.180, 0.400), center=(252, 97)
[INFO] [1789635225.440833561] [vision_manager]: Book detected: xyz=(-0.114, -0.096, 0.516), center=(250, 181)
[INFO] [1789635225.441938801] [vision_manager]: Book detected: xyz=(0.734, 0.005, 0.869), center=(588, 242)
[INFO] [1789635225.443042814] [vision_manager]: Book detected: xyz=(0.633, 0.000, 0.869), center=(551, 240)
[INFO] [1789635225.444201514] [vision_manager]: Book detected: xyz=(-0.090, -0.025, 0.401), center=(249, 220)
[INFO] [1789635225.445233277] [vision_manager]: Book detected: xyz=(-0.091, 0.034, 0.400), center=(248, 267)
[INFO] [1789635225.590245070] [vision_manager]: Book detected: xyz=(-0.086, -0.180, 0.400), center=(252, 97)
[INFO] [1789635225.591769978] [vision_manager]: Book detected: xyz=(-0.114, -0.096, 0.525), center=(251, 182)
[INFO] [1789635225.593100237] [vision_manager]: Book detected: xyz=(0.734, 0.005, 0.869), center=(588, 242)
[INFO] [1789635225.594429936] [vision_manager]: Book detected: xyz=(0.636, 0.000, 0.869), center=(552, 240)
[INFO] [1789635225.595740080] [vision_manager]: Book detected: xyz=(-0.090, -0.023, 0.402), center=(249, 222)
[INFO] [1789635225.765292652] [vision_manager]: Book detected: xyz=(-0.086, -0.180, 0.400), center=(252, 97)
[INFO] [1789635225.766994920] [vision_manager]: Book detected: xyz=(-0.112, -0.096, 0.516), center=(251, 181)
[INFO] [1789635225.768407484] [vision_manager]: Book detected: xyz=(0.737, 0.005, 0.869), center=(589, 242)
[INFO] [1789635225.769816256] [vision_manager]: Book detected: xyz=(0.641, 0.003, 0.869), center=(554, 241)
[INFO] [1789635225.771091417] [vision_manager]: Book detected: xyz=(-0.090, -0.024, 0.402), center=(249, 221)
[INFO] [1789635225.933992504] [vision_manager]: Book detected: xyz=(-0.086, -0.180, 0.400), center=(252, 97)
[INFO] [1789635225.935450605] [vision_manager]: Book detected: xyz=(-0.112, -0.096, 0.516), center=(251, 181)
[INFO] [1789635225.936847563] [vision_manager]: Book detected: xyz=(0.734, 0.005, 0.869), center=(588, 242)
[INFO] [1789635225.938276121] [vision_manager]: Book detected: xyz=(0.633, 0.000, 0.869), center=(551, 240)
[INFO] [1789635225.939397920] [vision_manager]: Book detected: xyz=(-0.090, -0.023, 0.402), center=(249, 222)
[INFO] [1789635225.940792456] [vision_manager]: Book detected: xyz=(-0.091, 0.024, 0.401), center=(248, 259)
[INFO] [1789635226.095778000] [vision_manager]: Book detected: xyz=(-0.086, -0.180, 0.400), center=(252, 97)
[INFO] [1789635226.100521387] [vision_manager]: Book detected: xyz=(-0.112, -0.096, 0.507), center=(250, 180)
[INFO] [1789635226.102610434] [vision_manager]: Book detected: xyz=(0.734, 0.005, 0.869), center=(588, 242)
[INFO] [1789635226.103578411] [vision_manager]: Book detected: xyz=(0.652, 0.000, 0.869), center=(558, 240)
[INFO] [1789635226.104441187] [vision_manager]: Book detected: xyz=(-0.090, -0.024, 0.402), center=(249, 221)
[INFO] [1789635226.255001348] [vision_manager]: Book detected: xyz=(-0.086, -0.180, 0.400), center=(252, 97)
[INFO] [1789635226.256685644] [vision_manager]: Book detected: xyz=(-0.112, -0.096, 0.507), center=(250, 180)
[INFO] [1789635226.258097584] [vision_manager]: Book detected: xyz=(0.734, 0.005, 0.869), center=(588, 242)
[INFO] [1789635226.259386420] [vision_manager]: Book detected: xyz=(0.644, 0.000, 0.869), center=(555, 240)
[INFO] [1789635226.260656639] [vision_manager]: Book detected: xyz=(-0.092, -0.021, 0.411), center=(249, 224)
[INFO] [1789635226.261930524] [vision_manager]: Book detected: xyz=(-0.092, 0.027, 0.401), center=(247, 261)
[INFO] [1789635226.388207304] [vision_manager]: Book detected: xyz=(-0.086, -0.180, 0.400), center=(252, 97)
[INFO] [1789635226.389343905] [vision_manager]: Book detected: xyz=(-0.112, -0.096, 0.507), center=(250, 180)
[INFO] [1789635226.390450922] [vision_manager]: Book detected: xyz=(0.734, 0.005, 0.869), center=(588, 242)
[INFO] [1789635226.391547648] [vision_manager]: Book detected: xyz=(0.644, 0.000, 0.869), center=(555, 240)
[INFO] [1789635226.392600915] [vision_manager]: Book detected: xyz=(-0.091, -0.024, 0.402), center=(248, 221)
[INFO] [1789635226.393556337] [vision_manager]: Book detected: xyz=(-0.093, 0.037, 0.400), center=(246, 269)
[INFO] [1789635226.528477987] [vision_manager]: Book detected: xyz=(-0.086, -0.180, 0.400), center=(252, 97)
[INFO] [1789635226.529461964] [vision_manager]: Book detected: xyz=(-0.114, -0.096, 0.516), center=(250, 181)
[INFO] [1789635226.530378237] [vision_manager]: Book detected: xyz=(0.734, 0.005, 0.869), center=(588, 242)
[INFO] [1789635226.531261909] [vision_manager]: Book detected: xyz=(0.655, 0.000, 0.869), center=(559, 240)
[INFO] [1789635226.532150646] [vision_manager]: Book detected: xyz=(-0.090, -0.023, 0.402), center=(249, 222)
[INFO] [1789635226.889157906] [vision_manager]: Book detected: xyz=(-0.086, -0.180, 0.400), center=(252, 97)
[INFO] [1789635226.890850359] [vision_manager]: Book detected: xyz=(-0.112, -0.096, 0.507), center=(250, 180)
[INFO] [1789635226.893103701] [vision_manager]: Book detected: xyz=(0.734, 0.005, 0.869), center=(588, 242)
[INFO] [1789635226.894554706] [vision_manager]: Book detected: xyz=(0.644, 0.000, 0.869), center=(555, 240)
[INFO] [1789635226.896393855] [vision_manager]: Book detected: xyz=(-0.093, -0.021, 0.411), center=(248, 224)
[INFO] [1789635226.897890508] [vision_manager]: Book detected: xyz=(-0.091, 0.035, 0.400), center=(248, 268)
[INFO] [1789635227.162536355] [vision_manager]: Book detected: xyz=(-0.086, -0.180, 0.400), center=(252, 97)
[INFO] [1789635227.164162005] [vision_manager]: Book detected: xyz=(-0.110, -0.096, 0.507), center=(251, 180)
[INFO] [1789635227.165699202] [vision_manager]: Book detected: xyz=(0.734, 0.005, 0.869), center=(588, 242)
[INFO] [1789635227.168612703] [vision_manager]: Book detected: xyz=(0.625, 0.000, 0.869), center=(548, 240)
[INFO] [1789635227.169822825] [vision_manager]: Book detected: xyz=(-0.092, -0.021, 0.411), center=(249, 224)
[INFO] [1789635227.170982584] [vision_manager]: Book detected: xyz=(-0.090, 0.033, 0.400), center=(249, 266)
[INFO] [1789635227.348061081] [vision_manager]: Book detected: xyz=(-0.086, -0.180, 0.400), center=(252, 97)
[INFO] [1789635227.349438609] [vision_manager]: Book detected: xyz=(-0.112, -0.096, 0.516), center=(251, 181)
[INFO] [1789635227.350749599] [vision_manager]: Book detected: xyz=(0.734, 0.005, 0.869), center=(588, 242)
[INFO] [1789635227.352287730] [vision_manager]: Book detected: xyz=(0.633, 0.000, 0.869), center=(551, 240)
[INFO] [1789635227.353621679] [vision_manager]: Book detected: xyz=(-0.090, -0.022, 0.403), center=(249, 223)
[INFO] [1789635227.354986950] [vision_manager]: Book detected: xyz=(-0.091, 0.038, 0.400), center=(248, 270)
[INFO] [1789635227.520123320] [vision_manager]: Book detected: xyz=(-0.086, -0.180, 0.400), center=(252, 97)
[INFO] [1789635227.521771209] [vision_manager]: Book detected: xyz=(-0.110, -0.096, 0.507), center=(251, 180)
[INFO] [1789635227.523357911] [vision_manager]: Book detected: xyz=(0.734, 0.005, 0.869), center=(588, 242)
[INFO] [1789635227.524947159] [vision_manager]: Book detected: xyz=(0.622, 0.000, 0.869), center=(547, 240)
[INFO] [1789635227.526517018] [vision_manager]: Book detected: xyz=(-0.090, -0.022, 0.403), center=(249, 223)
[INFO] [1789635227.527907094] [vision_manager]: Book detected: xyz=(-0.091, 0.038, 0.400), center=(248, 270)
[INFO] [1789635227.741776415] [vision_manager]: Book detected: xyz=(-0.086, -0.180, 0.400), center=(252, 97)
[INFO] [1789635227.745521187] [vision_manager]: Book detected: xyz=(-0.108, -0.096, 0.499), center=(251, 179)
[INFO] [1789635227.747326801] [vision_manager]: Book detected: xyz=(0.734, 0.005, 0.869), center=(588, 242)
[INFO] [1789635227.749224509] [vision_manager]: Book detected: xyz=(0.614, 0.000, 0.869), center=(544, 240)
[INFO] [1789635227.750997234] [vision_manager]: Book detected: xyz=(-0.092, -0.021, 0.411), center=(249, 224)
[INFO] [1789635227.753671961] [vision_manager]: Book detected: xyz=(-0.091, 0.034, 0.400), center=(248, 267)
[INFO] [1789635228.102322874] [vision_manager]: Book detected: xyz=(-0.086, -0.180, 0.400), center=(252, 97)
[INFO] [1789635228.105280929] [vision_manager]: Book detected: xyz=(-0.110, -0.096, 0.507), center=(251, 180)
[INFO] [1789635228.110125755] [vision_manager]: Book detected: xyz=(0.734, 0.005, 0.869), center=(588, 242)
[INFO] [1789635228.112806063] [vision_manager]: Book detected: xyz=(0.622, 0.000, 0.869), center=(547, 240)
[INFO] [1789635228.115140525] [vision_manager]: Book detected: xyz=(-0.092, -0.021, 0.411), center=(249, 224)
[INFO] [1789635228.117369942] [vision_manager]: Book detected: xyz=(-0.092, 0.034, 0.400), center=(247, 267)
[INFO] [1789635228.349339303] [vision_manager]: Book detected: xyz=(-0.086, -0.180, 0.400), center=(252, 97)
[INFO] [1789635228.351009770] [vision_manager]: Book detected: xyz=(-0.110, -0.096, 0.507), center=(251, 180)
[INFO] [1789635228.352621675] [vision_manager]: Book detected: xyz=(0.734, 0.005, 0.869), center=(588, 242)
[INFO] [1789635228.354347097] [vision_manager]: Book detected: xyz=(0.622, 0.000, 0.869), center=(547, 240)
[INFO] [1789635228.356380439] [vision_manager]: Book detected: xyz=(-0.090, -0.022, 0.403), center=(249, 223)
[INFO] [1789635228.358198429] [vision_manager]: Book detected: xyz=(-0.092, 0.039, 0.400), center=(247, 271)
[INFO] [1789635229.144947887] [vision_manager]: Book detected: xyz=(-0.086, -0.180, 0.400), center=(252, 97)
[INFO] [1789635229.146496167] [vision_manager]: Book detected: xyz=(-0.112, -0.096, 0.507), center=(250, 180)
[INFO] [1789635229.148027326] [vision_manager]: Book detected: xyz=(0.737, 0.005, 0.869), center=(589, 242)
[INFO] [1789635229.149547814] [vision_manager]: Book detected: xyz=(0.641, 0.000, 0.869), center=(554, 240)
[INFO] [1789635229.150995819] [vision_manager]: Book detected: xyz=(-0.091, -0.022, 0.403), center=(248, 223)
[INFO] [1789635229.152412188] [vision_manager]: Book detected: xyz=(-0.091, 0.039, 0.400), center=(248, 271)
[INFO] [1789635229.425813758] [vision_manager]: Book detected: xyz=(-0.086, -0.179, 0.401), center=(252, 98)
[INFO] [1789635229.427514794] [vision_manager]: Book detected: xyz=(-0.110, -0.096, 0.507), center=(251, 180)
[INFO] [1789635229.429091781] [vision_manager]: Book detected: xyz=(0.734, 0.005, 0.869), center=(588, 242)
[INFO] [1789635229.430646221] [vision_manager]: Book detected: xyz=(0.630, 0.000, 0.869), center=(550, 240)
[INFO] [1789635229.432369706] [vision_manager]: Book detected: xyz=(-0.092, -0.021, 0.411), center=(249, 224)
[INFO] [1789635229.434366304] [vision_manager]: Book detected: xyz=(-0.092, 0.030, 0.400), center=(247, 264)
[INFO] [1789635229.725001032] [vision_manager]: Book detected: xyz=(-0.086, -0.180, 0.400), center=(252, 97)
[INFO] [1789635229.726905491] [vision_manager]: Book detected: xyz=(-0.112, -0.096, 0.516), center=(251, 181)
[INFO] [1789635229.728513847] [vision_manager]: Book detected: xyz=(0.734, 0.005, 0.869), center=(588, 242)
[INFO] [1789635229.730280772] [vision_manager]: Book detected: xyz=(0.633, 0.000, 0.869), center=(551, 240)
[INFO] [1789635229.731984839] [vision_manager]: Book detected: xyz=(-0.092, -0.021, 0.411), center=(249, 224)
[INFO] [1789635229.733579034] [vision_manager]: Book detected: xyz=(-0.091, 0.039, 0.400), center=(248, 271)
[INFO] [1789635230.116162439] [vision_manager]: Book detected: xyz=(-0.086, -0.179, 0.401), center=(252, 98)
[INFO] [1789635230.117817375] [vision_manager]: Book detected: xyz=(-0.112, -0.096, 0.507), center=(250, 180)
[INFO] [1789635230.119312332] [vision_manager]: Book detected: xyz=(0.734, 0.005, 0.869), center=(588, 242)
[INFO] [1789635230.120654667] [vision_manager]: Book detected: xyz=(0.627, 0.000, 0.869), center=(549, 240)
[INFO] [1789635230.122021915] [vision_manager]: Book detected: xyz=(-0.093, -0.021, 0.411), center=(248, 224)
[INFO] [1789635230.123388153] [vision_manager]: Book detected: xyz=(-0.092, 0.037, 0.400), center=(247, 269)
[INFO] [1789635230.327486034] [vision_manager]: Book detected: xyz=(-0.086, -0.180, 0.400), center=(252, 97)
[INFO] [1789635230.329234832] [vision_manager]: Book detected: xyz=(-0.108, -0.096, 0.499), center=(251, 179)
[INFO] [1789635230.331382406] [vision_manager]: Book detected: xyz=(0.734, 0.005, 0.869), center=(588, 242)
[INFO] [1789635230.332708487] [vision_manager]: Book detected: xyz=(0.622, 0.000, 0.869), center=(547, 240)
[INFO] [1789635230.333839807] [vision_manager]: Book detected: xyz=(-0.098, -0.021, 0.439), center=(249, 225)
[INFO] [1789635230.334960263] [vision_manager]: Book detected: xyz=(-0.091, 0.037, 0.400), center=(248, 269)
[INFO] [1789635230.510787155] [vision_manager]: Book detected: xyz=(-0.086, -0.179, 0.401), center=(252, 98)
[INFO] [1789635230.512638800] [vision_manager]: Book detected: xyz=(-0.110, -0.096, 0.499), center=(250, 179)
[INFO] [1789635230.513880825] [vision_manager]: Book detected: xyz=(0.734, 0.005, 0.869), center=(588, 242)
[INFO] [1789635230.514921829] [vision_manager]: Book detected: xyz=(0.625, 0.000, 0.869), center=(548, 240)
[INFO] [1789635230.515955915] [vision_manager]: Book detected: xyz=(-0.100, -0.021, 0.439), center=(248, 225)
[INFO] [1789635230.517109843] [vision_manager]: Book detected: xyz=(-0.091, 0.039, 0.400), center=(248, 271)
[INFO] [1789635230.671790576] [vision_manager]: Book detected: xyz=(-0.087, -0.179, 0.401), center=(251, 98)
[INFO] [1789635230.673595107] [vision_manager]: Book detected: xyz=(-0.112, -0.096, 0.499), center=(249, 179)
[INFO] [1789635230.675323621] [vision_manager]: Book detected: xyz=(0.734, 0.005, 0.869), center=(588, 242)
[INFO] [1789635230.676957789] [vision_manager]: Book detected: xyz=(0.622, 0.000, 0.869), center=(547, 240)
[INFO] [1789635230.678433832] [vision_manager]: Book detected: xyz=(-0.100, -0.021, 0.439), center=(248, 225)
[INFO] [1789635230.679956470] [vision_manager]: Book detected: xyz=(-0.092, 0.037, 0.400), center=(247, 269)
[INFO] [1789635230.854087410] [vision_manager]: Book detected: xyz=(-0.087, -0.180, 0.400), center=(251, 97)
[INFO] [1789635230.855212575] [vision_manager]: Book detected: xyz=(-0.110, -0.096, 0.499), center=(250, 179)
[INFO] [1789635230.856325081] [vision_manager]: Book detected: xyz=(0.734, 0.005, 0.869), center=(588, 242)
[INFO] [1789635230.857406595] [vision_manager]: Book detected: xyz=(0.619, 0.000, 0.869), center=(546, 240)
[INFO] [1789635230.858519542] [vision_manager]: Book detected: xyz=(-0.093, -0.021, 0.411), center=(248, 224)
[INFO] [1789635230.859564893] [vision_manager]: Book detected: xyz=(-0.092, 0.037, 0.400), center=(247, 269)
[INFO] [1789635231.004488383] [vision_manager]: Book detected: xyz=(-0.087, -0.180, 0.400), center=(251, 97)
[INFO] [1789635231.005669748] [vision_manager]: Book detected: xyz=(-0.114, -0.096, 0.507), center=(249, 180)
[INFO] [1789635231.006790179] [vision_manager]: Book detected: xyz=(0.734, 0.005, 0.869), center=(588, 242)
[INFO] [1789635231.007893563] [vision_manager]: Book detected: xyz=(0.616, 0.000, 0.869), center=(545, 240)
[INFO] [1789635231.008966843] [vision_manager]: Book detected: xyz=(-0.101, -0.021, 0.439), center=(247, 225)
[INFO] [1789635231.010064800] [vision_manager]: Book detected: xyz=(-0.092, 0.040, 0.400), center=(247, 272)
[INFO] [1789635231.186742352] [vision_manager]: Book detected: xyz=(-0.087, -0.180, 0.400), center=(251, 97)
[INFO] [1789635231.188305348] [vision_manager]: Book detected: xyz=(-0.112, -0.096, 0.507), center=(250, 180)
[INFO] [1789635231.189773630] [vision_manager]: Book detected: xyz=(0.734, 0.005, 0.869), center=(588, 242)
[INFO] [1789635231.191077647] [vision_manager]: Book detected: xyz=(0.633, 0.000, 0.869), center=(551, 240)
[INFO] [1789635231.192391476] [vision_manager]: Book detected: xyz=(-0.100, -0.021, 0.439), center=(248, 225)
[INFO] [1789635231.193763219] [vision_manager]: Book detected: xyz=(-0.092, 0.038, 0.400), center=(247, 270)
[INFO] [1789635231.354406233] [vision_manager]: Book detected: xyz=(-0.087, -0.180, 0.400), center=(251, 97)
[INFO] [1789635231.356663271] [vision_manager]: Book detected: xyz=(-0.112, -0.096, 0.499), center=(249, 179)
[INFO] [1789635231.358829161] [vision_manager]: Book detected: xyz=(0.734, 0.005, 0.869), center=(588, 242)
[INFO] [1789635231.360899591] [vision_manager]: Book detected: xyz=(0.630, 0.000, 0.869), center=(550, 240)
[INFO] [1789635231.362867976] [vision_manager]: Book detected: xyz=(-0.100, -0.021, 0.439), center=(248, 225)
[INFO] [1789635231.365527030] [vision_manager]: Book detected: xyz=(-0.093, 0.038, 0.400), center=(246, 270)
[INFO] [1789635231.516450600] [vision_manager]: Book detected: xyz=(-0.087, -0.180, 0.400), center=(251, 97)
[INFO] [1789635231.518755094] [vision_manager]: Book detected: xyz=(-0.112, -0.096, 0.499), center=(249, 179)
[INFO] [1789635231.521011324] [vision_manager]: Book detected: xyz=(0.734, 0.005, 0.869), center=(588, 242)
[INFO] [1789635231.523272519] [vision_manager]: Book detected: xyz=(0.608, 0.000, 0.869), center=(542, 240)
[INFO] [1789635231.526107392] [vision_manager]: Book detected: xyz=(-0.101, -0.021, 0.439), center=(247, 225)
[INFO] [1789635231.528228440] [vision_manager]: Book detected: xyz=(-0.092, 0.037, 0.400), center=(247, 269)
[INFO] [1789635231.692934975] [vision_manager]: Book detected: xyz=(-0.087, -0.179, 0.401), center=(251, 98)
[INFO] [1789635231.693967549] [vision_manager]: Book detected: xyz=(-0.110, -0.096, 0.499), center=(250, 179)
[INFO] [1789635231.694922138] [vision_manager]: Book detected: xyz=(0.734, 0.005, 0.869), center=(588, 242)
[INFO] [1789635231.695935884] [vision_manager]: Book detected: xyz=(0.614, 0.000, 0.869), center=(544, 240)
[INFO] [1789635231.697045505] [vision_manager]: Book detected: xyz=(-0.093, -0.021, 0.411), center=(248, 224)
[INFO] [1789635231.698486201] [vision_manager]: Book detected: xyz=(-0.091, 0.040, 0.400), center=(248, 272)
[INFO] [1789635231.968472942] [vision_manager]: Book detected: xyz=(-0.087, -0.179, 0.401), center=(251, 98)
[INFO] [1789635231.970204242] [vision_manager]: Book detected: xyz=(-0.112, -0.096, 0.499), center=(249, 179)
[INFO] [1789635231.971938585] [vision_manager]: Book detected: xyz=(0.734, 0.005, 0.869), center=(588, 242)
[INFO] [1789635231.973399348] [vision_manager]: Book detected: xyz=(0.630, 0.000, 0.869), center=(550, 240)
[INFO] [1789635231.974777519] [vision_manager]: Book detected: xyz=(-0.100, -0.021, 0.439), center=(248, 225)
[INFO] [1789635231.976225811] [vision_manager]: Book detected: xyz=(-0.091, 0.037, 0.400), center=(248, 269)
[INFO] [1789635232.177285544] [vision_manager]: Book detected: xyz=(-0.087, -0.179, 0.401), center=(251, 98)
[INFO] [1789635232.178861216] [vision_manager]: Book detected: xyz=(-0.110, -0.096, 0.491), center=(249, 178)
[INFO] [1789635232.180329482] [vision_manager]: Book detected: xyz=(0.734, 0.005, 0.869), center=(588, 242)
[INFO] [1789635232.181643306] [vision_manager]: Book detected: xyz=(0.630, 0.000, 0.869), center=(550, 240)
[INFO] [1789635232.182910162] [vision_manager]: Book detected: xyz=(-0.093, -0.021, 0.411), center=(248, 224)
[INFO] [1789635232.184138378] [vision_manager]: Book detected: xyz=(-0.092, 0.037, 0.400), center=(247, 269)
[INFO] [1789635232.330814028] [vision_manager]: Book detected: xyz=(-0.087, -0.180, 0.400), center=(251, 97)
[INFO] [1789635232.332955769] [vision_manager]: Book detected: xyz=(-0.108, -0.096, 0.491), center=(250, 178)
[INFO] [1789635232.334786594] [vision_manager]: Book detected: xyz=(0.734, 0.005, 0.869), center=(588, 242)
[INFO] [1789635232.336594550] [vision_manager]: Book detected: xyz=(0.625, 0.000, 0.869), center=(548, 240)
[INFO] [1789635232.338380763] [vision_manager]: Book detected: xyz=(-0.093, -0.021, 0.411), center=(248, 224)
[INFO] [1789635232.340130946] [vision_manager]: Book detected: xyz=(-0.091, 0.034, 0.400), center=(248, 267)
[INFO] [1789635232.506751603] [vision_manager]: Book detected: xyz=(-0.088, -0.180, 0.400), center=(250, 97)
[INFO] [1789635232.508250973] [vision_manager]: Book detected: xyz=(-0.110, -0.096, 0.491), center=(249, 178)
[INFO] [1789635232.509739769] [vision_manager]: Book detected: xyz=(0.734, 0.005, 0.869), center=(588, 242)
[INFO] [1789635232.511220659] [vision_manager]: Book detected: xyz=(0.630, 0.000, 0.869), center=(550, 240)
[INFO] [1789635232.512822710] [vision_manager]: Book detected: xyz=(-0.090, -0.022, 0.403), center=(249, 223)
[INFO] [1789635232.514373939] [vision_manager]: Book detected: xyz=(-0.091, 0.037, 0.400), center=(248, 269)
[INFO] [1789635232.693123934] [vision_manager]: Book detected: xyz=(-0.087, -0.180, 0.400), center=(251, 97)
[INFO] [1789635232.694774448] [vision_manager]: Book detected: xyz=(-0.110, -0.096, 0.499), center=(250, 179)
[INFO] [1789635232.696385490] [vision_manager]: Book detected: xyz=(0.734, 0.005, 0.869), center=(588, 242)
[INFO] [1789635232.698028121] [vision_manager]: Book detected: xyz=(0.619, 0.000, 0.869), center=(546, 240)
[INFO] [1789635232.699867703] [vision_manager]: Book detected: xyz=(-0.090, -0.022, 0.403), center=(249, 223)
[INFO] [1789635232.704491653] [vision_manager]: Book detected: xyz=(-0.090, 0.037, 0.400), center=(249, 269)
[INFO] [1789635232.899598971] [vision_manager]: Book detected: xyz=(-0.088, -0.180, 0.400), center=(250, 97)
[INFO] [1789635232.900898478] [vision_manager]: Book detected: xyz=(-0.110, -0.096, 0.499), center=(250, 179)
[INFO] [1789635232.902156197] [vision_manager]: Book detected: xyz=(0.734, 0.005, 0.869), center=(588, 242)
[INFO] [1789635232.903294472] [vision_manager]: Book detected: xyz=(0.627, 0.000, 0.869), center=(549, 240)
[INFO] [1789635232.904403635] [vision_manager]: Book detected: xyz=(-0.090, -0.022, 0.403), center=(249, 223)
[INFO] [1789635232.905476352] [vision_manager]: Book detected: xyz=(-0.090, 0.037, 0.400), center=(249, 269)
[INFO] [1789635233.226084878] [vision_manager]: Book detected: xyz=(-0.087, -0.180, 0.400), center=(251, 97)
[INFO] [1789635233.227064737] [vision_manager]: Book detected: xyz=(-0.110, -0.096, 0.499), center=(250, 179)
[INFO] [1789635233.228179375] [vision_manager]: Book detected: xyz=(0.734, 0.005, 0.869), center=(588, 242)
[INFO] [1789635233.229298567] [vision_manager]: Book detected: xyz=(0.622, 0.000, 0.869), center=(547, 240)
[INFO] [1789635233.230481916] [vision_manager]: Book detected: xyz=(-0.092, -0.021, 0.411), center=(249, 224)
[INFO] [1789635233.231682411] [vision_manager]: Book detected: xyz=(-0.091, 0.034, 0.400), center=(248, 267)
[INFO] [1789635233.407025101] [vision_manager]: Book detected: xyz=(-0.087, -0.180, 0.400), center=(251, 97)
[INFO] [1789635233.408108582] [vision_manager]: Book detected: xyz=(-0.110, -0.096, 0.499), center=(250, 179)
[INFO] [1789635233.409138520] [vision_manager]: Book detected: xyz=(0.734, 0.005, 0.869), center=(588, 242)
[INFO] [1789635233.410171010] [vision_manager]: Book detected: xyz=(0.644, 0.000, 0.869), center=(555, 240)
[INFO] [1789635233.411220300] [vision_manager]: Book detected: xyz=(-0.090, -0.022, 0.403), center=(249, 223)
[INFO] [1789635233.589139472] [vision_manager]: Book detected: xyz=(-0.086, -0.180, 0.400), center=(252, 97)
[INFO] [1789635233.590348647] [vision_manager]: Book detected: xyz=(-0.112, -0.096, 0.507), center=(250, 180)
[INFO] [1789635233.591513545] [vision_manager]: Book detected: xyz=(0.734, 0.005, 0.869), center=(588, 242)
[INFO] [1789635233.592699976] [vision_manager]: Book detected: xyz=(0.636, 0.000, 0.869), center=(552, 240)
[INFO] [1789635233.593777484] [vision_manager]: Book detected: xyz=(-0.092, -0.021, 0.411), center=(249, 224)
[INFO] [1789635233.594799974] [vision_manager]: Book detected: xyz=(-0.091, 0.029, 0.400), center=(248, 263)
[INFO] [1789635233.745719327] [vision_manager]: Book detected: xyz=(-0.087, -0.180, 0.400), center=(251, 97)
[INFO] [1789635233.746918988] [vision_manager]: Book detected: xyz=(-0.108, -0.096, 0.499), center=(251, 179)
[INFO] [1789635233.748021144] [vision_manager]: Book detected: xyz=(0.734, 0.005, 0.869), center=(588, 242)
[INFO] [1789635233.749113500] [vision_manager]: Book detected: xyz=(0.638, 0.000, 0.869), center=(553, 240)
[INFO] [1789635233.750166460] [vision_manager]: Book detected: xyz=(-0.092, -0.021, 0.411), center=(249, 224)
[INFO] [1789635233.931846284] [vision_manager]: Book detected: xyz=(-0.087, -0.180, 0.400), center=(251, 97)
[INFO] [1789635233.933505680] [vision_manager]: Book detected: xyz=(-0.114, -0.096, 0.516), center=(250, 181)
[INFO] [1789635233.934995024] [vision_manager]: Book detected: xyz=(0.734, 0.005, 0.869), center=(588, 242)
[INFO] [1789635233.936427557] [vision_manager]: Book detected: xyz=(0.638, 0.000, 0.869), center=(553, 240)
[INFO] [1789635233.937889288] [vision_manager]: Book detected: xyz=(-0.098, -0.021, 0.439), center=(249, 225)
[INFO] [1789635233.939321115] [vision_manager]: Book detected: xyz=(-0.090, 0.035, 0.400), center=(249, 268)
[INFO] [1789635234.100822737] [vision_manager]: Book detected: xyz=(-0.087, -0.180, 0.400), center=(251, 97)
[INFO] [1789635234.103056867] [vision_manager]: Book detected: xyz=(-0.112, -0.096, 0.507), center=(250, 180)
[INFO] [1789635234.105006433] [vision_manager]: Book detected: xyz=(0.734, 0.005, 0.869), center=(588, 242)
[INFO] [1789635234.106740656] [vision_manager]: Book detected: xyz=(0.608, 0.000, 0.869), center=(542, 240)
[INFO] [1789635234.108422761] [vision_manager]: Book detected: xyz=(-0.092, -0.021, 0.411), center=(249, 224)
[INFO] [1789635234.110108899] [vision_manager]: Book detected: xyz=(-0.091, 0.039, 0.400), center=(248, 271)
[INFO] [1789635234.260118490] [vision_manager]: Book detected: xyz=(-0.087, -0.180, 0.400), center=(251, 97)
[INFO] [1789635234.261961842] [vision_manager]: Book detected: xyz=(-0.112, -0.096, 0.507), center=(250, 180)
[INFO] [1789635234.263747612] [vision_manager]: Book detected: xyz=(0.734, 0.005, 0.869), center=(588, 242)
[INFO] [1789635234.265803807] [vision_manager]: Book detected: xyz=(0.625, 0.000, 0.869), center=(548, 240)
[INFO] [1789635234.268259022] [vision_manager]: Book detected: xyz=(-0.100, -0.021, 0.439), center=(248, 225)
[INFO] [1789635234.270424869] [vision_manager]: Book detected: xyz=(-0.091, 0.034, 0.400), center=(248, 267)
[INFO] [1789635234.434187676] [vision_manager]: Book detected: xyz=(-0.087, -0.180, 0.400), center=(251, 97)
[INFO] [1789635234.436788389] [vision_manager]: Book detected: xyz=(-0.112, -0.096, 0.507), center=(250, 180)
[INFO] [1789635234.438409901] [vision_manager]: Book detected: xyz=(0.734, 0.005, 0.869), center=(588, 242)
[INFO] [1789635234.439541467] [vision_manager]: Book detected: xyz=(0.636, 0.000, 0.869), center=(552, 240)
[INFO] [1789635234.440545145] [vision_manager]: Book detected: xyz=(-0.092, -0.021, 0.411), center=(249, 224)
[INFO] [1789635234.441573169] [vision_manager]: Book detected: xyz=(-0.090, 0.037, 0.400), center=(249, 269)
[INFO] [1789635234.728339342] [vision_manager]: Book detected: xyz=(-0.087, -0.180, 0.400), center=(251, 97)
[INFO] [1789635234.730067956] [vision_manager]: Book detected: xyz=(-0.112, -0.096, 0.516), center=(251, 181)
[INFO] [1789635234.731889040] [vision_manager]: Book detected: xyz=(0.734, 0.005, 0.869), center=(588, 242)
[INFO] [1789635234.733763264] [vision_manager]: Book detected: xyz=(0.630, 0.000, 0.869), center=(550, 240)
[INFO] [1789635234.735608509] [vision_manager]: Book detected: xyz=(-0.098, -0.021, 0.439), center=(249, 225)
[INFO] [1789635234.737423849] [vision_manager]: Book detected: xyz=(-0.090, 0.032, 0.400), center=(249, 265)
[INFO] [1789635234.910976779] [vision_manager]: Book detected: xyz=(-0.087, -0.180, 0.400), center=(251, 97)
[INFO] [1789635234.912367859] [vision_manager]: Book detected: xyz=(-0.112, -0.096, 0.516), center=(251, 181)
[INFO] [1789635234.913664819] [vision_manager]: Book detected: xyz=(0.734, 0.005, 0.869), center=(588, 242)
[INFO] [1789635234.914950794] [vision_manager]: Book detected: xyz=(0.636, 0.000, 0.869), center=(552, 240)
[INFO] [1789635234.916161714] [vision_manager]: Book detected: xyz=(-0.092, -0.021, 0.411), center=(249, 224)
[INFO] [1789635235.083899936] [vision_manager]: Book detected: xyz=(-0.087, -0.180, 0.400), center=(251, 97)
[INFO] [1789635235.084919903] [vision_manager]: Book detected: xyz=(-0.112, -0.096, 0.507), center=(250, 180)
[INFO] [1789635235.085902314] [vision_manager]: Book detected: xyz=(0.734, 0.005, 0.869), center=(588, 242)
[INFO] [1789635235.086823377] [vision_manager]: Book detected: xyz=(0.627, 0.000, 0.869), center=(549, 240)
[INFO] [1789635235.087756566] [vision_manager]: Book detected: xyz=(-0.092, -0.021, 0.411), center=(249, 224)
[INFO] [1789635235.247591928] [vision_manager]: Book detected: xyz=(-0.086, -0.180, 0.400), center=(252, 97)
[INFO] [1789635235.249140278] [vision_manager]: Book detected: xyz=(-0.110, -0.096, 0.507), center=(251, 180)
[INFO] [1789635235.250393458] [vision_manager]: Book detected: xyz=(0.734, 0.005, 0.869), center=(588, 242)
[INFO] [1789635235.251637597] [vision_manager]: Book detected: xyz=(0.625, 0.000, 0.869), center=(548, 240)
[INFO] [1789635235.252885495] [vision_manager]: Book detected: xyz=(-0.092, -0.021, 0.411), center=(249, 224)
[INFO] [1789635235.254169059] [vision_manager]: Book detected: xyz=(-0.091, 0.039, 0.400), center=(248, 271)
[INFO] [1789635235.408819229] [vision_manager]: Book detected: xyz=(-0.086, -0.180, 0.400), center=(252, 97)
[INFO] [1789635235.410179064] [vision_manager]: Book detected: xyz=(-0.112, -0.096, 0.516), center=(251, 181)
[INFO] [1789635235.411315217] [vision_manager]: Book detected: xyz=(0.734, 0.005, 0.869), center=(588, 242)
[INFO] [1789635235.412412182] [vision_manager]: Book detected: xyz=(0.630, 0.000, 0.869), center=(550, 240)
[INFO] [1789635235.413584671] [vision_manager]: Book detected: xyz=(-0.090, -0.022, 0.403), center=(249, 223)
[INFO] [1789635235.545488723] [vision_manager]: Book detected: xyz=(-0.086, -0.180, 0.400), center=(252, 97)
[INFO] [1789635235.548035321] [vision_manager]: Book detected: xyz=(-0.112, -0.096, 0.507), center=(250, 180)
[INFO] [1789635235.549269337] [vision_manager]: Book detected: xyz=(0.734, 0.005, 0.869), center=(588, 242)
[INFO] [1789635235.550305715] [vision_manager]: Book detected: xyz=(0.652, 0.000, 0.869), center=(558, 240)
[INFO] [1789635235.551336335] [vision_manager]: Book detected: xyz=(-0.092, -0.021, 0.411), center=(249, 224)
[INFO] [1789635235.552535344] [vision_manager]: Book detected: xyz=(-0.091, 0.039, 0.400), center=(248, 271)
[INFO] [1789635235.705924053] [vision_manager]: Book detected: xyz=(-0.086, -0.180, 0.400), center=(252, 97)
[INFO] [1789635235.707233826] [vision_manager]: Book detected: xyz=(-0.112, -0.096, 0.507), center=(250, 180)
[INFO] [1789635235.708734639] [vision_manager]: Book detected: xyz=(0.734, 0.005, 0.869), center=(588, 242)
[INFO] [1789635235.710342748] [vision_manager]: Book detected: xyz=(0.638, 0.000, 0.869), center=(553, 240)
[INFO] [1789635235.712418787] [vision_manager]: Book detected: xyz=(-0.093, -0.021, 0.411), center=(248, 224)
[INFO] [1789635235.714704621] [vision_manager]: Book detected: xyz=(-0.091, 0.039, 0.400), center=(248, 271)
[INFO] [1789635235.911937441] [vision_manager]: Book detected: xyz=(-0.087, -0.180, 0.400), center=(251, 97)
[INFO] [1789635235.914928571] [vision_manager]: Book detected: xyz=(-0.112, -0.096, 0.516), center=(251, 181)
[INFO] [1789635235.916694308] [vision_manager]: Book detected: xyz=(0.734, 0.005, 0.869), center=(588, 242)
[INFO] [1789635235.918248246] [vision_manager]: Book detected: xyz=(0.658, 0.000, 0.869), center=(560, 240)
[INFO] [1789635235.920176727] [vision_manager]: Book detected: xyz=(-0.092, -0.021, 0.411), center=(249, 224)
[INFO] [1789635235.921697014] [vision_manager]: Book detected: xyz=(-0.090, 0.038, 0.400), center=(249, 270)
[INFO] [1789635236.095963847] [vision_manager]: Book detected: xyz=(-0.087, -0.180, 0.400), center=(251, 97)
[INFO] [1789635236.098902546] [vision_manager]: Book detected: xyz=(-0.112, -0.096, 0.516), center=(251, 181)
[INFO] [1789635236.101104942] [vision_manager]: Book detected: xyz=(0.734, 0.005, 0.869), center=(588, 242)
[INFO] [1789635236.103690084] [vision_manager]: Book detected: xyz=(0.630, 0.000, 0.869), center=(550, 240)
[INFO] [1789635236.104988032] [vision_manager]: Book detected: xyz=(-0.098, -0.021, 0.439), center=(249, 225)
[INFO] [1789635236.105890310] [vision_manager]: Book detected: xyz=(-0.090, 0.040, 0.400), center=(249, 272)
[INFO] [1789635236.240375202] [vision_manager]: Book detected: xyz=(-0.086, -0.180, 0.400), center=(252, 97)
[INFO] [1789635236.241448734] [vision_manager]: Book detected: xyz=(-0.112, -0.096, 0.516), center=(251, 181)
[INFO] [1789635236.242430587] [vision_manager]: Book detected: xyz=(0.734, 0.005, 0.869), center=(588, 242)
[INFO] [1789635236.243396910] [vision_manager]: Book detected: xyz=(0.636, 0.000, 0.869), center=(552, 240)
[INFO] [1789635236.244356888] [vision_manager]: Book detected: xyz=(-0.098, -0.021, 0.439), center=(249, 225)
[INFO] [1789635236.420821774] [vision_manager]: Book detected: xyz=(-0.086, -0.180, 0.400), center=(252, 97)
[INFO] [1789635236.422192193] [vision_manager]: Book detected: xyz=(-0.112, -0.096, 0.516), center=(251, 181)
[INFO] [1789635236.423470139] [vision_manager]: Book detected: xyz=(0.734, 0.005, 0.869), center=(588, 242)
[INFO] [1789635236.424750374] [vision_manager]: Book detected: xyz=(0.630, 0.000, 0.869), center=(550, 240)
[INFO] [1789635236.426377384] [vision_manager]: Book detected: xyz=(-0.098, -0.021, 0.439), center=(249, 225)
[INFO] [1789635236.428056435] [vision_manager]: Book detected: xyz=(-0.090, 0.039, 0.400), center=(249, 271)
[INFO] [1789635236.602210953] [vision_manager]: Book detected: xyz=(-0.086, -0.180, 0.400), center=(252, 97)
[INFO] [1789635236.604510022] [vision_manager]: Book detected: xyz=(0.734, 0.005, 0.869), center=(588, 242)
[INFO] [1789635236.606555055] [vision_manager]: Book detected: xyz=(-0.112, -0.096, 0.516), center=(251, 181)
[INFO] [1789635236.608805650] [vision_manager]: Book detected: xyz=(0.630, 0.000, 0.869), center=(550, 240)
[INFO] [1789635236.610459811] [vision_manager]: Book detected: xyz=(-0.106, -0.021, 0.472), center=(249, 226)
[INFO] [1789635236.612078153] [vision_manager]: Book detected: xyz=(-0.091, 0.042, 0.400), center=(248, 273)
[INFO] [1789635236.613086024] [vision_manager]: No placeable empty shelf position found
[INFO] [1789635236.777398300] [vision_manager]: Book detected: xyz=(-0.086, -0.180, 0.400), center=(252, 97)
[INFO] [1789635236.779948621] [vision_manager]: Book detected: xyz=(0.734, 0.005, 0.869), center=(588, 242)
[INFO] [1789635236.782605135] [vision_manager]: Book detected: xyz=(-0.114, -0.096, 0.516), center=(250, 181)
[INFO] [1789635236.784426483] [vision_manager]: Book detected: xyz=(0.638, 0.000, 0.869), center=(553, 240)
[INFO] [1789635236.786082867] [vision_manager]: Book detected: xyz=(-0.114, -0.021, 0.511), center=(249, 227)
[INFO] [1789635236.787703062] [vision_manager]: Book detected: xyz=(-0.091, 0.042, 0.400), center=(248, 273)
[INFO] [1789635236.788623756] [vision_manager]: No placeable empty shelf position found
[INFO] [1789635236.963380279] [vision_manager]: Book detected: xyz=(-0.086, -0.180, 0.400), center=(252, 97)
[INFO] [1789635236.964715152] [vision_manager]: Book detected: xyz=(-0.112, -0.096, 0.516), center=(251, 181)
[INFO] [1789635236.966009445] [vision_manager]: Book detected: xyz=(0.734, 0.005, 0.869), center=(588, 242)
[INFO] [1789635236.967661809] [vision_manager]: Book detected: xyz=(0.633, 0.000, 0.869), center=(551, 240)
[INFO] [1789635236.968837187] [vision_manager]: Book detected: xyz=(-0.106, -0.021, 0.472), center=(249, 226)
[INFO] [1789635236.969958181] [vision_manager]: Book detected: xyz=(-0.090, 0.040, 0.400), center=(249, 272)
[INFO] [1789635236.970656882] [vision_manager]: No placeable empty shelf position found
[INFO] [1789635237.139094826] [vision_manager]: Book detected: xyz=(-0.086, -0.180, 0.400), center=(252, 97)
[INFO] [1789635237.141731596] [vision_manager]: Book detected: xyz=(0.734, 0.005, 0.869), center=(588, 242)
[INFO] [1789635237.144196558] [vision_manager]: Book detected: xyz=(-0.110, -0.096, 0.507), center=(251, 180)
[INFO] [1789635237.146667298] [vision_manager]: Book detected: xyz=(0.649, 0.000, 0.869), center=(557, 240)
[INFO] [1789635237.148998317] [vision_manager]: Book detected: xyz=(-0.098, -0.021, 0.439), center=(249, 225)
[INFO] [1789635237.150790567] [vision_manager]: Book detected: xyz=(-0.090, 0.042, 0.400), center=(249, 273)
[INFO] [1789635237.331080281] [vision_manager]: Book detected: xyz=(-0.086, -0.180, 0.400), center=(252, 97)
[INFO] [1789635237.333957663] [vision_manager]: Book detected: xyz=(-0.114, -0.096, 0.525), center=(251, 182)
[INFO] [1789635237.335883676] [vision_manager]: Book detected: xyz=(0.734, 0.005, 0.869), center=(588, 242)
[INFO] [1789635237.337348366] [vision_manager]: Book detected: xyz=(0.641, 0.000, 0.869), center=(554, 240)
[INFO] [1789635237.339072707] [vision_manager]: Book detected: xyz=(-0.098, -0.021, 0.439), center=(249, 225)
[INFO] [1789635237.340890780] [vision_manager]: Book detected: xyz=(-0.090, 0.040, 0.400), center=(249, 272)
[INFO] [1789635237.495676849] [vision_manager]: Book detected: xyz=(-0.085, -0.180, 0.400), center=(253, 97)
[INFO] [1789635237.496888127] [vision_manager]: Book detected: xyz=(-0.110, -0.096, 0.507), center=(251, 180)
[INFO] [1789635237.497977500] [vision_manager]: Book detected: xyz=(0.734, 0.005, 0.869), center=(588, 242)
[INFO] [1789635237.499078515] [vision_manager]: Book detected: xyz=(0.633, 0.000, 0.869), center=(551, 240)
[INFO] [1789635237.500143233] [vision_manager]: Book detected: xyz=(-0.098, -0.021, 0.439), center=(249, 225)
[INFO] [1789635237.501276998] [vision_manager]: Book detected: xyz=(-0.090, 0.040, 0.400), center=(249, 272)
[INFO] [1789635237.688406315] [vision_manager]: Book detected: xyz=(-0.086, -0.180, 0.400), center=(252, 97)
[INFO] [1789635237.691289177] [vision_manager]: Book detected: xyz=(-0.112, -0.096, 0.507), center=(250, 180)
[INFO] [1789635237.693915660] [vision_manager]: Book detected: xyz=(0.734, 0.005, 0.869), center=(588, 242)
[INFO] [1789635237.696495437] [vision_manager]: Book detected: xyz=(0.644, 0.000, 0.869), center=(555, 240)
[INFO] [1789635237.698826311] [vision_manager]: Book detected: xyz=(-0.090, -0.028, 0.401), center=(249, 218)
[INFO] [1789635237.700886799] [vision_manager]: Book detected: xyz=(-0.091, 0.039, 0.400), center=(248, 271)
[INFO] [1789635237.877822375] [vision_manager]: Book detected: xyz=(-0.086, -0.180, 0.400), center=(252, 97)
[INFO] [1789635237.879259040] [vision_manager]: Book detected: xyz=(-0.108, -0.096, 0.499), center=(251, 179)
[INFO] [1789635237.880556311] [vision_manager]: Book detected: xyz=(0.734, 0.005, 0.869), center=(588, 242)
[INFO] [1789635237.882082612] [vision_manager]: Book detected: xyz=(0.641, 0.000, 0.869), center=(554, 240)
[INFO] [1789635237.883429664] [vision_manager]: Book detected: xyz=(-0.090, -0.030, 0.400), center=(249, 216)
[INFO] [1789635237.884742669] [vision_manager]: Book detected: xyz=(-0.091, 0.040, 0.400), center=(248, 272)
[INFO] [1789635238.050193495] [vision_manager]: Book detected: xyz=(-0.086, -0.180, 0.400), center=(252, 97)
[INFO] [1789635238.052004679] [vision_manager]: Book detected: xyz=(-0.108, -0.096, 0.499), center=(251, 179)
[INFO] [1789635238.053888205] [vision_manager]: Book detected: xyz=(0.734, 0.005, 0.869), center=(588, 242)
[INFO] [1789635238.055777688] [vision_manager]: Book detected: xyz=(0.644, 0.000, 0.869), center=(555, 240)
[INFO] [1789635238.057471991] [vision_manager]: Book detected: xyz=(-0.088, -0.030, 0.401), center=(250, 216)
[INFO] [1789635238.058996386] [vision_manager]: Book detected: xyz=(-0.090, 0.039, 0.400), center=(249, 271)
[INFO] [1789635238.249343435] [vision_manager]: Book detected: xyz=(-0.086, -0.180, 0.400), center=(252, 97)
[INFO] [1789635238.251644338] [vision_manager]: Book detected: xyz=(-0.107, -0.096, 0.491), center=(251, 178)
[INFO] [1789635238.253903238] [vision_manager]: Book detected: xyz=(0.734, 0.005, 0.869), center=(588, 242)
[INFO] [1789635238.256150045] [vision_manager]: Book detected: xyz=(0.630, 0.000, 0.869), center=(550, 240)
[INFO] [1789635238.257988025] [vision_manager]: Book detected: xyz=(-0.098, -0.021, 0.439), center=(249, 225)
[INFO] [1789635238.259857088] [vision_manager]: Book detected: xyz=(-0.090, 0.037, 0.400), center=(249, 269)
[INFO] [1789635238.418974731] [vision_manager]: Book detected: xyz=(-0.086, -0.180, 0.400), center=(252, 97)
[INFO] [1789635238.420367933] [vision_manager]: Book detected: xyz=(-0.110, -0.096, 0.507), center=(251, 180)
[INFO] [1789635238.421646578] [vision_manager]: Book detected: xyz=(0.734, 0.005, 0.869), center=(588, 242)
[INFO] [1789635238.422823937] [vision_manager]: Book detected: xyz=(0.655, 0.000, 0.869), center=(559, 240)
[INFO] [1789635238.423991979] [vision_manager]: Book detected: xyz=(-0.092, -0.021, 0.411), center=(249, 224)
[INFO] [1789635238.425190833] [vision_manager]: Book detected: xyz=(-0.090, 0.038, 0.400), center=(249, 270)
[INFO] [1789635238.587806536] [vision_manager]: Book detected: xyz=(-0.086, -0.180, 0.400), center=(252, 97)
[INFO] [1789635238.589663485] [vision_manager]: Book detected: xyz=(-0.112, -0.096, 0.516), center=(251, 181)
[INFO] [1789635238.591485762] [vision_manager]: Book detected: xyz=(0.734, 0.005, 0.869), center=(588, 242)
[INFO] [1789635238.593483912] [vision_manager]: Book detected: xyz=(0.644, 0.000, 0.869), center=(555, 240)
[INFO] [1789635238.595312670] [vision_manager]: Book detected: xyz=(-0.090, -0.022, 0.403), center=(249, 223)
[INFO] [1789635238.597149409] [vision_manager]: Book detected: xyz=(-0.090, 0.037, 0.400), center=(249, 269)
[INFO] [1789635238.788415390] [vision_manager]: Book detected: xyz=(-0.085, -0.180, 0.400), center=(253, 97)
[INFO] [1789635238.790753186] [vision_manager]: Book detected: xyz=(-0.112, -0.096, 0.516), center=(251, 181)
[INFO] [1789635238.792581858] [vision_manager]: Book detected: xyz=(0.734, 0.005, 0.869), center=(588, 242)
[INFO] [1789635238.794411127] [vision_manager]: Book detected: xyz=(0.655, 0.000, 0.869), center=(559, 240)
[INFO] [1789635238.796449567] [vision_manager]: Book detected: xyz=(-0.092, -0.021, 0.411), center=(249, 224)
[INFO] [1789635238.799436924] [vision_manager]: Book detected: xyz=(-0.090, 0.037, 0.400), center=(249, 269)
[INFO] [1789635238.933254592] [vision_manager]: Book detected: xyz=(-0.086, -0.180, 0.400), center=(252, 97)
[INFO] [1789635238.934595322] [vision_manager]: Book detected: xyz=(-0.110, -0.096, 0.507), center=(251, 180)
[INFO] [1789635238.935867694] [vision_manager]: Book detected: xyz=(0.734, 0.005, 0.869), center=(588, 242)
[INFO] [1789635238.937087259] [vision_manager]: Book detected: xyz=(0.649, 0.000, 0.869), center=(557, 240)
[INFO] [1789635238.938372738] [vision_manager]: Book detected: xyz=(-0.090, -0.022, 0.403), center=(249, 223)
[INFO] [1789635238.939544295] [vision_manager]: Book detected: xyz=(-0.091, 0.038, 0.400), center=(248, 270)
[INFO] [1789635239.140796925] [vision_manager]: Book detected: xyz=(-0.086, -0.180, 0.400), center=(252, 97)
[INFO] [1789635239.143295591] [vision_manager]: Book detected: xyz=(-0.114, -0.096, 0.516), center=(250, 181)
[INFO] [1789635239.145699210] [vision_manager]: Book detected: xyz=(0.734, 0.005, 0.869), center=(588, 242)
[INFO] [1789635239.147680108] [vision_manager]: Book detected: xyz=(0.636, 0.000, 0.869), center=(552, 240)
[INFO] [1789635239.149591491] [vision_manager]: Book detected: xyz=(-0.093, -0.021, 0.411), center=(248, 224)
[INFO] [1789635239.151566868] [vision_manager]: Book detected: xyz=(-0.091, 0.032, 0.400), center=(248, 265)
[INFO] [1789635239.319166955] [vision_manager]: Book detected: xyz=(-0.086, -0.180, 0.400), center=(252, 97)
[INFO] [1789635239.320444762] [vision_manager]: Book detected: xyz=(-0.110, -0.096, 0.507), center=(251, 180)
[INFO] [1789635239.321696014] [vision_manager]: Book detected: xyz=(0.734, 0.005, 0.869), center=(588, 242)
[INFO] [1789635239.322915060] [vision_manager]: Book detected: xyz=(0.633, 0.000, 0.869), center=(551, 240)
[INFO] [1789635239.324183831] [vision_manager]: Book detected: xyz=(-0.090, -0.025, 0.401), center=(249, 220)
[INFO] [1789635239.325341095] [vision_manager]: Book detected: xyz=(-0.091, 0.035, 0.400), center=(248, 268)
[INFO] [1789635239.498762945] [vision_manager]: Book detected: xyz=(-0.086, -0.180, 0.400), center=(252, 97)
[INFO] [1789635239.500903255] [vision_manager]: Book detected: xyz=(-0.112, -0.096, 0.516), center=(251, 181)
[INFO] [1789635239.502766609] [vision_manager]: Book detected: xyz=(0.737, 0.005, 0.869), center=(589, 242)
[INFO] [1789635239.504665074] [vision_manager]: Book detected: xyz=(0.644, 0.000, 0.869), center=(555, 240)
[INFO] [1789635239.506414590] [vision_manager]: Book detected: xyz=(-0.090, -0.022, 0.403), center=(249, 223)
[INFO] [1789635239.507953653] [vision_manager]: Book detected: xyz=(-0.091, 0.029, 0.400), center=(248, 263)
[INFO] [1789635239.716550519] [vision_manager]: Book detected: xyz=(-0.086, -0.180, 0.400), center=(252, 97)
[INFO] [1789635239.717868253] [vision_manager]: Book detected: xyz=(-0.110, -0.096, 0.507), center=(251, 180)
[INFO] [1789635239.719030967] [vision_manager]: Book detected: xyz=(0.734, 0.005, 0.869), center=(588, 242)
[INFO] [1789635239.723664304] [vision_manager]: Book detected: xyz=(0.655, 0.000, 0.869), center=(559, 240)
[INFO] [1789635239.724887047] [vision_manager]: Book detected: xyz=(-0.090, -0.022, 0.403), center=(249, 223)
[INFO] [1789635239.727739453] [vision_manager]: Book detected: xyz=(-0.091, 0.038, 0.400), center=(248, 270)
[INFO] [1789635239.868869254] [vision_manager]: Book detected: xyz=(-0.086, -0.180, 0.400), center=(252, 97)
[INFO] [1789635239.870180612] [vision_manager]: Book detected: xyz=(-0.110, -0.096, 0.507), center=(251, 180)
[INFO] [1789635239.871372793] [vision_manager]: Book detected: xyz=(0.734, 0.005, 0.869), center=(588, 242)
[INFO] [1789635239.872618380] [vision_manager]: Book detected: xyz=(0.652, 0.000, 0.869), center=(558, 240)
[INFO] [1789635239.873878137] [vision_manager]: Book detected: xyz=(-0.092, -0.021, 0.411), center=(249, 224)
[INFO] [1789635239.875779789] [vision_manager]: Book detected: xyz=(-0.091, 0.035, 0.400), center=(248, 268)
[INFO] [1789635240.065252979] [vision_manager]: Book detected: xyz=(-0.087, -0.180, 0.400), center=(251, 97)
[INFO] [1789635240.066406247] [vision_manager]: Book detected: xyz=(-0.110, -0.096, 0.507), center=(251, 180)
[INFO] [1789635240.067516354] [vision_manager]: Book detected: xyz=(0.734, 0.005, 0.869), center=(588, 242)
[INFO] [1789635240.068609518] [vision_manager]: Book detected: xyz=(0.649, 0.000, 0.869), center=(557, 240)
[INFO] [1789635240.069700339] [vision_manager]: Book detected: xyz=(-0.090, -0.022, 0.403), center=(249, 223)
[INFO] [1789635240.236165795] [vision_manager]: Book detected: xyz=(-0.086, -0.180, 0.400), center=(252, 97)
[INFO] [1789635240.237410187] [vision_manager]: Book detected: xyz=(-0.110, -0.096, 0.507), center=(251, 180)
[INFO] [1789635240.238538434] [vision_manager]: Book detected: xyz=(0.734, 0.005, 0.869), center=(588, 242)
[INFO] [1789635240.239680530] [vision_manager]: Book detected: xyz=(0.641, 0.000, 0.869), center=(554, 240)
[INFO] [1789635240.240796332] [vision_manager]: Book detected: xyz=(-0.090, -0.022, 0.403), center=(249, 223)
[INFO] [1789635240.241847050] [vision_manager]: Book detected: xyz=(-0.091, 0.039, 0.400), center=(248, 271)
[INFO] [1789635240.415915350] [vision_manager]: Book detected: xyz=(-0.086, -0.180, 0.400), center=(252, 97)
[INFO] [1789635240.417600452] [vision_manager]: Book detected: xyz=(-0.110, -0.096, 0.507), center=(251, 180)
[INFO] [1789635240.419074668] [vision_manager]: Book detected: xyz=(0.734, 0.005, 0.869), center=(588, 242)
[INFO] [1789635240.420504054] [vision_manager]: Book detected: xyz=(0.644, 0.000, 0.869), center=(555, 240)
[INFO] [1789635240.421965206] [vision_manager]: Book detected: xyz=(-0.090, -0.022, 0.403), center=(249, 223)
[INFO] [1789635240.423404859] [vision_manager]: Book detected: xyz=(-0.091, 0.039, 0.400), center=(248, 271)
[INFO] [1789635240.577795035] [vision_manager]: Book detected: xyz=(-0.087, -0.180, 0.400), center=(251, 97)
[INFO] [1789635240.579289515] [vision_manager]: Book detected: xyz=(-0.110, -0.096, 0.499), center=(250, 179)
[INFO] [1789635240.580758142] [vision_manager]: Book detected: xyz=(0.734, 0.005, 0.869), center=(588, 242)
[INFO] [1789635240.582225943] [vision_manager]: Book detected: xyz=(0.655, 0.000, 0.869), center=(559, 240)
[INFO] [1789635240.583707293] [vision_manager]: Book detected: xyz=(-0.091, -0.022, 0.403), center=(248, 223)
[INFO] [1789635240.585360580] [vision_manager]: Book detected: xyz=(-0.091, 0.040, 0.400), center=(248, 272)
[INFO] [1789635240.742929667] [vision_manager]: Book detected: xyz=(-0.086, -0.180, 0.400), center=(252, 97)
[INFO] [1789635240.744585756] [vision_manager]: Book detected: xyz=(-0.112, -0.096, 0.507), center=(250, 180)
[INFO] [1789635240.746358012] [vision_manager]: Book detected: xyz=(0.734, 0.005, 0.869), center=(588, 242)
[INFO] [1789635240.747910511] [vision_manager]: Book detected: xyz=(0.655, 0.000, 0.869), center=(559, 240)
[INFO] [1789635240.749280949] [vision_manager]: Book detected: xyz=(-0.093, -0.021, 0.411), center=(248, 224)
[INFO] [1789635240.751003408] [vision_manager]: Book detected: xyz=(-0.091, 0.040, 0.400), center=(248, 272)
[INFO] [1789635240.896393364] [vision_manager]: Book detected: xyz=(-0.086, -0.180, 0.400), center=(252, 97)
[INFO] [1789635240.897539166] [vision_manager]: Book detected: xyz=(-0.112, -0.096, 0.507), center=(250, 180)
[INFO] [1789635240.898551152] [vision_manager]: Book detected: xyz=(0.734, 0.005, 0.869), center=(588, 242)
[INFO] [1789635240.899511742] [vision_manager]: Book detected: xyz=(0.641, 0.000, 0.869), center=(554, 240)
[INFO] [1789635240.900449802] [vision_manager]: Book detected: xyz=(-0.091, -0.022, 0.403), center=(248, 223)
[INFO] [1789635240.901389171] [vision_manager]: Book detected: xyz=(-0.091, 0.040, 0.400), center=(248, 272)
[INFO] [1789635241.044894084] [vision_manager]: Book detected: xyz=(-0.086, -0.180, 0.400), center=(252, 97)
[INFO] [1789635241.046115334] [vision_manager]: Book detected: xyz=(-0.110, -0.096, 0.499), center=(250, 179)
[INFO] [1789635241.047331823] [vision_manager]: Book detected: xyz=(0.734, 0.005, 0.869), center=(588, 242)
[INFO] [1789635241.048514256] [vision_manager]: Book detected: xyz=(0.641, 0.000, 0.869), center=(554, 240)
[INFO] [1789635241.049705560] [vision_manager]: Book detected: xyz=(-0.093, -0.021, 0.411), center=(248, 224)
[INFO] [1789635241.050844284] [vision_manager]: Book detected: xyz=(-0.091, 0.039, 0.400), center=(248, 271)
[INFO] [1789635241.209511919] [vision_manager]: Book detected: xyz=(-0.085, -0.180, 0.400), center=(253, 97)
[INFO] [1789635241.211010079] [vision_manager]: Book detected: xyz=(-0.110, -0.096, 0.499), center=(250, 179)
[INFO] [1789635241.212432768] [vision_manager]: Book detected: xyz=(0.734, 0.005, 0.869), center=(588, 242)
[INFO] [1789635241.213877742] [vision_manager]: Book detected: xyz=(0.633, 0.000, 0.869), center=(551, 240)
[INFO] [1789635241.215353436] [vision_manager]: Book detected: xyz=(-0.098, -0.021, 0.439), center=(249, 225)
[INFO] [1789635241.219879039] [vision_manager]: Book detected: xyz=(-0.091, 0.042, 0.400), center=(248, 273)
[INFO] [1789635241.376817925] [vision_manager]: Book detected: xyz=(-0.086, -0.180, 0.400), center=(252, 97)
[INFO] [1789635241.377903241] [vision_manager]: Book detected: xyz=(-0.108, -0.096, 0.499), center=(251, 179)
[INFO] [1789635241.378832202] [vision_manager]: Book detected: xyz=(0.734, 0.005, 0.869), center=(588, 242)
[INFO] [1789635241.379757351] [vision_manager]: Book detected: xyz=(0.625, 0.000, 0.869), center=(548, 240)
[INFO] [1789635241.380671231] [vision_manager]: Book detected: xyz=(-0.090, -0.022, 0.403), center=(249, 223)
[INFO] [1789635241.381582204] [vision_manager]: Book detected: xyz=(-0.090, 0.039, 0.400), center=(249, 271)
[INFO] [1789635241.550418780] [vision_manager]: Book detected: xyz=(-0.085, -0.180, 0.400), center=(253, 97)
[INFO] [1789635241.551566035] [vision_manager]: Book detected: xyz=(-0.108, -0.096, 0.499), center=(251, 179)
[INFO] [1789635241.552955001] [vision_manager]: Book detected: xyz=(0.734, 0.005, 0.869), center=(588, 242)
[INFO] [1789635241.554293154] [vision_manager]: Book detected: xyz=(0.630, 0.000, 0.869), center=(550, 240)
[INFO] [1789635241.557110745] [vision_manager]: Book detected: xyz=(-0.100, -0.021, 0.439), center=(248, 225)
[INFO] [1789635241.558792623] [vision_manager]: Book detected: xyz=(-0.092, 0.034, 0.400), center=(247, 267)
[INFO] [1789635241.704794788] [vision_manager]: Book detected: xyz=(-0.086, -0.179, 0.401), center=(252, 98)
[INFO] [1789635241.705747381] [vision_manager]: Book detected: xyz=(0.734, 0.005, 0.869), center=(588, 242)
[INFO] [1789635241.706655121] [vision_manager]: Book detected: xyz=(-0.110, -0.096, 0.499), center=(250, 179)
[INFO] [1789635241.707562591] [vision_manager]: Book detected: xyz=(0.647, 0.000, 0.869), center=(556, 240)
[INFO] [1789635241.708474913] [vision_manager]: Book detected: xyz=(-0.090, -0.023, 0.402), center=(249, 222)
[INFO] [1789635241.709388708] [vision_manager]: Book detected: xyz=(-0.092, 0.030, 0.400), center=(247, 264)
[INFO] [1789635241.856520791] [vision_manager]: Book detected: xyz=(-0.086, -0.179, 0.401), center=(252, 98)
[INFO] [1789635241.857526741] [vision_manager]: Book detected: xyz=(0.734, 0.005, 0.869), center=(588, 242)
[INFO] [1789635241.858472053] [vision_manager]: Book detected: xyz=(-0.112, -0.096, 0.499), center=(249, 179)
[INFO] [1789635241.859423540] [vision_manager]: Book detected: xyz=(0.638, 0.000, 0.869), center=(553, 240)
[INFO] [1789635241.860375776] [vision_manager]: Book detected: xyz=(-0.090, -0.022, 0.403), center=(249, 223)
[INFO] [1789635241.861449560] [vision_manager]: Book detected: xyz=(-0.093, 0.038, 0.400), center=(246, 270)
[INFO] [1789635242.012124900] [vision_manager]: Book detected: xyz=(-0.086, -0.180, 0.400), center=(252, 97)
[INFO] [1789635242.013122937] [vision_manager]: Book detected: xyz=(0.734, 0.005, 0.869), center=(588, 242)
[INFO] [1789635242.014107517] [vision_manager]: Book detected: xyz=(-0.112, -0.096, 0.499), center=(249, 179)
[INFO] [1789635242.015016341] [vision_manager]: Book detected: xyz=(0.627, 0.000, 0.869), center=(549, 240)
[INFO] [1789635242.015919367] [vision_manager]: Book detected: xyz=(-0.093, -0.021, 0.411), center=(248, 224)
[INFO] [1789635242.016826390] [vision_manager]: Book detected: xyz=(-0.092, 0.039, 0.400), center=(247, 271)
[INFO] [1789635242.164441987] [vision_manager]: Book detected: xyz=(-0.086, -0.180, 0.400), center=(252, 97)
[INFO] [1789635242.166210383] [vision_manager]: Book detected: xyz=(0.734, 0.005, 0.869), center=(588, 242)
[INFO] [1789635242.167893781] [vision_manager]: Book detected: xyz=(-0.113, -0.096, 0.499), center=(248, 179)
[INFO] [1789635242.169626552] [vision_manager]: Book detected: xyz=(0.627, 0.000, 0.869), center=(549, 240)
[INFO] [1789635242.171032364] [vision_manager]: Book detected: xyz=(-0.093, -0.022, 0.403), center=(247, 223)
[INFO] [1789635242.172423933] [vision_manager]: Book detected: xyz=(-0.095, 0.040, 0.400), center=(245, 272)
[INFO] [1789635242.386953956] [vision_manager]: Book detected: xyz=(-0.086, -0.180, 0.400), center=(252, 97)
[INFO] [1789635242.388237344] [vision_manager]: Book detected: xyz=(0.734, 0.005, 0.869), center=(588, 242)
[INFO] [1789635242.389462704] [vision_manager]: Book detected: xyz=(-0.115, -0.096, 0.507), center=(248, 180)
[INFO] [1789635242.390678644] [vision_manager]: Book detected: xyz=(0.641, 0.000, 0.869), center=(554, 240)
[INFO] [1789635242.391877250] [vision_manager]: Book detected: xyz=(-0.095, -0.021, 0.411), center=(247, 224)
[INFO] [1789635242.393097611] [vision_manager]: Book detected: xyz=(-0.095, 0.040, 0.400), center=(245, 272)
[INFO] [1789635242.518518521] [vision_manager]: Book detected: xyz=(-0.086, -0.180, 0.400), center=(252, 97)
[INFO] [1789635242.519810507] [vision_manager]: Book detected: xyz=(0.737, 0.005, 0.869), center=(589, 242)
[INFO] [1789635242.521011919] [vision_manager]: Book detected: xyz=(-0.112, -0.096, 0.499), center=(249, 179)
[INFO] [1789635242.522068782] [vision_manager]: Book detected: xyz=(0.669, 0.000, 0.869), center=(564, 240)
[INFO] [1789635242.523106383] [vision_manager]: Book detected: xyz=(-0.091, -0.022, 0.403), center=(248, 223)
[INFO] [1789635242.524203979] [vision_manager]: Book detected: xyz=(-0.095, 0.039, 0.400), center=(245, 271)
[INFO] [1789635242.657837271] [vision_manager]: Book detected: xyz=(-0.086, -0.180, 0.400), center=(252, 97)
[INFO] [1789635242.659090616] [vision_manager]: Book detected: xyz=(0.734, 0.005, 0.869), center=(588, 242)
[INFO] [1789635242.660262862] [vision_manager]: Book detected: xyz=(-0.112, -0.096, 0.499), center=(249, 179)
[INFO] [1789635242.661437039] [vision_manager]: Book detected: xyz=(0.641, 0.000, 0.869), center=(554, 240)
[INFO] [1789635242.662608246] [vision_manager]: Book detected: xyz=(-0.091, -0.022, 0.403), center=(248, 223)
[INFO] [1789635242.663765137] [vision_manager]: Book detected: xyz=(-0.095, 0.039, 0.400), center=(245, 271)
[INFO] [1789635242.790164923] [vision_manager]: Book detected: xyz=(-0.085, -0.180, 0.400), center=(253, 97)
[INFO] [1789635242.791213573] [vision_manager]: Book detected: xyz=(0.734, 0.005, 0.869), center=(588, 242)
[INFO] [1789635242.792185114] [vision_manager]: Book detected: xyz=(-0.112, -0.096, 0.507), center=(250, 180)
[INFO] [1789635242.793150806] [vision_manager]: Book detected: xyz=(0.647, 0.000, 0.869), center=(556, 240)
[INFO] [1789635242.794090010] [vision_manager]: Book detected: xyz=(-0.090, -0.025, 0.401), center=(249, 220)
[INFO] [1789635242.795014748] [vision_manager]: Book detected: xyz=(-0.093, 0.039, 0.400), center=(246, 271)
[INFO] [1789635242.962453392] [vision_manager]: Book detected: xyz=(-0.085, -0.180, 0.400), center=(253, 97)
[INFO] [1789635242.963772930] [vision_manager]: Book detected: xyz=(0.734, 0.005, 0.869), center=(588, 242)
[INFO] [1789635242.965205851] [vision_manager]: Book detected: xyz=(-0.110, -0.096, 0.499), center=(250, 179)
[INFO] [1789635242.966525929] [vision_manager]: Book detected: xyz=(0.647, 0.000, 0.869), center=(556, 240)
[INFO] [1789635242.967760312] [vision_manager]: Book detected: xyz=(-0.090, -0.024, 0.402), center=(249, 221)
[INFO] [1789635242.968989508] [vision_manager]: Book detected: xyz=(-0.093, 0.038, 0.400), center=(246, 270)
[INFO] [1789635243.089555011] [vision_manager]: Book detected: xyz=(-0.086, -0.180, 0.400), center=(252, 97)
[INFO] [1789635243.090512398] [vision_manager]: Book detected: xyz=(0.737, 0.005, 0.869), center=(589, 242)
[INFO] [1789635243.091417579] [vision_manager]: Book detected: xyz=(-0.112, -0.096, 0.507), center=(250, 180)
[INFO] [1789635243.092327275] [vision_manager]: Book detected: xyz=(0.663, 0.000, 0.869), center=(562, 240)
[INFO] [1789635243.093229708] [vision_manager]: Book detected: xyz=(-0.101, -0.021, 0.439), center=(247, 225)
[INFO] [1789635243.094153262] [vision_manager]: Book detected: xyz=(-0.093, 0.042, 0.400), center=(246, 273)
[INFO] [1789635243.236786028] [vision_manager]: Book detected: xyz=(-0.086, -0.180, 0.400), center=(252, 97)
[INFO] [1789635243.238635253] [vision_manager]: Book detected: xyz=(-0.112, -0.096, 0.507), center=(250, 180)
[INFO] [1789635243.240450728] [vision_manager]: Book detected: xyz=(0.734, 0.005, 0.869), center=(588, 242)
[INFO] [1789635243.242761200] [vision_manager]: Book detected: xyz=(0.636, 0.000, 0.869), center=(552, 240)
[INFO] [1789635243.245018350] [vision_manager]: Book detected: xyz=(-0.100, -0.021, 0.439), center=(248, 225)
[INFO] [1789635243.246362182] [vision_manager]: Book detected: xyz=(-0.093, 0.043, 0.400), center=(246, 274)
[INFO] [1789635243.395135067] [vision_manager]: Book detected: xyz=(-0.086, -0.180, 0.400), center=(252, 97)
[INFO] [1789635243.396603743] [vision_manager]: Book detected: xyz=(-0.110, -0.096, 0.499), center=(250, 179)
[INFO] [1789635243.397990995] [vision_manager]: Book detected: xyz=(0.734, 0.005, 0.869), center=(588, 242)
[INFO] [1789635243.399375376] [vision_manager]: Book detected: xyz=(0.644, 0.000, 0.869), center=(555, 240)
[INFO] [1789635243.400752372] [vision_manager]: Book detected: xyz=(-0.100, -0.021, 0.439), center=(248, 225)
[INFO] [1789635243.402136747] [vision_manager]: Book detected: xyz=(-0.092, 0.043, 0.400), center=(247, 274)
[INFO] [1789635243.544556747] [vision_manager]: Book detected: xyz=(-0.086, -0.180, 0.400), center=(252, 97)
[INFO] [1789635243.545656046] [vision_manager]: Book detected: xyz=(-0.112, -0.096, 0.507), center=(250, 180)
[INFO] [1789635243.546732439] [vision_manager]: Book detected: xyz=(0.734, 0.005, 0.869), center=(588, 242)
[INFO] [1789635243.547663372] [vision_manager]: Book detected: xyz=(0.644, 0.000, 0.869), center=(555, 240)
[INFO] [1789635243.548573589] [vision_manager]: Book detected: xyz=(-0.093, -0.021, 0.411), center=(248, 224)
[INFO] [1789635243.549480520] [vision_manager]: Book detected: xyz=(-0.092, 0.044, 0.400), center=(247, 275)
[INFO] [1789635243.698711732] [vision_manager]: Book detected: xyz=(-0.086, -0.180, 0.400), center=(252, 97)
[INFO] [1789635243.700261976] [vision_manager]: Book detected: xyz=(-0.110, -0.096, 0.499), center=(250, 179)
[INFO] [1789635243.701726774] [vision_manager]: Book detected: xyz=(0.737, 0.005, 0.869), center=(589, 242)
[INFO] [1789635243.703069369] [vision_manager]: Book detected: xyz=(0.660, 0.000, 0.869), center=(561, 240)
[INFO] [1789635243.704354681] [vision_manager]: Book detected: xyz=(-0.091, -0.028, 0.401), center=(248, 218)
[INFO] [1789635243.705577856] [vision_manager]: Book detected: xyz=(-0.093, 0.043, 0.400), center=(246, 274)
[INFO] [1789635243.911143155] [vision_manager]: Book detected: xyz=(-0.086, -0.180, 0.400), center=(252, 97)
[INFO] [1789635243.915060254] [vision_manager]: Book detected: xyz=(-0.112, -0.096, 0.507), center=(250, 180)
[INFO] [1789635243.917164526] [vision_manager]: Book detected: xyz=(0.734, 0.005, 0.869), center=(588, 242)
[INFO] [1789635243.919163902] [vision_manager]: Book detected: xyz=(0.652, 0.000, 0.869), center=(558, 240)
[INFO] [1789635243.920619842] [vision_manager]: Book detected: xyz=(-0.091, -0.028, 0.401), center=(248, 218)
[INFO] [1789635243.922198845] [vision_manager]: Book detected: xyz=(-0.092, 0.042, 0.400), center=(247, 273)
[INFO] [1789635244.056294712] [vision_manager]: Book detected: xyz=(-0.086, -0.180, 0.400), center=(252, 97)
[INFO] [1789635244.057559534] [vision_manager]: Book detected: xyz=(-0.114, -0.096, 0.516), center=(250, 181)
[INFO] [1789635244.058682098] [vision_manager]: Book detected: xyz=(0.734, 0.005, 0.869), center=(588, 242)
[INFO] [1789635244.059806181] [vision_manager]: Book detected: xyz=(0.652, 0.000, 0.869), center=(558, 240)
[INFO] [1789635244.060933665] [vision_manager]: Book detected: xyz=(-0.093, -0.021, 0.411), center=(248, 224)
[INFO] [1789635244.062124861] [vision_manager]: Book detected: xyz=(-0.091, 0.040, 0.400), center=(248, 272)
[INFO] [1789635244.239487493] [vision_manager]: Book detected: xyz=(-0.086, -0.180, 0.400), center=(252, 97)
[INFO] [1789635244.241339536] [vision_manager]: Book detected: xyz=(-0.112, -0.096, 0.507), center=(250, 180)
[INFO] [1789635244.243105502] [vision_manager]: Book detected: xyz=(0.734, 0.005, 0.869), center=(588, 242)
[INFO] [1789635244.244926308] [vision_manager]: Book detected: xyz=(0.647, 0.000, 0.869), center=(556, 240)
[INFO] [1789635244.246927346] [vision_manager]: Book detected: xyz=(-0.100, -0.021, 0.439), center=(248, 225)
[INFO] [1789635244.248962312] [vision_manager]: Book detected: xyz=(-0.092, 0.042, 0.400), center=(247, 273)
[INFO] [1789635244.408760775] [vision_manager]: Book detected: xyz=(-0.086, -0.180, 0.400), center=(252, 97)
[INFO] [1789635244.410111735] [vision_manager]: Book detected: xyz=(-0.110, -0.096, 0.499), center=(250, 179)
[INFO] [1789635244.411319703] [vision_manager]: Book detected: xyz=(0.734, 0.005, 0.869), center=(588, 242)
[INFO] [1789635244.412428330] [vision_manager]: Book detected: xyz=(0.644, 0.000, 0.869), center=(555, 240)
[INFO] [1789635244.413532899] [vision_manager]: Book detected: xyz=(-0.091, -0.047, 0.401), center=(248, 203)
[INFO] [1789635244.414733203] [vision_manager]: Book detected: xyz=(-0.091, 0.042, 0.400), center=(248, 273)
[INFO] [1789635244.556986791] [vision_manager]: Book detected: xyz=(-0.086, -0.180, 0.400), center=(252, 97)
[INFO] [1789635244.558364839] [vision_manager]: Book detected: xyz=(-0.112, -0.096, 0.507), center=(250, 180)
[INFO] [1789635244.559634190] [vision_manager]: Book detected: xyz=(0.734, 0.005, 0.869), center=(588, 242)
[INFO] [1789635244.560946542] [vision_manager]: Book detected: xyz=(0.660, 0.000, 0.869), center=(561, 240)
[INFO] [1789635244.562233880] [vision_manager]: Book detected: xyz=(-0.092, -0.021, 0.411), center=(249, 224)
[INFO] [1789635244.563502107] [vision_manager]: Book detected: xyz=(-0.091, 0.043, 0.400), center=(248, 274)
[INFO] [1789635244.706038882] [vision_manager]: Book detected: xyz=(-0.086, -0.180, 0.400), center=(252, 97)
[INFO] [1789635244.707347608] [vision_manager]: Book detected: xyz=(-0.112, -0.096, 0.507), center=(250, 180)
[INFO] [1789635244.708501813] [vision_manager]: Book detected: xyz=(0.734, 0.005, 0.869), center=(588, 242)
[INFO] [1789635244.709506447] [vision_manager]: Book detected: xyz=(0.652, 0.000, 0.869), center=(558, 240)
[INFO] [1789635244.712415347] [vision_manager]: Book detected: xyz=(-0.092, -0.021, 0.411), center=(249, 224)
[INFO] [1789635244.714751318] [vision_manager]: Book detected: xyz=(-0.091, 0.043, 0.400), center=(248, 274)
[INFO] [1789635244.885260112] [vision_manager]: Book detected: xyz=(-0.086, -0.179, 0.401), center=(252, 98)
[INFO] [1789635244.886801239] [vision_manager]: Book detected: xyz=(-0.112, -0.096, 0.507), center=(250, 180)
[INFO] [1789635244.889021466] [vision_manager]: Book detected: xyz=(0.734, 0.005, 0.869), center=(588, 242)
[INFO] [1789635244.890953044] [vision_manager]: Book detected: xyz=(0.658, 0.000, 0.869), center=(560, 240)
[INFO] [1789635244.892889413] [vision_manager]: Book detected: xyz=(-0.093, -0.021, 0.411), center=(248, 224)
[INFO] [1789635244.897471264] [vision_manager]: Book detected: xyz=(-0.091, 0.042, 0.400), center=(248, 273)
[INFO] [1789635245.040706429] [vision_manager]: Book detected: xyz=(-0.086, -0.179, 0.401), center=(252, 98)
[INFO] [1789635245.041959930] [vision_manager]: Book detected: xyz=(-0.108, -0.096, 0.499), center=(251, 179)
[INFO] [1789635245.043141965] [vision_manager]: Book detected: xyz=(0.737, 0.005, 0.869), center=(589, 242)
[INFO] [1789635245.044284918] [vision_manager]: Book detected: xyz=(0.669, 0.000, 0.869), center=(564, 240)
[INFO] [1789635245.045429104] [vision_manager]: Book detected: xyz=(-0.092, -0.021, 0.411), center=(249, 224)
[INFO] [1789635245.046580167] [vision_manager]: Book detected: xyz=(-0.090, 0.042, 0.400), center=(249, 273)
[INFO] [1789635245.192193984] [vision_manager]: Book detected: xyz=(-0.086, -0.179, 0.401), center=(252, 98)
[INFO] [1789635245.194457019] [vision_manager]: Book detected: xyz=(-0.112, -0.096, 0.507), center=(250, 180)
[INFO] [1789635245.196270957] [vision_manager]: Book detected: xyz=(0.737, 0.005, 0.869), center=(589, 242)
[INFO] [1789635245.197922285] [vision_manager]: Book detected: xyz=(0.674, 0.000, 0.869), center=(566, 240)
[INFO] [1789635245.199564052] [vision_manager]: Book detected: xyz=(-0.090, -0.022, 0.403), center=(249, 223)
[INFO] [1789635245.201207099] [vision_manager]: Book detected: xyz=(-0.091, 0.042, 0.400), center=(248, 273)
[INFO] [1789635245.354544262] [vision_manager]: Book detected: xyz=(-0.086, -0.179, 0.401), center=(252, 98)
[INFO] [1789635245.356486437] [vision_manager]: Book detected: xyz=(-0.110, -0.096, 0.499), center=(250, 179)
[INFO] [1789635245.357741806] [vision_manager]: Book detected: xyz=(0.737, 0.005, 0.869), center=(589, 242)
[INFO] [1789635245.358960467] [vision_manager]: Book detected: xyz=(-0.093, -0.021, 0.411), center=(248, 224)
[INFO] [1789635245.360129731] [vision_manager]: Book detected: xyz=(-0.090, 0.042, 0.400), center=(249, 273)
[INFO] [1789635245.503114508] [vision_manager]: Book detected: xyz=(-0.086, -0.179, 0.401), center=(252, 98)
[INFO] [1789635245.504945025] [vision_manager]: Book detected: xyz=(-0.112, -0.096, 0.507), center=(250, 180)
[INFO] [1789635245.506603465] [vision_manager]: Book detected: xyz=(0.734, 0.005, 0.869), center=(588, 242)
[INFO] [1789635245.508340034] [vision_manager]: Book detected: xyz=(0.671, 0.000, 0.869), center=(565, 240)
[INFO] [1789635245.510432690] [vision_manager]: Book detected: xyz=(-0.092, -0.021, 0.411), center=(249, 224)
[INFO] [1789635245.512624236] [vision_manager]: Book detected: xyz=(-0.090, 0.042, 0.400), center=(249, 273)
[INFO] [1789635245.630673343] [vision_manager]: Book detected: xyz=(-0.085, -0.179, 0.401), center=(253, 98)
[INFO] [1789635245.631785560] [vision_manager]: Book detected: xyz=(-0.108, -0.096, 0.499), center=(251, 179)
[INFO] [1789635245.632847949] [vision_manager]: Book detected: xyz=(0.737, 0.005, 0.869), center=(589, 242)
[INFO] [1789635245.633930170] [vision_manager]: Book detected: xyz=(0.677, 0.000, 0.869), center=(567, 240)
[INFO] [1789635245.634970248] [vision_manager]: Book detected: xyz=(-0.098, -0.021, 0.439), center=(249, 225)
[INFO] [1789635245.635996003] [vision_manager]: Book detected: xyz=(-0.091, 0.042, 0.400), center=(248, 273)
[INFO] [1789635245.783457615] [vision_manager]: Book detected: xyz=(-0.085, -0.179, 0.401), center=(253, 98)
[INFO] [1789635245.784746142] [vision_manager]: Book detected: xyz=(-0.108, -0.096, 0.499), center=(251, 179)
[INFO] [1789635245.785973170] [vision_manager]: Book detected: xyz=(0.737, 0.005, 0.869), center=(589, 242)
[INFO] [1789635245.787169262] [vision_manager]: Book detected: xyz=(0.669, 0.000, 0.869), center=(564, 240)
[INFO] [1789635245.788348515] [vision_manager]: Book detected: xyz=(-0.090, -0.022, 0.403), center=(249, 223)
[INFO] [1789635245.789490540] [vision_manager]: Book detected: xyz=(-0.090, 0.042, 0.400), center=(249, 273)
[INFO] [1789635245.921853472] [vision_manager]: Book detected: xyz=(-0.085, -0.179, 0.401), center=(253, 98)
[INFO] [1789635245.923921627] [vision_manager]: Book detected: xyz=(-0.107, -0.096, 0.491), center=(251, 178)
[INFO] [1789635245.973380741] [vision_manager]: Book detected: xyz=(0.734, 0.005, 0.869), center=(588, 242)
[INFO] [1789635245.974334546] [vision_manager]: Book detected: xyz=(0.652, 0.000, 0.869), center=(558, 240)
[INFO] [1789635245.975248428] [vision_manager]: Book detected: xyz=(-0.093, -0.021, 0.411), center=(248, 224)
[INFO] [1789635245.976165342] [vision_manager]: Book detected: xyz=(-0.091, 0.040, 0.400), center=(248, 272)
[INFO] [1789635246.146496917] [vision_manager]: Book detected: xyz=(-0.085, -0.180, 0.400), center=(253, 97)
[INFO] [1789635246.149151793] [vision_manager]: Book detected: xyz=(-0.108, -0.096, 0.499), center=(251, 179)
[INFO] [1789635246.151024658] [vision_manager]: Book detected: xyz=(0.734, 0.005, 0.869), center=(588, 242)
[INFO] [1789635246.152726218] [vision_manager]: Book detected: xyz=(0.649, 0.000, 0.869), center=(557, 240)
[INFO] [1789635246.154389391] [vision_manager]: Book detected: xyz=(-0.092, -0.021, 0.411), center=(249, 224)
[INFO] [1789635246.292584549] [vision_manager]: Book detected: xyz=(-0.085, -0.179, 0.401), center=(253, 98)
[INFO] [1789635246.293946748] [vision_manager]: Book detected: xyz=(-0.110, -0.096, 0.507), center=(251, 180)
[INFO] [1789635246.295279609] [vision_manager]: Book detected: xyz=(0.734, 0.005, 0.869), center=(588, 242)
[INFO] [1789635246.296594515] [vision_manager]: Book detected: xyz=(0.655, 0.000, 0.869), center=(559, 240)
[INFO] [1789635246.298112523] [vision_manager]: Book detected: xyz=(-0.092, -0.021, 0.411), center=(249, 224)
[INFO] [1789635246.299325959] [vision_manager]: Book detected: xyz=(-0.090, 0.042, 0.400), center=(249, 273)
[INFO] [1789635246.425762238] [vision_manager]: Book detected: xyz=(-0.085, -0.179, 0.401), center=(253, 98)
[INFO] [1789635246.426971218] [vision_manager]: Book detected: xyz=(-0.110, -0.096, 0.507), center=(251, 180)
[INFO] [1789635246.428096524] [vision_manager]: Book detected: xyz=(0.734, 0.005, 0.869), center=(588, 242)
[INFO] [1789635246.429204243] [vision_manager]: Book detected: xyz=(0.649, 0.000, 0.869), center=(557, 240)
[INFO] [1789635246.430271879] [vision_manager]: Book detected: xyz=(-0.090, -0.022, 0.403), center=(249, 223)
[INFO] [1789635246.431336920] [vision_manager]: Book detected: xyz=(-0.090, 0.039, 0.400), center=(249, 271)
[INFO] [1789635246.579591960] [vision_manager]: Book detected: xyz=(-0.085, -0.179, 0.401), center=(253, 98)
[INFO] [1789635246.581429886] [vision_manager]: Book detected: xyz=(-0.110, -0.096, 0.507), center=(251, 180)
[INFO] [1789635246.583253974] [vision_manager]: Book detected: xyz=(0.734, 0.005, 0.869), center=(588, 242)
[INFO] [1789635246.585078080] [vision_manager]: Book detected: xyz=(0.652, 0.000, 0.869), center=(558, 240)
[INFO] [1789635246.586949706] [vision_manager]: Book detected: xyz=(-0.090, -0.023, 0.402), center=(249, 222)
[INFO] [1789635246.588867958] [vision_manager]: Book detected: xyz=(-0.091, 0.039, 0.400), center=(248, 271)
[INFO] [1789635246.698253099] [vision_manager]: Book detected: xyz=(-0.085, -0.179, 0.401), center=(253, 98)
[INFO] [1789635246.700179122] [vision_manager]: Book detected: xyz=(-0.110, -0.096, 0.507), center=(251, 180)
[INFO] [1789635246.702006228] [vision_manager]: Book detected: xyz=(0.734, 0.005, 0.869), center=(588, 242)
[INFO] [1789635246.703812958] [vision_manager]: Book detected: xyz=(0.655, 0.000, 0.869), center=(559, 240)
[INFO] [1789635246.705612169] [vision_manager]: Book detected: xyz=(-0.091, -0.023, 0.402), center=(248, 222)
[INFO] [1789635246.839168545] [vision_manager]: Book detected: xyz=(-0.085, -0.179, 0.401), center=(253, 98)
[INFO] [1789635246.840255987] [vision_manager]: Book detected: xyz=(-0.110, -0.096, 0.507), center=(251, 180)
[INFO] [1789635246.841310695] [vision_manager]: Book detected: xyz=(0.734, 0.005, 0.869), center=(588, 242)
[INFO] [1789635246.842427803] [vision_manager]: Book detected: xyz=(0.638, 0.000, 0.869), center=(553, 240)
[INFO] [1789635246.843528625] [vision_manager]: Book detected: xyz=(-0.091, -0.022, 0.403), center=(248, 223)
[INFO] [1789635246.943318115] [vision_manager]: Book detected: xyz=(-0.085, -0.179, 0.401), center=(253, 98)
[INFO] [1789635246.944809203] [vision_manager]: Book detected: xyz=(-0.112, -0.096, 0.516), center=(251, 181)
[INFO] [1789635246.945963590] [vision_manager]: Book detected: xyz=(0.734, 0.005, 0.869), center=(588, 242)
[INFO] [1789635246.946770760] [vision_manager]: Book detected: xyz=(0.647, 0.000, 0.869), center=(556, 240)
[INFO] [1789635246.947549419] [vision_manager]: Book detected: xyz=(-0.090, -0.022, 0.403), center=(249, 223)
[INFO] [1789635247.096939195] [vision_manager]: Book detected: xyz=(-0.085, -0.179, 0.401), center=(253, 98)
[INFO] [1789635247.098836402] [vision_manager]: Book detected: xyz=(-0.112, -0.096, 0.516), center=(251, 181)
[INFO] [1789635247.100660995] [vision_manager]: Book detected: xyz=(0.734, 0.005, 0.869), center=(588, 242)
[INFO] [1789635247.102430573] [vision_manager]: Book detected: xyz=(0.644, 0.000, 0.869), center=(555, 240)
[INFO] [1789635247.103867540] [vision_manager]: Book detected: xyz=(-0.090, -0.023, 0.402), center=(249, 222)
[INFO] [1789635247.209187346] [vision_manager]: Book detected: xyz=(-0.085, -0.179, 0.401), center=(253, 98)
[INFO] [1789635247.210372966] [vision_manager]: Book detected: xyz=(-0.110, -0.096, 0.507), center=(251, 180)
[INFO] [1789635247.211417543] [vision_manager]: Book detected: xyz=(0.734, 0.005, 0.869), center=(588, 242)
[INFO] [1789635247.212456722] [vision_manager]: Book detected: xyz=(0.649, 0.000, 0.869), center=(557, 240)
[INFO] [1789635247.213486188] [vision_manager]: Book detected: xyz=(-0.090, -0.029, 0.401), center=(249, 217)
[INFO] [1789635247.214534658] [vision_manager]: Book detected: xyz=(-0.091, 0.039, 0.400), center=(248, 271)
[INFO] [1789635247.314426212] [vision_manager]: Book detected: xyz=(-0.085, -0.180, 0.400), center=(253, 97)
[INFO] [1789635247.316756342] [vision_manager]: Book detected: xyz=(-0.112, -0.096, 0.507), center=(250, 180)
[INFO] [1789635247.318885132] [vision_manager]: Book detected: xyz=(0.734, 0.005, 0.869), center=(588, 242)
[INFO] [1789635247.320724186] [vision_manager]: Book detected: xyz=(0.658, 0.000, 0.869), center=(560, 240)
[INFO] [1789635247.322497307] [vision_manager]: Book detected: xyz=(-0.091, -0.022, 0.403), center=(248, 223)
[INFO] [1789635247.324797068] [vision_manager]: Book detected: xyz=(-0.092, 0.039, 0.400), center=(247, 271)
[INFO] [1789635247.435989826] [vision_manager]: Book detected: xyz=(-0.085, -0.179, 0.401), center=(253, 98)
[INFO] [1789635247.437006181] [vision_manager]: Book detected: xyz=(-0.112, -0.096, 0.516), center=(251, 181)
[INFO] [1789635247.437969102] [vision_manager]: Book detected: xyz=(0.734, 0.005, 0.869), center=(588, 242)
[INFO] [1789635247.438947750] [vision_manager]: Book detected: xyz=(0.644, 0.000, 0.869), center=(555, 240)
[INFO] [1789635247.439880670] [vision_manager]: Book detected: xyz=(-0.090, -0.022, 0.403), center=(249, 223)
[INFO] [1789635247.442558439] [vision_manager]: Book detected: xyz=(-0.091, 0.040, 0.400), center=(248, 272)
[INFO] [1789635247.571087373] [vision_manager]: Book detected: xyz=(-0.086, -0.180, 0.400), center=(252, 97)
[INFO] [1789635247.572142086] [vision_manager]: Book detected: xyz=(-0.112, -0.096, 0.507), center=(250, 180)
[INFO] [1789635247.573157314] [vision_manager]: Book detected: xyz=(0.737, 0.005, 0.869), center=(589, 242)
[INFO] [1789635247.574161919] [vision_manager]: Book detected: xyz=(0.644, 0.000, 0.869), center=(555, 240)
[INFO] [1789635247.575225789] [vision_manager]: Book detected: xyz=(-0.091, -0.023, 0.402), center=(248, 222)
[INFO] [1789635247.576236941] [vision_manager]: Book detected: xyz=(-0.092, 0.040, 0.400), center=(247, 272)
[INFO] [1789635247.697043741] [vision_manager]: Book detected: xyz=(-0.085, -0.180, 0.400), center=(253, 97)
[INFO] [1789635247.698383291] [vision_manager]: Book detected: xyz=(-0.110, -0.096, 0.507), center=(251, 180)
[INFO] [1789635247.699525217] [vision_manager]: Book detected: xyz=(0.737, 0.005, 0.869), center=(589, 242)
[INFO] [1789635247.700664860] [vision_manager]: Book detected: xyz=(0.644, 0.000, 0.869), center=(555, 240)
[INFO] [1789635247.701825577] [vision_manager]: Book detected: xyz=(-0.091, -0.022, 0.403), center=(248, 223)
[INFO] [1789635247.703034559] [vision_manager]: Book detected: xyz=(-0.091, 0.037, 0.400), center=(248, 269)
[INFO] [1789635247.891773470] [vision_manager]: Book detected: xyz=(-0.085, -0.180, 0.400), center=(253, 97)
[INFO] [1789635247.892892881] [vision_manager]: Book detected: xyz=(-0.110, -0.096, 0.507), center=(251, 180)
[INFO] [1789635247.894075471] [vision_manager]: Book detected: xyz=(0.734, 0.005, 0.869), center=(588, 242)
[INFO] [1789635247.895158768] [vision_manager]: Book detected: xyz=(0.638, 0.003, 0.869), center=(553, 241)
[INFO] [1789635247.896195772] [vision_manager]: Book detected: xyz=(-0.090, -0.023, 0.402), center=(249, 222)
[INFO] [1789635247.897271975] [vision_manager]: Book detected: xyz=(-0.091, 0.038, 0.400), center=(248, 270)
[INFO] [1789635248.023567063] [vision_manager]: Book detected: xyz=(-0.085, -0.180, 0.400), center=(253, 97)
[INFO] [1789635248.024651801] [vision_manager]: Book detected: xyz=(-0.107, -0.096, 0.499), center=(252, 179)
[INFO] [1789635248.025708402] [vision_manager]: Book detected: xyz=(0.734, 0.005, 0.869), center=(588, 242)
[INFO] [1789635248.026747690] [vision_manager]: Book detected: xyz=(0.647, 0.000, 0.869), center=(556, 240)
[INFO] [1789635248.027779534] [vision_manager]: Book detected: xyz=(-0.090, -0.022, 0.403), center=(249, 223)
[INFO] [1789635248.142679357] [vision_manager]: Book detected: xyz=(-0.085, -0.180, 0.400), center=(253, 97)
[INFO] [1789635248.143747396] [vision_manager]: Book detected: xyz=(-0.109, -0.096, 0.507), center=(252, 180)
[INFO] [1789635248.144819196] [vision_manager]: Book detected: xyz=(0.734, 0.005, 0.869), center=(588, 242)
[INFO] [1789635248.145867893] [vision_manager]: Book detected: xyz=(0.630, 0.000, 0.869), center=(550, 240)
[INFO] [1789635248.146790170] [vision_manager]: Book detected: xyz=(-0.090, -0.023, 0.402), center=(249, 222)
[INFO] [1789635248.256432255] [vision_manager]: Book detected: xyz=(-0.085, -0.180, 0.400), center=(253, 97)
[INFO] [1789635248.257553437] [vision_manager]: Book detected: xyz=(-0.108, -0.096, 0.499), center=(251, 179)
[INFO] [1789635248.258604114] [vision_manager]: Book detected: xyz=(0.737, 0.005, 0.869), center=(589, 242)
[INFO] [1789635248.259637959] [vision_manager]: Book detected: xyz=(0.647, 0.000, 0.869), center=(556, 240)
[INFO] [1789635248.260682387] [vision_manager]: Book detected: xyz=(-0.091, -0.022, 0.403), center=(248, 223)
[INFO] [1789635248.261727074] [vision_manager]: Book detected: xyz=(-0.091, 0.039, 0.400), center=(248, 271)
[INFO] [1789635248.386453423] [vision_manager]: Book detected: xyz=(-0.085, -0.180, 0.400), center=(253, 97)
[INFO] [1789635248.388160874] [vision_manager]: Book detected: xyz=(-0.109, -0.096, 0.507), center=(252, 180)
[INFO] [1789635248.389572947] [vision_manager]: Book detected: xyz=(0.734, 0.005, 0.869), center=(588, 242)
[INFO] [1789635248.390708441] [vision_manager]: Book detected: xyz=(0.644, 0.000, 0.869), center=(555, 240)
[INFO] [1789635248.392073255] [vision_manager]: Book detected: xyz=(-0.090, -0.023, 0.402), center=(249, 222)
[INFO] [1789635248.552827170] [vision_manager]: Book detected: xyz=(-0.085, -0.180, 0.400), center=(253, 97)
[INFO] [1789635248.554599454] [vision_manager]: Book detected: xyz=(-0.110, -0.096, 0.507), center=(251, 180)
[INFO] [1789635248.556392476] [vision_manager]: Book detected: xyz=(0.734, 0.005, 0.869), center=(588, 242)
[INFO] [1789635248.558023179] [vision_manager]: Book detected: xyz=(0.649, 0.000, 0.869), center=(557, 240)
[INFO] [1789635248.559671001] [vision_manager]: Book detected: xyz=(-0.090, -0.022, 0.403), center=(249, 223)
[INFO] [1789635248.561227232] [vision_manager]: Book detected: xyz=(-0.091, 0.039, 0.400), center=(248, 271)
[INFO] [1789635248.704764689] [vision_manager]: Book detected: xyz=(-0.085, -0.179, 0.401), center=(253, 98)
[INFO] [1789635248.706138051] [vision_manager]: Book detected: xyz=(-0.110, -0.096, 0.507), center=(251, 180)
[INFO] [1789635248.707641917] [vision_manager]: Book detected: xyz=(0.734, 0.005, 0.869), center=(588, 242)
[INFO] [1789635248.708949813] [vision_manager]: Book detected: xyz=(0.627, 0.000, 0.869), center=(549, 240)
[INFO] [1789635248.710205687] [vision_manager]: Book detected: xyz=(-0.090, -0.022, 0.403), center=(249, 223)
[INFO] [1789635248.919336595] [vision_manager]: Book detected: xyz=(-0.085, -0.180, 0.400), center=(253, 97)
[INFO] [1789635248.920853816] [vision_manager]: Book detected: xyz=(-0.107, -0.096, 0.499), center=(252, 179)
[INFO] [1789635248.922250547] [vision_manager]: Book detected: xyz=(0.734, 0.005, 0.869), center=(588, 242)
[INFO] [1789635248.925442329] [vision_manager]: Book detected: xyz=(0.630, 0.000, 0.869), center=(550, 240)
[INFO] [1789635248.926923334] [vision_manager]: Book detected: xyz=(-0.090, -0.023, 0.402), center=(249, 222)
[INFO] [1789635249.061294277] [vision_manager]: Book detected: xyz=(-0.085, -0.180, 0.400), center=(253, 97)
[INFO] [1789635249.062940185] [vision_manager]: Book detected: xyz=(-0.111, -0.096, 0.516), center=(252, 181)
[INFO] [1789635249.064673566] [vision_manager]: Book detected: xyz=(0.734, 0.005, 0.869), center=(588, 242)
[INFO] [1789635249.066457700] [vision_manager]: Book detected: xyz=(0.619, 0.000, 0.869), center=(546, 240)
[INFO] [1789635249.068083474] [vision_manager]: Book detected: xyz=(-0.090, -0.022, 0.403), center=(249, 223)
[INFO] [1789635249.197288958] [vision_manager]: Book detected: xyz=(-0.085, -0.180, 0.400), center=(253, 97)
[INFO] [1789635249.198534169] [vision_manager]: Book detected: xyz=(-0.110, -0.096, 0.507), center=(251, 180)
[INFO] [1789635249.199655462] [vision_manager]: Book detected: xyz=(0.734, 0.005, 0.869), center=(588, 242)
[INFO] [1789635249.200683650] [vision_manager]: Book detected: xyz=(0.636, 0.000, 0.869), center=(552, 240)
[INFO] [1789635249.201734100] [vision_manager]: Book detected: xyz=(-0.092, -0.021, 0.411), center=(249, 224)
[INFO] [1789635249.202772090] [vision_manager]: Book detected: xyz=(-0.090, 0.038, 0.400), center=(249, 270)
[INFO] [1789635249.301939727] [vision_manager]: Book detected: xyz=(-0.085, -0.180, 0.400), center=(253, 97)
[INFO] [1789635249.303763675] [vision_manager]: Book detected: xyz=(-0.112, -0.096, 0.516), center=(251, 181)
[INFO] [1789635249.305622633] [vision_manager]: Book detected: xyz=(0.734, 0.005, 0.869), center=(588, 242)
[INFO] [1789635249.306712890] [vision_manager]: Book detected: xyz=(0.641, 0.000, 0.869), center=(554, 240)
[INFO] [1789635249.307836814] [vision_manager]: Book detected: xyz=(-0.092, -0.021, 0.411), center=(249, 224)
[INFO] [1789635249.308797596] [vision_manager]: Book detected: xyz=(-0.090, 0.038, 0.400), center=(249, 270)
[INFO] [1789635249.425423484] [vision_manager]: Book detected: xyz=(-0.085, -0.180, 0.400), center=(253, 97)
[INFO] [1789635249.426743701] [vision_manager]: Book detected: xyz=(-0.111, -0.096, 0.516), center=(252, 181)
[INFO] [1789635249.427880821] [vision_manager]: Book detected: xyz=(0.734, 0.005, 0.869), center=(588, 242)
[INFO] [1789635249.428976954] [vision_manager]: Book detected: xyz=(0.633, 0.000, 0.869), center=(551, 240)
[INFO] [1789635249.429985671] [vision_manager]: Book detected: xyz=(-0.092, -0.021, 0.411), center=(249, 224)
[INFO] [1789635249.430951335] [vision_manager]: Book detected: xyz=(-0.091, 0.038, 0.400), center=(248, 270)
[INFO] [1789635249.548957444] [vision_manager]: Book detected: xyz=(-0.085, -0.180, 0.400), center=(253, 97)
[INFO] [1789635249.549970707] [vision_manager]: Book detected: xyz=(-0.107, -0.096, 0.499), center=(252, 179)
[INFO] [1789635249.551140795] [vision_manager]: Book detected: xyz=(0.734, 0.005, 0.869), center=(588, 242)
[INFO] [1789635249.553013508] [vision_manager]: Book detected: xyz=(0.652, 0.000, 0.869), center=(558, 240)
[INFO] [1789635249.554417766] [vision_manager]: Book detected: xyz=(-0.090, -0.022, 0.403), center=(249, 223)
[INFO] [1789635249.668492203] [vision_manager]: Book detected: xyz=(-0.085, -0.180, 0.400), center=(253, 97)
[INFO] [1789635249.669524603] [vision_manager]: Book detected: xyz=(-0.107, -0.096, 0.499), center=(252, 179)
[INFO] [1789635249.670505965] [vision_manager]: Book detected: xyz=(0.734, 0.005, 0.869), center=(588, 242)
[INFO] [1789635249.671519746] [vision_manager]: Book detected: xyz=(0.644, 0.000, 0.869), center=(555, 240)
[INFO] [1789635249.672494510] [vision_manager]: Book detected: xyz=(-0.092, -0.021, 0.411), center=(249, 224)
[INFO] [1789635249.800637134] [vision_manager]: Book detected: xyz=(-0.086, -0.180, 0.400), center=(252, 97)
[INFO] [1789635249.801684878] [vision_manager]: Book detected: xyz=(-0.108, -0.096, 0.499), center=(251, 179)
[INFO] [1789635249.802608482] [vision_manager]: Book detected: xyz=(0.734, 0.005, 0.869), center=(588, 242)
[INFO] [1789635249.803487464] [vision_manager]: Book detected: xyz=(0.655, 0.000, 0.869), center=(559, 240)
[INFO] [1789635249.804368600] [vision_manager]: Book detected: xyz=(-0.088, -0.030, 0.401), center=(250, 216)
[INFO] [1789635249.805296782] [vision_manager]: Book detected: xyz=(-0.091, 0.034, 0.400), center=(248, 267)
[INFO] [1789635249.927153501] [vision_manager]: Book detected: xyz=(-0.086, -0.180, 0.400), center=(252, 97)
[INFO] [1789635249.928205467] [vision_manager]: Book detected: xyz=(0.734, 0.005, 0.869), center=(588, 242)
[INFO] [1789635249.929110131] [vision_manager]: Book detected: xyz=(-0.108, -0.096, 0.499), center=(251, 179)
[INFO] [1789635249.929998032] [vision_manager]: Book detected: xyz=(0.649, 0.000, 0.869), center=(557, 240)
[INFO] [1789635249.930883508] [vision_manager]: Book detected: xyz=(-0.090, -0.029, 0.401), center=(249, 217)
[INFO] [1789635249.931768240] [vision_manager]: Book detected: xyz=(-0.092, 0.037, 0.400), center=(247, 269)
[INFO] [1789635250.079741985] [vision_manager]: Book detected: xyz=(-0.086, -0.180, 0.400), center=(252, 97)
[INFO] [1789635250.081030769] [vision_manager]: Book detected: xyz=(-0.112, -0.096, 0.516), center=(251, 181)
[INFO] [1789635250.082087371] [vision_manager]: Book detected: xyz=(0.734, 0.005, 0.869), center=(588, 242)
[INFO] [1789635250.083133764] [vision_manager]: Book detected: xyz=(0.649, 0.000, 0.869), center=(557, 240)
[INFO] [1789635250.084133108] [vision_manager]: Book detected: xyz=(-0.090, -0.027, 0.401), center=(249, 219)
[INFO] [1789635250.085064733] [vision_manager]: Book detected: xyz=(-0.092, 0.030, 0.400), center=(247, 264)
[INFO] [1789635250.215832703] [vision_manager]: Book detected: xyz=(-0.086, -0.180, 0.400), center=(252, 97)
[INFO] [1789635250.217231231] [vision_manager]: Book detected: xyz=(-0.112, -0.096, 0.516), center=(251, 181)
[INFO] [1789635250.218486523] [vision_manager]: Book detected: xyz=(0.734, 0.005, 0.869), center=(588, 242)
[INFO] [1789635250.219894195] [vision_manager]: Book detected: xyz=(0.644, 0.000, 0.869), center=(555, 240)
[INFO] [1789635250.221968199] [vision_manager]: Book detected: xyz=(-0.093, -0.021, 0.411), center=(248, 224)
[INFO] [1789635250.223911985] [vision_manager]: Book detected: xyz=(-0.091, 0.035, 0.400), center=(248, 268)
[INFO] [1789635250.364430209] [vision_manager]: Book detected: xyz=(-0.086, -0.180, 0.400), center=(252, 97)
[INFO] [1789635250.365506115] [vision_manager]: Book detected: xyz=(-0.112, -0.096, 0.516), center=(251, 181)
[INFO] [1789635250.366535435] [vision_manager]: Book detected: xyz=(0.734, 0.005, 0.869), center=(588, 242)
[INFO] [1789635250.367575018] [vision_manager]: Book detected: xyz=(0.652, 0.000, 0.869), center=(558, 240)
[INFO] [1789635250.368598553] [vision_manager]: Book detected: xyz=(-0.090, -0.023, 0.402), center=(249, 222)
[INFO] [1789635250.369560095] [vision_manager]: Book detected: xyz=(-0.091, 0.034, 0.400), center=(248, 267)
[INFO] [1789635250.510847355] [vision_manager]: Book detected: xyz=(-0.085, -0.180, 0.400), center=(253, 97)
[INFO] [1789635250.512206203] [vision_manager]: Book detected: xyz=(-0.110, -0.096, 0.507), center=(251, 180)
[INFO] [1789635250.513444103] [vision_manager]: Book detected: xyz=(0.734, 0.005, 0.869), center=(588, 242)
[INFO] [1789635250.514550435] [vision_manager]: Book detected: xyz=(0.652, 0.000, 0.869), center=(558, 240)
[INFO] [1789635250.515650913] [vision_manager]: Book detected: xyz=(-0.090, -0.022, 0.403), center=(249, 223)
[INFO] [1789635250.516766898] [vision_manager]: Book detected: xyz=(-0.090, 0.038, 0.400), center=(249, 270)
[INFO] [1789635250.647152651] [vision_manager]: Book detected: xyz=(-0.085, -0.180, 0.400), center=(253, 97)
[INFO] [1789635250.648100503] [vision_manager]: Book detected: xyz=(-0.107, -0.096, 0.499), center=(252, 179)
[INFO] [1789635250.649005466] [vision_manager]: Book detected: xyz=(0.734, 0.005, 0.869), center=(588, 242)
[INFO] [1789635250.649907470] [vision_manager]: Book detected: xyz=(0.644, 0.000, 0.869), center=(555, 240)
[INFO] [1789635250.650810963] [vision_manager]: Book detected: xyz=(-0.092, -0.021, 0.411), center=(249, 224)
[INFO] [1789635250.651680292] [vision_manager]: Book detected: xyz=(-0.090, 0.035, 0.400), center=(249, 268)
[INFO] [1789635250.777679148] [vision_manager]: Book detected: xyz=(-0.085, -0.180, 0.400), center=(253, 97)
[INFO] [1789635250.778594823] [vision_manager]: Book detected: xyz=(-0.108, -0.096, 0.499), center=(251, 179)
[INFO] [1789635250.779448648] [vision_manager]: Book detected: xyz=(0.734, 0.005, 0.869), center=(588, 242)
[INFO] [1789635250.780314344] [vision_manager]: Book detected: xyz=(0.633, 0.000, 0.869), center=(551, 240)
[INFO] [1789635250.781147736] [vision_manager]: Book detected: xyz=(-0.091, -0.023, 0.402), center=(248, 222)
[INFO] [1789635250.781970473] [vision_manager]: Book detected: xyz=(-0.092, 0.037, 0.400), center=(247, 269)
[INFO] [1789635250.926622144] [vision_manager]: Book detected: xyz=(-0.086, -0.180, 0.400), center=(252, 97)
[INFO] [1789635250.927594506] [vision_manager]: Book detected: xyz=(-0.112, -0.096, 0.516), center=(251, 181)
[INFO] [1789635250.933865750] [vision_manager]: Book detected: xyz=(0.734, 0.005, 0.869), center=(588, 242)
[INFO] [1789635250.934679794] [vision_manager]: Book detected: xyz=(0.655, 0.000, 0.869), center=(559, 240)
[INFO] [1789635250.935500887] [vision_manager]: Book detected: xyz=(-0.092, -0.021, 0.411), center=(249, 224)
[INFO] [1789635250.936319779] [vision_manager]: Book detected: xyz=(-0.091, 0.035, 0.400), center=(248, 268)
[INFO] [1789635251.051838324] [vision_manager]: Book detected: xyz=(-0.085, -0.180, 0.400), center=(253, 97)
[INFO] [1789635251.053480540] [vision_manager]: Book detected: xyz=(-0.111, -0.096, 0.516), center=(252, 181)
[INFO] [1789635251.054852291] [vision_manager]: Book detected: xyz=(0.734, 0.005, 0.869), center=(588, 242)
[INFO] [1789635251.056216629] [vision_manager]: Book detected: xyz=(0.638, 0.000, 0.869), center=(553, 240)
[INFO] [1789635251.057611387] [vision_manager]: Book detected: xyz=(-0.090, -0.022, 0.403), center=(249, 223)
[INFO] [1789635251.168096019] [vision_manager]: Book detected: xyz=(-0.085, -0.180, 0.400), center=(253, 97)
[INFO] [1789635251.169080854] [vision_manager]: Book detected: xyz=(-0.108, -0.096, 0.499), center=(251, 179)
[INFO] [1789635251.169976802] [vision_manager]: Book detected: xyz=(0.734, 0.005, 0.869), center=(588, 242)
[INFO] [1789635251.170897366] [vision_manager]: Book detected: xyz=(0.652, 0.000, 0.869), center=(558, 240)
[INFO] [1789635251.171834641] [vision_manager]: Book detected: xyz=(-0.093, -0.021, 0.411), center=(248, 224)
[INFO] [1789635251.172897700] [vision_manager]: Book detected: xyz=(-0.091, 0.032, 0.400), center=(248, 265)
[INFO] [1789635251.282356255] [vision_manager]: Book detected: xyz=(-0.086, -0.180, 0.400), center=(252, 97)
[INFO] [1789635251.283438428] [vision_manager]: Book detected: xyz=(-0.108, -0.096, 0.499), center=(251, 179)
[INFO] [1789635251.284472833] [vision_manager]: Book detected: xyz=(0.734, 0.005, 0.869), center=(588, 242)
[INFO] [1789635251.285502516] [vision_manager]: Book detected: xyz=(0.625, 0.000, 0.869), center=(548, 240)
[INFO] [1789635251.286527666] [vision_manager]: Book detected: xyz=(-0.092, -0.021, 0.411), center=(249, 224)
[INFO] [1789635251.287560127] [vision_manager]: Book detected: xyz=(-0.091, 0.035, 0.400), center=(248, 268)
[INFO] [1789635251.401962511] [vision_manager]: Book detected: xyz=(-0.086, -0.180, 0.400), center=(252, 97)
[INFO] [1789635251.403793667] [vision_manager]: Book detected: xyz=(-0.110, -0.096, 0.507), center=(251, 180)
[INFO] [1789635251.405430181] [vision_manager]: Book detected: xyz=(0.734, 0.005, 0.869), center=(588, 242)
[INFO] [1789635251.407641125] [vision_manager]: Book detected: xyz=(0.644, 0.000, 0.869), center=(555, 240)
[INFO] [1789635251.409317407] [vision_manager]: Book detected: xyz=(-0.090, -0.022, 0.403), center=(249, 223)
[INFO] [1789635251.515887927] [vision_manager]: Book detected: xyz=(-0.086, -0.180, 0.400), center=(252, 97)
[INFO] [1789635251.517722168] [vision_manager]: Book detected: xyz=(-0.110, -0.096, 0.507), center=(251, 180)
[INFO] [1789635251.519654342] [vision_manager]: Book detected: xyz=(0.734, 0.005, 0.869), center=(588, 242)
[INFO] [1789635251.521403409] [vision_manager]: Book detected: xyz=(0.647, 0.000, 0.869), center=(556, 240)
[INFO] [1789635251.522816319] [vision_manager]: Book detected: xyz=(-0.098, -0.021, 0.439), center=(249, 225)
[INFO] [1789635251.632624847] [vision_manager]: Book detected: xyz=(-0.086, -0.180, 0.400), center=(252, 97)
[INFO] [1789635251.633702218] [vision_manager]: Book detected: xyz=(-0.112, -0.096, 0.516), center=(251, 181)
[INFO] [1789635251.634754995] [vision_manager]: Book detected: xyz=(0.734, 0.005, 0.869), center=(588, 242)
[INFO] [1789635251.635788236] [vision_manager]: Book detected: xyz=(0.644, 0.000, 0.869), center=(555, 240)
[INFO] [1789635251.636821162] [vision_manager]: Book detected: xyz=(-0.090, -0.022, 0.403), center=(249, 223)
[INFO] [1789635251.637853264] [vision_manager]: Book detected: xyz=(-0.090, 0.034, 0.400), center=(249, 267)
[INFO] [1789635251.770430065] [vision_manager]: Book detected: xyz=(-0.086, -0.179, 0.401), center=(252, 98)
[INFO] [1789635251.772267418] [vision_manager]: Book detected: xyz=(-0.112, -0.096, 0.516), center=(251, 181)
[INFO] [1789635251.773870399] [vision_manager]: Book detected: xyz=(0.734, 0.005, 0.869), center=(588, 242)
[INFO] [1789635251.775309008] [vision_manager]: Book detected: xyz=(0.636, 0.000, 0.869), center=(552, 240)
[INFO] [1789635251.776739269] [vision_manager]: Book detected: xyz=(-0.090, -0.022, 0.403), center=(249, 223)
[INFO] [1789635251.778229689] [vision_manager]: Book detected: xyz=(-0.090, 0.037, 0.400), center=(249, 269)
[INFO] [1789635251.894441857] [vision_manager]: Book detected: xyz=(-0.086, -0.180, 0.400), center=(252, 97)
[INFO] [1789635251.895376140] [vision_manager]: Book detected: xyz=(-0.112, -0.096, 0.516), center=(251, 181)
[INFO] [1789635251.896282729] [vision_manager]: Book detected: xyz=(0.734, 0.005, 0.869), center=(588, 242)
[INFO] [1789635251.897177074] [vision_manager]: Book detected: xyz=(0.647, 0.000, 0.869), center=(556, 240)
[INFO] [1789635251.898104536] [vision_manager]: Book detected: xyz=(-0.090, -0.022, 0.403), center=(249, 223)
[INFO] [1789635252.011681885] [vision_manager]: Book detected: xyz=(-0.086, -0.180, 0.400), center=(252, 97)
[INFO] [1789635252.014001418] [vision_manager]: Book detected: xyz=(-0.112, -0.096, 0.516), center=(251, 181)
[INFO] [1789635252.016228089] [vision_manager]: Book detected: xyz=(0.734, 0.005, 0.869), center=(588, 242)
[INFO] [1789635252.017906410] [vision_manager]: Book detected: xyz=(0.633, 0.000, 0.869), center=(551, 240)
[INFO] [1789635252.019598545] [vision_manager]: Book detected: xyz=(-0.092, -0.021, 0.411), center=(249, 224)
[INFO] [1789635252.139781267] [vision_manager]: Book detected: xyz=(-0.086, -0.180, 0.400), center=(252, 97)
[INFO] [1789635252.140786755] [vision_manager]: Book detected: xyz=(-0.112, -0.096, 0.516), center=(251, 181)
[INFO] [1789635252.141732181] [vision_manager]: Book detected: xyz=(0.734, 0.005, 0.869), center=(588, 242)
[INFO] [1789635252.142672690] [vision_manager]: Book detected: xyz=(0.625, 0.000, 0.869), center=(548, 240)
[INFO] [1789635252.143601212] [vision_manager]: Book detected: xyz=(-0.092, -0.021, 0.411), center=(249, 224)
[INFO] [1789635252.144509369] [vision_manager]: Book detected: xyz=(-0.091, 0.039, 0.400), center=(248, 271)
[INFO] [1789635252.286738468] [vision_manager]: Book detected: xyz=(-0.086, -0.180, 0.400), center=(252, 97)
[INFO] [1789635252.287870941] [vision_manager]: Book detected: xyz=(-0.112, -0.096, 0.516), center=(251, 181)
[INFO] [1789635252.288924097] [vision_manager]: Book detected: xyz=(0.734, 0.005, 0.869), center=(588, 242)
[INFO] [1789635252.289957940] [vision_manager]: Book detected: xyz=(0.633, 0.000, 0.869), center=(551, 240)
[INFO] [1789635252.290982653] [vision_manager]: Book detected: xyz=(-0.092, -0.021, 0.411), center=(249, 224)
[INFO] [1789635252.561803725] [vision_manager]: Book detected: xyz=(-0.086, -0.180, 0.400), center=(252, 97)
[INFO] [1789635252.562851733] [vision_manager]: Book detected: xyz=(-0.114, -0.096, 0.516), center=(250, 181)
[INFO] [1789635252.563848639] [vision_manager]: Book detected: xyz=(0.734, 0.005, 0.869), center=(588, 242)
[INFO] [1789635252.564845625] [vision_manager]: Book detected: xyz=(0.655, 0.000, 0.869), center=(559, 240)
[INFO] [1789635252.565853885] [vision_manager]: Book detected: xyz=(-0.090, -0.022, 0.403), center=(249, 223)
[INFO] [1789635252.566840552] [vision_manager]: Book detected: xyz=(-0.091, 0.037, 0.400), center=(248, 269)
[INFO] [1789635252.702787873] [vision_manager]: Book detected: xyz=(-0.085, -0.180, 0.400), center=(253, 97)
[INFO] [1789635252.704180000] [vision_manager]: Book detected: xyz=(-0.114, -0.096, 0.525), center=(251, 182)
[INFO] [1789635252.705612178] [vision_manager]: Book detected: xyz=(0.734, 0.005, 0.869), center=(588, 242)
[INFO] [1789635252.706955774] [vision_manager]: Book detected: xyz=(0.616, 0.000, 0.869), center=(545, 240)
[INFO] [1789635252.708637151] [vision_manager]: Book detected: xyz=(-0.090, -0.022, 0.403), center=(249, 223)
[INFO] [1789635252.873744972] [vision_manager]: Book detected: xyz=(-0.085, -0.180, 0.400), center=(253, 97)
[INFO] [1789635252.876174478] [vision_manager]: Book detected: xyz=(-0.113, -0.096, 0.525), center=(252, 182)
[INFO] [1789635252.878419902] [vision_manager]: Book detected: xyz=(0.734, 0.005, 0.869), center=(588, 242)
[INFO] [1789635252.879935829] [vision_manager]: Book detected: xyz=(0.638, 0.000, 0.869), center=(553, 240)
[INFO] [1789635252.881195625] [vision_manager]: Book detected: xyz=(-0.090, -0.023, 0.402), center=(249, 222)
[INFO] [1789635253.020668549] [vision_manager]: Book detected: xyz=(-0.086, -0.180, 0.400), center=(252, 97)
[INFO] [1789635253.021760838] [vision_manager]: Book detected: xyz=(-0.112, -0.096, 0.507), center=(250, 180)
[INFO] [1789635253.022764874] [vision_manager]: Book detected: xyz=(0.734, 0.005, 0.869), center=(588, 242)
[INFO] [1789635253.023744025] [vision_manager]: Book detected: xyz=(0.625, 0.000, 0.869), center=(548, 240)
[INFO] [1789635253.024734085] [vision_manager]: Book detected: xyz=(-0.091, -0.022, 0.403), center=(248, 223)
[INFO] [1789635253.025756097] [vision_manager]: Book detected: xyz=(-0.092, 0.037, 0.400), center=(247, 269)
[INFO] [1789635253.175953337] [vision_manager]: Book detected: xyz=(-0.085, -0.180, 0.400), center=(253, 97)
[INFO] [1789635253.177568610] [vision_manager]: Book detected: xyz=(-0.110, -0.096, 0.507), center=(251, 180)
[INFO] [1789635253.178660292] [vision_manager]: Book detected: xyz=(0.734, 0.005, 0.869), center=(588, 242)
[INFO] [1789635253.179699513] [vision_manager]: Book detected: xyz=(0.636, 0.000, 0.869), center=(552, 240)
[INFO] [1789635253.181033649] [vision_manager]: Book detected: xyz=(-0.090, -0.022, 0.403), center=(249, 223)
[INFO] [1789635253.182333758] [vision_manager]: Book detected: xyz=(-0.091, 0.035, 0.400), center=(248, 268)
[INFO] [1789635253.300566242] [vision_manager]: Book detected: xyz=(-0.086, -0.180, 0.400), center=(252, 97)
[INFO] [1789635253.301637929] [vision_manager]: Book detected: xyz=(-0.108, -0.096, 0.499), center=(251, 179)
[INFO] [1789635253.302738855] [vision_manager]: Book detected: xyz=(0.734, 0.005, 0.869), center=(588, 242)
[INFO] [1789635253.303756398] [vision_manager]: Book detected: xyz=(0.633, 0.000, 0.869), center=(551, 240)
[INFO] [1789635253.304751419] [vision_manager]: Book detected: xyz=(-0.091, -0.024, 0.402), center=(248, 221)
[INFO] [1789635253.305689610] [vision_manager]: Book detected: xyz=(-0.092, 0.039, 0.400), center=(247, 271)
[INFO] [1789635253.418642093] [vision_manager]: Book detected: xyz=(-0.085, -0.180, 0.400), center=(253, 97)
[INFO] [1789635253.420513269] [vision_manager]: Book detected: xyz=(-0.107, -0.096, 0.491), center=(251, 178)
[INFO] [1789635253.422100491] [vision_manager]: Book detected: xyz=(0.734, 0.005, 0.869), center=(588, 242)
[INFO] [1789635253.423673392] [vision_manager]: Book detected: xyz=(0.638, 0.000, 0.869), center=(553, 240)
[INFO] [1789635253.425705590] [vision_manager]: Book detected: xyz=(-0.091, -0.024, 0.402), center=(248, 221)
[INFO] [1789635253.428100768] [vision_manager]: Book detected: xyz=(-0.092, 0.038, 0.400), center=(247, 270)
[INFO] [1789635253.539706637] [vision_manager]: Book detected: xyz=(-0.086, -0.180, 0.400), center=(252, 97)
[INFO] [1789635253.541005246] [vision_manager]: Book detected: xyz=(-0.108, -0.096, 0.491), center=(250, 178)
[INFO] [1789635253.542677027] [vision_manager]: Book detected: xyz=(0.734, 0.005, 0.869), center=(588, 242)
[INFO] [1789635253.544536718] [vision_manager]: Book detected: xyz=(0.622, 0.000, 0.869), center=(547, 240)
[INFO] [1789635253.545671576] [vision_manager]: Book detected: xyz=(-0.090, -0.024, 0.402), center=(249, 221)
[INFO] [1789635253.546693358] [vision_manager]: Book detected: xyz=(-0.092, 0.035, 0.400), center=(247, 268)
[INFO] [1789635253.654365340] [vision_manager]: Book detected: xyz=(-0.086, -0.180, 0.400), center=(252, 97)
[INFO] [1789635253.655560094] [vision_manager]: Book detected: xyz=(-0.107, -0.096, 0.491), center=(251, 178)
[INFO] [1789635253.657140687] [vision_manager]: Book detected: xyz=(0.734, 0.005, 0.869), center=(588, 242)
[INFO] [1789635253.658612985] [vision_manager]: Book detected: xyz=(0.644, 0.000, 0.869), center=(555, 240)
[INFO] [1789635253.660198105] [vision_manager]: Book detected: xyz=(-0.091, -0.024, 0.402), center=(248, 221)
[INFO] [1789635253.661278351] [vision_manager]: Book detected: xyz=(-0.092, 0.038, 0.400), center=(247, 270)
[INFO] [1789635253.768722625] [vision_manager]: Book detected: xyz=(-0.086, -0.180, 0.400), center=(252, 97)
[INFO] [1789635253.770646563] [vision_manager]: Book detected: xyz=(-0.108, -0.096, 0.499), center=(251, 179)
[INFO] [1789635253.772220541] [vision_manager]: Book detected: xyz=(0.734, 0.005, 0.869), center=(588, 242)
[INFO] [1789635253.773669296] [vision_manager]: Book detected: xyz=(0.649, 0.000, 0.869), center=(557, 240)
[INFO] [1789635253.775204114] [vision_manager]: Book detected: xyz=(-0.091, -0.024, 0.402), center=(248, 221)
[INFO] [1789635253.776847557] [vision_manager]: Book detected: xyz=(-0.092, 0.038, 0.400), center=(247, 270)
[INFO] [1789635253.885608375] [vision_manager]: Book detected: xyz=(-0.085, -0.180, 0.400), center=(253, 97)
[INFO] [1789635253.886705299] [vision_manager]: Book detected: xyz=(-0.107, -0.096, 0.499), center=(252, 179)
[INFO] [1789635253.887835283] [vision_manager]: Book detected: xyz=(0.734, 0.005, 0.869), center=(588, 242)
[INFO] [1789635253.888918148] [vision_manager]: Book detected: xyz=(0.649, 0.000, 0.869), center=(557, 240)
[INFO] [1789635253.890562025] [vision_manager]: Book detected: xyz=(-0.090, -0.024, 0.402), center=(249, 221)
[INFO] [1789635253.892298173] [vision_manager]: Book detected: xyz=(-0.091, 0.038, 0.400), center=(248, 270)
[INFO] [1789635253.995369037] [vision_manager]: Book detected: xyz=(-0.085, -0.180, 0.400), center=(253, 97)
[INFO] [1789635253.996390088] [vision_manager]: Book detected: xyz=(-0.109, -0.096, 0.507), center=(252, 180)
[INFO] [1789635253.997364978] [vision_manager]: Book detected: xyz=(0.734, 0.005, 0.869), center=(588, 242)
[INFO] [1789635253.998303694] [vision_manager]: Book detected: xyz=(0.652, 0.000, 0.869), center=(558, 240)
[INFO] [1789635253.999243911] [vision_manager]: Book detected: xyz=(-0.090, -0.024, 0.402), center=(249, 221)
[INFO] [1789635254.000193198] [vision_manager]: Book detected: xyz=(-0.091, 0.038, 0.400), center=(248, 270)
[INFO] [1789635254.108603893] [vision_manager]: Book detected: xyz=(-0.086, -0.180, 0.400), center=(252, 97)
[INFO] [1789635254.110070246] [vision_manager]: Book detected: xyz=(-0.110, -0.096, 0.507), center=(251, 180)
[INFO] [1789635254.111378465] [vision_manager]: Book detected: xyz=(0.734, 0.005, 0.869), center=(588, 242)
[INFO] [1789635254.112768657] [vision_manager]: Book detected: xyz=(0.647, 0.000, 0.869), center=(556, 240)
[INFO] [1789635254.114386338] [vision_manager]: Book detected: xyz=(-0.091, -0.022, 0.403), center=(248, 223)
[INFO] [1789635254.115727990] [vision_manager]: Book detected: xyz=(-0.092, 0.037, 0.400), center=(247, 269)
[INFO] [1789635254.241160274] [vision_manager]: Book detected: xyz=(-0.085, -0.180, 0.400), center=(253, 97)
[INFO] [1789635254.242647292] [vision_manager]: Book detected: xyz=(-0.110, -0.096, 0.507), center=(251, 180)
[INFO] [1789635254.244090387] [vision_manager]: Book detected: xyz=(0.734, 0.005, 0.869), center=(588, 242)
[INFO] [1789635254.245534467] [vision_manager]: Book detected: xyz=(0.625, 0.000, 0.869), center=(548, 240)
[INFO] [1789635254.246973635] [vision_manager]: Book detected: xyz=(-0.091, -0.022, 0.403), center=(248, 223)
[INFO] [1789635254.248425343] [vision_manager]: Book detected: xyz=(-0.092, 0.038, 0.400), center=(247, 270)
[INFO] [1789635254.374259463] [vision_manager]: Book detected: xyz=(-0.086, -0.180, 0.400), center=(252, 97)
[INFO] [1789635254.375504160] [vision_manager]: Book detected: xyz=(-0.110, -0.096, 0.507), center=(251, 180)
[INFO] [1789635254.376712303] [vision_manager]: Book detected: xyz=(0.734, 0.005, 0.869), center=(588, 242)
[INFO] [1789635254.377905994] [vision_manager]: Book detected: xyz=(0.649, 0.000, 0.869), center=(557, 240)
[INFO] [1789635254.379121204] [vision_manager]: Book detected: xyz=(-0.090, -0.022, 0.403), center=(249, 223)
[INFO] [1789635254.380324844] [vision_manager]: Book detected: xyz=(-0.091, 0.037, 0.400), center=(248, 269)
[INFO] [1789635254.489453403] [vision_manager]: Book detected: xyz=(-0.086, -0.180, 0.400), center=(252, 97)
[INFO] [1789635254.490597057] [vision_manager]: Book detected: xyz=(-0.110, -0.096, 0.507), center=(251, 180)
[INFO] [1789635254.491788773] [vision_manager]: Book detected: xyz=(0.734, 0.005, 0.869), center=(588, 242)
[INFO] [1789635254.492884132] [vision_manager]: Book detected: xyz=(0.633, 0.000, 0.869), center=(551, 240)
[INFO] [1789635254.493972180] [vision_manager]: Book detected: xyz=(-0.090, -0.023, 0.402), center=(249, 222)
[INFO] [1789635254.495328792] [vision_manager]: Book detected: xyz=(-0.091, 0.034, 0.400), center=(248, 267)
[INFO] [1789635254.592630060] [vision_manager]: Book detected: xyz=(-0.086, -0.180, 0.400), center=(252, 97)
[INFO] [1789635254.593655271] [vision_manager]: Book detected: xyz=(-0.110, -0.096, 0.507), center=(251, 180)
[INFO] [1789635254.594605482] [vision_manager]: Book detected: xyz=(0.734, 0.005, 0.869), center=(588, 242)
[INFO] [1789635254.595557347] [vision_manager]: Book detected: xyz=(0.638, 0.000, 0.869), center=(553, 240)
[INFO] [1789635254.596541594] [vision_manager]: Book detected: xyz=(-0.090, -0.022, 0.403), center=(249, 223)
[INFO] [1789635254.597519106] [vision_manager]: Book detected: xyz=(-0.091, 0.037, 0.400), center=(248, 269)
[INFO] [1789635254.699780550] [vision_manager]: Book detected: xyz=(-0.086, -0.180, 0.400), center=(252, 97)
[INFO] [1789635254.700785687] [vision_manager]: Book detected: xyz=(-0.110, -0.096, 0.507), center=(251, 180)
[INFO] [1789635254.701743297] [vision_manager]: Book detected: xyz=(0.734, 0.005, 0.869), center=(588, 242)
[INFO] [1789635254.702721560] [vision_manager]: Book detected: xyz=(0.644, 0.000, 0.869), center=(555, 240)
[INFO] [1789635254.703689751] [vision_manager]: Book detected: xyz=(-0.090, -0.022, 0.403), center=(249, 223)
[INFO] [1789635254.704734074] [vision_manager]: Book detected: xyz=(-0.091, 0.037, 0.400), center=(248, 269)
[INFO] [1789635254.816392828] [vision_manager]: Book detected: xyz=(-0.086, -0.180, 0.400), center=(252, 97)
[INFO] [1789635254.817437024] [vision_manager]: Book detected: xyz=(-0.110, -0.096, 0.507), center=(251, 180)
[INFO] [1789635254.818439646] [vision_manager]: Book detected: xyz=(0.734, 0.005, 0.869), center=(588, 242)
[INFO] [1789635254.819440203] [vision_manager]: Book detected: xyz=(0.641, 0.000, 0.869), center=(554, 240)
[INFO] [1789635254.820451349] [vision_manager]: Book detected: xyz=(-0.091, -0.022, 0.403), center=(248, 223)
[INFO] [1789635254.821448258] [vision_manager]: Book detected: xyz=(-0.092, 0.035, 0.400), center=(247, 268)
[INFO] [1789635254.931990751] [vision_manager]: Book detected: xyz=(-0.086, -0.180, 0.400), center=(252, 97)
[INFO] [1789635254.933336716] [vision_manager]: Book detected: xyz=(-0.110, -0.096, 0.507), center=(251, 180)
[INFO] [1789635254.934642232] [vision_manager]: Book detected: xyz=(0.734, 0.005, 0.869), center=(588, 242)
[INFO] [1789635254.935997072] [vision_manager]: Book detected: xyz=(0.655, 0.000, 0.869), center=(559, 240)
[INFO] [1789635254.937313167] [vision_manager]: Book detected: xyz=(-0.090, -0.022, 0.403), center=(249, 223)
[INFO] [1789635254.939186551] [vision_manager]: Book detected: xyz=(-0.091, 0.037, 0.400), center=(248, 269)
[INFO] [1789635255.056848511] [vision_manager]: Book detected: xyz=(-0.087, -0.180, 0.400), center=(251, 97)
[INFO] [1789635255.057810378] [vision_manager]: Book detected: xyz=(-0.112, -0.096, 0.507), center=(250, 180)
[INFO] [1789635255.058738006] [vision_manager]: Book detected: xyz=(0.734, 0.005, 0.869), center=(588, 242)
[INFO] [1789635255.059664783] [vision_manager]: Book detected: xyz=(0.655, 0.000, 0.869), center=(559, 240)
[INFO] [1789635255.060571339] [vision_manager]: Book detected: xyz=(-0.090, -0.022, 0.403), center=(249, 223)
[INFO] [1789635255.061615955] [vision_manager]: Book detected: xyz=(-0.091, 0.039, 0.400), center=(248, 271)
[INFO] [1789635255.190185871] [vision_manager]: Book detected: xyz=(-0.086, -0.180, 0.400), center=(252, 97)
[INFO] [1789635255.192584797] [vision_manager]: Book detected: xyz=(-0.112, -0.096, 0.516), center=(251, 181)
[INFO] [1789635255.194068222] [vision_manager]: Book detected: xyz=(0.734, 0.005, 0.869), center=(588, 242)
[INFO] [1789635255.195450565] [vision_manager]: Book detected: xyz=(0.641, 0.000, 0.869), center=(554, 240)
[INFO] [1789635255.196870739] [vision_manager]: Book detected: xyz=(-0.090, -0.023, 0.402), center=(249, 222)
[INFO] [1789635255.198174350] [vision_manager]: Book detected: xyz=(-0.091, 0.039, 0.400), center=(248, 271)
[INFO] [1789635255.302937025] [vision_manager]: Book detected: xyz=(-0.086, -0.180, 0.400), center=(252, 97)
[INFO] [1789635255.304173729] [vision_manager]: Book detected: xyz=(-0.110, -0.096, 0.507), center=(251, 180)
[INFO] [1789635255.305364176] [vision_manager]: Book detected: xyz=(0.734, 0.005, 0.869), center=(588, 242)
[INFO] [1789635255.306588408] [vision_manager]: Book detected: xyz=(0.652, 0.000, 0.869), center=(558, 240)
[INFO] [1789635255.307786286] [vision_manager]: Book detected: xyz=(-0.090, -0.023, 0.402), center=(249, 222)
[INFO] [1789635255.308948747] [vision_manager]: Book detected: xyz=(-0.091, 0.039, 0.400), center=(248, 271)
[INFO] [1789635255.435437228] [vision_manager]: Book detected: xyz=(-0.086, -0.180, 0.400), center=(252, 97)
[INFO] [1789635255.437163070] [vision_manager]: Book detected: xyz=(-0.112, -0.096, 0.516), center=(251, 181)
[INFO] [1789635255.438682040] [vision_manager]: Book detected: xyz=(0.734, 0.005, 0.869), center=(588, 242)
[INFO] [1789635255.440212722] [vision_manager]: Book detected: xyz=(0.644, 0.000, 0.869), center=(555, 240)
[INFO] [1789635255.441697440] [vision_manager]: Book detected: xyz=(-0.091, -0.022, 0.403), center=(248, 223)
[INFO] [1789635255.443230731] [vision_manager]: Book detected: xyz=(-0.091, 0.039, 0.400), center=(248, 271)
[INFO] [1789635255.552412161] [vision_manager]: Book detected: xyz=(-0.086, -0.180, 0.400), center=(252, 97)
[INFO] [1789635255.554160504] [vision_manager]: Book detected: xyz=(-0.112, -0.096, 0.516), center=(251, 181)
[INFO] [1789635255.555626273] [vision_manager]: Book detected: xyz=(0.734, 0.005, 0.869), center=(588, 242)
[INFO] [1789635255.557080197] [vision_manager]: Book detected: xyz=(0.649, 0.000, 0.869), center=(557, 240)
[INFO] [1789635255.558489911] [vision_manager]: Book detected: xyz=(-0.090, -0.022, 0.403), center=(249, 223)
[INFO] [1789635255.559872201] [vision_manager]: Book detected: xyz=(-0.091, 0.039, 0.400), center=(248, 271)
[INFO] [1789635255.663189549] [vision_manager]: Book detected: xyz=(-0.086, -0.180, 0.400), center=(252, 97)
[INFO] [1789635255.664174162] [vision_manager]: Book detected: xyz=(-0.114, -0.096, 0.516), center=(250, 181)
[INFO] [1789635255.665203653] [vision_manager]: Book detected: xyz=(0.734, 0.005, 0.869), center=(588, 242)
[INFO] [1789635255.666193268] [vision_manager]: Book detected: xyz=(0.647, 0.000, 0.869), center=(556, 240)
[INFO] [1789635255.667355080] [vision_manager]: Book detected: xyz=(-0.090, -0.022, 0.403), center=(249, 223)
[INFO] [1789635255.668871354] [vision_manager]: Book detected: xyz=(-0.091, 0.033, 0.400), center=(248, 266)
[INFO] [1789635255.785376873] [vision_manager]: Book detected: xyz=(-0.086, -0.180, 0.400), center=(252, 97)
[INFO] [1789635255.787307549] [vision_manager]: Book detected: xyz=(-0.112, -0.096, 0.516), center=(251, 181)
[INFO] [1789635255.788862152] [vision_manager]: Book detected: xyz=(0.737, 0.005, 0.869), center=(589, 242)
[INFO] [1789635255.790402697] [vision_manager]: Book detected: xyz=(0.663, 0.000, 0.869), center=(562, 240)
[INFO] [1789635255.791860358] [vision_manager]: Book detected: xyz=(-0.091, -0.022, 0.403), center=(248, 223)
[INFO] [1789635255.793293566] [vision_manager]: Book detected: xyz=(-0.091, 0.033, 0.400), center=(248, 266)
[INFO] [1789635255.909738839] [vision_manager]: Book detected: xyz=(-0.086, -0.180, 0.400), center=(252, 97)
[INFO] [1789635255.911245174] [vision_manager]: Book detected: xyz=(-0.112, -0.096, 0.516), center=(251, 181)
[INFO] [1789635255.912669315] [vision_manager]: Book detected: xyz=(0.737, 0.005, 0.869), center=(589, 242)
[INFO] [1789635255.913945318] [vision_manager]: Book detected: xyz=(0.649, 0.000, 0.869), center=(557, 240)
[INFO] [1789635255.915212647] [vision_manager]: Book detected: xyz=(-0.090, -0.022, 0.403), center=(249, 223)
[INFO] [1789635255.916406790] [vision_manager]: Book detected: xyz=(-0.091, 0.032, 0.400), center=(248, 265)
[INFO] [1789635256.021852109] [vision_manager]: Book detected: xyz=(-0.086, -0.180, 0.400), center=(252, 97)
[INFO] [1789635256.022991446] [vision_manager]: Book detected: xyz=(-0.114, -0.096, 0.516), center=(250, 181)
[INFO] [1789635256.030560882] [vision_manager]: Book detected: xyz=(0.737, 0.005, 0.869), center=(589, 242)
[INFO] [1789635256.032349607] [vision_manager]: Book detected: xyz=(0.658, 0.000, 0.869), center=(560, 240)
[INFO] [1789635256.034083943] [vision_manager]: Book detected: xyz=(-0.090, -0.022, 0.403), center=(249, 223)
[INFO] [1789635256.035164128] [vision_manager]: Book detected: xyz=(-0.091, 0.039, 0.400), center=(248, 271)
[INFO] [1789635256.160798876] [vision_manager]: Book detected: xyz=(-0.086, -0.180, 0.400), center=(252, 97)
[INFO] [1789635256.161793752] [vision_manager]: Book detected: xyz=(-0.114, -0.096, 0.516), center=(250, 181)
[INFO] [1789635256.162747750] [vision_manager]: Book detected: xyz=(0.734, 0.005, 0.869), center=(588, 242)
[INFO] [1789635256.163684429] [vision_manager]: Book detected: xyz=(0.633, 0.000, 0.869), center=(551, 240)
[INFO] [1789635256.164617307] [vision_manager]: Book detected: xyz=(-0.091, -0.022, 0.403), center=(248, 223)
[INFO] [1789635256.165534238] [vision_manager]: Book detected: xyz=(-0.091, 0.040, 0.400), center=(248, 272)
[INFO] [1789635256.287939141] [vision_manager]: Book detected: xyz=(-0.086, -0.180, 0.400), center=(252, 97)
[INFO] [1789635256.289223420] [vision_manager]: Book detected: xyz=(-0.112, -0.096, 0.516), center=(251, 181)
[INFO] [1789635256.290449466] [vision_manager]: Book detected: xyz=(0.737, 0.005, 0.869), center=(589, 242)
[INFO] [1789635256.291605412] [vision_manager]: Book detected: xyz=(0.660, 0.000, 0.869), center=(561, 240)
[INFO] [1789635256.292642073] [vision_manager]: Book detected: xyz=(-0.091, -0.022, 0.403), center=(248, 223)
[INFO] [1789635256.293675555] [vision_manager]: Book detected: xyz=(-0.091, 0.039, 0.400), center=(248, 271)
[INFO] [1789635256.422738288] [vision_manager]: Book detected: xyz=(-0.086, -0.180, 0.400), center=(252, 97)
[INFO] [1789635256.423824098] [vision_manager]: Book detected: xyz=(-0.114, -0.096, 0.516), center=(250, 181)
[INFO] [1789635256.424870527] [vision_manager]: Book detected: xyz=(0.734, 0.005, 0.869), center=(588, 242)
[INFO] [1789635256.425915297] [vision_manager]: Book detected: xyz=(0.655, 0.000, 0.869), center=(559, 240)
[INFO] [1789635256.426865855] [vision_manager]: Book detected: xyz=(-0.090, -0.022, 0.403), center=(249, 223)
[INFO] [1789635256.427779616] [vision_manager]: Book detected: xyz=(-0.090, 0.040, 0.400), center=(249, 272)
[INFO] [1789635256.539186621] [vision_manager]: Book detected: xyz=(-0.086, -0.180, 0.400), center=(252, 97)
[INFO] [1789635256.540393631] [vision_manager]: Book detected: xyz=(-0.112, -0.096, 0.516), center=(251, 181)
[INFO] [1789635256.541534480] [vision_manager]: Book detected: xyz=(0.734, 0.005, 0.869), center=(588, 242)
[INFO] [1789635256.542732552] [vision_manager]: Book detected: xyz=(0.641, 0.000, 0.869), center=(554, 240)
[INFO] [1789635256.544561418] [vision_manager]: Book detected: xyz=(-0.091, -0.022, 0.403), center=(248, 223)
[INFO] [1789635256.546786802] [vision_manager]: Book detected: xyz=(-0.091, 0.039, 0.400), center=(248, 271)
[INFO] [1789635256.653703111] [vision_manager]: Book detected: xyz=(-0.086, -0.180, 0.400), center=(252, 97)
[INFO] [1789635256.654687382] [vision_manager]: Book detected: xyz=(-0.112, -0.096, 0.516), center=(251, 181)
[INFO] [1789635256.655597023] [vision_manager]: Book detected: xyz=(0.734, 0.005, 0.869), center=(588, 242)
[INFO] [1789635256.656521948] [vision_manager]: Book detected: xyz=(0.663, 0.000, 0.869), center=(562, 240)
[INFO] [1789635256.657438951] [vision_manager]: Book detected: xyz=(-0.091, -0.023, 0.402), center=(248, 222)
[INFO] [1789635256.658402874] [vision_manager]: Book detected: xyz=(-0.091, 0.038, 0.400), center=(248, 270)
[INFO] [1789635256.767263849] [vision_manager]: Book detected: xyz=(-0.086, -0.180, 0.400), center=(252, 97)
[INFO] [1789635256.768675039] [vision_manager]: Book detected: xyz=(-0.112, -0.096, 0.516), center=(251, 181)
[INFO] [1789635256.769908609] [vision_manager]: Book detected: xyz=(0.734, 0.005, 0.869), center=(588, 242)
[INFO] [1789635256.771199025] [vision_manager]: Book detected: xyz=(0.633, 0.000, 0.869), center=(551, 240)
[INFO] [1789635256.772485721] [vision_manager]: Book detected: xyz=(-0.090, -0.022, 0.403), center=(249, 223)
[INFO] [1789635256.773723505] [vision_manager]: Book detected: xyz=(-0.090, 0.037, 0.400), center=(249, 269)
[INFO] [1789635256.892233043] [vision_manager]: Book detected: xyz=(-0.086, -0.180, 0.400), center=(252, 97)
[INFO] [1789635256.894469212] [vision_manager]: Book detected: xyz=(-0.110, -0.096, 0.507), center=(251, 180)
[INFO] [1789635256.896486073] [vision_manager]: Book detected: xyz=(0.734, 0.005, 0.869), center=(588, 242)
[INFO] [1789635256.897821081] [vision_manager]: Book detected: xyz=(0.641, 0.000, 0.869), center=(554, 240)
[INFO] [1789635256.899054983] [vision_manager]: Book detected: xyz=(-0.092, -0.021, 0.411), center=(249, 224)
[INFO] [1789635256.900262525] [vision_manager]: Book detected: xyz=(-0.091, 0.037, 0.400), center=(248, 269)
[INFO] [1789635257.004333028] [vision_manager]: Book detected: xyz=(-0.086, -0.180, 0.400), center=(252, 97)
[INFO] [1789635257.005281579] [vision_manager]: Book detected: xyz=(-0.112, -0.096, 0.516), center=(251, 181)
[INFO] [1789635257.006190941] [vision_manager]: Book detected: xyz=(0.734, 0.005, 0.869), center=(588, 242)
[INFO] [1789635257.007100267] [vision_manager]: Book detected: xyz=(0.649, 0.000, 0.869), center=(557, 240)
[INFO] [1789635257.007987788] [vision_manager]: Book detected: xyz=(-0.092, -0.021, 0.411), center=(249, 224)
[INFO] [1789635257.008879978] [vision_manager]: Book detected: xyz=(-0.090, 0.034, 0.400), center=(249, 267)
[INFO] [1789635257.128410684] [vision_manager]: Book detected: xyz=(-0.086, -0.180, 0.400), center=(252, 97)
[INFO] [1789635257.130603330] [vision_manager]: Book detected: xyz=(-0.112, -0.096, 0.516), center=(251, 181)
[INFO] [1789635257.132311176] [vision_manager]: Book detected: xyz=(0.734, 0.005, 0.869), center=(588, 242)
[INFO] [1789635257.133787059] [vision_manager]: Book detected: xyz=(0.647, 0.000, 0.869), center=(556, 240)
[INFO] [1789635257.135239981] [vision_manager]: Book detected: xyz=(-0.090, -0.022, 0.403), center=(249, 223)
[INFO] [1789635257.136686945] [vision_manager]: Book detected: xyz=(-0.090, 0.028, 0.401), center=(249, 262)
[INFO] [1789635257.239471335] [vision_manager]: Book detected: xyz=(-0.086, -0.180, 0.400), center=(252, 97)
[INFO] [1789635257.240707008] [vision_manager]: Book detected: xyz=(-0.112, -0.096, 0.516), center=(251, 181)
[INFO] [1789635257.241716086] [vision_manager]: Book detected: xyz=(0.734, 0.005, 0.869), center=(588, 242)
[INFO] [1789635257.243139121] [vision_manager]: Book detected: xyz=(0.633, 0.000, 0.869), center=(551, 240)
[INFO] [1789635257.244566576] [vision_manager]: Book detected: xyz=(-0.090, -0.022, 0.403), center=(249, 223)
[INFO] [1789635257.246075298] [vision_manager]: Book detected: xyz=(-0.090, 0.038, 0.400), center=(249, 270)
[INFO] [1789635257.343725683] [vision_manager]: Book detected: xyz=(-0.085, -0.180, 0.400), center=(253, 97)
[INFO] [1789635257.345156547] [vision_manager]: Book detected: xyz=(-0.110, -0.096, 0.507), center=(251, 180)
[INFO] [1789635257.346558234] [vision_manager]: Book detected: xyz=(0.734, 0.005, 0.869), center=(588, 242)
[INFO] [1789635257.347991741] [vision_manager]: Book detected: xyz=(0.633, 0.000, 0.869), center=(551, 240)
[INFO] [1789635257.349265928] [vision_manager]: Book detected: xyz=(-0.090, -0.022, 0.403), center=(249, 223)
[INFO] [1789635257.452952626] [vision_manager]: Book detected: xyz=(-0.085, -0.180, 0.400), center=(253, 97)
[INFO] [1789635257.454170594] [vision_manager]: Book detected: xyz=(-0.110, -0.096, 0.507), center=(251, 180)
[INFO] [1789635257.455215161] [vision_manager]: Book detected: xyz=(0.734, 0.005, 0.869), center=(588, 242)
[INFO] [1789635257.456202042] [vision_manager]: Book detected: xyz=(0.630, 0.000, 0.869), center=(550, 240)
[INFO] [1789635257.457241110] [vision_manager]: Book detected: xyz=(-0.090, -0.023, 0.402), center=(249, 222)
[INFO] [1789635257.458302307] [vision_manager]: Book detected: xyz=(-0.090, 0.039, 0.400), center=(249, 271)
[INFO] [1789635257.564233579] [vision_manager]: Book detected: xyz=(-0.085, -0.180, 0.400), center=(253, 97)
[INFO] [1789635257.566142834] [vision_manager]: Book detected: xyz=(-0.107, -0.096, 0.499), center=(252, 179)
[INFO] [1789635257.567939057] [vision_manager]: Book detected: xyz=(0.734, 0.005, 0.869), center=(588, 242)
[INFO] [1789635257.569637707] [vision_manager]: Book detected: xyz=(0.641, 0.000, 0.869), center=(554, 240)
[INFO] [1789635257.571081739] [vision_manager]: Book detected: xyz=(-0.090, -0.023, 0.402), center=(249, 222)
[INFO] [1789635257.676371480] [vision_manager]: Book detected: xyz=(-0.085, -0.180, 0.400), center=(253, 97)
[INFO] [1789635257.677355446] [vision_manager]: Book detected: xyz=(-0.108, -0.096, 0.499), center=(251, 179)
[INFO] [1789635257.678384000] [vision_manager]: Book detected: xyz=(0.734, 0.005, 0.869), center=(588, 242)
[INFO] [1789635257.679357732] [vision_manager]: Book detected: xyz=(0.636, 0.000, 0.869), center=(552, 240)
[INFO] [1789635257.680548864] [vision_manager]: Book detected: xyz=(-0.090, -0.023, 0.402), center=(249, 222)
[INFO] [1789635257.778964160] [vision_manager]: Book detected: xyz=(-0.085, -0.180, 0.400), center=(253, 97)
[INFO] [1789635257.779943234] [vision_manager]: Book detected: xyz=(-0.110, -0.096, 0.507), center=(251, 180)
[INFO] [1789635257.780875330] [vision_manager]: Book detected: xyz=(0.734, 0.005, 0.869), center=(588, 242)
[INFO] [1789635257.781777187] [vision_manager]: Book detected: xyz=(0.647, 0.000, 0.869), center=(556, 240)
[INFO] [1789635257.782677002] [vision_manager]: Book detected: xyz=(-0.091, -0.022, 0.403), center=(248, 223)
[INFO] [1789635257.783577436] [vision_manager]: Book detected: xyz=(-0.090, 0.040, 0.400), center=(249, 272)
[INFO] [1789635257.897348724] [vision_manager]: Book detected: xyz=(-0.085, -0.180, 0.400), center=(253, 97)
[INFO] [1789635257.899426452] [vision_manager]: Book detected: xyz=(-0.112, -0.096, 0.516), center=(251, 181)
[INFO] [1789635257.901372473] [vision_manager]: Book detected: xyz=(0.734, 0.005, 0.869), center=(588, 242)
[INFO] [1789635257.902995340] [vision_manager]: Book detected: xyz=(0.627, 0.003, 0.869), center=(549, 241)
[INFO] [1789635257.904447496] [vision_manager]: Book detected: xyz=(-0.090, -0.022, 0.403), center=(249, 223)
[INFO] [1789635257.905977593] [vision_manager]: Book detected: xyz=(-0.090, 0.039, 0.400), center=(249, 271)
[INFO] [1789635258.013026850] [vision_manager]: Book detected: xyz=(-0.085, -0.180, 0.400), center=(253, 97)
[INFO] [1789635258.014106284] [vision_manager]: Book detected: xyz=(-0.111, -0.096, 0.516), center=(252, 181)
[INFO] [1789635258.015135850] [vision_manager]: Book detected: xyz=(0.734, 0.005, 0.869), center=(588, 242)
[INFO] [1789635258.016163980] [vision_manager]: Book detected: xyz=(0.644, 0.000, 0.869), center=(555, 240)
[INFO] [1789635258.017189743] [vision_manager]: Book detected: xyz=(-0.090, -0.022, 0.403), center=(249, 223)
[INFO] [1789635258.133628762] [vision_manager]: Book detected: xyz=(-0.086, -0.180, 0.400), center=(252, 97)
[INFO] [1789635258.135691416] [vision_manager]: Book detected: xyz=(-0.112, -0.096, 0.516), center=(251, 181)
[INFO] [1789635258.137353667] [vision_manager]: Book detected: xyz=(0.734, 0.005, 0.869), center=(588, 242)
[INFO] [1789635258.138841242] [vision_manager]: Book detected: xyz=(0.625, 0.000, 0.869), center=(548, 240)
[INFO] [1789635258.140346274] [vision_manager]: Book detected: xyz=(-0.090, -0.022, 0.403), center=(249, 223)
[INFO] [1789635258.141850732] [vision_manager]: Book detected: xyz=(-0.090, 0.038, 0.400), center=(249, 270)
[INFO] [1789635258.248023654] [vision_manager]: Book detected: xyz=(-0.086, -0.180, 0.400), center=(252, 97)
[INFO] [1789635258.249107814] [vision_manager]: Book detected: xyz=(-0.110, -0.096, 0.507), center=(251, 180)
[INFO] [1789635258.250150702] [vision_manager]: Book detected: xyz=(0.734, 0.005, 0.869), center=(588, 242)
[INFO] [1789635258.251183986] [vision_manager]: Book detected: xyz=(0.625, 0.000, 0.869), center=(548, 240)
[INFO] [1789635258.252223664] [vision_manager]: Book detected: xyz=(-0.092, -0.021, 0.411), center=(249, 224)
[INFO] [1789635258.253279051] [vision_manager]: Book detected: xyz=(-0.090, 0.039, 0.400), center=(249, 271)
[INFO] [1789635258.352569638] [vision_manager]: Book detected: xyz=(-0.085, -0.180, 0.400), center=(253, 97)
[INFO] [1789635258.353882464] [vision_manager]: Book detected: xyz=(-0.110, -0.096, 0.507), center=(251, 180)
[INFO] [1789635258.355338964] [vision_manager]: Book detected: xyz=(0.734, 0.005, 0.869), center=(588, 242)
[INFO] [1789635258.356865669] [vision_manager]: Book detected: xyz=(0.625, 0.000, 0.869), center=(548, 240)
[INFO] [1789635258.358735227] [vision_manager]: Book detected: xyz=(-0.092, -0.021, 0.411), center=(249, 224)
[INFO] [1789635258.459841416] [vision_manager]: Book detected: xyz=(-0.086, -0.179, 0.401), center=(252, 98)
[INFO] [1789635258.460809390] [vision_manager]: Book detected: xyz=(-0.110, -0.096, 0.507), center=(251, 180)
[INFO] [1789635258.461714991] [vision_manager]: Book detected: xyz=(0.734, 0.005, 0.869), center=(588, 242)
[INFO] [1789635258.462614288] [vision_manager]: Book detected: xyz=(0.614, 0.000, 0.869), center=(544, 240)
[INFO] [1789635258.463517721] [vision_manager]: Book detected: xyz=(-0.092, -0.021, 0.411), center=(249, 224)
[INFO] [1789635258.464406054] [vision_manager]: Book detected: xyz=(-0.090, 0.038, 0.400), center=(249, 270)
[INFO] [1789635258.557001192] [vision_manager]: Book detected: xyz=(-0.086, -0.179, 0.401), center=(252, 98)
[INFO] [1789635258.557991358] [vision_manager]: Book detected: xyz=(-0.112, -0.096, 0.507), center=(250, 180)
[INFO] [1789635258.558932517] [vision_manager]: Book detected: xyz=(0.734, 0.005, 0.869), center=(588, 242)
[INFO] [1789635258.559868501] [vision_manager]: Book detected: xyz=(0.625, 0.000, 0.869), center=(548, 240)
[INFO] [1789635258.560803986] [vision_manager]: Book detected: xyz=(-0.100, -0.021, 0.439), center=(248, 225)
[INFO] [1789635258.561744440] [vision_manager]: Book detected: xyz=(-0.091, 0.039, 0.400), center=(248, 271)
[INFO] [1789635258.667803097] [vision_manager]: Book detected: xyz=(-0.086, -0.179, 0.401), center=(252, 98)
[INFO] [1789635258.669142025] [vision_manager]: Book detected: xyz=(-0.114, -0.096, 0.516), center=(250, 181)
[INFO] [1789635258.670385190] [vision_manager]: Book detected: xyz=(0.734, 0.005, 0.869), center=(588, 242)
[INFO] [1789635258.671657361] [vision_manager]: Book detected: xyz=(0.644, 0.000, 0.869), center=(555, 240)
[INFO] [1789635258.672925998] [vision_manager]: Book detected: xyz=(-0.093, -0.021, 0.411), center=(248, 224)
[INFO] [1789635258.674212761] [vision_manager]: Book detected: xyz=(-0.091, 0.040, 0.400), center=(248, 272)
[INFO] [1789635258.782192713] [vision_manager]: Book detected: xyz=(-0.085, -0.179, 0.401), center=(253, 98)
[INFO] [1789635258.784526019] [vision_manager]: Book detected: xyz=(-0.110, -0.096, 0.507), center=(251, 180)
[INFO] [1789635258.786011710] [vision_manager]: Book detected: xyz=(0.734, 0.005, 0.869), center=(588, 242)
[INFO] [1789635258.787369236] [vision_manager]: Book detected: xyz=(0.625, 0.000, 0.869), center=(548, 240)
[INFO] [1789635258.788666377] [vision_manager]: Book detected: xyz=(-0.093, -0.021, 0.411), center=(248, 224)
[INFO] [1789635258.789951114] [vision_manager]: Book detected: xyz=(-0.090, 0.043, 0.400), center=(249, 274)
[INFO] [1789635258.914286878] [vision_manager]: Book detected: xyz=(-0.086, -0.179, 0.401), center=(252, 98)
[INFO] [1789635258.915374783] [vision_manager]: Book detected: xyz=(-0.110, -0.096, 0.507), center=(251, 180)
[INFO] [1789635258.916404528] [vision_manager]: Book detected: xyz=(0.734, 0.005, 0.869), center=(588, 242)
[INFO] [1789635258.917433348] [vision_manager]: Book detected: xyz=(0.644, 0.000, 0.869), center=(555, 240)
[INFO] [1789635258.918486019] [vision_manager]: Book detected: xyz=(-0.100, -0.021, 0.439), center=(248, 225)
[INFO] [1789635258.919573211] [vision_manager]: Book detected: xyz=(-0.091, 0.042, 0.400), center=(248, 273)
[INFO] [1789635259.038981857] [vision_manager]: Book detected: xyz=(-0.085, -0.179, 0.401), center=(253, 98)
[INFO] [1789635259.040625212] [vision_manager]: Book detected: xyz=(-0.112, -0.096, 0.507), center=(250, 180)
[INFO] [1789635259.042206143] [vision_manager]: Book detected: xyz=(0.734, 0.005, 0.869), center=(588, 242)
[INFO] [1789635259.043712940] [vision_manager]: Book detected: xyz=(0.633, 0.000, 0.869), center=(551, 240)
[INFO] [1789635259.045216258] [vision_manager]: Book detected: xyz=(-0.093, -0.021, 0.411), center=(248, 224)
[INFO] [1789635259.046539914] [vision_manager]: Book detected: xyz=(-0.091, 0.043, 0.400), center=(248, 274)
[INFO] [1789635259.160003172] [vision_manager]: Book detected: xyz=(-0.085, -0.179, 0.401), center=(253, 98)
[INFO] [1789635259.161887114] [vision_manager]: Book detected: xyz=(-0.110, -0.096, 0.507), center=(251, 180)
[INFO] [1789635259.163452600] [vision_manager]: Book detected: xyz=(0.734, 0.005, 0.869), center=(588, 242)
[INFO] [1789635259.164932801] [vision_manager]: Book detected: xyz=(0.633, 0.000, 0.869), center=(551, 240)
[INFO] [1789635259.166465304] [vision_manager]: Book detected: xyz=(-0.090, -0.022, 0.403), center=(249, 223)
[INFO] [1789635259.311379958] [vision_manager]: Book detected: xyz=(-0.085, -0.179, 0.401), center=(253, 98)
[INFO] [1789635259.312625897] [vision_manager]: Book detected: xyz=(-0.110, -0.096, 0.507), center=(251, 180)
[INFO] [1789635259.313835537] [vision_manager]: Book detected: xyz=(0.734, 0.005, 0.869), center=(588, 242)
[INFO] [1789635259.315027338] [vision_manager]: Book detected: xyz=(0.636, 0.000, 0.869), center=(552, 240)
[INFO] [1789635259.316120124] [vision_manager]: Book detected: xyz=(-0.090, -0.023, 0.402), center=(249, 222)
[INFO] [1789635259.445753108] [vision_manager]: Book detected: xyz=(-0.085, -0.179, 0.401), center=(253, 98)
[INFO] [1789635259.446709406] [vision_manager]: Book detected: xyz=(0.734, 0.005, 0.869), center=(588, 242)
[INFO] [1789635259.447628797] [vision_manager]: Book detected: xyz=(-0.110, -0.096, 0.507), center=(251, 180)
[INFO] [1789635259.448570077] [vision_manager]: Book detected: xyz=(0.647, 0.000, 0.869), center=(556, 240)
[INFO] [1789635259.449510588] [vision_manager]: Book detected: xyz=(-0.091, -0.022, 0.403), center=(248, 223)
[INFO] [1789635259.450473856] [vision_manager]: Book detected: xyz=(-0.090, 0.043, 0.400), center=(249, 274)
[INFO] [1789635259.574850896] [vision_manager]: Book detected: xyz=(-0.085, -0.179, 0.401), center=(253, 98)
[INFO] [1789635259.575868661] [vision_manager]: Book detected: xyz=(-0.110, -0.096, 0.507), center=(251, 180)
[INFO] [1789635259.576795630] [vision_manager]: Book detected: xyz=(0.734, 0.005, 0.869), center=(588, 242)
[INFO] [1789635259.577888102] [vision_manager]: Book detected: xyz=(0.638, 0.000, 0.869), center=(553, 240)
[INFO] [1789635259.579420699] [vision_manager]: Book detected: xyz=(-0.090, -0.022, 0.403), center=(249, 223)
[INFO] [1789635259.581106076] [vision_manager]: Book detected: xyz=(-0.090, 0.042, 0.400), center=(249, 273)
[INFO] [1789635259.723862636] [vision_manager]: Book detected: xyz=(-0.085, -0.179, 0.401), center=(253, 98)
[INFO] [1789635259.725311359] [vision_manager]: Book detected: xyz=(-0.110, -0.096, 0.507), center=(251, 180)
[INFO] [1789635259.726548913] [vision_manager]: Book detected: xyz=(0.734, 0.005, 0.869), center=(588, 242)
[INFO] [1789635259.728016025] [vision_manager]: Book detected: xyz=(0.649, 0.000, 0.869), center=(557, 240)
[INFO] [1789635259.729879269] [vision_manager]: Book detected: xyz=(-0.091, -0.022, 0.403), center=(248, 223)
[INFO] [1789635259.731449868] [vision_manager]: Book detected: xyz=(-0.091, 0.043, 0.400), center=(248, 274)
[INFO] [1789635259.873399883] [vision_manager]: Book detected: xyz=(-0.086, -0.179, 0.401), center=(252, 98)
[INFO] [1789635259.874380958] [vision_manager]: Book detected: xyz=(-0.112, -0.096, 0.507), center=(250, 180)
[INFO] [1789635259.875292153] [vision_manager]: Book detected: xyz=(0.734, 0.005, 0.869), center=(588, 242)
[INFO] [1789635259.876213522] [vision_manager]: Book detected: xyz=(0.638, 0.000, 0.869), center=(553, 240)
[INFO] [1789635259.877127298] [vision_manager]: Book detected: xyz=(-0.091, -0.022, 0.403), center=(248, 223)
[INFO] [1789635259.878016374] [vision_manager]: Book detected: xyz=(-0.091, 0.028, 0.401), center=(248, 262)
[INFO] [1789635260.008513154] [vision_manager]: Book detected: xyz=(-0.085, -0.179, 0.401), center=(253, 98)
[INFO] [1789635260.009439846] [vision_manager]: Book detected: xyz=(-0.108, -0.096, 0.491), center=(250, 178)
[INFO] [1789635260.010328481] [vision_manager]: Book detected: xyz=(0.734, 0.005, 0.869), center=(588, 242)
[INFO] [1789635260.011172908] [vision_manager]: Book detected: xyz=(0.625, 0.000, 0.869), center=(548, 240)
[INFO] [1789635260.012005767] [vision_manager]: Book detected: xyz=(-0.090, -0.022, 0.403), center=(249, 223)
[INFO] [1789635260.135728028] [vision_manager]: Book detected: xyz=(-0.085, -0.179, 0.401), center=(253, 98)
[INFO] [1789635260.136726501] [vision_manager]: Book detected: xyz=(-0.108, -0.096, 0.499), center=(251, 179)
[INFO] [1789635260.137740884] [vision_manager]: Book detected: xyz=(0.734, 0.005, 0.869), center=(588, 242)
[INFO] [1789635260.138652449] [vision_manager]: Book detected: xyz=(0.625, 0.000, 0.869), center=(548, 240)
[INFO] [1789635260.139556066] [vision_manager]: Book detected: xyz=(-0.090, -0.022, 0.403), center=(249, 223)
[INFO] [1789635260.140472019] [vision_manager]: Book detected: xyz=(-0.091, 0.040, 0.400), center=(248, 272)
[INFO] [1789635260.312165387] [vision_manager]: Book detected: xyz=(-0.085, -0.179, 0.401), center=(253, 98)
[INFO] [1789635260.313218203] [vision_manager]: Book detected: xyz=(-0.110, -0.096, 0.507), center=(251, 180)
[INFO] [1789635260.314223763] [vision_manager]: Book detected: xyz=(0.734, 0.005, 0.869), center=(588, 242)
[INFO] [1789635260.315224930] [vision_manager]: Book detected: xyz=(0.647, 0.000, 0.869), center=(556, 240)
[INFO] [1789635260.316197008] [vision_manager]: Book detected: xyz=(-0.091, -0.022, 0.403), center=(248, 223)
[INFO] [1789635260.317187306] [vision_manager]: Book detected: xyz=(-0.091, 0.035, 0.400), center=(248, 268)
[INFO] [1789635260.440846126] [vision_manager]: Book detected: xyz=(-0.086, -0.179, 0.401), center=(252, 98)
[INFO] [1789635260.442120244] [vision_manager]: Book detected: xyz=(-0.112, -0.096, 0.507), center=(250, 180)
[INFO] [1789635260.443332493] [vision_manager]: Book detected: xyz=(0.737, 0.005, 0.869), center=(589, 242)
[INFO] [1789635260.444530557] [vision_manager]: Book detected: xyz=(0.641, 0.000, 0.869), center=(554, 240)
[INFO] [1789635260.445729200] [vision_manager]: Book detected: xyz=(-0.091, -0.022, 0.403), center=(248, 223)
[INFO] [1789635260.446927198] [vision_manager]: Book detected: xyz=(-0.091, 0.035, 0.400), center=(248, 268)
[INFO] [1789635260.568389892] [vision_manager]: Book detected: xyz=(-0.085, -0.179, 0.401), center=(253, 98)
[INFO] [1789635260.569708892] [vision_manager]: Book detected: xyz=(-0.112, -0.096, 0.507), center=(250, 180)
[INFO] [1789635260.571007590] [vision_manager]: Book detected: xyz=(0.734, 0.005, 0.869), center=(588, 242)
[INFO] [1789635260.572309760] [vision_manager]: Book detected: xyz=(0.627, 0.000, 0.869), center=(549, 240)
[INFO] [1789635260.573610291] [vision_manager]: Book detected: xyz=(-0.091, -0.022, 0.403), center=(248, 223)
[INFO] [1789635260.575001294] [vision_manager]: Book detected: xyz=(-0.091, 0.037, 0.400), center=(248, 269)
[INFO] [1789635260.711686969] [vision_manager]: Book detected: xyz=(-0.086, -0.179, 0.401), center=(252, 98)
[INFO] [1789635260.712656601] [vision_manager]: Book detected: xyz=(-0.112, -0.096, 0.516), center=(251, 181)
[INFO] [1789635260.713573794] [vision_manager]: Book detected: xyz=(0.734, 0.005, 0.869), center=(588, 242)
[INFO] [1789635260.714489579] [vision_manager]: Book detected: xyz=(0.627, 0.000, 0.869), center=(549, 240)
[INFO] [1789635260.715415195] [vision_manager]: Book detected: xyz=(-0.092, -0.021, 0.411), center=(249, 224)
[INFO] [1789635260.716311237] [vision_manager]: Book detected: xyz=(-0.091, 0.027, 0.401), center=(248, 261)
[INFO] [1789635260.869654815] [vision_manager]: Book detected: xyz=(-0.086, -0.179, 0.401), center=(252, 98)
[INFO] [1789635260.870586766] [vision_manager]: Book detected: xyz=(-0.114, -0.096, 0.525), center=(251, 182)
[INFO] [1789635260.871501543] [vision_manager]: Book detected: xyz=(0.734, 0.005, 0.869), center=(588, 242)
[INFO] [1789635260.872382212] [vision_manager]: Book detected: xyz=(0.630, 0.000, 0.869), center=(550, 240)
[INFO] [1789635260.873266719] [vision_manager]: Book detected: xyz=(-0.092, -0.021, 0.411), center=(249, 224)
[INFO] [1789635260.874177670] [vision_manager]: Book detected: xyz=(-0.090, 0.027, 0.401), center=(249, 261)
[INFO] [1789635261.070359351] [vision_manager]: Book detected: xyz=(-0.085, -0.179, 0.401), center=(253, 98)
[INFO] [1789635261.071705007] [vision_manager]: Book detected: xyz=(0.734, 0.005, 0.869), center=(588, 242)
[INFO] [1789635261.072974483] [vision_manager]: Book detected: xyz=(-0.112, -0.096, 0.507), center=(250, 180)
[INFO] [1789635261.074214541] [vision_manager]: Book detected: xyz=(0.647, 0.000, 0.869), center=(556, 240)
[INFO] [1789635261.075464795] [vision_manager]: Book detected: xyz=(-0.093, -0.021, 0.411), center=(248, 224)
[INFO] [1789635261.076694925] [vision_manager]: Book detected: xyz=(-0.091, 0.035, 0.400), center=(248, 268)
[INFO] [1789635261.210092471] [vision_manager]: Book detected: xyz=(-0.085, -0.179, 0.401), center=(253, 98)
[INFO] [1789635261.211034730] [vision_manager]: Book detected: xyz=(-0.110, -0.096, 0.507), center=(251, 180)
[INFO] [1789635261.211958199] [vision_manager]: Book detected: xyz=(0.734, 0.005, 0.869), center=(588, 242)
[INFO] [1789635261.212865553] [vision_manager]: Book detected: xyz=(0.652, 0.000, 0.869), center=(558, 240)
[INFO] [1789635261.213781630] [vision_manager]: Book detected: xyz=(-0.091, -0.022, 0.403), center=(248, 223)
[INFO] [1789635261.214712582] [vision_manager]: Book detected: xyz=(-0.091, 0.037, 0.400), center=(248, 269)
[INFO] [1789635261.425372832] [vision_manager]: Book detected: xyz=(-0.086, -0.179, 0.401), center=(252, 98)
[INFO] [1789635261.426948388] [vision_manager]: Book detected: xyz=(-0.112, -0.096, 0.507), center=(250, 180)
[INFO] [1789635261.428428204] [vision_manager]: Book detected: xyz=(0.734, 0.005, 0.869), center=(588, 242)
[INFO] [1789635261.429882497] [vision_manager]: Book detected: xyz=(0.636, 0.000, 0.869), center=(552, 240)
[INFO] [1789635261.431224317] [vision_manager]: Book detected: xyz=(-0.100, -0.021, 0.439), center=(248, 225)
[INFO] [1789635261.432451320] [vision_manager]: Book detected: xyz=(-0.092, 0.030, 0.400), center=(247, 264)
[INFO] [1789635261.644388492] [vision_manager]: Book detected: xyz=(-0.086, -0.179, 0.401), center=(252, 98)
[INFO] [1789635261.646018113] [vision_manager]: Book detected: xyz=(-0.114, -0.096, 0.516), center=(250, 181)
[INFO] [1789635261.647401791] [vision_manager]: Book detected: xyz=(0.734, 0.005, 0.869), center=(588, 242)
[INFO] [1789635261.648922132] [vision_manager]: Book detected: xyz=(0.619, 0.000, 0.869), center=(546, 240)
[INFO] [1789635261.650738134] [vision_manager]: Book detected: xyz=(-0.090, -0.025, 0.401), center=(249, 220)
[INFO] [1789635261.652579469] [vision_manager]: Book detected: xyz=(-0.091, 0.034, 0.400), center=(248, 267)
[INFO] [1789635261.812782763] [vision_manager]: Book detected: xyz=(-0.086, -0.179, 0.401), center=(252, 98)
[INFO] [1789635261.814595084] [vision_manager]: Book detected: xyz=(-0.112, -0.096, 0.516), center=(251, 181)
[INFO] [1789635261.816065502] [vision_manager]: Book detected: xyz=(0.734, 0.005, 0.869), center=(588, 242)
[INFO] [1789635261.817528917] [vision_manager]: Book detected: xyz=(0.633, 0.000, 0.869), center=(551, 240)
[INFO] [1789635261.818717449] [vision_manager]: Book detected: xyz=(-0.089, -0.027, 0.401), center=(250, 219)
[INFO] [1789635261.819940173] [vision_manager]: Book detected: xyz=(-0.091, 0.033, 0.400), center=(248, 266)
[INFO] [1789635261.965440406] [vision_manager]: Book detected: xyz=(-0.086, -0.179, 0.401), center=(252, 98)
[INFO] [1789635261.966558409] [vision_manager]: Book detected: xyz=(-0.112, -0.096, 0.516), center=(251, 181)
[INFO] [1789635261.967625631] [vision_manager]: Book detected: xyz=(0.734, 0.005, 0.869), center=(588, 242)
[INFO] [1789635261.968766140] [vision_manager]: Book detected: xyz=(0.636, 0.000, 0.869), center=(552, 240)
[INFO] [1789635261.969849693] [vision_manager]: Book detected: xyz=(-0.089, -0.027, 0.401), center=(250, 219)
[INFO] [1789635262.122067041] [vision_manager]: Book detected: xyz=(-0.086, -0.179, 0.401), center=(252, 98)
[INFO] [1789635262.123584284] [vision_manager]: Book detected: xyz=(-0.114, -0.096, 0.516), center=(250, 181)
[INFO] [1789635262.124850386] [vision_manager]: Book detected: xyz=(0.734, 0.005, 0.869), center=(588, 242)
[INFO] [1789635262.126091677] [vision_manager]: Book detected: xyz=(0.636, 0.000, 0.869), center=(552, 240)
[INFO] [1789635262.127301079] [vision_manager]: Book detected: xyz=(-0.128, -0.083, 0.563), center=(248, 193)
[INFO] [1789635262.128541803] [vision_manager]: Book detected: xyz=(-0.097, 0.019, 0.429), center=(248, 254)
[INFO] [1789635262.129804016] [vision_manager]: Book detected: xyz=(-0.126, -0.005, 0.563), center=(249, 237)
[INFO] [1789635262.130664974] [vision_manager]: No placeable empty shelf position found
[INFO] [1789635262.304879183] [vision_manager]: Book detected: xyz=(-0.085, -0.179, 0.401), center=(253, 98)
[INFO] [1789635262.305924322] [vision_manager]: Book detected: xyz=(-0.108, -0.096, 0.499), center=(251, 179)
[INFO] [1789635262.306896594] [vision_manager]: Book detected: xyz=(0.734, 0.005, 0.869), center=(588, 242)
[INFO] [1789635262.307822059] [vision_manager]: Book detected: xyz=(0.638, 0.000, 0.869), center=(553, 240)
[INFO] [1789635262.308734056] [vision_manager]: Book detected: xyz=(-0.088, -0.029, 0.401), center=(250, 217)
[INFO] [1789635262.507288969] [vision_manager]: Book detected: xyz=(-0.086, -0.179, 0.401), center=(252, 98)
[INFO] [1789635262.508574211] [vision_manager]: Book detected: xyz=(-0.112, -0.096, 0.516), center=(251, 181)
[INFO] [1789635262.509801962] [vision_manager]: Book detected: xyz=(0.734, 0.005, 0.869), center=(588, 242)
[INFO] [1789635262.510956995] [vision_manager]: Book detected: xyz=(0.655, 0.000, 0.869), center=(559, 240)
[INFO] [1789635262.512026833] [vision_manager]: Book detected: xyz=(-0.089, -0.025, 0.401), center=(250, 220)
[INFO] [1789635262.513082814] [vision_manager]: Book detected: xyz=(-0.090, 0.027, 0.401), center=(249, 261)
[INFO] [1789635262.677574390] [vision_manager]: Book detected: xyz=(-0.085, -0.179, 0.401), center=(253, 98)
[INFO] [1789635262.678673535] [vision_manager]: Book detected: xyz=(-0.110, -0.096, 0.507), center=(251, 180)
[INFO] [1789635262.679767564] [vision_manager]: Book detected: xyz=(0.734, 0.005, 0.869), center=(588, 242)
[INFO] [1789635262.680759187] [vision_manager]: Book detected: xyz=(0.633, 0.000, 0.869), center=(551, 240)
[INFO] [1789635262.681701246] [vision_manager]: Book detected: xyz=(-0.088, -0.028, 0.401), center=(250, 218)
[INFO] [1789635262.853542904] [vision_manager]: Book detected: xyz=(-0.086, -0.179, 0.401), center=(252, 98)
[INFO] [1789635262.855105094] [vision_manager]: Book detected: xyz=(-0.112, -0.096, 0.516), center=(251, 181)
[INFO] [1789635262.857140269] [vision_manager]: Book detected: xyz=(0.734, 0.005, 0.869), center=(588, 242)
[INFO] [1789635262.859263273] [vision_manager]: Book detected: xyz=(0.633, 0.000, 0.869), center=(551, 240)
[INFO] [1789635262.861917128] [vision_manager]: Book detected: xyz=(-0.089, -0.027, 0.401), center=(250, 219)
[INFO] [1789635262.863470711] [vision_manager]: Book detected: xyz=(-0.090, 0.037, 0.400), center=(249, 269)
[INFO] [1789635263.001600170] [vision_manager]: Book detected: xyz=(-0.085, -0.179, 0.401), center=(253, 98)
[INFO] [1789635263.002571673] [vision_manager]: Book detected: xyz=(-0.111, -0.096, 0.516), center=(252, 181)
[INFO] [1789635263.003531902] [vision_manager]: Book detected: xyz=(0.734, 0.005, 0.869), center=(588, 242)
[INFO] [1789635263.004475220] [vision_manager]: Book detected: xyz=(0.627, 0.000, 0.869), center=(549, 240)
[INFO] [1789635263.005420048] [vision_manager]: Book detected: xyz=(-0.089, -0.025, 0.401), center=(250, 220)
[INFO] [1789635263.006319823] [vision_manager]: Book detected: xyz=(-0.090, 0.034, 0.400), center=(249, 267)
[INFO] [1789635263.152826134] [vision_manager]: Book detected: xyz=(-0.085, -0.179, 0.401), center=(253, 98)
[INFO] [1789635263.153905480] [vision_manager]: Book detected: xyz=(-0.112, -0.096, 0.516), center=(251, 181)
[INFO] [1789635263.154945992] [vision_manager]: Book detected: xyz=(0.734, 0.005, 0.869), center=(588, 242)
[INFO] [1789635263.156674305] [vision_manager]: Book detected: xyz=(0.644, 0.000, 0.869), center=(555, 240)
[INFO] [1789635263.157783281] [vision_manager]: Book detected: xyz=(-0.089, -0.027, 0.401), center=(250, 219)
[INFO] [1789635263.158723801] [vision_manager]: Book detected: xyz=(-0.090, 0.037, 0.400), center=(249, 269)
[INFO] [1789635263.269913350] [vision_manager]: Book detected: xyz=(-0.086, -0.179, 0.401), center=(252, 98)
[INFO] [1789635263.271008419] [vision_manager]: Book detected: xyz=(-0.112, -0.096, 0.516), center=(251, 181)
[INFO] [1789635263.272124197] [vision_manager]: Book detected: xyz=(0.734, 0.005, 0.869), center=(588, 242)
[INFO] [1789635263.273148833] [vision_manager]: Book detected: xyz=(0.644, 0.000, 0.869), center=(555, 240)
[INFO] [1789635263.274190527] [vision_manager]: Book detected: xyz=(-0.098, -0.021, 0.439), center=(249, 225)
[INFO] [1789635263.275276730] [vision_manager]: Book detected: xyz=(-0.090, 0.038, 0.400), center=(249, 270)
[INFO] [1789635263.419366086] [vision_manager]: Book detected: xyz=(-0.085, -0.179, 0.401), center=(253, 98)
[INFO] [1789635263.420461738] [vision_manager]: Book detected: xyz=(-0.112, -0.096, 0.516), center=(251, 181)
[INFO] [1789635263.421456405] [vision_manager]: Book detected: xyz=(0.734, 0.005, 0.869), center=(588, 242)
[INFO] [1789635263.422451022] [vision_manager]: Book detected: xyz=(0.636, 0.000, 0.869), center=(552, 240)
[INFO] [1789635263.423412904] [vision_manager]: Book detected: xyz=(-0.090, -0.025, 0.401), center=(249, 220)
[INFO] [1789635263.424384352] [vision_manager]: Book detected: xyz=(-0.090, 0.038, 0.400), center=(249, 270)
[INFO] [1789635263.586739471] [vision_manager]: Book detected: xyz=(-0.086, -0.179, 0.401), center=(252, 98)
[INFO] [1789635263.587867656] [vision_manager]: Book detected: xyz=(-0.112, -0.096, 0.516), center=(251, 181)
[INFO] [1789635263.588934243] [vision_manager]: Book detected: xyz=(0.734, 0.005, 0.869), center=(588, 242)
[INFO] [1789635263.589998296] [vision_manager]: Book detected: xyz=(0.636, 0.000, 0.869), center=(552, 240)
[INFO] [1789635263.591000235] [vision_manager]: Book detected: xyz=(-0.106, -0.021, 0.472), center=(249, 226)
[INFO] [1789635263.591954158] [vision_manager]: Book detected: xyz=(-0.090, 0.040, 0.400), center=(249, 272)
[INFO] [1789635263.592603052] [vision_manager]: No placeable empty shelf position found
[INFO] [1789635263.807755116] [vision_manager]: Book detected: xyz=(-0.087, -0.179, 0.401), center=(251, 98)
[INFO] [1789635263.809029762] [vision_manager]: Book detected: xyz=(0.734, 0.005, 0.869), center=(588, 242)
[INFO] [1789635263.810269306] [vision_manager]: Book detected: xyz=(-0.114, -0.096, 0.516), center=(250, 181)
[INFO] [1789635263.811494444] [vision_manager]: Book detected: xyz=(0.652, 0.000, 0.869), center=(558, 240)
[INFO] [1789635263.812991195] [vision_manager]: Book detected: xyz=(-0.090, -0.025, 0.401), center=(249, 220)
[INFO] [1789635263.814453217] [vision_manager]: Book detected: xyz=(-0.091, 0.042, 0.400), center=(248, 273)
[INFO] [1789635263.953768900] [vision_manager]: Book detected: xyz=(-0.086, -0.179, 0.401), center=(252, 98)
[INFO] [1789635263.955695258] [vision_manager]: Book detected: xyz=(-0.112, -0.096, 0.507), center=(250, 180)
[INFO] [1789635263.961633582] [vision_manager]: Book detected: xyz=(0.734, 0.005, 0.869), center=(588, 242)
[INFO] [1789635263.962607273] [vision_manager]: Book detected: xyz=(0.644, 0.000, 0.869), center=(555, 240)
[INFO] [1789635263.963559394] [vision_manager]: Book detected: xyz=(-0.090, -0.024, 0.402), center=(249, 221)
[INFO] [1789635263.964508811] [vision_manager]: Book detected: xyz=(-0.091, 0.042, 0.400), center=(248, 273)
[INFO] [1789635264.108528864] [vision_manager]: Book detected: xyz=(-0.086, -0.179, 0.401), center=(252, 98)
[INFO] [1789635264.109547991] [vision_manager]: Book detected: xyz=(0.734, 0.005, 0.869), center=(588, 242)
[INFO] [1789635264.110507377] [vision_manager]: Book detected: xyz=(-0.112, -0.096, 0.507), center=(250, 180)
[INFO] [1789635264.111448637] [vision_manager]: Book detected: xyz=(0.649, 0.000, 0.869), center=(557, 240)
[INFO] [1789635264.112376764] [vision_manager]: Book detected: xyz=(-0.090, -0.024, 0.402), center=(249, 221)
[INFO] [1789635264.113305623] [vision_manager]: Book detected: xyz=(-0.092, 0.039, 0.400), center=(247, 271)
[INFO] [1789635264.266183200] [vision_manager]: Book detected: xyz=(-0.086, -0.179, 0.401), center=(252, 98)
[INFO] [1789635264.267725939] [vision_manager]: Book detected: xyz=(-0.112, -0.096, 0.507), center=(250, 180)
[INFO] [1789635264.269453161] [vision_manager]: Book detected: xyz=(0.734, 0.005, 0.869), center=(588, 242)
[INFO] [1789635264.270950893] [vision_manager]: Book detected: xyz=(0.644, 0.000, 0.869), center=(555, 240)
[INFO] [1789635264.272448193] [vision_manager]: Book detected: xyz=(-0.091, -0.039, 0.400), center=(248, 209)
[INFO] [1789635264.273904873] [vision_manager]: Book detected: xyz=(-0.090, 0.042, 0.400), center=(249, 273)
[INFO] [1789635264.647166111] [vision_manager]: Book detected: xyz=(-0.086, -0.179, 0.401), center=(252, 98)
[INFO] [1789635264.648464528] [vision_manager]: Book detected: xyz=(0.737, 0.005, 0.869), center=(589, 242)
[INFO] [1789635264.649641816] [vision_manager]: Book detected: xyz=(-0.114, -0.096, 0.516), center=(250, 181)
[INFO] [1789635264.650788847] [vision_manager]: Book detected: xyz=(0.663, 0.000, 0.869), center=(562, 240)
[INFO] [1789635264.651838004] [vision_manager]: Book detected: xyz=(-0.090, -0.024, 0.402), center=(249, 221)
[INFO] [1789635264.652874388] [vision_manager]: Book detected: xyz=(-0.090, 0.043, 0.400), center=(249, 274)
[INFO] [1789635264.943027118] [vision_manager]: Book detected: xyz=(-0.086, -0.179, 0.401), center=(252, 98)
[INFO] [1789635264.944404004] [vision_manager]: Book detected: xyz=(-0.112, -0.096, 0.507), center=(250, 180)
[INFO] [1789635264.945903786] [vision_manager]: Book detected: xyz=(0.734, 0.005, 0.869), center=(588, 242)
[INFO] [1789635264.947354952] [vision_manager]: Book detected: xyz=(0.644, 0.000, 0.869), center=(555, 240)
[INFO] [1789635264.948823816] [vision_manager]: Book detected: xyz=(-0.092, -0.021, 0.411), center=(249, 224)
[INFO] [1789635264.950187416] [vision_manager]: Book detected: xyz=(-0.091, 0.042, 0.400), center=(248, 273)
[INFO] [1789635265.181367146] [vision_manager]: Book detected: xyz=(-0.086, -0.179, 0.401), center=(252, 98)
[INFO] [1789635265.182503454] [vision_manager]: Book detected: xyz=(0.734, 0.005, 0.869), center=(588, 242)
[INFO] [1789635265.183561864] [vision_manager]: Book detected: xyz=(-0.112, -0.096, 0.507), center=(250, 180)
[INFO] [1789635265.184552900] [vision_manager]: Book detected: xyz=(0.669, 0.000, 0.869), center=(564, 240)
[INFO] [1789635265.185679936] [vision_manager]: Book detected: xyz=(-0.091, -0.022, 0.403), center=(248, 223)
[INFO] [1789635265.187368924] [vision_manager]: Book detected: xyz=(-0.092, 0.042, 0.400), center=(247, 273)
[INFO] [1789635265.421346203] [vision_manager]: Book detected: xyz=(-0.086, -0.179, 0.401), center=(252, 98)
[INFO] [1789635265.422537292] [vision_manager]: Book detected: xyz=(-0.110, -0.096, 0.507), center=(251, 180)
[INFO] [1789635265.423674847] [vision_manager]: Book detected: xyz=(0.734, 0.005, 0.869), center=(588, 242)
[INFO] [1789635265.424854015] [vision_manager]: Book detected: xyz=(0.666, 0.000, 0.869), center=(563, 240)
[INFO] [1789635265.425958445] [vision_manager]: Book detected: xyz=(-0.092, -0.021, 0.411), center=(249, 224)
[INFO] [1789635265.427378968] [vision_manager]: Book detected: xyz=(-0.091, 0.040, 0.400), center=(248, 272)
[INFO] [1789635265.602131611] [vision_manager]: Book detected: xyz=(-0.085, -0.179, 0.401), center=(253, 98)
[INFO] [1789635265.604600988] [vision_manager]: Book detected: xyz=(-0.110, -0.096, 0.507), center=(251, 180)
[INFO] [1789635265.605812425] [vision_manager]: Book detected: xyz=(0.734, 0.005, 0.869), center=(588, 242)
[INFO] [1789635265.606893292] [vision_manager]: Book detected: xyz=(0.671, 0.000, 0.869), center=(565, 240)
[INFO] [1789635265.611114982] [vision_manager]: Book detected: xyz=(-0.100, -0.021, 0.439), center=(248, 225)
[INFO] [1789635265.612185467] [vision_manager]: Book detected: xyz=(-0.090, 0.040, 0.400), center=(249, 272)
[INFO] [1789635265.774856010] [vision_manager]: Book detected: xyz=(-0.087, -0.179, 0.401), center=(251, 98)
[INFO] [1789635265.776234703] [vision_manager]: Book detected: xyz=(0.734, 0.005, 0.869), center=(588, 242)
[INFO] [1789635265.777651689] [vision_manager]: Book detected: xyz=(-0.110, -0.096, 0.499), center=(250, 179)
[INFO] [1789635265.778935545] [vision_manager]: Book detected: xyz=(0.663, 0.000, 0.869), center=(562, 240)
[INFO] [1789635265.780094336] [vision_manager]: Book detected: xyz=(-0.091, -0.045, 0.400), center=(248, 204)
[INFO] [1789635265.781193782] [vision_manager]: Book detected: xyz=(-0.091, 0.040, 0.400), center=(248, 272)
[INFO] [1789635265.984347592] [vision_manager]: Book detected: xyz=(-0.087, -0.179, 0.401), center=(251, 98)
[INFO] [1789635265.986279740] [vision_manager]: Book detected: xyz=(0.734, 0.005, 0.869), center=(588, 242)
[INFO] [1789635265.987967051] [vision_manager]: Book detected: xyz=(-0.108, -0.096, 0.491), center=(250, 178)
[INFO] [1789635265.990240895] [vision_manager]: Book detected: xyz=(0.647, 0.000, 0.869), center=(556, 240)
[INFO] [1789635265.992755601] [vision_manager]: Book detected: xyz=(-0.091, -0.044, 0.400), center=(248, 205)
[INFO] [1789635265.994615380] [vision_manager]: Book detected: xyz=(-0.091, 0.042, 0.400), center=(248, 273)
[INFO] [1789635266.195573458] [vision_manager]: Book detected: xyz=(-0.087, -0.179, 0.401), center=(251, 98)
[INFO] [1789635266.199957609] [vision_manager]: Book detected: xyz=(-0.112, -0.096, 0.507), center=(250, 180)
[INFO] [1789635266.201295917] [vision_manager]: Book detected: xyz=(0.734, 0.005, 0.869), center=(588, 242)
[INFO] [1789635266.203479486] [vision_manager]: Book detected: xyz=(0.647, 0.000, 0.869), center=(556, 240)
[INFO] [1789635266.205642140] [vision_manager]: Book detected: xyz=(-0.093, -0.021, 0.411), center=(248, 224)
[INFO] [1789635266.207818304] [vision_manager]: Book detected: xyz=(-0.091, 0.042, 0.400), center=(248, 273)
[INFO] [1789635266.406233692] [vision_manager]: Book detected: xyz=(-0.086, -0.179, 0.401), center=(252, 98)
[INFO] [1789635266.407539452] [vision_manager]: Book detected: xyz=(-0.112, -0.096, 0.507), center=(250, 180)
[INFO] [1789635266.408633686] [vision_manager]: Book detected: xyz=(0.734, 0.005, 0.869), center=(588, 242)
[INFO] [1789635266.409890320] [vision_manager]: Book detected: xyz=(0.652, 0.000, 0.869), center=(558, 240)
[INFO] [1789635266.411748860] [vision_manager]: Book detected: xyz=(-0.088, -0.028, 0.401), center=(250, 218)
[INFO] [1789635266.413681775] [vision_manager]: Book detected: xyz=(-0.091, 0.039, 0.400), center=(248, 271)
[INFO] [1789635266.545107201] [vision_manager]: Book detected: xyz=(-0.086, -0.179, 0.401), center=(252, 98)
[INFO] [1789635266.546914992] [vision_manager]: Book detected: xyz=(-0.110, -0.096, 0.507), center=(251, 180)
[INFO] [1789635266.548632904] [vision_manager]: Book detected: xyz=(0.734, 0.005, 0.869), center=(588, 242)
[INFO] [1789635266.549888005] [vision_manager]: Book detected: xyz=(0.644, 0.000, 0.869), center=(555, 240)
[INFO] [1789635266.550950214] [vision_manager]: Book detected: xyz=(-0.093, -0.021, 0.411), center=(248, 224)
[INFO] [1789635266.551955971] [vision_manager]: Book detected: xyz=(-0.091, 0.038, 0.400), center=(248, 270)
[INFO] [1789635266.749760748] [vision_manager]: Book detected: xyz=(-0.085, -0.179, 0.401), center=(253, 98)
[INFO] [1789635266.751187219] [vision_manager]: Book detected: xyz=(-0.110, -0.096, 0.507), center=(251, 180)
[INFO] [1789635266.752466603] [vision_manager]: Book detected: xyz=(0.734, 0.005, 0.869), center=(588, 242)
[INFO] [1789635266.754023523] [vision_manager]: Book detected: xyz=(0.641, 0.000, 0.869), center=(554, 240)
[INFO] [1789635266.755308906] [vision_manager]: Book detected: xyz=(-0.089, -0.025, 0.401), center=(250, 220)
[INFO] [1789635266.756764186] [vision_manager]: Book detected: xyz=(-0.091, 0.037, 0.400), center=(248, 269)
[INFO] [1789635267.096990864] [vision_manager]: Book detected: xyz=(-0.086, -0.179, 0.401), center=(252, 98)
[INFO] [1789635267.098564318] [vision_manager]: Book detected: xyz=(-0.112, -0.096, 0.507), center=(250, 180)
[INFO] [1789635267.100019761] [vision_manager]: Book detected: xyz=(0.734, 0.005, 0.869), center=(588, 242)
[INFO] [1789635267.101683241] [vision_manager]: Book detected: xyz=(0.660, 0.000, 0.869), center=(561, 240)
[INFO] [1789635267.103133689] [vision_manager]: Book detected: xyz=(-0.100, -0.021, 0.439), center=(248, 225)
[INFO] [1789635267.104423910] [vision_manager]: Book detected: xyz=(-0.091, 0.037, 0.400), center=(248, 269)
[INFO] [1789635267.390955404] [vision_manager]: Book detected: xyz=(-0.086, -0.179, 0.401), center=(252, 98)
[INFO] [1789635267.393147045] [vision_manager]: Book detected: xyz=(-0.114, -0.096, 0.516), center=(250, 181)
[INFO] [1789635267.395624442] [vision_manager]: Book detected: xyz=(0.734, 0.005, 0.869), center=(588, 242)
[INFO] [1789635267.397108717] [vision_manager]: Book detected: xyz=(0.636, 0.000, 0.869), center=(552, 240)
[INFO] [1789635267.398668290] [vision_manager]: Book detected: xyz=(-0.098, -0.021, 0.439), center=(249, 225)
[INFO] [1789635267.400131256] [vision_manager]: Book detected: xyz=(-0.092, 0.030, 0.400), center=(247, 264)
[INFO] [1789635267.595843292] [vision_manager]: Book detected: xyz=(-0.086, -0.179, 0.401), center=(252, 98)
[INFO] [1789635267.597971871] [vision_manager]: Book detected: xyz=(-0.112, -0.096, 0.507), center=(250, 180)
[INFO] [1789635267.599725585] [vision_manager]: Book detected: xyz=(0.734, 0.005, 0.869), center=(588, 242)
[INFO] [1789635267.601343200] [vision_manager]: Book detected: xyz=(0.619, 0.000, 0.869), center=(546, 240)
[INFO] [1789635267.602611292] [vision_manager]: Book detected: xyz=(-0.090, -0.024, 0.402), center=(249, 221)
[INFO] [1789635267.604248437] [vision_manager]: Book detected: xyz=(-0.092, 0.042, 0.400), center=(247, 273)
[INFO] [1789635267.907314479] [vision_manager]: Book detected: xyz=(-0.087, -0.179, 0.401), center=(251, 98)
[INFO] [1789635267.908859888] [vision_manager]: Book detected: xyz=(0.734, 0.005, 0.869), center=(588, 242)
[INFO] [1789635267.910737762] [vision_manager]: Book detected: xyz=(-0.112, -0.096, 0.507), center=(250, 180)
[INFO] [1789635267.912920305] [vision_manager]: Book detected: xyz=(0.652, 0.000, 0.869), center=(558, 240)
[INFO] [1789635267.914379534] [vision_manager]: Book detected: xyz=(-0.090, -0.025, 0.401), center=(249, 220)
[INFO] [1789635267.915786485] [vision_manager]: Book detected: xyz=(-0.091, 0.044, 0.400), center=(248, 275)
[INFO] [1789635268.108800927] [vision_manager]: Book detected: xyz=(-0.086, -0.179, 0.401), center=(252, 98)
[INFO] [1789635268.109921475] [vision_manager]: Book detected: xyz=(0.734, 0.005, 0.869), center=(588, 242)
[INFO] [1789635268.110904778] [vision_manager]: Book detected: xyz=(-0.112, -0.096, 0.507), center=(250, 180)
[INFO] [1789635268.111826912] [vision_manager]: Book detected: xyz=(0.627, 0.000, 0.869), center=(549, 240)
[INFO] [1789635268.112744131] [vision_manager]: Book detected: xyz=(-0.093, -0.021, 0.411), center=(248, 224)
[INFO] [1789635268.113677946] [vision_manager]: Book detected: xyz=(-0.090, 0.043, 0.400), center=(249, 274)
[INFO] [1789635268.276395508] [vision_manager]: Book detected: xyz=(-0.086, -0.179, 0.401), center=(252, 98)
[INFO] [1789635268.278297571] [vision_manager]: Book detected: xyz=(0.734, 0.005, 0.869), center=(588, 242)
[INFO] [1789635268.280225627] [vision_manager]: Book detected: xyz=(-0.112, -0.096, 0.507), center=(250, 180)
[INFO] [1789635268.282010718] [vision_manager]: Book detected: xyz=(0.655, 0.000, 0.869), center=(559, 240)
[INFO] [1789635268.283608437] [vision_manager]: Book detected: xyz=(-0.093, -0.021, 0.411), center=(248, 224)
[INFO] [1789635268.285443260] [vision_manager]: Book detected: xyz=(-0.091, 0.042, 0.400), center=(248, 273)
[INFO] [1789635268.476980144] [vision_manager]: Book detected: xyz=(-0.086, -0.179, 0.401), center=(252, 98)
[INFO] [1789635268.478670839] [vision_manager]: Book detected: xyz=(0.737, 0.005, 0.869), center=(589, 242)
[INFO] [1789635268.480095510] [vision_manager]: Book detected: xyz=(-0.114, -0.096, 0.516), center=(250, 181)
[INFO] [1789635268.481537196] [vision_manager]: Book detected: xyz=(0.663, 0.000, 0.869), center=(562, 240)
[INFO] [1789635268.483058056] [vision_manager]: Book detected: xyz=(-0.098, -0.021, 0.439), center=(249, 225)
[INFO] [1789635268.484490050] [vision_manager]: Book detected: xyz=(-0.091, 0.038, 0.400), center=(248, 270)
[INFO] [1789635268.653464332] [vision_manager]: Book detected: xyz=(-0.086, -0.179, 0.401), center=(252, 98)
[INFO] [1789635268.654954649] [vision_manager]: Book detected: xyz=(0.734, 0.005, 0.869), center=(588, 242)
[INFO] [1789635268.656430902] [vision_manager]: Book detected: xyz=(-0.114, -0.096, 0.516), center=(250, 181)
[INFO] [1789635268.657934647] [vision_manager]: Book detected: xyz=(0.658, 0.000, 0.869), center=(560, 240)
[INFO] [1789635268.659098707] [vision_manager]: Book detected: xyz=(-0.093, -0.021, 0.411), center=(248, 224)
[INFO] [1789635268.660181896] [vision_manager]: Book detected: xyz=(-0.092, 0.040, 0.400), center=(247, 272)
[INFO] [1789635268.870848057] [vision_manager]: Book detected: xyz=(-0.085, -0.179, 0.401), center=(253, 98)
[INFO] [1789635268.872062357] [vision_manager]: Book detected: xyz=(0.734, 0.005, 0.869), center=(588, 242)
[INFO] [1789635268.873404952] [vision_manager]: Book detected: xyz=(-0.114, -0.096, 0.516), center=(250, 181)
[INFO] [1789635268.874981059] [vision_manager]: Book detected: xyz=(0.649, 0.000, 0.869), center=(557, 240)
[INFO] [1789635268.876922838] [vision_manager]: Book detected: xyz=(-0.100, -0.021, 0.439), center=(248, 225)
[INFO] [1789635268.878499560] [vision_manager]: Book detected: xyz=(-0.091, 0.038, 0.400), center=(248, 270)
[INFO] [1789635269.175156093] [vision_manager]: Book detected: xyz=(-0.086, -0.179, 0.401), center=(252, 98)
[INFO] [1789635269.180776714] [vision_manager]: Book detected: xyz=(0.734, 0.005, 0.869), center=(588, 242)
[INFO] [1789635269.185282010] [vision_manager]: Book detected: xyz=(-0.114, -0.096, 0.507), center=(249, 180)
[INFO] [1789635269.186739373] [vision_manager]: Book detected: xyz=(0.658, 0.000, 0.869), center=(560, 240)
[INFO] [1789635269.187993014] [vision_manager]: Book detected: xyz=(-0.091, -0.027, 0.401), center=(248, 219)
[INFO] [1789635269.191128463] [vision_manager]: Book detected: xyz=(-0.092, 0.039, 0.400), center=(247, 271)
[INFO] [1789635269.743494068] [vision_manager]: Book detected: xyz=(-0.086, -0.179, 0.401), center=(252, 98)
[INFO] [1789635269.744672148] [vision_manager]: Book detected: xyz=(-0.114, -0.096, 0.507), center=(249, 180)
[INFO] [1789635269.745932894] [vision_manager]: Book detected: xyz=(0.737, 0.005, 0.869), center=(589, 242)
[INFO] [1789635269.747155391] [vision_manager]: Book detected: xyz=(0.669, 0.000, 0.869), center=(564, 240)
[INFO] [1789635269.748316217] [vision_manager]: Book detected: xyz=(-0.091, -0.024, 0.402), center=(248, 221)
[INFO] [1789635269.749410057] [vision_manager]: Book detected: xyz=(-0.091, 0.038, 0.400), center=(248, 270)
[INFO] [1789635269.945677460] [vision_manager]: Book detected: xyz=(-0.086, -0.179, 0.401), center=(252, 98)
[INFO] [1789635269.947315201] [vision_manager]: Book detected: xyz=(-0.114, -0.096, 0.516), center=(250, 181)
[INFO] [1789635269.948562634] [vision_manager]: Book detected: xyz=(0.734, 0.005, 0.869), center=(588, 242)
[INFO] [1789635269.950787988] [vision_manager]: Book detected: xyz=(0.671, 0.000, 0.869), center=(565, 240)
[INFO] [1789635269.952365534] [vision_manager]: Book detected: xyz=(-0.093, -0.021, 0.411), center=(248, 224)
[INFO] [1789635271.239967893] [vision_manager]: Book detected: xyz=(-0.086, -0.179, 0.401), center=(252, 98)
[INFO] [1789635271.241181269] [vision_manager]: Book detected: xyz=(-0.114, -0.096, 0.507), center=(249, 180)
[INFO] [1789635271.242248959] [vision_manager]: Book detected: xyz=(0.737, 0.005, 0.869), center=(589, 242)
[INFO] [1789635271.243301413] [vision_manager]: Book detected: xyz=(-0.100, -0.021, 0.439), center=(248, 225)
[INFO] [1789635271.244328056] [vision_manager]: Book detected: xyz=(-0.093, 0.019, 0.404), center=(247, 255)
[INFO] [1789635271.389006932] [vision_manager]: Book detected: xyz=(-0.086, -0.179, 0.401), center=(252, 98)
[INFO] [1789635271.390027985] [vision_manager]: Book detected: xyz=(-0.112, -0.096, 0.507), center=(250, 180)
[INFO] [1789635271.390987866] [vision_manager]: Book detected: xyz=(0.734, 0.005, 0.869), center=(588, 242)
[INFO] [1789635271.391949553] [vision_manager]: Book detected: xyz=(0.658, 0.000, 0.869), center=(560, 240)
[INFO] [1789635271.392915081] [vision_manager]: Book detected: xyz=(-0.090, -0.023, 0.402), center=(249, 222)
[INFO] [1789635271.393994857] [vision_manager]: Book detected: xyz=(-0.091, 0.038, 0.400), center=(248, 270)
[INFO] [1789635271.560459246] [vision_manager]: Book detected: xyz=(-0.087, -0.179, 0.401), center=(251, 98)
[INFO] [1789635271.562171005] [vision_manager]: Book detected: xyz=(-0.112, -0.096, 0.507), center=(250, 180)
[INFO] [1789635271.563517084] [vision_manager]: Book detected: xyz=(0.734, 0.005, 0.869), center=(588, 242)
[INFO] [1789635271.564773581] [vision_manager]: Book detected: xyz=(0.655, 0.000, 0.869), center=(559, 240)
[INFO] [1789635271.566032305] [vision_manager]: Book detected: xyz=(-0.090, -0.027, 0.401), center=(249, 219)
[INFO] [1789635271.567506054] [vision_manager]: Book detected: xyz=(-0.091, 0.040, 0.400), center=(248, 272)
[INFO] [1789635271.733342991] [vision_manager]: Book detected: xyz=(-0.087, -0.179, 0.401), center=(251, 98)
[INFO] [1789635271.734426730] [vision_manager]: Book detected: xyz=(0.734, 0.005, 0.869), center=(588, 242)
[INFO] [1789635271.735627143] [vision_manager]: Book detected: xyz=(-0.114, -0.096, 0.507), center=(249, 180)
[INFO] [1789635271.736692382] [vision_manager]: Book detected: xyz=(0.644, 0.000, 0.869), center=(555, 240)
[INFO] [1789635271.737765682] [vision_manager]: Book detected: xyz=(-0.090, -0.025, 0.401), center=(249, 220)
[INFO] [1789635271.738808100] [vision_manager]: Book detected: xyz=(-0.092, 0.040, 0.400), center=(247, 272)
[INFO] [1789635271.942251950] [vision_manager]: Book detected: xyz=(-0.086, -0.179, 0.401), center=(252, 98)
[INFO] [1789635271.943676482] [vision_manager]: Book detected: xyz=(0.734, 0.005, 0.869), center=(588, 242)
[INFO] [1789635271.945004156] [vision_manager]: Book detected: xyz=(-0.112, -0.096, 0.499), center=(249, 179)
[INFO] [1789635271.946224590] [vision_manager]: Book detected: xyz=(0.644, 0.000, 0.869), center=(555, 240)
[INFO] [1789635271.947677866] [vision_manager]: Book detected: xyz=(-0.091, -0.024, 0.402), center=(248, 221)
[INFO] [1789635271.949087787] [vision_manager]: Book detected: xyz=(-0.093, 0.039, 0.400), center=(246, 271)
[INFO] [1789635272.274767548] [vision_manager]: Book detected: xyz=(-0.086, -0.179, 0.401), center=(252, 98)
[INFO] [1789635272.275986195] [vision_manager]: Book detected: xyz=(0.734, 0.005, 0.869), center=(588, 242)
[INFO] [1789635272.277577827] [vision_manager]: Book detected: xyz=(-0.114, -0.096, 0.507), center=(249, 180)
[INFO] [1789635272.279254057] [vision_manager]: Book detected: xyz=(0.638, 0.000, 0.869), center=(553, 240)
[INFO] [1789635272.282016337] [vision_manager]: Book detected: xyz=(-0.091, -0.027, 0.401), center=(248, 219)
[INFO] [1789635272.283738508] [vision_manager]: Book detected: xyz=(-0.092, 0.039, 0.400), center=(247, 271)
[INFO] [1789635272.463756012] [vision_manager]: Book detected: xyz=(-0.085, -0.180, 0.400), center=(253, 97)
[INFO] [1789635272.464975226] [vision_manager]: Book detected: xyz=(-0.112, -0.096, 0.507), center=(250, 180)
[INFO] [1789635272.466363822] [vision_manager]: Book detected: xyz=(0.734, 0.005, 0.869), center=(588, 242)
[INFO] [1789635272.468070526] [vision_manager]: Book detected: xyz=(0.655, 0.000, 0.869), center=(559, 240)
[INFO] [1789635272.470465450] [vision_manager]: Book detected: xyz=(-0.093, -0.021, 0.411), center=(248, 224)
[INFO] [1789635272.471761555] [vision_manager]: Book detected: xyz=(-0.091, 0.039, 0.400), center=(248, 271)
[INFO] [1789635272.691425335] [vision_manager]: Book detected: xyz=(-0.086, -0.179, 0.401), center=(252, 98)
[INFO] [1789635272.693030312] [vision_manager]: Book detected: xyz=(-0.112, -0.096, 0.507), center=(250, 180)
[INFO] [1789635272.694992841] [vision_manager]: Book detected: xyz=(0.734, 0.005, 0.869), center=(588, 242)
[INFO] [1789635272.699351009] [vision_manager]: Book detected: xyz=(0.649, 0.000, 0.869), center=(557, 240)
[INFO] [1789635272.700993805] [vision_manager]: Book detected: xyz=(-0.100, -0.021, 0.439), center=(248, 225)
[INFO] [1789635272.702401877] [vision_manager]: Book detected: xyz=(-0.092, 0.039, 0.400), center=(247, 271)
[INFO] [1789635272.879967433] [vision_manager]: Book detected: xyz=(-0.085, -0.179, 0.401), center=(253, 98)
[INFO] [1789635272.881022608] [vision_manager]: Book detected: xyz=(0.734, 0.005, 0.869), center=(588, 242)
[INFO] [1789635272.882099153] [vision_manager]: Book detected: xyz=(-0.110, -0.096, 0.499), center=(250, 179)
[INFO] [1789635272.883130729] [vision_manager]: Book detected: xyz=(0.655, 0.000, 0.869), center=(559, 240)
[INFO] [1789635272.884144473] [vision_manager]: Book detected: xyz=(-0.091, -0.025, 0.401), center=(248, 220)
[INFO] [1789635272.885123096] [vision_manager]: Book detected: xyz=(-0.093, 0.039, 0.400), center=(246, 271)
[INFO] [1789635273.024187877] [vision_manager]: Book detected: xyz=(-0.086, -0.179, 0.401), center=(252, 98)
[INFO] [1789635273.025676094] [vision_manager]: Book detected: xyz=(0.734, 0.005, 0.869), center=(588, 242)
[INFO] [1789635273.026891148] [vision_manager]: Book detected: xyz=(-0.113, -0.096, 0.499), center=(248, 179)
[INFO] [1789635273.027892029] [vision_manager]: Book detected: xyz=(0.671, 0.000, 0.869), center=(565, 240)
[INFO] [1789635273.028892592] [vision_manager]: Book detected: xyz=(-0.092, -0.024, 0.402), center=(247, 221)
[INFO] [1789635273.029909665] [vision_manager]: Book detected: xyz=(-0.095, 0.038, 0.400), center=(245, 270)
[INFO] [1789635273.153345621] [vision_manager]: Book detected: xyz=(-0.085, -0.179, 0.401), center=(253, 98)
[INFO] [1789635273.155188919] [vision_manager]: Book detected: xyz=(-0.110, -0.096, 0.499), center=(250, 179)
[INFO] [1789635273.156291238] [vision_manager]: Book detected: xyz=(0.734, 0.005, 0.869), center=(588, 242)
[INFO] [1789635273.157337960] [vision_manager]: Book detected: xyz=(0.658, 0.000, 0.869), center=(560, 240)
[INFO] [1789635273.158398274] [vision_manager]: Book detected: xyz=(-0.093, -0.021, 0.411), center=(248, 224)
[INFO] [1789635273.159429861] [vision_manager]: Book detected: xyz=(-0.093, 0.037, 0.400), center=(246, 269)
[INFO] [1789635273.319232117] [vision_manager]: Book detected: xyz=(-0.085, -0.180, 0.400), center=(253, 97)
[INFO] [1789635273.320829860] [vision_manager]: Book detected: xyz=(-0.110, -0.096, 0.499), center=(250, 179)
[INFO] [1789635273.322458420] [vision_manager]: Book detected: xyz=(0.734, 0.005, 0.869), center=(588, 242)
[INFO] [1789635273.323988537] [vision_manager]: Book detected: xyz=(0.655, 0.000, 0.869), center=(559, 240)
[INFO] [1789635273.325990593] [vision_manager]: Book detected: xyz=(-0.093, -0.021, 0.411), center=(248, 224)
[INFO] [1789635273.327690469] [vision_manager]: Book detected: xyz=(-0.092, 0.037, 0.400), center=(247, 269)
[INFO] [1789635273.628142354] [vision_manager]: Book detected: xyz=(-0.086, -0.180, 0.400), center=(252, 97)
[INFO] [1789635273.630254443] [vision_manager]: Book detected: xyz=(-0.112, -0.096, 0.507), center=(250, 180)
[INFO] [1789635273.631845740] [vision_manager]: Book detected: xyz=(0.734, 0.005, 0.869), center=(588, 242)
[INFO] [1789635273.633035395] [vision_manager]: Book detected: xyz=(0.647, 0.000, 0.869), center=(556, 240)
[INFO] [1789635273.634401436] [vision_manager]: Book detected: xyz=(-0.091, -0.027, 0.401), center=(248, 219)
[INFO] [1789635273.635599227] [vision_manager]: Book detected: xyz=(-0.092, 0.033, 0.400), center=(247, 266)
[INFO] [1789635273.930864828] [vision_manager]: Book detected: xyz=(-0.086, -0.180, 0.400), center=(252, 97)
[INFO] [1789635273.932454031] [vision_manager]: Book detected: xyz=(-0.112, -0.096, 0.507), center=(250, 180)
[INFO] [1789635273.933741130] [vision_manager]: Book detected: xyz=(0.734, 0.005, 0.869), center=(588, 242)
[INFO] [1789635273.934963750] [vision_manager]: Book detected: xyz=(0.658, 0.000, 0.869), center=(560, 240)
[INFO] [1789635273.936215856] [vision_manager]: Book detected: xyz=(-0.090, -0.025, 0.401), center=(249, 220)
[INFO] [1789635273.937562513] [vision_manager]: Book detected: xyz=(-0.091, 0.037, 0.400), center=(248, 269)
[INFO] [1789635274.090041676] [vision_manager]: Book detected: xyz=(-0.085, -0.180, 0.400), center=(253, 97)
[INFO] [1789635274.091997682] [vision_manager]: Book detected: xyz=(-0.114, -0.096, 0.516), center=(250, 181)
[INFO] [1789635274.093799439] [vision_manager]: Book detected: xyz=(0.734, 0.005, 0.869), center=(588, 242)
[INFO] [1789635274.095282000] [vision_manager]: Book detected: xyz=(0.658, 0.000, 0.869), center=(560, 240)
[INFO] [1789635274.096681818] [vision_manager]: Book detected: xyz=(-0.090, -0.022, 0.403), center=(249, 223)
[INFO] [1789635274.098463164] [vision_manager]: Book detected: xyz=(-0.091, 0.039, 0.400), center=(248, 271)
[INFO] [1789635274.272512529] [vision_manager]: Book detected: xyz=(-0.086, -0.179, 0.401), center=(252, 98)
[INFO] [1789635274.273622761] [vision_manager]: Book detected: xyz=(-0.114, -0.096, 0.516), center=(250, 181)
[INFO] [1789635274.274592627] [vision_manager]: Book detected: xyz=(0.734, 0.005, 0.869), center=(588, 242)
[INFO] [1789635274.275520737] [vision_manager]: Book detected: xyz=(0.641, 0.000, 0.869), center=(554, 240)
[INFO] [1789635274.276482834] [vision_manager]: Book detected: xyz=(-0.090, -0.022, 0.403), center=(249, 223)
[INFO] [1789635274.277467656] [vision_manager]: Book detected: xyz=(-0.091, 0.023, 0.402), center=(248, 258)
[INFO] [1789635274.434261591] [vision_manager]: Book detected: xyz=(-0.085, -0.180, 0.400), center=(253, 97)
[INFO] [1789635274.435818111] [vision_manager]: Book detected: xyz=(-0.112, -0.096, 0.516), center=(251, 181)
[INFO] [1789635274.437063573] [vision_manager]: Book detected: xyz=(0.734, 0.005, 0.869), center=(588, 242)
[INFO] [1789635274.438291601] [vision_manager]: Book detected: xyz=(0.652, 0.000, 0.869), center=(558, 240)
[INFO] [1789635274.439515051] [vision_manager]: Book detected: xyz=(-0.090, -0.022, 0.403), center=(249, 223)
[INFO] [1789635274.440749440] [vision_manager]: Book detected: xyz=(-0.090, 0.032, 0.400), center=(249, 265)
[INFO] [1789635274.600718104] [vision_manager]: Book detected: xyz=(-0.085, -0.180, 0.400), center=(253, 97)
[INFO] [1789635274.602367032] [vision_manager]: Book detected: xyz=(-0.110, -0.096, 0.507), center=(251, 180)
[INFO] [1789635274.603743841] [vision_manager]: Book detected: xyz=(0.734, 0.005, 0.869), center=(588, 242)
[INFO] [1789635274.605111103] [vision_manager]: Book detected: xyz=(0.655, 0.000, 0.869), center=(559, 240)
[INFO] [1789635274.606467400] [vision_manager]: Book detected: xyz=(-0.090, -0.022, 0.403), center=(249, 223)
[INFO] [1789635274.607840475] [vision_manager]: Book detected: xyz=(-0.091, 0.034, 0.400), center=(248, 267)
[INFO] [1789635274.765721008] [vision_manager]: Book detected: xyz=(-0.086, -0.180, 0.400), center=(252, 97)
[INFO] [1789635274.766984750] [vision_manager]: Book detected: xyz=(-0.112, -0.096, 0.516), center=(251, 181)
[INFO] [1789635274.768091636] [vision_manager]: Book detected: xyz=(0.734, 0.005, 0.869), center=(588, 242)
[INFO] [1789635274.769162153] [vision_manager]: Book detected: xyz=(0.655, 0.000, 0.869), center=(559, 240)
[INFO] [1789635274.770234033] [vision_manager]: Book detected: xyz=(-0.092, -0.021, 0.411), center=(249, 224)
[INFO] [1789635274.771339144] [vision_manager]: Book detected: xyz=(-0.091, 0.030, 0.400), center=(248, 264)
[INFO] [1789635274.949888365] [vision_manager]: Book detected: xyz=(-0.086, -0.180, 0.400), center=(252, 97)
[INFO] [1789635274.950851993] [vision_manager]: Book detected: xyz=(-0.114, -0.096, 0.516), center=(250, 181)
[INFO] [1789635274.951779679] [vision_manager]: Book detected: xyz=(0.734, 0.005, 0.869), center=(588, 242)
[INFO] [1789635274.952705232] [vision_manager]: Book detected: xyz=(0.655, 0.000, 0.869), center=(559, 240)
[INFO] [1789635274.953642570] [vision_manager]: Book detected: xyz=(-0.093, -0.021, 0.411), center=(248, 224)
[INFO] [1789635274.954575470] [vision_manager]: Book detected: xyz=(-0.091, 0.038, 0.400), center=(248, 270)
[INFO] [1789635275.101152348] [vision_manager]: Book detected: xyz=(-0.086, -0.180, 0.400), center=(252, 97)
[INFO] [1789635275.103046156] [vision_manager]: Book detected: xyz=(-0.112, -0.096, 0.507), center=(250, 180)
[INFO] [1789635275.104758567] [vision_manager]: Book detected: xyz=(0.734, 0.005, 0.869), center=(588, 242)
[INFO] [1789635275.106464161] [vision_manager]: Book detected: xyz=(0.658, 0.000, 0.869), center=(560, 240)
[INFO] [1789635275.108206584] [vision_manager]: Book detected: xyz=(-0.100, -0.021, 0.439), center=(248, 225)
[INFO] [1789635275.109926993] [vision_manager]: Book detected: xyz=(-0.091, 0.039, 0.400), center=(248, 271)
[INFO] [1789635275.275667354] [vision_manager]: Book detected: xyz=(-0.085, -0.180, 0.400), center=(253, 97)
[INFO] [1789635275.276741996] [vision_manager]: Book detected: xyz=(-0.110, -0.096, 0.507), center=(251, 180)
[INFO] [1789635275.277741207] [vision_manager]: Book detected: xyz=(0.734, 0.005, 0.869), center=(588, 242)
[INFO] [1789635275.278702825] [vision_manager]: Book detected: xyz=(0.641, 0.000, 0.869), center=(554, 240)
[INFO] [1789635275.279633519] [vision_manager]: Book detected: xyz=(-0.093, -0.021, 0.411), center=(248, 224)
[INFO] [1789635275.280578125] [vision_manager]: Book detected: xyz=(-0.092, 0.035, 0.400), center=(247, 268)
[INFO] [1789635275.441241430] [vision_manager]: Book detected: xyz=(-0.085, -0.180, 0.400), center=(253, 97)
[INFO] [1789635275.442786501] [vision_manager]: Book detected: xyz=(-0.112, -0.096, 0.507), center=(250, 180)
[INFO] [1789635275.444234865] [vision_manager]: Book detected: xyz=(0.734, 0.005, 0.869), center=(588, 242)
[INFO] [1789635275.445451684] [vision_manager]: Book detected: xyz=(0.638, 0.000, 0.869), center=(553, 240)
[INFO] [1789635275.446666574] [vision_manager]: Book detected: xyz=(-0.090, -0.024, 0.402), center=(249, 221)
[INFO] [1789635275.447869166] [vision_manager]: Book detected: xyz=(-0.092, 0.037, 0.400), center=(247, 269)
[INFO] [1789635275.645343322] [vision_manager]: Book detected: xyz=(-0.085, -0.179, 0.401), center=(253, 98)
[INFO] [1789635275.647256321] [vision_manager]: Book detected: xyz=(-0.114, -0.096, 0.507), center=(249, 180)
[INFO] [1789635275.649016339] [vision_manager]: Book detected: xyz=(0.734, 0.005, 0.869), center=(588, 242)
[INFO] [1789635275.650758913] [vision_manager]: Book detected: xyz=(0.641, 0.000, 0.869), center=(554, 240)
[INFO] [1789635275.652364688] [vision_manager]: Book detected: xyz=(-0.091, -0.022, 0.403), center=(248, 223)
[INFO] [1789635275.654518385] [vision_manager]: Book detected: xyz=(-0.092, 0.035, 0.400), center=(247, 268)
[INFO] [1789635275.858458480] [vision_manager]: Book detected: xyz=(-0.085, -0.179, 0.401), center=(253, 98)
[INFO] [1789635275.859524009] [vision_manager]: Book detected: xyz=(-0.112, -0.096, 0.507), center=(250, 180)
[INFO] [1789635275.860514791] [vision_manager]: Book detected: xyz=(0.734, 0.005, 0.869), center=(588, 242)
[INFO] [1789635275.861477156] [vision_manager]: Book detected: xyz=(0.636, 0.003, 0.869), center=(552, 241)
[INFO] [1789635275.862424022] [vision_manager]: Book detected: xyz=(-0.090, -0.023, 0.402), center=(249, 222)
[INFO] [1789635275.863352552] [vision_manager]: Book detected: xyz=(-0.092, 0.038, 0.400), center=(247, 270)
[INFO] [1789635276.327425778] [vision_manager]: Book detected: xyz=(-0.085, -0.179, 0.401), center=(253, 98)
[INFO] [1789635276.328288627] [vision_manager]: Book detected: xyz=(-0.112, -0.096, 0.499), center=(249, 179)
[INFO] [1789635276.329124886] [vision_manager]: Book detected: xyz=(0.734, 0.005, 0.869), center=(588, 242)
[INFO] [1789635276.329923354] [vision_manager]: Book detected: xyz=(0.633, 0.003, 0.869), center=(551, 241)
[INFO] [1789635276.330739574] [vision_manager]: Book detected: xyz=(-0.100, -0.021, 0.439), center=(248, 225)
[INFO] [1789635276.331559616] [vision_manager]: Book detected: xyz=(-0.092, 0.040, 0.400), center=(247, 272)
[INFO] [1789635278.109280209] [vision_manager]: Book detected: xyz=(-0.085, -0.179, 0.401), center=(253, 98)
[INFO] [1789635278.113804564] [vision_manager]: Book detected: xyz=(-0.112, -0.096, 0.516), center=(251, 181)
[INFO] [1789635278.117127836] [vision_manager]: Book detected: xyz=(0.734, 0.005, 0.869), center=(588, 242)
[INFO] [1789635278.118235667] [vision_manager]: Book detected: xyz=(0.649, 0.000, 0.869), center=(557, 240)
[INFO] [1789635278.122003371] [vision_manager]: Book detected: xyz=(-0.106, -0.021, 0.472), center=(249, 226)
[INFO] [1789635278.124259953] [vision_manager]: Book detected: xyz=(-0.091, 0.028, 0.401), center=(248, 262)
[INFO] [1789635278.125583767] [vision_manager]: No placeable empty shelf position found
[INFO] [1789635279.135941318] [vision_manager]: Book detected: xyz=(-0.085, -0.179, 0.401), center=(253, 98)
[INFO] [1789635279.137185995] [vision_manager]: Book detected: xyz=(0.734, 0.005, 0.869), center=(588, 242)
[INFO] [1789635279.138347727] [vision_manager]: Book detected: xyz=(-0.114, -0.096, 0.516), center=(250, 181)
[INFO] [1789635279.139492951] [vision_manager]: Book detected: xyz=(0.652, 0.000, 0.869), center=(558, 240)
[INFO] [1789635279.140620183] [vision_manager]: Book detected: xyz=(-0.090, -0.023, 0.402), center=(249, 222)
[INFO] [1789635279.141727674] [vision_manager]: Book detected: xyz=(-0.091, 0.040, 0.400), center=(248, 272)
[INFO] [1789635279.330877655] [vision_manager]: Book detected: xyz=(-0.086, -0.180, 0.400), center=(252, 97)
[INFO] [1789635279.332199302] [vision_manager]: Book detected: xyz=(-0.112, -0.096, 0.507), center=(250, 180)
[INFO] [1789635279.333434176] [vision_manager]: Book detected: xyz=(0.734, 0.005, 0.869), center=(588, 242)
[INFO] [1789635279.334648968] [vision_manager]: Book detected: xyz=(0.644, 0.000, 0.869), center=(555, 240)
[INFO] [1789635279.335793615] [vision_manager]: Book detected: xyz=(-0.092, -0.021, 0.411), center=(249, 224)
[INFO] [1789635279.336960996] [vision_manager]: Book detected: xyz=(-0.088, 0.042, 0.400), center=(250, 273)
[INFO] [1789635279.464941846] [vision_manager]: Book detected: xyz=(-0.086, -0.179, 0.401), center=(252, 98)
[INFO] [1789635279.466165293] [vision_manager]: Book detected: xyz=(0.734, 0.005, 0.869), center=(588, 242)
[INFO] [1789635279.467343087] [vision_manager]: Book detected: xyz=(-0.108, -0.096, 0.499), center=(251, 179)
[INFO] [1789635279.468518395] [vision_manager]: Book detected: xyz=(0.644, 0.000, 0.869), center=(555, 240)
[INFO] [1789635279.469846794] [vision_manager]: Book detected: xyz=(-0.092, -0.021, 0.411), center=(249, 224)
[INFO] [1789635279.471505561] [vision_manager]: Book detected: xyz=(-0.090, 0.042, 0.400), center=(249, 273)
[INFO] [1789635279.648756754] [vision_manager]: Book detected: xyz=(-0.086, -0.179, 0.401), center=(252, 98)
[INFO] [1789635279.650229383] [vision_manager]: Book detected: xyz=(0.734, 0.005, 0.869), center=(588, 242)
[INFO] [1789635279.651517961] [vision_manager]: Book detected: xyz=(-0.108, -0.096, 0.499), center=(251, 179)
[INFO] [1789635279.652757462] [vision_manager]: Book detected: xyz=(0.636, 0.000, 0.869), center=(552, 240)
[INFO] [1789635279.654326948] [vision_manager]: Book detected: xyz=(-0.090, -0.022, 0.403), center=(249, 223)
[INFO] [1789635279.656021981] [vision_manager]: Book detected: xyz=(-0.090, 0.042, 0.400), center=(249, 273)
[INFO] [1789635279.830514676] [vision_manager]: Book detected: xyz=(-0.086, -0.179, 0.401), center=(252, 98)
[INFO] [1789635279.831757647] [vision_manager]: Book detected: xyz=(0.734, 0.005, 0.869), center=(588, 242)
[INFO] [1789635279.832967052] [vision_manager]: Book detected: xyz=(-0.112, -0.096, 0.507), center=(250, 180)
[INFO] [1789635279.834143383] [vision_manager]: Book detected: xyz=(0.641, 0.000, 0.869), center=(554, 240)
[INFO] [1789635279.835368038] [vision_manager]: Book detected: xyz=(-0.092, -0.021, 0.411), center=(249, 224)
[INFO] [1789635279.836540732] [vision_manager]: Book detected: xyz=(-0.090, 0.040, 0.400), center=(249, 272)
[INFO] [1789635279.971152114] [vision_manager]: Book detected: xyz=(-0.086, -0.179, 0.401), center=(252, 98)
[INFO] [1789635279.972349821] [vision_manager]: Book detected: xyz=(0.734, 0.005, 0.869), center=(588, 242)
[INFO] [1789635279.973486485] [vision_manager]: Book detected: xyz=(-0.112, -0.096, 0.507), center=(250, 180)
[INFO] [1789635279.974564916] [vision_manager]: Book detected: xyz=(0.616, 0.000, 0.869), center=(545, 240)
[INFO] [1789635279.975875170] [vision_manager]: Book detected: xyz=(-0.098, -0.021, 0.439), center=(249, 225)
[INFO] [1789635279.977033063] [vision_manager]: Book detected: xyz=(-0.090, 0.040, 0.400), center=(249, 272)
[INFO] [1789635280.152438453] [vision_manager]: Book detected: xyz=(-0.086, -0.179, 0.401), center=(252, 98)
[INFO] [1789635280.153929406] [vision_manager]: Book detected: xyz=(0.734, 0.005, 0.869), center=(588, 242)
[INFO] [1789635280.155109742] [vision_manager]: Book detected: xyz=(-0.118, -0.096, 0.534), center=(250, 183)
[INFO] [1789635280.156237059] [vision_manager]: Book detected: xyz=(0.638, 0.000, 0.869), center=(553, 240)
[INFO] [1789635280.157345730] [vision_manager]: Book detected: xyz=(-0.092, -0.021, 0.411), center=(249, 224)
[INFO] [1789635280.158407120] [vision_manager]: Book detected: xyz=(-0.091, 0.043, 0.400), center=(248, 274)
[INFO] [1789635280.291906447] [vision_manager]: Book detected: xyz=(-0.086, -0.179, 0.401), center=(252, 98)
[INFO] [1789635280.292984747] [vision_manager]: Book detected: xyz=(0.734, 0.005, 0.869), center=(588, 242)
[INFO] [1789635280.294072698] [vision_manager]: Book detected: xyz=(-0.112, -0.096, 0.507), center=(250, 180)
[INFO] [1789635280.295147158] [vision_manager]: Book detected: xyz=(0.647, 0.000, 0.869), center=(556, 240)
[INFO] [1789635280.296238310] [vision_manager]: Book detected: xyz=(-0.092, -0.021, 0.411), center=(249, 224)
[INFO] [1789635280.297382460] [vision_manager]: Book detected: xyz=(-0.091, 0.042, 0.400), center=(248, 273)
[INFO] [1789635280.503944179] [vision_manager]: Book detected: xyz=(-0.086, -0.179, 0.401), center=(252, 98)
[INFO] [1789635280.505456852] [vision_manager]: Book detected: xyz=(0.734, 0.005, 0.869), center=(588, 242)
[INFO] [1789635280.506956209] [vision_manager]: Book detected: xyz=(-0.112, -0.096, 0.499), center=(249, 179)
[INFO] [1789635280.508432744] [vision_manager]: Book detected: xyz=(0.625, 0.000, 0.869), center=(548, 240)
[INFO] [1789635280.509896355] [vision_manager]: Book detected: xyz=(-0.098, -0.021, 0.439), center=(249, 225)
[INFO] [1789635280.511300789] [vision_manager]: Book detected: xyz=(-0.091, 0.042, 0.400), center=(248, 273)
[INFO] [1789635280.633124435] [vision_manager]: Book detected: xyz=(-0.086, -0.179, 0.401), center=(252, 98)
[INFO] [1789635280.635074007] [vision_manager]: Book detected: xyz=(0.734, 0.005, 0.869), center=(588, 242)
[INFO] [1789635280.636935163] [vision_manager]: Book detected: xyz=(-0.114, -0.096, 0.507), center=(249, 180)
[INFO] [1789635280.638474009] [vision_manager]: Book detected: xyz=(0.636, 0.000, 0.869), center=(552, 240)
[INFO] [1789635280.639965975] [vision_manager]: Book detected: xyz=(-0.114, -0.021, 0.511), center=(249, 227)
[INFO] [1789635280.641482887] [vision_manager]: Book detected: xyz=(-0.091, 0.044, 0.400), center=(248, 275)
[INFO] [1789635280.642544450] [vision_manager]: No placeable empty shelf position found
[INFO] [1789635280.796725186] [vision_manager]: Book detected: xyz=(-0.086, -0.180, 0.400), center=(252, 97)
[INFO] [1789635280.798106481] [vision_manager]: Book detected: xyz=(0.734, 0.005, 0.869), center=(588, 242)
[INFO] [1789635280.799428584] [vision_manager]: Book detected: xyz=(-0.112, -0.096, 0.507), center=(250, 180)
[INFO] [1789635280.803684098] [vision_manager]: Book detected: xyz=(0.652, 0.000, 0.869), center=(558, 240)
[INFO] [1789635280.804955682] [vision_manager]: Book detected: xyz=(-0.090, -0.022, 0.403), center=(249, 223)
[INFO] [1789635280.809497776] [vision_manager]: Book detected: xyz=(-0.091, 0.043, 0.400), center=(248, 274)
[INFO] [1789635280.955849541] [vision_manager]: Book detected: xyz=(-0.086, -0.179, 0.401), center=(252, 98)
[INFO] [1789635280.956899540] [vision_manager]: Book detected: xyz=(0.734, 0.005, 0.869), center=(588, 242)
[INFO] [1789635280.957904072] [vision_manager]: Book detected: xyz=(-0.112, -0.096, 0.499), center=(249, 179)
[INFO] [1789635280.958904813] [vision_manager]: Book detected: xyz=(0.644, 0.000, 0.869), center=(555, 240)
[INFO] [1789635280.959907612] [vision_manager]: Book detected: xyz=(-0.106, -0.021, 0.472), center=(249, 226)
[INFO] [1789635280.960927550] [vision_manager]: Book detected: xyz=(-0.092, 0.043, 0.400), center=(247, 274)
[INFO] [1789635280.961583853] [vision_manager]: No placeable empty shelf position found
[INFO] [1789635281.103759543] [vision_manager]: Book detected: xyz=(-0.086, -0.179, 0.401), center=(252, 98)
[INFO] [1789635281.105244190] [vision_manager]: Book detected: xyz=(-0.114, -0.096, 0.516), center=(250, 181)
[INFO] [1789635281.106589186] [vision_manager]: Book detected: xyz=(0.734, 0.005, 0.869), center=(588, 242)
[INFO] [1789635281.108070973] [vision_manager]: Book detected: xyz=(0.649, 0.000, 0.869), center=(557, 240)
[INFO] [1789635281.109112598] [vision_manager]: Book detected: xyz=(-0.107, -0.021, 0.472), center=(248, 226)
[INFO] [1789635281.110010070] [vision_manager]: Book detected: xyz=(-0.090, 0.044, 0.400), center=(249, 275)
[INFO] [1789635281.110623080] [vision_manager]: No placeable empty shelf position found
[INFO] [1789635281.223777117] [vision_manager]: Book detected: xyz=(-0.086, -0.179, 0.401), center=(252, 98)
[INFO] [1789635281.224888873] [vision_manager]: Book detected: xyz=(-0.112, -0.096, 0.507), center=(250, 180)
[INFO] [1789635281.225941661] [vision_manager]: Book detected: xyz=(0.734, 0.005, 0.869), center=(588, 242)
[INFO] [1789635281.226980714] [vision_manager]: Book detected: xyz=(0.638, 0.000, 0.869), center=(553, 240)
[INFO] [1789635281.228128578] [vision_manager]: Book detected: xyz=(-0.100, -0.021, 0.439), center=(248, 225)
[INFO] [1789635281.229142616] [vision_manager]: Book detected: xyz=(-0.090, 0.044, 0.400), center=(249, 275)
[INFO] [1789635281.357685787] [vision_manager]: Book detected: xyz=(-0.086, -0.179, 0.401), center=(252, 98)
[INFO] [1789635281.359275469] [vision_manager]: Book detected: xyz=(-0.112, -0.096, 0.507), center=(250, 180)
[INFO] [1789635281.361077267] [vision_manager]: Book detected: xyz=(0.734, 0.005, 0.869), center=(588, 242)
[INFO] [1789635281.362640654] [vision_manager]: Book detected: xyz=(0.636, 0.000, 0.869), center=(552, 240)
[INFO] [1789635281.363829798] [vision_manager]: Book detected: xyz=(-0.100, -0.021, 0.439), center=(248, 225)
[INFO] [1789635281.365009287] [vision_manager]: Book detected: xyz=(-0.091, 0.044, 0.400), center=(248, 275)
[INFO] [1789635281.492324999] [vision_manager]: Book detected: xyz=(-0.086, -0.179, 0.401), center=(252, 98)
[INFO] [1789635281.494519741] [vision_manager]: Book detected: xyz=(0.737, 0.005, 0.869), center=(589, 242)
[INFO] [1789635281.495898446] [vision_manager]: Book detected: xyz=(-0.112, -0.096, 0.507), center=(250, 180)
[INFO] [1789635281.497222334] [vision_manager]: Book detected: xyz=(0.658, 0.000, 0.869), center=(560, 240)
[INFO] [1789635281.498528755] [vision_manager]: Book detected: xyz=(-0.093, -0.021, 0.411), center=(248, 224)
[INFO] [1789635281.499833635] [vision_manager]: Book detected: xyz=(-0.091, 0.043, 0.400), center=(248, 274)
[INFO] [1789635281.617224850] [vision_manager]: Book detected: xyz=(-0.086, -0.179, 0.401), center=(252, 98)
[INFO] [1789635281.618383153] [vision_manager]: Book detected: xyz=(0.734, 0.005, 0.869), center=(588, 242)
[INFO] [1789635281.619408552] [vision_manager]: Book detected: xyz=(-0.110, -0.096, 0.499), center=(250, 179)
[INFO] [1789635281.620371494] [vision_manager]: Book detected: xyz=(0.641, 0.000, 0.869), center=(554, 240)
[INFO] [1789635281.621338409] [vision_manager]: Book detected: xyz=(-0.100, -0.021, 0.439), center=(248, 225)
[INFO] [1789635281.622306209] [vision_manager]: Book detected: xyz=(-0.091, 0.043, 0.400), center=(248, 274)
[INFO] [1789635281.759839299] [vision_manager]: Book detected: xyz=(-0.085, -0.179, 0.401), center=(253, 98)
[INFO] [1789635281.761336214] [vision_manager]: Book detected: xyz=(-0.108, -0.096, 0.499), center=(251, 179)
[INFO] [1789635281.762697428] [vision_manager]: Book detected: xyz=(0.734, 0.005, 0.869), center=(588, 242)
[INFO] [1789635281.764205929] [vision_manager]: Book detected: xyz=(0.636, 0.000, 0.869), center=(552, 240)
[INFO] [1789635281.766522579] [vision_manager]: Book detected: xyz=(-0.098, -0.021, 0.439), center=(249, 225)
[INFO] [1789635281.768028389] [vision_manager]: Book detected: xyz=(-0.090, 0.043, 0.400), center=(249, 274)
[INFO] [1789635281.922456647] [vision_manager]: Book detected: xyz=(-0.085, -0.180, 0.400), center=(253, 97)
[INFO] [1789635281.926220178] [vision_manager]: Book detected: xyz=(0.734, 0.005, 0.869), center=(588, 242)
[INFO] [1789635281.927639835] [vision_manager]: Book detected: xyz=(-0.112, -0.096, 0.507), center=(250, 180)
[INFO] [1789635281.929991383] [vision_manager]: Book detected: xyz=(0.614, 0.000, 0.869), center=(544, 240)
[INFO] [1789635281.931909991] [vision_manager]: Book detected: xyz=(-0.098, -0.021, 0.439), center=(249, 225)
[INFO] [1789635281.933401527] [vision_manager]: Book detected: xyz=(-0.091, 0.038, 0.400), center=(248, 270)
[INFO] [1789635282.085180501] [vision_manager]: Book detected: xyz=(-0.085, -0.180, 0.400), center=(253, 97)
[INFO] [1789635282.086442532] [vision_manager]: Book detected: xyz=(0.734, 0.005, 0.869), center=(588, 242)
[INFO] [1789635282.087552426] [vision_manager]: Book detected: xyz=(-0.112, -0.096, 0.507), center=(250, 180)
[INFO] [1789635282.088668053] [vision_manager]: Book detected: xyz=(0.633, 0.000, 0.869), center=(551, 240)
[INFO] [1789635282.089792993] [vision_manager]: Book detected: xyz=(-0.093, -0.021, 0.411), center=(248, 224)
[INFO] [1789635282.090902618] [vision_manager]: Book detected: xyz=(-0.092, 0.039, 0.400), center=(247, 271)
[INFO] [1789635282.222159829] [vision_manager]: Book detected: xyz=(-0.085, -0.180, 0.400), center=(253, 97)
[INFO] [1789635282.223529458] [vision_manager]: Book detected: xyz=(-0.108, -0.096, 0.499), center=(251, 179)
[INFO] [1789635282.224835783] [vision_manager]: Book detected: xyz=(0.734, 0.005, 0.869), center=(588, 242)
[INFO] [1789635282.226175000] [vision_manager]: Book detected: xyz=(0.627, 0.000, 0.869), center=(549, 240)
[INFO] [1789635282.227474354] [vision_manager]: Book detected: xyz=(-0.090, -0.022, 0.403), center=(249, 223)
[INFO] [1789635282.228778870] [vision_manager]: Book detected: xyz=(-0.091, 0.039, 0.400), center=(248, 271)
[INFO] [1789635282.385097291] [vision_manager]: Book detected: xyz=(-0.085, -0.180, 0.400), center=(253, 97)
[INFO] [1789635282.386250863] [vision_manager]: Book detected: xyz=(-0.108, -0.096, 0.499), center=(251, 179)
[INFO] [1789635282.387376402] [vision_manager]: Book detected: xyz=(0.734, 0.005, 0.869), center=(588, 242)
[INFO] [1789635282.388539882] [vision_manager]: Book detected: xyz=(0.614, 0.000, 0.869), center=(544, 240)
[INFO] [1789635282.389668470] [vision_manager]: Book detected: xyz=(-0.092, -0.021, 0.411), center=(249, 224)
[INFO] [1789635282.390769359] [vision_manager]: Book detected: xyz=(-0.090, 0.034, 0.400), center=(249, 267)
[INFO] [1789635282.592016173] [vision_manager]: Book detected: xyz=(-0.085, -0.180, 0.400), center=(253, 97)
[INFO] [1789635282.593229608] [vision_manager]: Book detected: xyz=(-0.110, -0.096, 0.499), center=(250, 179)
[INFO] [1789635282.594481672] [vision_manager]: Book detected: xyz=(0.734, 0.005, 0.869), center=(588, 242)
[INFO] [1789635282.595648333] [vision_manager]: Book detected: xyz=(0.627, 0.000, 0.869), center=(549, 240)
[INFO] [1789635282.596815279] [vision_manager]: Book detected: xyz=(-0.090, -0.023, 0.402), center=(249, 222)
[INFO] [1789635282.597960802] [vision_manager]: Book detected: xyz=(-0.091, 0.040, 0.400), center=(248, 272)
[INFO] [1789635282.727490907] [vision_manager]: Book detected: xyz=(-0.085, -0.180, 0.400), center=(253, 97)
[INFO] [1789635282.728574961] [vision_manager]: Book detected: xyz=(-0.107, -0.096, 0.491), center=(251, 178)
[INFO] [1789635282.729590460] [vision_manager]: Book detected: xyz=(0.734, 0.005, 0.869), center=(588, 242)
[INFO] [1789635282.730591808] [vision_manager]: Book detected: xyz=(0.622, 0.000, 0.869), center=(547, 240)
[INFO] [1789635282.731575689] [vision_manager]: Book detected: xyz=(-0.090, -0.023, 0.402), center=(249, 222)
[INFO] [1789635282.732475380] [vision_manager]: Book detected: xyz=(-0.090, 0.039, 0.400), center=(249, 271)
[INFO] [1789635282.864283856] [vision_manager]: Book detected: xyz=(-0.085, -0.180, 0.400), center=(253, 97)
[INFO] [1789635282.866011151] [vision_manager]: Book detected: xyz=(-0.110, -0.096, 0.507), center=(251, 180)
[INFO] [1789635282.867721171] [vision_manager]: Book detected: xyz=(0.734, 0.005, 0.869), center=(588, 242)
[INFO] [1789635282.871680850] [vision_manager]: Book detected: xyz=(0.636, 0.000, 0.869), center=(552, 240)
[INFO] [1789635282.873165185] [vision_manager]: Book detected: xyz=(-0.091, -0.022, 0.403), center=(248, 223)
[INFO] [1789635282.874575233] [vision_manager]: Book detected: xyz=(-0.091, 0.040, 0.400), center=(248, 272)
[INFO] [1789635283.001312789] [vision_manager]: Book detected: xyz=(-0.085, -0.180, 0.400), center=(253, 97)
[INFO] [1789635283.002846666] [vision_manager]: Book detected: xyz=(-0.110, -0.096, 0.507), center=(251, 180)
[INFO] [1789635283.004302522] [vision_manager]: Book detected: xyz=(0.734, 0.005, 0.869), center=(588, 242)
[INFO] [1789635283.005720825] [vision_manager]: Book detected: xyz=(0.627, 0.000, 0.869), center=(549, 240)
[INFO] [1789635283.007447327] [vision_manager]: Book detected: xyz=(-0.090, -0.022, 0.403), center=(249, 223)
[INFO] [1789635283.009241639] [vision_manager]: Book detected: xyz=(-0.091, 0.040, 0.400), center=(248, 272)
[INFO] [1789635283.133253756] [vision_manager]: Book detected: xyz=(-0.085, -0.180, 0.400), center=(253, 97)
[INFO] [1789635283.134488523] [vision_manager]: Book detected: xyz=(-0.110, -0.096, 0.507), center=(251, 180)
[INFO] [1789635283.135655311] [vision_manager]: Book detected: xyz=(0.734, 0.005, 0.869), center=(588, 242)
[INFO] [1789635283.136799112] [vision_manager]: Book detected: xyz=(0.619, 0.000, 0.869), center=(546, 240)
[INFO] [1789635283.137958686] [vision_manager]: Book detected: xyz=(-0.090, -0.023, 0.402), center=(249, 222)
[INFO] [1789635283.139093734] [vision_manager]: Book detected: xyz=(-0.091, 0.039, 0.400), center=(248, 271)
[INFO] [1789635283.286965531] [vision_manager]: Book detected: xyz=(-0.085, -0.180, 0.400), center=(253, 97)
[INFO] [1789635283.288286228] [vision_manager]: Book detected: xyz=(-0.110, -0.096, 0.499), center=(250, 179)
[INFO] [1789635283.289558919] [vision_manager]: Book detected: xyz=(0.734, 0.005, 0.869), center=(588, 242)
[INFO] [1789635283.291464947] [vision_manager]: Book detected: xyz=(0.633, 0.000, 0.869), center=(551, 240)
[INFO] [1789635283.293320416] [vision_manager]: Book detected: xyz=(-0.091, -0.022, 0.403), center=(248, 223)
[INFO] [1789635283.295331715] [vision_manager]: Book detected: xyz=(-0.092, 0.038, 0.400), center=(247, 270)
[INFO] [1789635283.445916924] [vision_manager]: Book detected: xyz=(-0.085, -0.180, 0.400), center=(253, 97)
[INFO] [1789635283.448116716] [vision_manager]: Book detected: xyz=(-0.112, -0.096, 0.507), center=(250, 180)
[INFO] [1789635283.449958174] [vision_manager]: Book detected: xyz=(0.734, 0.005, 0.869), center=(588, 242)
[INFO] [1789635283.451073575] [vision_manager]: Book detected: xyz=(0.644, 0.000, 0.869), center=(555, 240)
[INFO] [1789635283.452076715] [vision_manager]: Book detected: xyz=(-0.091, -0.022, 0.403), center=(248, 223)
[INFO] [1789635283.453063651] [vision_manager]: Book detected: xyz=(-0.091, 0.040, 0.400), center=(248, 272)
[INFO] [1789635283.584198071] [vision_manager]: Book detected: xyz=(-0.085, -0.180, 0.400), center=(253, 97)
[INFO] [1789635283.585122797] [vision_manager]: Book detected: xyz=(-0.110, -0.096, 0.507), center=(251, 180)
[INFO] [1789635283.586012506] [vision_manager]: Book detected: xyz=(0.734, 0.005, 0.869), center=(588, 242)
[INFO] [1789635283.586863226] [vision_manager]: Book detected: xyz=(0.633, 0.000, 0.869), center=(551, 240)
[INFO] [1789635283.587713941] [vision_manager]: Book detected: xyz=(-0.090, -0.022, 0.403), center=(249, 223)
[INFO] [1789635283.588570200] [vision_manager]: Book detected: xyz=(-0.090, 0.032, 0.400), center=(249, 265)
[INFO] [1789635283.726232963] [vision_manager]: Book detected: xyz=(-0.085, -0.180, 0.400), center=(253, 97)
[INFO] [1789635283.727021164] [vision_manager]: Book detected: xyz=(-0.110, -0.096, 0.507), center=(251, 180)
[INFO] [1789635283.728165612] [vision_manager]: Book detected: xyz=(0.734, 0.005, 0.869), center=(588, 242)
[INFO] [1789635283.729486593] [vision_manager]: Book detected: xyz=(0.649, 0.000, 0.869), center=(557, 240)
[INFO] [1789635283.730719514] [vision_manager]: Book detected: xyz=(-0.090, -0.022, 0.403), center=(249, 223)
[INFO] [1789635283.731724574] [vision_manager]: Book detected: xyz=(-0.090, 0.037, 0.400), center=(249, 269)
[INFO] [1789635283.865649595] [vision_manager]: Book detected: xyz=(-0.085, -0.180, 0.400), center=(253, 97)
[INFO] [1789635283.867984484] [vision_manager]: Book detected: xyz=(-0.110, -0.096, 0.507), center=(251, 180)
[INFO] [1789635283.869808289] [vision_manager]: Book detected: xyz=(0.734, 0.005, 0.869), center=(588, 242)
[INFO] [1789635283.875599352] [vision_manager]: Book detected: xyz=(0.649, 0.000, 0.869), center=(557, 240)
[INFO] [1789635283.880645926] [vision_manager]: Book detected: xyz=(-0.090, -0.022, 0.403), center=(249, 223)
[INFO] [1789635283.882927860] [vision_manager]: Book detected: xyz=(-0.090, 0.034, 0.400), center=(249, 267)
[INFO] [1789635284.018246489] [vision_manager]: Book detected: xyz=(-0.085, -0.180, 0.400), center=(253, 97)
[INFO] [1789635284.019610834] [vision_manager]: Book detected: xyz=(-0.112, -0.096, 0.516), center=(251, 181)
[INFO] [1789635284.020871865] [vision_manager]: Book detected: xyz=(0.734, 0.005, 0.869), center=(588, 242)
[INFO] [1789635284.021828066] [vision_manager]: Book detected: xyz=(0.638, 0.000, 0.869), center=(553, 240)
[INFO] [1789635284.022730001] [vision_manager]: Book detected: xyz=(-0.090, -0.022, 0.403), center=(249, 223)
[INFO] [1789635284.151934572] [vision_manager]: Book detected: xyz=(-0.085, -0.180, 0.400), center=(253, 97)
[INFO] [1789635284.153020200] [vision_manager]: Book detected: xyz=(-0.110, -0.096, 0.507), center=(251, 180)
[INFO] [1789635284.154257957] [vision_manager]: Book detected: xyz=(0.734, 0.005, 0.869), center=(588, 242)
[INFO] [1789635284.155228221] [vision_manager]: Book detected: xyz=(0.644, 0.000, 0.869), center=(555, 240)
[INFO] [1789635284.156208004] [vision_manager]: Book detected: xyz=(-0.090, -0.023, 0.402), center=(249, 222)
[INFO] [1789635284.157123163] [vision_manager]: Book detected: xyz=(-0.092, 0.033, 0.400), center=(247, 266)
[INFO] [1789635284.302397216] [vision_manager]: Book detected: xyz=(-0.085, -0.180, 0.400), center=(253, 97)
[INFO] [1789635284.303677296] [vision_manager]: Book detected: xyz=(-0.110, -0.096, 0.507), center=(251, 180)
[INFO] [1789635284.304897043] [vision_manager]: Book detected: xyz=(0.734, 0.005, 0.869), center=(588, 242)
[INFO] [1789635284.306145108] [vision_manager]: Book detected: xyz=(0.630, 0.000, 0.869), center=(550, 240)
[INFO] [1789635284.307390229] [vision_manager]: Book detected: xyz=(-0.090, -0.023, 0.402), center=(249, 222)
[INFO] [1789635284.308639429] [vision_manager]: Book detected: xyz=(-0.091, 0.034, 0.400), center=(248, 267)
[INFO] [1789635284.445243200] [vision_manager]: Book detected: xyz=(-0.085, -0.180, 0.400), center=(253, 97)
[INFO] [1789635284.447415598] [vision_manager]: Book detected: xyz=(-0.111, -0.096, 0.516), center=(252, 181)
[INFO] [1789635284.449145861] [vision_manager]: Book detected: xyz=(0.734, 0.005, 0.869), center=(588, 242)
[INFO] [1789635284.450686094] [vision_manager]: Book detected: xyz=(0.636, 0.000, 0.869), center=(552, 240)
[INFO] [1789635284.451960730] [vision_manager]: Book detected: xyz=(-0.090, -0.023, 0.402), center=(249, 222)
[INFO] [1789635284.453340969] [vision_manager]: Book detected: xyz=(-0.091, 0.035, 0.400), center=(248, 268)
[INFO] [1789635284.577974683] [vision_manager]: Book detected: xyz=(-0.085, -0.180, 0.400), center=(253, 97)
[INFO] [1789635284.578791880] [vision_manager]: Book detected: xyz=(-0.111, -0.096, 0.516), center=(252, 181)
[INFO] [1789635284.579578070] [vision_manager]: Book detected: xyz=(0.734, 0.005, 0.869), center=(588, 242)
[INFO] [1789635284.580331223] [vision_manager]: Book detected: xyz=(0.636, 0.000, 0.869), center=(552, 240)
[INFO] [1789635284.581080002] [vision_manager]: Book detected: xyz=(-0.090, -0.023, 0.402), center=(249, 222)
[INFO] [1789635284.711958044] [vision_manager]: Book detected: xyz=(-0.085, -0.179, 0.401), center=(253, 98)
[INFO] [1789635284.713518207] [vision_manager]: Book detected: xyz=(-0.112, -0.096, 0.516), center=(251, 181)
[INFO] [1789635284.714918698] [vision_manager]: Book detected: xyz=(0.734, 0.005, 0.869), center=(588, 242)
[INFO] [1789635284.716193000] [vision_manager]: Book detected: xyz=(0.644, 0.000, 0.869), center=(555, 240)
[INFO] [1789635284.717293720] [vision_manager]: Book detected: xyz=(-0.091, -0.023, 0.402), center=(248, 222)
[INFO] [1789635284.718465618] [vision_manager]: Book detected: xyz=(-0.091, 0.039, 0.400), center=(248, 271)
[INFO] [1789635284.830682569] [vision_manager]: Book detected: xyz=(-0.085, -0.180, 0.400), center=(253, 97)
[INFO] [1789635284.831568470] [vision_manager]: Book detected: xyz=(-0.112, -0.096, 0.516), center=(251, 181)
[INFO] [1789635284.832350362] [vision_manager]: Book detected: xyz=(0.734, 0.005, 0.869), center=(588, 242)
[INFO] [1789635284.833129842] [vision_manager]: Book detected: xyz=(0.627, 0.000, 0.869), center=(549, 240)
[INFO] [1789635284.833956554] [vision_manager]: Book detected: xyz=(-0.090, -0.022, 0.403), center=(249, 223)
[INFO] [1789635284.834748037] [vision_manager]: Book detected: xyz=(-0.090, 0.040, 0.400), center=(249, 272)
[INFO] [1789635284.959119237] [vision_manager]: Book detected: xyz=(-0.085, -0.180, 0.400), center=(253, 97)
[INFO] [1789635284.959948631] [vision_manager]: Book detected: xyz=(-0.112, -0.096, 0.516), center=(251, 181)
[INFO] [1789635284.960730905] [vision_manager]: Book detected: xyz=(0.734, 0.005, 0.869), center=(588, 242)
[INFO] [1789635284.961524467] [vision_manager]: Book detected: xyz=(0.638, 0.000, 0.869), center=(553, 240)
[INFO] [1789635284.962308552] [vision_manager]: Book detected: xyz=(-0.090, -0.022, 0.403), center=(249, 223)
[INFO] [1789635284.963131642] [vision_manager]: Book detected: xyz=(-0.091, 0.040, 0.400), center=(248, 272)
[INFO] [1789635285.092531830] [vision_manager]: Book detected: xyz=(-0.086, -0.179, 0.401), center=(252, 98)
[INFO] [1789635285.093657696] [vision_manager]: Book detected: xyz=(0.734, 0.005, 0.869), center=(588, 242)
[INFO] [1789635285.094735324] [vision_manager]: Book detected: xyz=(-0.112, -0.096, 0.507), center=(250, 180)
[INFO] [1789635285.095806717] [vision_manager]: Book detected: xyz=(0.652, 0.000, 0.869), center=(558, 240)
[INFO] [1789635285.096889020] [vision_manager]: Book detected: xyz=(-0.090, -0.025, 0.401), center=(249, 220)
[INFO] [1789635285.097988502] [vision_manager]: Book detected: xyz=(-0.092, 0.042, 0.400), center=(247, 273)
[INFO] [1789635285.237176622] [vision_manager]: Book detected: xyz=(-0.086, -0.179, 0.401), center=(252, 98)
[INFO] [1789635285.238907569] [vision_manager]: Book detected: xyz=(-0.112, -0.096, 0.507), center=(250, 180)
[INFO] [1789635285.240507819] [vision_manager]: Book detected: xyz=(0.734, 0.005, 0.869), center=(588, 242)
[INFO] [1789635285.242107712] [vision_manager]: Book detected: xyz=(0.644, 0.000, 0.869), center=(555, 240)
[INFO] [1789635285.243927455] [vision_manager]: Book detected: xyz=(-0.090, -0.027, 0.401), center=(249, 219)
[INFO] [1789635285.245460769] [vision_manager]: Book detected: xyz=(-0.091, 0.043, 0.400), center=(248, 274)
[INFO] [1789635285.385829034] [vision_manager]: Book detected: xyz=(-0.086, -0.179, 0.401), center=(252, 98)
[INFO] [1789635285.387003638] [vision_manager]: Book detected: xyz=(0.734, 0.005, 0.869), center=(588, 242)
[INFO] [1789635285.388158256] [vision_manager]: Book detected: xyz=(-0.112, -0.096, 0.507), center=(250, 180)
[INFO] [1789635285.389275990] [vision_manager]: Book detected: xyz=(0.644, 0.000, 0.869), center=(555, 240)
[INFO] [1789635285.390237424] [vision_manager]: Book detected: xyz=(-0.091, -0.030, 0.400), center=(248, 216)
[INFO] [1789635285.391207504] [vision_manager]: Book detected: xyz=(-0.092, 0.043, 0.400), center=(247, 274)
[INFO] [1789635285.506673739] [vision_manager]: Book detected: xyz=(-0.086, -0.179, 0.401), center=(252, 98)
[INFO] [1789635285.507794491] [vision_manager]: Book detected: xyz=(-0.112, -0.096, 0.516), center=(251, 181)
[INFO] [1789635285.558068489] [vision_manager]: Book detected: xyz=(0.734, 0.005, 0.869), center=(588, 242)
[INFO] [1789635285.558808555] [vision_manager]: Book detected: xyz=(0.644, 0.000, 0.869), center=(555, 240)
[INFO] [1789635285.559509737] [vision_manager]: Book detected: xyz=(-0.090, -0.029, 0.401), center=(249, 217)
[INFO] [1789635285.560190204] [vision_manager]: Book detected: xyz=(-0.091, 0.043, 0.400), center=(248, 274)
[INFO] [1789635285.661013009] [vision_manager]: Book detected: xyz=(-0.085, -0.179, 0.401), center=(253, 98)
[INFO] [1789635285.663228160] [vision_manager]: Book detected: xyz=(-0.112, -0.096, 0.516), center=(251, 181)
[INFO] [1789635285.664155068] [vision_manager]: Book detected: xyz=(0.734, 0.005, 0.869), center=(588, 242)
[INFO] [1789635285.665019752] [vision_manager]: Book detected: xyz=(0.652, 0.000, 0.869), center=(558, 240)
[INFO] [1789635285.669319569] [vision_manager]: Book detected: xyz=(-0.090, -0.029, 0.401), center=(249, 217)
[INFO] [1789635285.670287195] [vision_manager]: Book detected: xyz=(-0.091, 0.042, 0.400), center=(248, 273)
[INFO] [1789635285.775185853] [vision_manager]: Book detected: xyz=(-0.086, -0.180, 0.400), center=(252, 97)
[INFO] [1789635285.777164389] [vision_manager]: Book detected: xyz=(0.734, 0.005, 0.869), center=(588, 242)
[INFO] [1789635285.778862566] [vision_manager]: Book detected: xyz=(-0.112, -0.096, 0.507), center=(250, 180)
[INFO] [1789635285.780565431] [vision_manager]: Book detected: xyz=(0.649, 0.000, 0.869), center=(557, 240)
[INFO] [1789635285.782293055] [vision_manager]: Book detected: xyz=(-0.091, -0.055, 0.402), center=(248, 197)
[INFO] [1789635285.783967634] [vision_manager]: Book detected: xyz=(-0.092, 0.042, 0.400), center=(247, 273)
[INFO] [1789635285.916254733] [vision_manager]: Book detected: xyz=(-0.085, -0.180, 0.400), center=(253, 97)
[INFO] [1789635285.917717171] [vision_manager]: Book detected: xyz=(-0.112, -0.096, 0.516), center=(251, 181)
[INFO] [1789635285.919044623] [vision_manager]: Book detected: xyz=(0.737, 0.005, 0.869), center=(589, 242)
[INFO] [1789635285.920507865] [vision_manager]: Book detected: xyz=(0.660, 0.000, 0.869), center=(561, 240)
[INFO] [1789635285.921907692] [vision_manager]: Book detected: xyz=(-0.090, -0.032, 0.400), center=(249, 215)
[INFO] [1789635286.115447563] [vision_manager]: Book detected: xyz=(-0.086, -0.180, 0.400), center=(252, 97)
[INFO] [1789635286.116960444] [vision_manager]: Book detected: xyz=(0.734, 0.005, 0.869), center=(588, 242)
[INFO] [1789635286.118418964] [vision_manager]: Book detected: xyz=(-0.114, -0.096, 0.516), center=(250, 181)
[INFO] [1789635286.119687871] [vision_manager]: Book detected: xyz=(0.655, 0.000, 0.869), center=(559, 240)
[INFO] [1789635286.121078969] [vision_manager]: Book detected: xyz=(-0.090, -0.030, 0.400), center=(249, 216)
[INFO] [1789635286.122390842] [vision_manager]: Book detected: xyz=(-0.092, 0.040, 0.400), center=(247, 272)
[INFO] [1789635286.271224166] [vision_manager]: Book detected: xyz=(-0.087, -0.180, 0.400), center=(251, 97)
[INFO] [1789635286.272284375] [vision_manager]: Book detected: xyz=(0.734, 0.005, 0.869), center=(588, 242)
[INFO] [1789635286.273250128] [vision_manager]: Book detected: xyz=(-0.112, -0.096, 0.507), center=(250, 180)
[INFO] [1789635286.274248114] [vision_manager]: Book detected: xyz=(0.638, 0.000, 0.869), center=(553, 240)
[INFO] [1789635286.275244771] [vision_manager]: Book detected: xyz=(-0.091, -0.028, 0.401), center=(248, 218)
[INFO] [1789635286.276192722] [vision_manager]: Book detected: xyz=(-0.092, 0.040, 0.400), center=(247, 272)
[INFO] [1789635286.498346820] [vision_manager]: Book detected: xyz=(-0.086, -0.180, 0.400), center=(252, 97)
[INFO] [1789635286.499697958] [vision_manager]: Book detected: xyz=(-0.112, -0.096, 0.516), center=(251, 181)
[INFO] [1789635286.500946446] [vision_manager]: Book detected: xyz=(0.734, 0.005, 0.869), center=(588, 242)
[INFO] [1789635286.502171574] [vision_manager]: Book detected: xyz=(0.647, 0.000, 0.869), center=(556, 240)
[INFO] [1789635286.503380411] [vision_manager]: Book detected: xyz=(-0.090, -0.028, 0.401), center=(249, 218)
[INFO] [1789635286.504617378] [vision_manager]: Book detected: xyz=(-0.091, 0.040, 0.400), center=(248, 272)
[INFO] [1789635286.714289543] [vision_manager]: Book detected: xyz=(-0.085, -0.180, 0.400), center=(253, 97)
[INFO] [1789635286.715562029] [vision_manager]: Book detected: xyz=(-0.112, -0.096, 0.516), center=(251, 181)
[INFO] [1789635286.717222541] [vision_manager]: Book detected: xyz=(0.734, 0.005, 0.869), center=(588, 242)
[INFO] [1789635286.718994713] [vision_manager]: Book detected: xyz=(0.641, 0.000, 0.869), center=(554, 240)
[INFO] [1789635286.720167923] [vision_manager]: Book detected: xyz=(-0.088, -0.028, 0.401), center=(250, 218)
[INFO] [1789635286.721277089] [vision_manager]: Book detected: xyz=(-0.091, 0.037, 0.400), center=(248, 269)
[INFO] [1789635286.904295514] [vision_manager]: Book detected: xyz=(-0.086, -0.180, 0.400), center=(252, 97)
[INFO] [1789635286.905358565] [vision_manager]: Book detected: xyz=(-0.110, -0.096, 0.507), center=(251, 180)
[INFO] [1789635286.906357972] [vision_manager]: Book detected: xyz=(0.734, 0.005, 0.869), center=(588, 242)
[INFO] [1789635286.907289621] [vision_manager]: Book detected: xyz=(0.647, 0.000, 0.869), center=(556, 240)
[INFO] [1789635286.908220146] [vision_manager]: Book detected: xyz=(-0.090, -0.023, 0.402), center=(249, 222)
[INFO] [1789635286.909177205] [vision_manager]: Book detected: xyz=(-0.091, 0.038, 0.400), center=(248, 270)
[INFO] [1789635287.058704373] [vision_manager]: Book detected: xyz=(-0.086, -0.180, 0.400), center=(252, 97)
[INFO] [1789635287.059656450] [vision_manager]: Book detected: xyz=(-0.110, -0.096, 0.507), center=(251, 180)
[INFO] [1789635287.060573952] [vision_manager]: Book detected: xyz=(0.734, 0.005, 0.869), center=(588, 242)
[INFO] [1789635287.061489026] [vision_manager]: Book detected: xyz=(0.625, 0.003, 0.869), center=(548, 241)
[INFO] [1789635287.062402096] [vision_manager]: Book detected: xyz=(-0.093, -0.021, 0.411), center=(248, 224)
[INFO] [1789635287.063330460] [vision_manager]: Book detected: xyz=(-0.091, 0.040, 0.400), center=(248, 272)
[INFO] [1789635287.211057034] [vision_manager]: Book detected: xyz=(-0.085, -0.180, 0.400), center=(253, 97)
[INFO] [1789635287.212158160] [vision_manager]: Book detected: xyz=(-0.110, -0.096, 0.507), center=(251, 180)
[INFO] [1789635287.213199765] [vision_manager]: Book detected: xyz=(0.734, 0.005, 0.869), center=(588, 242)
[INFO] [1789635287.214235504] [vision_manager]: Book detected: xyz=(0.619, 0.003, 0.869), center=(546, 241)
[INFO] [1789635287.215279680] [vision_manager]: Book detected: xyz=(-0.090, -0.023, 0.402), center=(249, 222)
[INFO] [1789635287.216315443] [vision_manager]: Book detected: xyz=(-0.091, 0.038, 0.400), center=(248, 270)
[INFO] [1789635287.363362104] [vision_manager]: Book detected: xyz=(-0.086, -0.180, 0.400), center=(252, 97)
[INFO] [1789635287.365548654] [vision_manager]: Book detected: xyz=(0.734, 0.005, 0.869), center=(588, 242)
[INFO] [1789635287.367735423] [vision_manager]: Book detected: xyz=(-0.110, -0.096, 0.507), center=(251, 180)
[INFO] [1789635287.369082957] [vision_manager]: Book detected: xyz=(0.649, 0.000, 0.869), center=(557, 240)
[INFO] [1789635287.370198462] [vision_manager]: Book detected: xyz=(-0.090, -0.027, 0.401), center=(249, 219)
[INFO] [1789635287.371262478] [vision_manager]: Book detected: xyz=(-0.091, 0.040, 0.400), center=(248, 272)
[INFO] [1789635287.482785386] [vision_manager]: Book detected: xyz=(-0.086, -0.180, 0.400), center=(252, 97)
[INFO] [1789635287.483881326] [vision_manager]: Book detected: xyz=(0.734, 0.005, 0.869), center=(588, 242)
[INFO] [1789635287.484918445] [vision_manager]: Book detected: xyz=(-0.112, -0.096, 0.507), center=(250, 180)
[INFO] [1789635287.485952186] [vision_manager]: Book detected: xyz=(0.638, 0.000, 0.869), center=(553, 240)
[INFO] [1789635287.486904515] [vision_manager]: Book detected: xyz=(-0.090, -0.025, 0.401), center=(249, 220)
[INFO] [1789635287.487812455] [vision_manager]: Book detected: xyz=(-0.092, 0.040, 0.400), center=(247, 272)
[INFO] [1789635287.608638046] [vision_manager]: Book detected: xyz=(-0.086, -0.180, 0.400), center=(252, 97)
[INFO] [1789635287.609720002] [vision_manager]: Book detected: xyz=(0.734, 0.005, 0.869), center=(588, 242)
[INFO] [1789635287.610755294] [vision_manager]: Book detected: xyz=(-0.112, -0.096, 0.507), center=(250, 180)
[INFO] [1789635287.611789320] [vision_manager]: Book detected: xyz=(0.660, 0.000, 0.869), center=(561, 240)
[INFO] [1789635287.612756576] [vision_manager]: Book detected: xyz=(-0.091, -0.022, 0.403), center=(248, 223)
[INFO] [1789635287.613663568] [vision_manager]: Book detected: xyz=(-0.092, 0.040, 0.400), center=(247, 272)
[INFO] [1789635287.726878653] [vision_manager]: Book detected: xyz=(-0.086, -0.180, 0.400), center=(252, 97)
[INFO] [1789635287.728753986] [vision_manager]: Book detected: xyz=(0.737, 0.005, 0.869), center=(589, 242)
[INFO] [1789635287.730362940] [vision_manager]: Book detected: xyz=(-0.110, -0.096, 0.507), center=(251, 180)
[INFO] [1789635287.731815422] [vision_manager]: Book detected: xyz=(0.660, 0.000, 0.869), center=(561, 240)
[INFO] [1789635287.733280738] [vision_manager]: Book detected: xyz=(-0.090, -0.023, 0.402), center=(249, 222)
[INFO] [1789635287.734713046] [vision_manager]: Book detected: xyz=(-0.092, 0.039, 0.400), center=(247, 271)
[INFO] [1789635287.856242688] [vision_manager]: Book detected: xyz=(-0.085, -0.180, 0.400), center=(253, 97)
[INFO] [1789635287.857727156] [vision_manager]: Book detected: xyz=(0.737, 0.005, 0.869), center=(589, 242)
[INFO] [1789635287.859187650] [vision_manager]: Book detected: xyz=(-0.108, -0.096, 0.499), center=(251, 179)
[INFO] [1789635287.860626556] [vision_manager]: Book detected: xyz=(0.663, 0.000, 0.869), center=(562, 240)
[INFO] [1789635287.862077766] [vision_manager]: Book detected: xyz=(-0.090, -0.024, 0.402), center=(249, 221)
[INFO] [1789635287.863546710] [vision_manager]: Book detected: xyz=(-0.092, 0.037, 0.400), center=(247, 269)
[INFO] [1789635287.987806444] [vision_manager]: Book detected: xyz=(-0.085, -0.180, 0.400), center=(253, 97)
[INFO] [1789635287.989429264] [vision_manager]: Book detected: xyz=(0.737, 0.005, 0.869), center=(589, 242)
[INFO] [1789635287.990894947] [vision_manager]: Book detected: xyz=(-0.112, -0.096, 0.507), center=(250, 180)
[INFO] [1789635287.992283711] [vision_manager]: Book detected: xyz=(0.652, 0.000, 0.869), center=(558, 240)
[INFO] [1789635287.993612742] [vision_manager]: Book detected: xyz=(-0.090, -0.027, 0.401), center=(249, 219)
[INFO] [1789635287.994935900] [vision_manager]: Book detected: xyz=(-0.092, 0.039, 0.400), center=(247, 271)
[INFO] [1789635288.179620891] [vision_manager]: Book detected: xyz=(-0.086, -0.180, 0.400), center=(252, 97)
[INFO] [1789635288.180707245] [vision_manager]: Book detected: xyz=(0.737, 0.005, 0.869), center=(589, 242)
[INFO] [1789635288.181745646] [vision_manager]: Book detected: xyz=(-0.112, -0.096, 0.507), center=(250, 180)
[INFO] [1789635288.182799876] [vision_manager]: Book detected: xyz=(0.666, 0.000, 0.869), center=(563, 240)
[INFO] [1789635288.183835150] [vision_manager]: Book detected: xyz=(-0.090, -0.024, 0.402), center=(249, 221)
[INFO] [1789635288.184874059] [vision_manager]: Book detected: xyz=(-0.092, 0.040, 0.400), center=(247, 272)
[INFO] [1789635288.327810329] [vision_manager]: Book detected: xyz=(-0.086, -0.180, 0.400), center=(252, 97)
[INFO] [1789635288.328789111] [vision_manager]: Book detected: xyz=(0.734, 0.005, 0.869), center=(588, 242)
[INFO] [1789635288.329700038] [vision_manager]: Book detected: xyz=(-0.110, -0.096, 0.507), center=(251, 180)
[INFO] [1789635288.330605940] [vision_manager]: Book detected: xyz=(0.652, 0.000, 0.869), center=(558, 240)
[INFO] [1789635288.331515000] [vision_manager]: Book detected: xyz=(-0.089, -0.023, 0.402), center=(250, 222)
[INFO] [1789635288.332408899] [vision_manager]: Book detected: xyz=(-0.091, 0.039, 0.400), center=(248, 271)
[INFO] [1789635288.450017334] [vision_manager]: Book detected: xyz=(-0.085, -0.180, 0.400), center=(253, 97)
[INFO] [1789635288.451607849] [vision_manager]: Book detected: xyz=(0.734, 0.005, 0.869), center=(588, 242)
[INFO] [1789635288.453067624] [vision_manager]: Book detected: xyz=(-0.116, -0.096, 0.534), center=(251, 183)
[INFO] [1789635288.454542324] [vision_manager]: Book detected: xyz=(0.649, 0.000, 0.869), center=(557, 240)
[INFO] [1789635288.455971970] [vision_manager]: Book detected: xyz=(-0.097, -0.021, 0.439), center=(250, 225)
[INFO] [1789635288.569454406] [vision_manager]: Book detected: xyz=(-0.086, -0.180, 0.400), center=(252, 97)
[INFO] [1789635288.570718618] [vision_manager]: Book detected: xyz=(0.734, 0.005, 0.869), center=(588, 242)
[INFO] [1789635288.571985974] [vision_manager]: Book detected: xyz=(-0.120, -0.096, 0.534), center=(249, 183)
[INFO] [1789635288.573129076] [vision_manager]: Book detected: xyz=(0.627, 0.000, 0.869), center=(549, 240)
[INFO] [1789635288.574285874] [vision_manager]: Book detected: xyz=(-0.106, -0.021, 0.472), center=(249, 226)
[INFO] [1789635288.575017941] [vision_manager]: No placeable empty shelf position found
[INFO] [1789635288.678719645] [vision_manager]: Book detected: xyz=(-0.086, -0.180, 0.400), center=(252, 97)
[INFO] [1789635288.679822511] [vision_manager]: Book detected: xyz=(0.734, 0.005, 0.869), center=(588, 242)
[INFO] [1789635288.680865820] [vision_manager]: Book detected: xyz=(-0.122, -0.096, 0.544), center=(249, 184)
[INFO] [1789635288.681902924] [vision_manager]: Book detected: xyz=(0.644, 0.000, 0.869), center=(555, 240)
[INFO] [1789635288.682936900] [vision_manager]: Book detected: xyz=(-0.098, -0.021, 0.439), center=(249, 225)
[INFO] [1789635288.785314669] [vision_manager]: Book detected: xyz=(-0.086, -0.180, 0.400), center=(252, 97)
[INFO] [1789635288.786394967] [vision_manager]: Book detected: xyz=(0.734, 0.005, 0.869), center=(588, 242)
[INFO] [1789635288.787433002] [vision_manager]: Book detected: xyz=(-0.120, -0.096, 0.534), center=(249, 183)
[INFO] [1789635288.788464122] [vision_manager]: Book detected: xyz=(0.630, 0.000, 0.869), center=(550, 240)
[INFO] [1789635288.789505123] [vision_manager]: Book detected: xyz=(-0.106, -0.021, 0.472), center=(249, 226)
[INFO] [1789635288.790231203] [vision_manager]: No placeable empty shelf position found
[INFO] [1789635288.893945620] [vision_manager]: Book detected: xyz=(-0.086, -0.180, 0.400), center=(252, 97)
[INFO] [1789635288.895022254] [vision_manager]: Book detected: xyz=(0.734, 0.005, 0.869), center=(588, 242)
[INFO] [1789635288.896069170] [vision_manager]: Book detected: xyz=(-0.116, -0.096, 0.525), center=(250, 182)
[INFO] [1789635288.897113441] [vision_manager]: Book detected: xyz=(0.644, 0.000, 0.869), center=(555, 240)
[INFO] [1789635288.898151673] [vision_manager]: Book detected: xyz=(-0.091, -0.021, 0.411), center=(250, 224)
[INFO] [1789635288.899253169] [vision_manager]: Book detected: xyz=(-0.090, 0.023, 0.402), center=(249, 258)
[INFO] [1789635289.028520648] [vision_manager]: Book detected: xyz=(-0.085, -0.180, 0.400), center=(253, 97)
[INFO] [1789635289.029550325] [vision_manager]: Book detected: xyz=(0.734, 0.005, 0.869), center=(588, 242)
[INFO] [1789635289.030586873] [vision_manager]: Book detected: xyz=(-0.112, -0.096, 0.507), center=(250, 180)
[INFO] [1789635289.031626273] [vision_manager]: Book detected: xyz=(0.644, 0.000, 0.869), center=(555, 240)
[INFO] [1789635289.033249616] [vision_manager]: Book detected: xyz=(-0.090, -0.022, 0.403), center=(249, 223)
[INFO] [1789635289.034724196] [vision_manager]: Book detected: xyz=(-0.090, 0.033, 0.400), center=(249, 266)
[INFO] [1789635289.157573550] [vision_manager]: Book detected: xyz=(-0.085, -0.180, 0.400), center=(253, 97)
[INFO] [1789635289.158874896] [vision_manager]: Book detected: xyz=(-0.110, -0.096, 0.507), center=(251, 180)
[INFO] [1789635289.163550256] [vision_manager]: Book detected: xyz=(0.734, 0.005, 0.869), center=(588, 242)
[INFO] [1789635289.164982067] [vision_manager]: Book detected: xyz=(0.641, 0.000, 0.869), center=(554, 240)
[INFO] [1789635289.166079798] [vision_manager]: Book detected: xyz=(-0.090, -0.022, 0.403), center=(249, 223)
[INFO] [1789635289.167123375] [vision_manager]: Book detected: xyz=(-0.088, 0.040, 0.400), center=(250, 272)
[INFO] [1789635289.304611360] [vision_manager]: Book detected: xyz=(-0.085, -0.180, 0.400), center=(253, 97)
[INFO] [1789635289.305568478] [vision_manager]: Book detected: xyz=(-0.110, -0.096, 0.507), center=(251, 180)
[INFO] [1789635289.306521668] [vision_manager]: Book detected: xyz=(0.734, 0.005, 0.869), center=(588, 242)
[INFO] [1789635289.307467391] [vision_manager]: Book detected: xyz=(0.636, 0.000, 0.869), center=(552, 240)
[INFO] [1789635289.308401252] [vision_manager]: Book detected: xyz=(-0.089, -0.022, 0.403), center=(250, 223)
[INFO] [1789635289.459878709] [vision_manager]: Book detected: xyz=(-0.085, -0.180, 0.400), center=(253, 97)
[INFO] [1789635289.460838210] [vision_manager]: Book detected: xyz=(-0.110, -0.096, 0.507), center=(251, 180)
[INFO] [1789635289.461749890] [vision_manager]: Book detected: xyz=(0.734, 0.005, 0.869), center=(588, 242)
[INFO] [1789635289.462657540] [vision_manager]: Book detected: xyz=(0.638, 0.000, 0.869), center=(553, 240)
[INFO] [1789635289.463547504] [vision_manager]: Book detected: xyz=(-0.090, -0.024, 0.402), center=(249, 221)
[INFO] [1789635289.464459262] [vision_manager]: Book detected: xyz=(-0.088, 0.040, 0.400), center=(250, 272)
[INFO] [1789635289.608624299] [vision_manager]: Book detected: xyz=(-0.085, -0.180, 0.400), center=(253, 97)
[INFO] [1789635289.609752862] [vision_manager]: Book detected: xyz=(-0.108, -0.096, 0.499), center=(251, 179)
[INFO] [1789635289.610756788] [vision_manager]: Book detected: xyz=(0.734, 0.005, 0.869), center=(588, 242)
[INFO] [1789635289.611729356] [vision_manager]: Book detected: xyz=(0.619, 0.003, 0.869), center=(546, 241)
[INFO] [1789635289.612643455] [vision_manager]: Book detected: xyz=(-0.092, -0.021, 0.411), center=(249, 224)
[INFO] [1789635289.613560206] [vision_manager]: Book detected: xyz=(-0.090, 0.038, 0.400), center=(249, 270)
[INFO] [1789635289.733071349] [vision_manager]: Book detected: xyz=(-0.085, -0.180, 0.400), center=(253, 97)
[INFO] [1789635289.734171149] [vision_manager]: Book detected: xyz=(-0.108, -0.096, 0.499), center=(251, 179)
[INFO] [1789635289.735209690] [vision_manager]: Book detected: xyz=(0.734, 0.005, 0.869), center=(588, 242)
[INFO] [1789635289.736252392] [vision_manager]: Book detected: xyz=(0.619, 0.000, 0.869), center=(546, 240)
[INFO] [1789635289.737192874] [vision_manager]: Book detected: xyz=(-0.090, -0.022, 0.403), center=(249, 223)
[INFO] [1789635289.738098293] [vision_manager]: Book detected: xyz=(-0.090, 0.039, 0.400), center=(249, 271)
[INFO] [1789635289.854655622] [vision_manager]: Book detected: xyz=(-0.085, -0.180, 0.400), center=(253, 97)
[INFO] [1789635289.855608827] [vision_manager]: Book detected: xyz=(-0.110, -0.096, 0.499), center=(250, 179)
[INFO] [1789635289.856527915] [vision_manager]: Book detected: xyz=(0.734, 0.005, 0.869), center=(588, 242)
[INFO] [1789635289.857442160] [vision_manager]: Book detected: xyz=(0.627, 0.000, 0.869), center=(549, 240)
[INFO] [1789635289.858356118] [vision_manager]: Book detected: xyz=(-0.090, -0.022, 0.403), center=(249, 223)
[INFO] [1789635289.859262670] [vision_manager]: Book detected: xyz=(-0.090, 0.042, 0.400), center=(249, 273)
[INFO] [1789635290.001208706] [vision_manager]: Book detected: xyz=(-0.085, -0.180, 0.400), center=(253, 97)
[INFO] [1789635290.002710448] [vision_manager]: Book detected: xyz=(-0.110, -0.096, 0.507), center=(251, 180)
[INFO] [1789635290.004178786] [vision_manager]: Book detected: xyz=(0.734, 0.005, 0.869), center=(588, 242)
[INFO] [1789635290.005611765] [vision_manager]: Book detected: xyz=(0.630, 0.003, 0.869), center=(550, 241)
[INFO] [1789635290.006933986] [vision_manager]: Book detected: xyz=(-0.090, -0.023, 0.402), center=(249, 222)
[INFO] [1789635290.008147275] [vision_manager]: Book detected: xyz=(-0.090, 0.042, 0.400), center=(249, 273)
[INFO] [1789635290.144081533] [vision_manager]: Book detected: xyz=(-0.086, -0.180, 0.400), center=(252, 97)
[INFO] [1789635290.145584618] [vision_manager]: Book detected: xyz=(-0.110, -0.096, 0.507), center=(251, 180)
[INFO] [1789635290.147032924] [vision_manager]: Book detected: xyz=(0.734, 0.005, 0.869), center=(588, 242)
[INFO] [1789635290.148534913] [vision_manager]: Book detected: xyz=(0.622, 0.003, 0.869), center=(547, 241)
[INFO] [1789635290.149982546] [vision_manager]: Book detected: xyz=(-0.092, -0.021, 0.411), center=(249, 224)
[INFO] [1789635290.151266107] [vision_manager]: Book detected: xyz=(-0.090, 0.043, 0.400), center=(249, 274)
[INFO] [1789635290.278035406] [vision_manager]: Book detected: xyz=(-0.086, -0.180, 0.400), center=(252, 97)
[INFO] [1789635290.279031131] [vision_manager]: Book detected: xyz=(0.734, 0.005, 0.869), center=(588, 242)
[INFO] [1789635290.280159422] [vision_manager]: Book detected: xyz=(-0.112, -0.096, 0.507), center=(250, 180)
[INFO] [1789635290.281082006] [vision_manager]: Book detected: xyz=(0.630, 0.000, 0.869), center=(550, 240)
[INFO] [1789635290.281990169] [vision_manager]: Book detected: xyz=(-0.090, -0.024, 0.402), center=(249, 221)
[INFO] [1789635290.282896667] [vision_manager]: Book detected: xyz=(-0.091, 0.042, 0.400), center=(248, 273)
[INFO] [1789635290.406376985] [vision_manager]: Book detected: xyz=(-0.086, -0.179, 0.401), center=(252, 98)
[INFO] [1789635290.407848151] [vision_manager]: Book detected: xyz=(-0.110, -0.096, 0.507), center=(251, 180)
[INFO] [1789635290.409230916] [vision_manager]: Book detected: xyz=(0.734, 0.005, 0.869), center=(588, 242)
[INFO] [1789635290.410481465] [vision_manager]: Book detected: xyz=(0.633, 0.000, 0.869), center=(551, 240)
[INFO] [1789635290.411737296] [vision_manager]: Book detected: xyz=(-0.090, -0.027, 0.401), center=(249, 219)
[INFO] [1789635290.413193524] [vision_manager]: Book detected: xyz=(-0.091, 0.042, 0.400), center=(248, 273)
[INFO] [1789635290.559042808] [vision_manager]: Book detected: xyz=(-0.086, -0.180, 0.400), center=(252, 97)
[INFO] [1789635290.560537709] [vision_manager]: Book detected: xyz=(-0.110, -0.096, 0.507), center=(251, 180)
[INFO] [1789635290.561981732] [vision_manager]: Book detected: xyz=(0.734, 0.005, 0.869), center=(588, 242)
[INFO] [1789635290.563444076] [vision_manager]: Book detected: xyz=(0.627, 0.003, 0.869), center=(549, 241)
[INFO] [1789635290.564884259] [vision_manager]: Book detected: xyz=(-0.090, -0.023, 0.402), center=(249, 222)
[INFO] [1789635290.566107777] [vision_manager]: Book detected: xyz=(-0.090, 0.040, 0.400), center=(249, 272)
[INFO] [1789635290.686546827] [vision_manager]: Book detected: xyz=(-0.085, -0.180, 0.400), center=(253, 97)
[INFO] [1789635290.687642724] [vision_manager]: Book detected: xyz=(-0.110, -0.096, 0.507), center=(251, 180)
[INFO] [1789635290.688684182] [vision_manager]: Book detected: xyz=(0.734, 0.005, 0.869), center=(588, 242)
[INFO] [1789635290.689715584] [vision_manager]: Book detected: xyz=(0.647, 0.003, 0.869), center=(556, 241)
[INFO] [1789635290.690710109] [vision_manager]: Book detected: xyz=(-0.090, -0.022, 0.403), center=(249, 223)
[INFO] [1789635290.691616560] [vision_manager]: Book detected: xyz=(-0.091, 0.040, 0.400), center=(248, 272)
[INFO] [1789635290.830893461] [vision_manager]: Book detected: xyz=(-0.086, -0.180, 0.400), center=(252, 97)
[INFO] [1789635290.832544684] [vision_manager]: Book detected: xyz=(-0.114, -0.096, 0.516), center=(250, 181)
[INFO] [1789635290.834877813] [vision_manager]: Book detected: xyz=(0.734, 0.005, 0.869), center=(588, 242)
[INFO] [1789635290.836793941] [vision_manager]: Book detected: xyz=(0.638, 0.000, 0.869), center=(553, 240)
[INFO] [1789635290.838333753] [vision_manager]: Book detected: xyz=(-0.090, -0.027, 0.401), center=(249, 219)
[INFO] [1789635290.839574074] [vision_manager]: Book detected: xyz=(-0.091, 0.042, 0.400), center=(248, 273)
[INFO] [1789635290.959115468] [vision_manager]: Book detected: xyz=(-0.086, -0.180, 0.400), center=(252, 97)
[INFO] [1789635290.960319353] [vision_manager]: Book detected: xyz=(-0.112, -0.096, 0.507), center=(250, 180)
[INFO] [1789635290.961667360] [vision_manager]: Book detected: xyz=(0.734, 0.005, 0.869), center=(588, 242)
[INFO] [1789635290.962729968] [vision_manager]: Book detected: xyz=(0.658, 0.000, 0.869), center=(560, 240)
[INFO] [1789635290.963750387] [vision_manager]: Book detected: xyz=(-0.090, -0.027, 0.401), center=(249, 219)
[INFO] [1789635290.964740313] [vision_manager]: Book detected: xyz=(-0.091, 0.040, 0.400), center=(248, 272)
[INFO] [1789635291.059663470] [vision_manager]: Book detected: xyz=(-0.085, -0.180, 0.400), center=(253, 97)
[INFO] [1789635291.060867543] [vision_manager]: Book detected: xyz=(-0.108, -0.096, 0.499), center=(251, 179)
[INFO] [1789635291.062015076] [vision_manager]: Book detected: xyz=(0.734, 0.005, 0.869), center=(588, 242)
[INFO] [1789635291.063829453] [vision_manager]: Book detected: xyz=(0.638, 0.000, 0.869), center=(553, 240)
[INFO] [1789635291.065698994] [vision_manager]: Book detected: xyz=(-0.091, -0.023, 0.402), center=(248, 222)
[INFO] [1789635291.066907745] [vision_manager]: Book detected: xyz=(-0.091, 0.039, 0.400), center=(248, 271)
[INFO] [1789635291.176548782] [vision_manager]: Book detected: xyz=(-0.086, -0.180, 0.400), center=(252, 97)
[INFO] [1789635291.178102740] [vision_manager]: Book detected: xyz=(-0.110, -0.096, 0.499), center=(250, 179)
[INFO] [1789635291.179472961] [vision_manager]: Book detected: xyz=(0.734, 0.005, 0.869), center=(588, 242)
[INFO] [1789635291.180717593] [vision_manager]: Book detected: xyz=(0.636, 0.003, 0.869), center=(552, 241)
[INFO] [1789635291.182032951] [vision_manager]: Book detected: xyz=(-0.090, -0.024, 0.402), center=(249, 221)
[INFO] [1789635291.183525301] [vision_manager]: Book detected: xyz=(-0.092, 0.039, 0.400), center=(247, 271)
[INFO] [1789635291.317622289] [vision_manager]: Book detected: xyz=(-0.085, -0.180, 0.400), center=(253, 97)
[INFO] [1789635291.318779387] [vision_manager]: Book detected: xyz=(-0.112, -0.096, 0.507), center=(250, 180)
[INFO] [1789635291.319838713] [vision_manager]: Book detected: xyz=(0.737, 0.005, 0.869), center=(589, 242)
[INFO] [1789635291.321116809] [vision_manager]: Book detected: xyz=(0.660, 0.000, 0.869), center=(561, 240)
[INFO] [1789635291.322132177] [vision_manager]: Book detected: xyz=(-0.090, -0.024, 0.402), center=(249, 221)
[INFO] [1789635291.323371811] [vision_manager]: Book detected: xyz=(-0.093, 0.038, 0.400), center=(246, 270)
[INFO] [1789635291.436005352] [vision_manager]: Book detected: xyz=(-0.085, -0.180, 0.400), center=(253, 97)
[INFO] [1789635291.436994799] [vision_manager]: Book detected: xyz=(-0.112, -0.096, 0.516), center=(251, 181)
[INFO] [1789635291.437929113] [vision_manager]: Book detected: xyz=(0.737, 0.005, 0.869), center=(589, 242)
[INFO] [1789635291.438831761] [vision_manager]: Book detected: xyz=(0.649, 0.000, 0.869), center=(557, 240)
[INFO] [1789635291.439734869] [vision_manager]: Book detected: xyz=(-0.089, -0.023, 0.402), center=(250, 222)
[INFO] [1789635291.440660123] [vision_manager]: Book detected: xyz=(-0.091, 0.035, 0.400), center=(248, 268)
[INFO] [1789635291.560221819] [vision_manager]: Book detected: xyz=(-0.085, -0.180, 0.400), center=(253, 97)
[INFO] [1789635291.562661454] [vision_manager]: Book detected: xyz=(-0.110, -0.096, 0.507), center=(251, 180)
[INFO] [1789635291.564633505] [vision_manager]: Book detected: xyz=(0.737, 0.005, 0.869), center=(589, 242)
[INFO] [1789635291.566493368] [vision_manager]: Book detected: xyz=(0.652, 0.003, 0.869), center=(558, 241)
[INFO] [1789635291.568285870] [vision_manager]: Book detected: xyz=(-0.090, -0.024, 0.402), center=(249, 221)
[INFO] [1789635291.570076868] [vision_manager]: Book detected: xyz=(-0.092, 0.038, 0.400), center=(247, 270)
[INFO] [1789635291.680438159] [vision_manager]: Book detected: xyz=(-0.085, -0.180, 0.400), center=(253, 97)
[INFO] [1789635291.681936479] [vision_manager]: Book detected: xyz=(-0.108, -0.096, 0.499), center=(251, 179)
[INFO] [1789635291.683399896] [vision_manager]: Book detected: xyz=(0.737, 0.005, 0.869), center=(589, 242)
[INFO] [1789635291.684848410] [vision_manager]: Book detected: xyz=(0.660, 0.003, 0.869), center=(561, 241)
[INFO] [1789635291.686297690] [vision_manager]: Book detected: xyz=(-0.090, -0.023, 0.402), center=(249, 222)
[INFO] [1789635291.687767248] [vision_manager]: Book detected: xyz=(-0.092, 0.028, 0.401), center=(247, 262)
[INFO] [1789635291.807842248] [vision_manager]: Book detected: xyz=(-0.085, -0.180, 0.400), center=(253, 97)
[INFO] [1789635291.809323764] [vision_manager]: Book detected: xyz=(-0.110, -0.096, 0.507), center=(251, 180)
[INFO] [1789635291.810925760] [vision_manager]: Book detected: xyz=(0.737, 0.005, 0.869), center=(589, 242)
[INFO] [1789635291.812217118] [vision_manager]: Book detected: xyz=(0.658, 0.003, 0.869), center=(560, 241)
[INFO] [1789635291.813421127] [vision_manager]: Book detected: xyz=(-0.090, -0.023, 0.402), center=(249, 222)
[INFO] [1789635291.814656147] [vision_manager]: Book detected: xyz=(-0.091, 0.023, 0.402), center=(248, 258)
[INFO] [1789635291.941945362] [vision_manager]: Book detected: xyz=(-0.085, -0.180, 0.400), center=(253, 97)
[INFO] [1789635291.943182073] [vision_manager]: Book detected: xyz=(-0.107, -0.096, 0.491), center=(251, 178)
[INFO] [1789635291.944297702] [vision_manager]: Book detected: xyz=(0.737, 0.005, 0.869), center=(589, 242)
[INFO] [1789635291.945898535] [vision_manager]: Book detected: xyz=(0.658, 0.000, 0.869), center=(560, 240)
[INFO] [1789635291.947596310] [vision_manager]: Book detected: xyz=(-0.091, -0.022, 0.403), center=(248, 223)
[INFO] [1789635291.948733175] [vision_manager]: Book detected: xyz=(-0.093, 0.020, 0.402), center=(247, 256)
[INFO] [1789635292.106200217] [vision_manager]: Book detected: xyz=(-0.085, -0.180, 0.400), center=(253, 97)
[INFO] [1789635292.107486016] [vision_manager]: Book detected: xyz=(-0.108, -0.096, 0.491), center=(250, 178)
[INFO] [1789635292.108775739] [vision_manager]: Book detected: xyz=(0.737, 0.005, 0.869), center=(589, 242)
[INFO] [1789635292.109990671] [vision_manager]: Book detected: xyz=(0.652, 0.000, 0.869), center=(558, 240)
[INFO] [1789635292.111205489] [vision_manager]: Book detected: xyz=(-0.091, -0.022, 0.403), center=(248, 223)
[INFO] [1789635292.112614504] [vision_manager]: Book detected: xyz=(-0.093, 0.039, 0.400), center=(246, 271)
[INFO] [1789635292.279516131] [vision_manager]: Book detected: xyz=(-0.085, -0.180, 0.400), center=(253, 97)
[INFO] [1789635292.281461946] [vision_manager]: Book detected: xyz=(-0.110, -0.096, 0.499), center=(250, 179)
[INFO] [1789635292.282777300] [vision_manager]: Book detected: xyz=(0.737, 0.005, 0.869), center=(589, 242)
[INFO] [1789635292.283918354] [vision_manager]: Book detected: xyz=(0.652, 0.000, 0.869), center=(558, 240)
[INFO] [1789635292.284965886] [vision_manager]: Book detected: xyz=(-0.091, -0.022, 0.403), center=(248, 223)
[INFO] [1789635292.285990560] [vision_manager]: Book detected: xyz=(-0.093, 0.038, 0.400), center=(246, 270)
[INFO] [1789635292.424760343] [vision_manager]: Book detected: xyz=(-0.086, -0.180, 0.400), center=(252, 97)
[INFO] [1789635292.425788741] [vision_manager]: Book detected: xyz=(0.734, 0.005, 0.869), center=(588, 242)
[INFO] [1789635292.426763111] [vision_manager]: Book detected: xyz=(-0.112, -0.096, 0.499), center=(249, 179)
[INFO] [1789635292.427748279] [vision_manager]: Book detected: xyz=(0.647, 0.000, 0.869), center=(556, 240)
[INFO] [1789635292.428687758] [vision_manager]: Book detected: xyz=(-0.093, -0.022, 0.403), center=(247, 223)
[INFO] [1789635292.429636659] [vision_manager]: Book detected: xyz=(-0.095, 0.038, 0.400), center=(245, 270)
[INFO] [1789635292.546363468] [vision_manager]: Book detected: xyz=(-0.085, -0.180, 0.400), center=(253, 97)
[INFO] [1789635292.547464323] [vision_manager]: Book detected: xyz=(-0.112, -0.096, 0.499), center=(249, 179)
[INFO] [1789635292.548510143] [vision_manager]: Book detected: xyz=(0.734, 0.005, 0.869), center=(588, 242)
[INFO] [1789635292.549552265] [vision_manager]: Book detected: xyz=(0.655, 0.000, 0.869), center=(559, 240)
[INFO] [1789635292.550595621] [vision_manager]: Book detected: xyz=(-0.093, -0.023, 0.402), center=(247, 222)
[INFO] [1789635292.551637734] [vision_manager]: Book detected: xyz=(-0.095, 0.038, 0.400), center=(245, 270)
[INFO] [1789635292.671643751] [vision_manager]: Book detected: xyz=(-0.086, -0.180, 0.400), center=(252, 97)
[INFO] [1789635292.672683009] [vision_manager]: Book detected: xyz=(0.734, 0.005, 0.869), center=(588, 242)
[INFO] [1789635292.673630847] [vision_manager]: Book detected: xyz=(-0.114, -0.096, 0.507), center=(249, 180)
[INFO] [1789635292.674584635] [vision_manager]: Book detected: xyz=(0.647, 0.000, 0.869), center=(556, 240)
[INFO] [1789635292.675505888] [vision_manager]: Book detected: xyz=(-0.092, -0.027, 0.401), center=(247, 219)
[INFO] [1789635292.676425509] [vision_manager]: Book detected: xyz=(-0.095, 0.039, 0.400), center=(245, 271)
[INFO] [1789635292.801120592] [vision_manager]: Book detected: xyz=(-0.085, -0.180, 0.400), center=(253, 97)
[INFO] [1789635292.802093972] [vision_manager]: Book detected: xyz=(0.734, 0.005, 0.869), center=(588, 242)
[INFO] [1789635292.802999433] [vision_manager]: Book detected: xyz=(-0.114, -0.096, 0.507), center=(249, 180)
[INFO] [1789635292.803918384] [vision_manager]: Book detected: xyz=(0.641, 0.000, 0.869), center=(554, 240)
[INFO] [1789635292.804822043] [vision_manager]: Book detected: xyz=(-0.091, -0.028, 0.401), center=(248, 218)
[INFO] [1789635292.805721998] [vision_manager]: Book detected: xyz=(-0.095, 0.040, 0.400), center=(245, 272)
[INFO] [1789635292.934773777] [vision_manager]: Book detected: xyz=(-0.085, -0.180, 0.400), center=(253, 97)
[INFO] [1789635292.935733705] [vision_manager]: Book detected: xyz=(-0.112, -0.096, 0.507), center=(250, 180)
[INFO] [1789635292.936650835] [vision_manager]: Book detected: xyz=(0.734, 0.005, 0.869), center=(588, 242)
[INFO] [1789635292.937555565] [vision_manager]: Book detected: xyz=(0.636, 0.000, 0.869), center=(552, 240)
[INFO] [1789635292.938461032] [vision_manager]: Book detected: xyz=(-0.093, -0.022, 0.403), center=(247, 223)
[INFO] [1789635292.939373496] [vision_manager]: Book detected: xyz=(-0.095, 0.039, 0.400), center=(245, 271)
[INFO] [1789635293.084457357] [vision_manager]: Book detected: xyz=(-0.085, -0.180, 0.400), center=(253, 97)
[INFO] [1789635293.085728273] [vision_manager]: Book detected: xyz=(-0.114, -0.096, 0.507), center=(249, 180)
[INFO] [1789635293.092606336] [vision_manager]: Book detected: xyz=(0.734, 0.005, 0.869), center=(588, 242)
[INFO] [1789635293.093786316] [vision_manager]: Book detected: xyz=(0.633, 0.000, 0.869), center=(551, 240)
[INFO] [1789635293.094826495] [vision_manager]: Book detected: xyz=(-0.093, -0.023, 0.402), center=(247, 222)
[INFO] [1789635293.095864614] [vision_manager]: Book detected: xyz=(-0.095, 0.039, 0.400), center=(245, 271)
[INFO] [1789635293.247615091] [vision_manager]: Book detected: xyz=(-0.085, -0.180, 0.400), center=(253, 97)
[INFO] [1789635293.248867184] [vision_manager]: Book detected: xyz=(-0.110, -0.096, 0.499), center=(250, 179)
[INFO] [1789635293.250090904] [vision_manager]: Book detected: xyz=(0.734, 0.005, 0.869), center=(588, 242)
[INFO] [1789635293.251296123] [vision_manager]: Book detected: xyz=(0.633, 0.000, 0.869), center=(551, 240)
[INFO] [1789635293.252538922] [vision_manager]: Book detected: xyz=(-0.091, -0.023, 0.402), center=(248, 222)
[INFO] [1789635293.253750303] [vision_manager]: Book detected: xyz=(-0.093, 0.039, 0.400), center=(246, 271)
[INFO] [1789635293.377342943] [vision_manager]: Book detected: xyz=(-0.086, -0.180, 0.400), center=(252, 97)
[INFO] [1789635293.378327964] [vision_manager]: Book detected: xyz=(0.734, 0.005, 0.869), center=(588, 242)
[INFO] [1789635293.379277861] [vision_manager]: Book detected: xyz=(-0.112, -0.096, 0.499), center=(249, 179)
[INFO] [1789635293.380221249] [vision_manager]: Book detected: xyz=(0.641, 0.000, 0.869), center=(554, 240)
[INFO] [1789635293.381163542] [vision_manager]: Book detected: xyz=(-0.091, -0.025, 0.401), center=(248, 220)
[INFO] [1789635293.382096178] [vision_manager]: Book detected: xyz=(-0.095, 0.039, 0.400), center=(245, 271)
[INFO] [1789635293.503017028] [vision_manager]: Book detected: xyz=(-0.086, -0.180, 0.400), center=(252, 97)
[INFO] [1789635293.504263295] [vision_manager]: Book detected: xyz=(0.734, 0.005, 0.869), center=(588, 242)
[INFO] [1789635293.505336407] [vision_manager]: Book detected: xyz=(-0.115, -0.096, 0.499), center=(247, 179)
[INFO] [1789635293.506526049] [vision_manager]: Book detected: xyz=(0.638, 0.000, 0.869), center=(553, 240)
[INFO] [1789635293.507721380] [vision_manager]: Book detected: xyz=(-0.091, -0.022, 0.403), center=(248, 223)
[INFO] [1789635293.509301688] [vision_manager]: Book detected: xyz=(-0.095, 0.038, 0.400), center=(245, 270)
[INFO] [1789635293.635844045] [vision_manager]: Book detected: xyz=(-0.085, -0.180, 0.400), center=(253, 97)
[INFO] [1789635293.636990082] [vision_manager]: Book detected: xyz=(0.734, 0.005, 0.869), center=(588, 242)
[INFO] [1789635293.638293299] [vision_manager]: Book detected: xyz=(-0.112, -0.096, 0.499), center=(249, 179)
[INFO] [1789635293.639644888] [vision_manager]: Book detected: xyz=(0.636, 0.000, 0.869), center=(552, 240)
[INFO] [1789635293.641280071] [vision_manager]: Book detected: xyz=(-0.091, -0.025, 0.401), center=(248, 220)
[INFO] [1789635293.642330336] [vision_manager]: Book detected: xyz=(-0.095, 0.038, 0.400), center=(245, 270)
[INFO] [1789635293.761752538] [vision_manager]: Book detected: xyz=(-0.086, -0.180, 0.400), center=(252, 97)
[INFO] [1789635293.763261557] [vision_manager]: Book detected: xyz=(0.734, 0.005, 0.869), center=(588, 242)
[INFO] [1789635293.764858631] [vision_manager]: Book detected: xyz=(-0.110, -0.096, 0.499), center=(250, 179)
[INFO] [1789635293.767607830] [vision_manager]: Book detected: xyz=(0.638, 0.000, 0.869), center=(553, 240)
[INFO] [1789635293.769867792] [vision_manager]: Book detected: xyz=(-0.091, -0.024, 0.402), center=(248, 221)
[INFO] [1789635293.771389442] [vision_manager]: Book detected: xyz=(-0.093, 0.038, 0.400), center=(246, 270)
[INFO] [1789635293.892221758] [vision_manager]: Book detected: xyz=(-0.085, -0.180, 0.400), center=(253, 97)
[INFO] [1789635293.893360674] [vision_manager]: Book detected: xyz=(-0.108, -0.096, 0.499), center=(251, 179)
[INFO] [1789635293.894463126] [vision_manager]: Book detected: xyz=(0.734, 0.005, 0.869), center=(588, 242)
[INFO] [1789635293.895590444] [vision_manager]: Book detected: xyz=(0.647, 0.000, 0.869), center=(556, 240)
[INFO] [1789635293.896730570] [vision_manager]: Book detected: xyz=(-0.090, -0.024, 0.402), center=(249, 221)
[INFO] [1789635293.897857460] [vision_manager]: Book detected: xyz=(-0.092, 0.034, 0.400), center=(247, 267)
[INFO] [1789635294.010260826] [vision_manager]: Book detected: xyz=(-0.086, -0.180, 0.400), center=(252, 97)
[INFO] [1789635294.011668044] [vision_manager]: Book detected: xyz=(-0.108, -0.096, 0.491), center=(250, 178)
[INFO] [1789635294.013442170] [vision_manager]: Book detected: xyz=(0.734, 0.005, 0.869), center=(588, 242)
[INFO] [1789635294.015140067] [vision_manager]: Book detected: xyz=(0.649, 0.000, 0.869), center=(557, 240)
[INFO] [1789635294.016359115] [vision_manager]: Book detected: xyz=(-0.093, -0.021, 0.411), center=(248, 224)
[INFO] [1789635294.017623559] [vision_manager]: Book detected: xyz=(-0.092, 0.030, 0.400), center=(247, 264)
[INFO] [1789635294.166895136] [vision_manager]: Book detected: xyz=(-0.086, -0.180, 0.400), center=(252, 97)
[INFO] [1789635294.168747681] [vision_manager]: Book detected: xyz=(0.734, 0.005, 0.869), center=(588, 242)
[INFO] [1789635294.170671885] [vision_manager]: Book detected: xyz=(-0.115, -0.096, 0.507), center=(248, 180)
[INFO] [1789635294.172501991] [vision_manager]: Book detected: xyz=(0.644, 0.000, 0.869), center=(555, 240)
[INFO] [1789635294.174307599] [vision_manager]: Book detected: xyz=(-0.100, -0.021, 0.439), center=(248, 225)
[INFO] [1789635294.310135104] [vision_manager]: Book detected: xyz=(-0.086, -0.179, 0.401), center=(252, 98)
[INFO] [1789635294.311708892] [vision_manager]: Book detected: xyz=(0.734, 0.005, 0.869), center=(588, 242)
[INFO] [1789635294.313370279] [vision_manager]: Book detected: xyz=(-0.115, -0.096, 0.499), center=(247, 179)
[INFO] [1789635294.315450178] [vision_manager]: Book detected: xyz=(0.669, 0.000, 0.869), center=(564, 240)
[INFO] [1789635294.317473146] [vision_manager]: Book detected: xyz=(-0.107, -0.021, 0.472), center=(248, 226)
[INFO] [1789635294.318708545] [vision_manager]: Book detected: xyz=(-0.093, 0.030, 0.400), center=(246, 264)
[INFO] [1789635294.319735492] [vision_manager]: No placeable empty shelf position found
[INFO] [1789635294.456580792] [vision_manager]: Book detected: xyz=(-0.086, -0.180, 0.400), center=(252, 97)
[INFO] [1789635294.457816257] [vision_manager]: Book detected: xyz=(0.734, 0.005, 0.869), center=(588, 242)
[INFO] [1789635294.458994296] [vision_manager]: Book detected: xyz=(-0.112, -0.096, 0.499), center=(249, 179)
[INFO] [1789635294.460247104] [vision_manager]: Book detected: xyz=(0.660, 0.000, 0.869), center=(561, 240)
[INFO] [1789635294.461521989] [vision_manager]: Book detected: xyz=(-0.100, -0.021, 0.439), center=(248, 225)
[INFO] [1789635294.462832877] [vision_manager]: Book detected: xyz=(-0.093, 0.029, 0.400), center=(246, 263)
[INFO] [1789635294.599535535] [vision_manager]: Book detected: xyz=(-0.086, -0.179, 0.401), center=(252, 98)
[INFO] [1789635294.600496622] [vision_manager]: Book detected: xyz=(-0.110, -0.096, 0.499), center=(250, 179)
[INFO] [1789635294.601396165] [vision_manager]: Book detected: xyz=(0.734, 0.005, 0.869), center=(588, 242)
[INFO] [1789635294.602267981] [vision_manager]: Book detected: xyz=(0.649, 0.000, 0.869), center=(557, 240)
[INFO] [1789635294.603123125] [vision_manager]: Book detected: xyz=(-0.100, -0.021, 0.439), center=(248, 225)
[INFO] [1789635294.603973394] [vision_manager]: Book detected: xyz=(-0.092, 0.033, 0.400), center=(247, 266)
[INFO] [1789635294.726277324] [vision_manager]: Book detected: xyz=(-0.085, -0.180, 0.400), center=(253, 97)
[INFO] [1789635294.727354414] [vision_manager]: Book detected: xyz=(-0.110, -0.096, 0.499), center=(250, 179)
[INFO] [1789635294.728374663] [vision_manager]: Book detected: xyz=(0.734, 0.005, 0.869), center=(588, 242)
[INFO] [1789635294.729382117] [vision_manager]: Book detected: xyz=(0.627, 0.000, 0.869), center=(549, 240)
[INFO] [1789635294.730397607] [vision_manager]: Book detected: xyz=(-0.093, -0.021, 0.411), center=(248, 224)
[INFO] [1789635294.731418256] [vision_manager]: Book detected: xyz=(-0.091, 0.038, 0.400), center=(248, 270)
[INFO] [1789635294.868362635] [vision_manager]: Book detected: xyz=(-0.085, -0.180, 0.400), center=(253, 97)
[INFO] [1789635294.869318191] [vision_manager]: Book detected: xyz=(-0.110, -0.096, 0.499), center=(250, 179)
[INFO] [1789635294.870226577] [vision_manager]: Book detected: xyz=(0.734, 0.005, 0.869), center=(588, 242)
[INFO] [1789635294.871155362] [vision_manager]: Book detected: xyz=(0.630, 0.000, 0.869), center=(550, 240)
[INFO] [1789635294.872068709] [vision_manager]: Book detected: xyz=(-0.093, -0.021, 0.411), center=(248, 224)
[INFO] [1789635294.872969606] [vision_manager]: Book detected: xyz=(-0.092, 0.038, 0.400), center=(247, 270)
[INFO] [1789635294.989110180] [vision_manager]: Book detected: xyz=(-0.085, -0.180, 0.400), center=(253, 97)
[INFO] [1789635294.990071463] [vision_manager]: Book detected: xyz=(-0.108, -0.096, 0.491), center=(250, 178)
[INFO] [1789635294.990986540] [vision_manager]: Book detected: xyz=(0.734, 0.005, 0.869), center=(588, 242)
[INFO] [1789635294.991895123] [vision_manager]: Book detected: xyz=(0.647, 0.000, 0.869), center=(556, 240)
[INFO] [1789635294.992812660] [vision_manager]: Book detected: xyz=(-0.093, -0.021, 0.411), center=(248, 224)
[INFO] [1789635294.993703157] [vision_manager]: Book detected: xyz=(-0.091, 0.033, 0.400), center=(248, 266)
[INFO] [1789635295.113428456] [vision_manager]: Book detected: xyz=(-0.086, -0.180, 0.400), center=(252, 97)
[INFO] [1789635295.114982567] [vision_manager]: Book detected: xyz=(-0.110, -0.096, 0.499), center=(250, 179)
[INFO] [1789635295.115991141] [vision_manager]: Book detected: xyz=(0.734, 0.005, 0.869), center=(588, 242)
[INFO] [1789635295.116920676] [vision_manager]: Book detected: xyz=(0.660, 0.000, 0.869), center=(561, 240)
[INFO] [1789635295.118012224] [vision_manager]: Book detected: xyz=(-0.093, -0.021, 0.411), center=(248, 224)
[INFO] [1789635295.118910787] [vision_manager]: Book detected: xyz=(-0.092, 0.038, 0.400), center=(247, 270)
[INFO] [1789635295.250707651] [vision_manager]: Book detected: xyz=(-0.086, -0.180, 0.400), center=(252, 97)
[INFO] [1789635295.251754387] [vision_manager]: Book detected: xyz=(0.734, 0.005, 0.869), center=(588, 242)
[INFO] [1789635295.252783244] [vision_manager]: Book detected: xyz=(-0.112, -0.096, 0.507), center=(250, 180)
[INFO] [1789635295.253750721] [vision_manager]: Book detected: xyz=(0.641, 0.000, 0.869), center=(554, 240)
[INFO] [1789635295.254640084] [vision_manager]: Book detected: xyz=(-0.093, -0.021, 0.411), center=(248, 224)
[INFO] [1789635295.255520113] [vision_manager]: Book detected: xyz=(-0.095, 0.032, 0.400), center=(245, 265)
[INFO] [1789635295.383963548] [vision_manager]: Book detected: xyz=(-0.086, -0.180, 0.400), center=(252, 97)
[INFO] [1789635295.385490124] [vision_manager]: Book detected: xyz=(-0.110, -0.096, 0.499), center=(250, 179)
[INFO] [1789635295.386986366] [vision_manager]: Book detected: xyz=(0.734, 0.005, 0.869), center=(588, 242)
[INFO] [1789635295.388506458] [vision_manager]: Book detected: xyz=(0.636, 0.000, 0.869), center=(552, 240)
[INFO] [1789635295.389797373] [vision_manager]: Book detected: xyz=(-0.100, -0.021, 0.439), center=(248, 225)
[INFO] [1789635295.391066956] [vision_manager]: Book detected: xyz=(-0.093, 0.039, 0.400), center=(246, 271)
[INFO] [1789635295.538363084] [vision_manager]: Book detected: xyz=(-0.086, -0.180, 0.400), center=(252, 97)
[INFO] [1789635295.539902480] [vision_manager]: Book detected: xyz=(-0.110, -0.096, 0.499), center=(250, 179)
[INFO] [1789635295.541392159] [vision_manager]: Book detected: xyz=(0.734, 0.005, 0.869), center=(588, 242)
[INFO] [1789635295.542652470] [vision_manager]: Book detected: xyz=(0.655, 0.000, 0.869), center=(559, 240)
[INFO] [1789635295.543874792] [vision_manager]: Book detected: xyz=(-0.100, -0.021, 0.439), center=(248, 225)
[INFO] [1789635295.545268104] [vision_manager]: Book detected: xyz=(-0.092, 0.039, 0.400), center=(247, 271)
Traceback (most recent call last):
  File "/home/rokey/ws_cobot_pjt/book-shelving-system/ros2_ws/install/shelving_perception/lib/shelving_perception/vision_manager", line 33, in <module>
    sys.exit(load_entry_point('shelving_perception==0.0.0', 'console_scripts', 'vision_manager')())
             ^^^^^^^^^^^^^^^^^^^^^^^^^^^^^^^^^^^^^^^^^^^^^^^^^^^^^^^^^^^^^^^^^^^^^^^^^^^^^^^^^^^^^
  File "/home/rokey/ws_cobot_pjt/book-shelving-system/ros2_ws/install/shelving_perception/lib/python3.12/site-packages/shelving_perception/vision_manager.py", line 254, in main
    rclpy.spin(node)
  File "/opt/ros/jazzy/lib/python3.12/site-packages/rclpy/__init__.py", line 247, in spin
    executor.spin_once()
  File "/opt/ros/jazzy/lib/python3.12/site-packages/rclpy/executors.py", line 926, in spin_once
    self._spin_once_impl(timeout_sec)
  File "/opt/ros/jazzy/lib/python3.12/site-packages/rclpy/executors.py", line 918, in _spin_once_impl
    raise handler.exception()
  File "/opt/ros/jazzy/lib/python3.12/site-packages/rclpy/task.py", line 286, in _execute_coroutine_step
    result = coro.send(None)
             ^^^^^^^^^^^^^^^
  File "/opt/ros/jazzy/lib/python3.12/site-packages/rclpy/executors.py", line 592, in handler
    await call_coroutine()
  File "/opt/ros/jazzy/lib/python3.12/site-packages/rclpy/executors.py", line 480, in _execute
    await await_or_execute(sub.callback, *msg_tuple)
  File "/opt/ros/jazzy/lib/python3.12/site-packages/rclpy/executors.py", line 115, in await_or_execute
    return callback(*args)
           ^^^^^^^^^^^^^^^
  File "/opt/ros/jazzy/lib/python3.12/site-packages/message_filters/__init__.py", line 95, in callback
    self.signalMessage(msg)
  File "/opt/ros/jazzy/lib/python3.12/site-packages/message_filters/simple_filter.py", line 58, in signalMessage
    callback(*(msg + args))
  File "/opt/ros/jazzy/lib/python3.12/site-packages/message_filters/__init__.py", line 401, in add
    self.signalMessage(*msgs)
  File "/opt/ros/jazzy/lib/python3.12/site-packages/message_filters/simple_filter.py", line 58, in signalMessage
    callback(*(msg + args))
  File "/home/rokey/ws_cobot_pjt/book-shelving-system/ros2_ws/install/shelving_perception/lib/python3.12/site-packages/shelving_perception/vision_manager.py", line 157, in rgb_callback
    self.book_pub.publish(book_msg)
  File "/opt/ros/jazzy/lib/python3.12/site-packages/rclpy/publisher.py", line 70, in publish
    self.__publisher.publish(msg)
rclpy._rclpy_pybind11.RCLError: Failed to publish: publisher's context is invalid, at ./src/rcl/publisher.c:423
