10:53:17 [조작] PlaceBook /place_book executor=sim profile=default tray_slots=6 status=/robot/status perception_bridge=True
10:53:17 [시뮬] 관측 자세 손목(관절 7) -59.2° → +30.8° 로 돌림 [SIM_HOME_J7_DEG=+90] (홈은 그대로)
10:53:17 [시뮬] 관측 자세 이동 [0.0, 0.0, 0.1] m: 손 [-0.389, 0.079, 0.573] → [-0.389, 0.079, 0.673], 관절 [2.811, -0.514, 0.102, -2.213, 0.051, 1.701, 0.538] → [2.094, -0.576, 0.563, -1.891, 0.3, 1.397, 0.278] (한계 여유 0.873) [SIM_HOME_SHIFT] (홈은
10:53:43 [FSM] FSM transition completed: PLANNING -> NAV_TO_RETURN
10:53:43 [FSM] Navigation succeeded: Navigation waypoint is already satisfied in simulation.
10:53:43 [FSM] FSM transition completed: NAV_TO_RETURN -> RECEIVE_TRAY
10:53:43 [FSM] FSM transition completed: RECEIVE_TRAY -> SELECT_BOOK
10:53:43 [FSM] FSM transition completed: SELECT_BOOK -> NAV_TO_SHELF
10:54:16 [시뮬] [주행] 도착 (-0.548, +1.225)
10:54:19 [시뮬] [주행] 회전 끝 — **실측** yaw +0.00° (목표 +0.00°)
10:54:20 [FSM] Navigation succeeded: Navigation completed.
10:54:20 [FSM] FSM transition completed: NAV_TO_SHELF -> DETECT_TARGET_SLOT
10:54:20 [조작] 베이스 회전 명령 전송 (목표 yaw +0°, 서가 거리 0.444)
10:54:20 [시뮬] [주행] 도착 (-0.548, +1.225)
10:54:20 [시뮬] 서가 앞면 0.443 m → 목표 0.444 m (앞뒤 -0.001), 서가 중심 팔기준 x -0.417 → 옆으로 -0.417: 차체를 0.417 m 옮긴다
10:54:25 [조작] 베이스 회전 완료
10:54:25 [시뮬] 서가 앞면 실측 0.444 m (목표 0.444), 서가 x 범위 팔기준 -0.71~+0.71
10:54:25 [시뮬] [스윕] 시작 자세 q=[2.811, -0.514, 0.102, -2.213, 0.051, 1.701, -1.033]
10:54:25 [시뮬] [스윕] 판 1.042 (팔기준 z 0.712, 앞면 0.444) 정지점 5/5 여유 0.171 rad 최대변화 0.06 길이 3.95
10:54:25 [시뮬] [스윕] 판 0.498 (팔기준 z 0.168, 앞면 0.444) 정지점 5/5 여유 0.225 rad 최대변화 0.05 길이 2.52
10:54:25 [시뮬] 스윕 시작: 판 [1.042, 0.498], 정지점 10개, 정지 1.2s
10:54:26 [시뮬] [판목록] 레벨 실측 [0.4976, 1.0417, 1.5812, 2.0582, 2.52] · 쓰는 값 [0.497, 0.498, 1.042] · 차이 [-0.3, -0.4, +0.6] mm  (그림자 — 판단은 상수 그대로)
10:54:34 [비전] ROI 밖 책: (0.023, 0.574, 0.394) @arm_base_link
10:54:34 [비전] ROI 밖 책: (-0.625, 0.536, 0.834) @arm_base_link
10:54:34 [비전] ROI 밖 책: (0.062, 0.574, 0.394) @arm_base_link
10:54:34 [비전] ROI 밖 책: (-0.204, 0.534, 0.402) @arm_base_link
10:54:34 [비전] ROI 밖 책: (-0.045, 0.529, 0.393) @arm_base_link
10:54:34 [비전] ROI 밖 책: (-0.071, 0.549, 0.395) @arm_base_link
10:54:34 [비전] ROI 밖 책: (-0.013, 0.578, 0.394) @arm_base_link
10:54:34 [비전] ROI 밖 책 7권 제외 (남은 0권). ROI [-0.4, -0.2, 0.0] ~ [-0.26, 0.4, 0.32] @arm_base_link
10:54:34 [비전] Empty center pixel=(276, 259), shelf_front_z=1.528m; Depth L/C/R=0.432/6.085/2.624m; center-left=5.653m, center-right=3.461m; contrast=PASS
10:54:34 [비전] Empty shelf target: xyz=(-0.562, 1.650, 0.917)
10:54:35 [비전] ROI 밖 책: (-0.057, 0.532, 0.395) @arm_base_link
10:54:35 [비전] ROI 밖 책: (0.316, 0.564, 0.360) @arm_base_link
10:54:35 [비전] ROI 밖 책: (0.058, 0.567, 0.394) @arm_base_link
10:54:35 [비전] ROI 밖 책 3권 제외 (남은 0권). ROI [-0.4, -0.2, 0.0] ~ [-0.26, 0.4, 0.32] @arm_base_link
10:54:35 [비전] ROI 밖 책: (0.484, 0.575, 0.394) @arm_base_link
10:54:35 [비전] ROI 밖 책: (0.333, 0.553, 0.370) @arm_base_link
10:54:35 [비전] ROI 밖 책: (0.368, 0.536, 0.396) @arm_base_link
10:54:35 [비전] ROI 밖 책: (0.407, 0.533, 0.395) @arm_base_link
10:54:35 [비전] ROI 밖 책: (0.191, 0.567, 0.398) @arm_base_link
10:54:35 [비전] ROI 밖 책: (0.177, 0.532, 0.397) @arm_base_link
10:54:35 [비전] ROI 밖 책: (0.134, 0.548, 0.393) @arm_base_link
10:54:35 [비전] ROI 밖 책: (0.095, 0.536, 0.396) @arm_base_link
10:54:35 [비전] ROI 밖 책 8권 제외 (남은 0권). ROI [-0.4, -0.2, 0.0] ~ [-0.26, 0.4, 0.32] @arm_base_link
10:54:37 [비전] ROI 밖 책: (0.335, 0.541, 0.386) @arm_base_link
10:54:37 [비전] ROI 밖 책: (0.374, 0.536, 0.396) @arm_base_link
10:54:37 [비전] ROI 밖 책: (0.495, 0.567, 0.394) @arm_base_link
10:54:37 [비전] ROI 밖 책: (0.414, 0.529, 0.395) @arm_base_link
10:54:37 [비전] ROI 밖 책: (0.472, 0.535, 0.394) @arm_base_link
10:54:37 [비전] ROI 밖 책: (0.467, 0.576, 0.394) @arm_base_link
10:54:37 [비전] ROI 밖 책 6권 제외 (남은 0권). ROI [-0.4, -0.2, 0.0] ~ [-0.26, 0.4, 0.32] @arm_base_link
10:54:39 [비전] ROI 밖 책: (0.210, 0.536, 0.827) @arm_base_link
10:54:39 [비전] ROI 밖 책: (0.506, 0.620, 0.392) @arm_base_link
10:54:39 [비전] ROI 밖 책: (0.432, 0.599, 0.394) @arm_base_link
10:54:39 [비전] ROI 밖 책: (0.385, 0.553, 0.396) @arm_base_link
10:54:39 [비전] ROI 밖 책: (-0.032, 0.578, 0.392) @arm_base_link
10:54:39 [비전] ROI 밖 책: (0.589, 0.618, 0.395) @arm_base_link
10:54:39 [비전] ROI 밖 책: (0.052, 0.576, 0.394) @arm_base_link
10:54:39 [비전] ROI 밖 책: (0.555, 0.535, 0.394) @arm_base_link
10:54:39 [비전] ROI 밖 책: (0.013, 0.573, 0.395) @arm_base_link
10:54:39 [비전] ROI 밖 책: (0.557, 0.619, 0.394) @arm_base_link
10:54:39 [비전] ROI 밖 책: (0.607, 0.575, 0.399) @arm_base_link
10:54:39 [비전] ROI 밖 책 11권 제외 (남은 0권). ROI [-0.4, -0.2, 0.0] ~ [-0.26, 0.4, 0.32] @arm_base_link
10:54:39 [비전] Empty center pixel=(286, 550), shelf_front_z=0.618m; Depth L/C/R=0.677/1.387/0.558m; center-left=0.709m, center-right=0.829m; contrast=PASS
10:54:39 [비전] Empty shelf target: xyz=(0.283, 0.625, 0.344)
10:54:42 [비전] ROI 밖 책: (-1.031, 0.184, -0.341) @arm_base_link
10:54:42 [비전] ROI 밖 책: (0.126, 0.509, 0.337) @arm_base_link
10:54:42 [비전] ROI 밖 책: (-0.247, -0.049, 0.156) @arm_base_link
10:54:42 [비전] ROI 밖 책 3권 제외 (남은 2권). ROI [-0.4, -0.2, 0.0] ~ [-0.26, 0.4, 0.32] @arm_base_link
10:54:42 [비전] Book picked(best): xyz=(-0.364, -0.017, 0.217), center=(309, 591), conf=0.87, depth=patch, yaw=0.000 rad (후보 2권)
10:54:42 [비전] Empty center pixel=(157, 340), shelf_front_z=0.839m; Depth L/C/R=0.911/1.051/0.766m; center-left=0.140m, center-right=0.285m; contrast=PASS
10:54:42 [비전] Empty shelf target: xyz=(-0.781, 0.503, 0.170)
10:54:44 [비전] ROI 밖 책: (0.174, 0.511, 0.340) @arm_base_link
10:54:44 [비전] ROI 밖 책: (-0.714, 0.091, -0.001) @arm_base_link
10:54:44 [비전] ROI 밖 책: (0.133, 0.511, 0.338) @arm_base_link
10:54:44 [비전] ROI 밖 책: (0.188, 0.512, 0.364) @arm_base_link
10:54:44 [비전] ROI 밖 책 4권 제외 (남은 1권). ROI [-0.4, -0.2, 0.0] ~ [-0.26, 0.4, 0.32] @arm_base_link
10:54:44 [비전] Book picked(best): xyz=(-0.358, -0.016, 0.216), center=(182, 590), conf=0.74, depth=patch, yaw=0.000 rad (후보 1권)
10:54:46 [비전] ROI 밖 책: (0.564, 0.183, -0.342) @arm_base_link
10:54:46 [비전] ROI 밖 책: (0.176, 0.512, 0.339) @arm_base_link
10:54:46 [비전] ROI 밖 책 2권 제외 (남은 1권). ROI [-0.4, -0.2, 0.0] ~ [-0.26, 0.4, 0.32] @arm_base_link
10:54:46 [비전] Book picked(best): xyz=(-0.313, -0.024, 0.189), center=(86, 602), conf=0.90, depth=patch, yaw=0.000 rad (후보 1권)
10:54:46 [비전] Empty center pixel=(433, 275), shelf_front_z=0.731m; Depth L/C/R=0.718/2.016/0.744m; center-left=1.298m, center-right=1.272m; contrast=PASS
10:54:46 [비전] Empty shelf target: xyz=(0.260, 0.521, 0.358)
10:54:47 [비전] ROI 밖 책: (0.592, 0.180, -0.341) @arm_base_link
10:54:47 [비전] ROI 밖 책 1권 제외 (남은 0권). ROI [-0.4, -0.2, 0.0] ~ [-0.26, 0.4, 0.32] @arm_base_link
10:54:48 [비전] Empty center pixel=(359, 274), shelf_front_z=0.713m; Depth L/C/R=0.690/2.043/0.735m; center-left=1.353m, center-right=1.308m; contrast=PASS
10:54:48 [비전] Empty shelf target: xyz=(0.262, 0.506, 0.370)
10:54:49 [비전] ROI 밖 책: (0.677, 0.183, -0.341) @arm_base_link
10:54:49 [비전] ROI 밖 책: (-0.315, 0.522, 0.355) @arm_base_link
10:54:49 [비전] ROI 밖 책: (0.487, 0.520, 0.360) @arm_base_link
10:54:49 [비전] ROI 밖 책 3권 제외 (남은 0권). ROI [-0.4, -0.2, 0.0] ~ [-0.26, 0.4, 0.32] @arm_base_link
10:54:49 [비전] Empty center pixel=(294, 273), shelf_front_z=0.748m; Depth L/C/R=0.784/2.052/0.713m; center-left=1.269m, center-right=1.339m; contrast=PASS
10:54:49 [비전] Empty shelf target: xyz=(0.288, 0.538, 0.352)
10:54:55 [FSM] Empty slot detected: frame_id=arm_base_link, x=-0.350, y=0.544, z=0.340, confidence=1.00, candidate_count=7
10:54:55 [FSM] FSM transition completed: DETECT_TARGET_SLOT -> PLACE_BOOK
10:54:55 [FSM] Book-placement goal was accepted.
10:54:55 [조작] 빈칸 관측 버림 (서가 밖): (-0.781, 0.503, 0.170) 서가 x -0.66~0.66 y 0.41~0.80 z -0.33~2.19
10:54:55 [조작] 빈칸 관측 버림 (서가 밖): (-0.781, 0.503, 0.170) 서가 x -0.66~0.66 y 0.41~0.80 z -0.33~2.19
10:54:55 [조작] 빈칸 선택: 책 사이 틈 관측 (0.273, 0.521, 0.358) → 칸 중심 y 0.544, z 0.340 (판 높이로 스냅); 꽂기 전 차체를 옆으로 +0.623 m 옮겨 틈을 x -0.35 에 둔다
10:54:55 [조작] 빈 슬롯 스캔 완료: (-0.35, 0.5439, 0.3399), 삽입깊이 0.300m
10:54:55 [조작] 베이스 회전 명령 전송 (목표 yaw +0°, 서가 거리 0.444)
10:54:55 [시뮬] 작업 job_e948bee203ec:scan SUCCEEDED {'phase': 'scan_done', 'message': '서가 스캔 완료', 'placement_verified': False, 'sim_steps': 2039, 'render_steps': 2039} (29.8s)
10:54:55 [시뮬] 서가 앞면 0.444 m → 목표 0.444 m (앞뒤 +0.000), 서가 중심 팔기준 x +0.623 → 옆으로 +0.623: 차체를 0.623 m 옮긴다
10:55:02 [조작] 베이스 회전 완료
10:55:02 [시뮬] 서가 앞면 실측 0.444 m (목표 0.444), 서가 x 범위 팔기준 -1.33~+0.08
10:55:03 [비전] ROI 밖 책: (-0.126, -0.705, -0.341) @arm_base_link
10:55:03 [비전] ROI 밖 책: (-0.232, 0.505, 0.206) @arm_base_link
10:55:03 [비전] ROI 밖 책: (0.485, 0.249, -0.341) @arm_base_link
10:55:03 [비전] ROI 밖 책: (-0.531, 0.505, 0.207) @arm_base_link
10:55:03 [비전] ROI 밖 책 4권 제외 (남은 1권). ROI [-0.4, -0.2, 0.0] ~ [-0.26, 0.4, 0.32] @arm_base_link
10:55:03 [비전] Book picked(best): xyz=(-0.363, -0.084, 0.212), center=(203, 310), conf=0.73, depth=patch, yaw=0.000 rad (후보 1권)
10:55:03 [비전] ROI 밖 책: (-0.126, -0.705, -0.341) @arm_base_link
10:55:03 [비전] ROI 밖 책: (-0.232, 0.505, 0.206) @arm_base_link
10:55:03 [비전] ROI 밖 책: (0.485, 0.246, -0.341) @arm_base_link
10:55:03 [비전] ROI 밖 책: (-0.531, 0.505, 0.207) @arm_base_link
10:55:03 [비전] ROI 밖 책 4권 제외 (남은 3권). ROI [-0.4, -0.2, 0.0] ~ [-0.26, 0.4, 0.32] @arm_base_link
10:55:03 [비전] Book picked(best): xyz=(-0.353, -0.084, 0.212), center=(203, 317), conf=0.81, depth=patch, yaw=0.000 rad (후보 3권)
10:55:03 [조작] 책 좌표 정함 (-0.3582, -0.0842, +0.2123) — 관측 2개 · 책 1권 · 고른 책 2개 (x 흔들림 10 mm) → 축마다 중앙값
10:55:03 [조작] 작업 job_e948bee203ec book=book_003 트레이 칸 0 파지 [-0.358208500740164, -0.08418502971759644, 0.1364493129131286] (vision) → (-0.35, 0.5438500024676323, 0.3399) 삽입 속도 0.030 m/s
10:55:16 [시뮬] [JUDGE] 손 안 어긋남(406) **판별불가** — 키네마틱 파지는 매 스텝 책을 손에 맞춰 다시 써 넣는다. 이 신호는 마찰 파지(SIM_GRASP_KINEMATIC=0)에서만 의미가 있다
10:55:23 [시뮬] [JUDGE] rise=16.9cm(ok) width=17.6mm = 지령 17.6mm (책 반두께 21.6) → **판별불가** [키네마틱 파지라 빈손이어도 같은 값이 나온다]
10:57:16 [FSM] FSM transition completed: PLACE_BOOK -> UPDATE_DATA
10:57:16 [FSM] FSM transition completed: UPDATE_DATA -> NEXT_BOOK
10:57:16 [FSM] FSM transition completed: NEXT_BOOK -> SELECT_BOOK
10:57:16 [FSM] FSM transition completed: SELECT_BOOK -> NAV_TO_SHELF
10:57:16 [FSM] Navigation succeeded: Navigation waypoint is already satisfied in simulation.
10:57:16 [FSM] FSM transition completed: NAV_TO_SHELF -> DETECT_TARGET_SLOT
10:57:16 [조작] PlaceBook 성공 job=job_e948bee203ec code=0(OK) phase= 배치 확인
10:57:16 [조작] 베이스 회전 명령 전송 (목표 yaw +0°, 서가 거리 0.444)
10:57:16 [시뮬] [JUDGE] width_hold=판별불가[키네마틱] (17.6 → 최소 17.6 mm, 한쪽 기준)
10:57:16 [시뮬] 작업 job_e948bee203ec SUCCEEDED {'phase': 'verify', 'message': '배치 확인', 'placement_verified': True, 'checks': {'upright': True, 'depth': True, 'spine': True, 'x': True, 'floor': True, 'skew': True, 'no_jam': True}, 'fallen
10:57:16 [시뮬] 서가 앞면 0.444 m → 목표 0.444 m (앞뒤 +0.000), 서가 중심 팔기준 x -0.623 → 옆으로 -0.623: 차체를 0.623 m 옮긴다
10:57:21 [조작] 베이스 회전 완료
10:57:21 [시뮬] 서가 앞면 실측 0.444 m (목표 0.444), 서가 x 범위 팔기준 -0.71~+0.71
10:57:21 [시뮬] [재측정] 스윕 없이 빈칸만 다시 재고 관측 자세로 돌아간다 — 서가 /World/bookshelves_main/shelf_brown__book_shelf_01 · 판 [1.042, 0.498] · 빈칸 4개 · 관측 자세까지 Δ최대 1.311 rad
10:57:26 [FSM] Empty slot detected: frame_id=arm_base_link, x=-0.350, y=0.544, z=0.884, confidence=1.00, candidate_count=7
10:57:26 [FSM] FSM transition completed: DETECT_TARGET_SLOT -> PLACE_BOOK
10:57:26 [FSM] Book-placement goal was accepted.
10:57:26 [조작] 빈칸 관측 버림 (서가 밖): (-0.781, 0.503, 0.170) 서가 x -0.66~0.66 y 0.41~0.80 z -0.33~2.19
10:57:26 [조작] 빈칸 관측 버림 (서가 밖): (-0.781, 0.503, 0.170) 서가 x -0.66~0.66 y 0.41~0.80 z -0.33~2.19
10:57:26 [조작] 빈칸 선택: 책 사이 틈 관측 (-0.401, 0.521, 0.358) → 칸 중심 y 0.544, z 0.884 (판 높이로 스냅); 꽂기 전 차체를 옆으로 -0.051 m 옮겨 틈을 x -0.35 에 둔다
10:57:26 [조작] 빈 슬롯 스캔 완료: (-0.35, 0.5439, 0.8839), 삽입깊이 0.300m
10:57:26 [조작] 베이스 회전 명령 전송 (목표 yaw +0°, 서가 거리 0.444)
10:57:26 [시뮬] 작업 job_e948bee203ec:scan SUCCEEDED {'phase': 'scan_done', 'message': '서가 스캔 완료', 'placement_verified': False, 'sim_steps': 324, 'render_steps': 324} (4.9s)
10:57:26 [시뮬] 서가 앞면 0.444 m → 목표 0.444 m (앞뒤 +0.000), 서가 중심 팔기준 x -0.051 → 옆으로 -0.051: 차체를 0.051 m 옮긴다
10:57:27 [비전] ROI 밖 책: (-0.126, -0.657, -0.341) @arm_base_link
10:57:27 [비전] ROI 밖 책: (-0.101, -0.768, -0.341) @arm_base_link
10:57:27 [비전] ROI 밖 책 2권 제외 (남은 0권). ROI [-0.4, -0.2, 0.0] ~ [-0.26, 0.4, 0.32] @arm_base_link
10:57:27 [조작] 베이스 회전 완료
10:57:27 [시뮬] 서가 앞면 실측 0.444 m (목표 0.444), 서가 x 범위 팔기준 -0.66~+0.76
10:57:28 [비전] ROI 밖 책: (-0.120, -0.654, -0.341) @arm_base_link
10:57:28 [비전] ROI 밖 책: (-0.101, -0.774, -0.341) @arm_base_link
10:57:28 [비전] ROI 밖 책 2권 제외 (남은 0권). ROI [-0.4, -0.2, 0.0] ~ [-0.26, 0.4, 0.32] @arm_base_link
10:57:28 [비전] ROI 밖 책: (-0.126, -0.654, -0.341) @arm_base_link
10:57:28 [비전] ROI 밖 책: (-0.104, -0.761, -0.341) @arm_base_link
10:57:28 [비전] ROI 밖 책 2권 제외 (남은 0권). ROI [-0.4, -0.2, 0.0] ~ [-0.26, 0.4, 0.32] @arm_base_link
10:57:29 [비전] ROI 밖 책: (-0.123, -0.654, -0.341) @arm_base_link
10:57:29 [비전] ROI 밖 책: (-0.101, -0.764, -0.341) @arm_base_link
10:57:29 [비전] ROI 밖 책 2권 제외 (남은 0권). ROI [-0.4, -0.2, 0.0] ~ [-0.26, 0.4, 0.32] @arm_base_link
10:57:29 [비전] ROI 밖 책: (-0.126, -0.654, -0.341) @arm_base_link
10:57:29 [비전] ROI 밖 책: (-0.101, -0.768, -0.341) @arm_base_link
10:57:29 [비전] ROI 밖 책 2권 제외 (남은 0권). ROI [-0.4, -0.2, 0.0] ~ [-0.26, 0.4, 0.32] @arm_base_link
10:57:30 [비전] ROI 밖 책: (-0.129, -0.657, -0.341) @arm_base_link
10:57:30 [비전] ROI 밖 책: (-0.104, -0.768, -0.341) @arm_base_link
10:57:30 [비전] ROI 밖 책: (-0.472, 0.523, 0.201) @arm_base_link
10:57:30 [비전] ROI 밖 책: (-0.496, 0.522, 0.198) @arm_base_link
10:57:30 [비전] ROI 밖 책 4권 제외 (남은 0권). ROI [-0.4, -0.2, 0.0] ~ [-0.26, 0.4, 0.32] @arm_base_link
10:57:30 [비전] ROI 밖 책: (-0.111, -0.705, -0.341) @arm_base_link
10:57:30 [비전] ROI 밖 책 1권 제외 (남은 0권). ROI [-0.4, -0.2, 0.0] ~ [-0.26, 0.4, 0.32] @arm_base_link
10:57:31 [비전] ROI 밖 책: (-0.107, -0.714, -0.341) @arm_base_link
10:57:31 [비전] ROI 밖 책 1권 제외 (남은 0권). ROI [-0.4, -0.2, 0.0] ~ [-0.26, 0.4, 0.32] @arm_base_link
10:57:31 [비전] ROI 밖 책: (-0.123, -0.654, -0.341) @arm_base_link
10:57:31 [비전] ROI 밖 책: (-0.101, -0.771, -0.341) @arm_base_link
10:57:31 [비전] ROI 밖 책: (-0.453, 0.156, 0.192) @arm_base_link
10:57:31 [비전] ROI 밖 책: (-0.472, 0.522, 0.200) @arm_base_link
10:57:31 [비전] ROI 밖 책 4권 제외 (남은 1권). ROI [-0.4, -0.2, 0.0] ~ [-0.26, 0.4, 0.32] @arm_base_link
10:57:31 [비전] Book picked(best): xyz=(-0.364, 0.160, 0.209), center=(377, 309), conf=0.70, depth=patch, yaw=0.000 rad (후보 1권)
10:57:32 [비전] ROI 밖 책: (-0.114, -0.705, -0.341) @arm_base_link
10:57:32 [비전] ROI 밖 책: (-0.452, 0.157, 0.195) @arm_base_link
10:57:32 [비전] ROI 밖 책 2권 제외 (남은 1권). ROI [-0.4, -0.2, 0.0] ~ [-0.26, 0.4, 0.32] @arm_base_link
10:57:32 [비전] Book picked(best): xyz=(-0.352, 0.162, 0.209), center=(378, 318), conf=0.68, depth=patch, yaw=0.000 rad (후보 1권)
10:57:32 [조작] 책 좌표 정함 (-0.3581, +0.1610, +0.2091) — 관측 2개 · 책 1권 · 고른 책 2개 (x 흔들림 13 mm) → 축마다 중앙값
10:57:32 [조작] 작업 job_e948bee203ec book=book_004 트레이 칸 1 파지 [-0.3580791799652847, 0.16095138153836402, 0.13322185670435066] (vision) → (-0.35, 0.5438500024676323, 0.8839) 삽입 속도 0.030 m/s
10:57:49 [시뮬] [JUDGE] 손 안 어긋남(406) **판별불가** — 키네마틱 파지는 매 스텝 책을 손에 맞춰 다시 써 넣는다. 이 신호는 마찰 파지(SIM_GRASP_KINEMATIC=0)에서만 의미가 있다
10:57:55 [시뮬] [JUDGE] rise=16.9cm(ok) width=12.8mm = 지령 12.8mm (책 반두께 16.8) → **판별불가** [키네마틱 파지라 빈손이어도 같은 값이 나온다]
10:59:50 [FSM] FSM transition completed: PLACE_BOOK -> UPDATE_DATA
10:59:50 [FSM] FSM transition completed: UPDATE_DATA -> NEXT_BOOK
10:59:50 [FSM] FSM transition completed: NEXT_BOOK -> SELECT_BOOK
10:59:50 [FSM] FSM transition completed: SELECT_BOOK -> NAV_TO_SHELF
10:59:50 [조작] PlaceBook 성공 job=job_e948bee203ec code=0(OK) phase= 배치 확인
10:59:50 [시뮬] [JUDGE] width_hold=판별불가[키네마틱] (12.8 → 최소 12.8 mm, 한쪽 기준)
10:59:50 [시뮬] 작업 job_e948bee203ec SUCCEEDED {'phase': 'verify', 'message': '배치 확인', 'placement_verified': True, 'checks': {'upright': True, 'depth': True, 'spine': True, 'x': True, 'floor': True, 'skew': True, 'no_jam': True}, 'fallen
11:00:17 [시뮬] [주행] 도착 (+2.535, -3.019)
11:00:19 [시뮬] [주행] 회전 끝 — **실측** yaw +0.00° (목표 +0.00°)
11:00:20 [FSM] Navigation succeeded: Navigation completed.
11:00:20 [FSM] FSM transition completed: NAV_TO_SHELF -> DETECT_TARGET_SLOT
11:00:20 [조작] 베이스 회전 명령 전송 (목표 yaw +0°, 서가 거리 0.444)
11:00:20 [시뮬] [주행] 도착 (+2.535, -3.019)
11:00:20 [시뮬] 서가 앞면 0.443 m → 목표 0.444 m (앞뒤 -0.001), 서가 중심 팔기준 x -0.261 → 옆으로 -0.261: 차체를 0.261 m 옮긴다
11:00:23 [조작] 베이스 회전 완료
11:00:23 [시뮬] 서가 앞면 실측 0.444 m (목표 0.444), 서가 x 범위 팔기준 -0.71~+0.71
11:00:23 [시뮬] [재측정] 스윕 없이 빈칸만 다시 재고 관측 자세로 돌아간다 — 서가 /World/bookshelves_main/shelf_brown__book_shelf_11 · 판 [1.042, 0.498] · 빈칸 2개 · 관측 자세까지 Δ최대 1.303 rad
11:00:28 [시뮬] 작업 job_e948bee203ec:scan SUCCEEDED {'phase': 'scan_done', 'message': '서가 스캔 완료', 'placement_verified': False, 'sim_steps': 322, 'render_steps': 322} (5.0s)
11:00:28 [시뮬] [스윕] 시작 자세 q=[2.0937, -0.5757, 0.5627, -1.8915, 0.2999, 1.3974, 0.2783]
11:00:28 [시뮬] [스윕] 판 1.042 (팔기준 z 0.712, 앞면 0.444) 정지점 5/5 여유 0.518 rad 최대변화 0.06 길이 2.68
11:00:28 [시뮬] [스윕] 판 0.498 (팔기준 z 0.168, 앞면 0.444) 정지점 5/5 여유 0.221 rad 최대변화 0.05 길이 2.45
11:00:28 [시뮬] 스윕 시작: 판 [1.042, 0.498], 정지점 10개, 정지 1.2s
11:00:28 [시뮬] [판목록] 레벨 실측 [0.4976, 1.0417, 1.5812, 2.0582, 2.52] · 쓰는 값 [0.497, 0.498, 1.042] · 차이 [-0.3, -0.4, +0.6] mm  (그림자 — 판단은 상수 그대로)
11:00:31 [비전] ROI 밖 책: (-0.628, 0.507, 0.833) @arm_base_link
11:00:31 [비전] ROI 밖 책 1권 제외 (남은 0권). ROI [-0.4, -0.2, 0.0] ~ [-0.26, 0.4, 0.32] @arm_base_link
11:00:31 [비전] Empty center pixel=(263, 198), shelf_front_z=1.243m; Depth L/C/R=0.091/4.410/2.396m; center-left=4.319m, center-right=2.014m; contrast=PASS
11:00:31 [비전] Empty shelf target: xyz=(-0.573, 1.401, 1.149)
11:00:33 [비전] ROI 밖 책: (0.237, 0.553, 0.420) @arm_base_link
11:00:33 [비전] ROI 밖 책: (0.022, 0.547, 0.395) @arm_base_link
11:00:33 [비전] ROI 밖 책: (0.098, 0.534, 0.396) @arm_base_link
11:00:33 [비전] ROI 밖 책 3권 제외 (남은 0권). ROI [-0.4, -0.2, 0.0] ~ [-0.26, 0.4, 0.32] @arm_base_link
11:00:35 [비전] ROI 밖 책: (0.471, 0.550, 0.394) @arm_base_link
11:00:35 [비전] ROI 밖 책: (0.503, 0.563, 0.394) @arm_base_link
11:00:35 [비전] ROI 밖 책: (0.096, 0.532, 0.396) @arm_base_link
11:00:35 [비전] ROI 밖 책: (0.428, 0.537, 0.395) @arm_base_link
11:00:35 [비전] ROI 밖 책: (0.259, 0.523, 0.396) @arm_base_link
11:00:35 [비전] ROI 밖 책: (0.042, 0.541, 0.394) @arm_base_link
11:00:35 [비전] ROI 밖 책: (0.526, 0.562, 0.395) @arm_base_link
11:00:35 [비전] ROI 밖 책: (0.296, 0.523, 0.395) @arm_base_link
11:00:35 [비전] ROI 밖 책: (0.060, 0.545, 0.392) @arm_base_link
11:00:35 [비전] ROI 밖 책: (0.352, 0.547, 0.395) @arm_base_link
11:00:35 [비전] ROI 밖 책: (0.175, 0.519, 0.398) @arm_base_link
11:00:35 [비전] ROI 밖 책: (0.435, 0.558, 0.395) @arm_base_link
11:00:35 [비전] ROI 밖 책: (0.450, 0.543, 0.393) @arm_base_link
11:00:35 [비전] ROI 밖 책: (0.398, 0.564, 0.395) @arm_base_link
11:00:35 [비전] ROI 밖 책: (0.141, 0.536, 0.393) @arm_base_link
11:00:35 [비전] ROI 밖 책 15권 제외 (남은 0권). ROI [-0.4, -0.2, 0.0] ~ [-0.26, 0.4, 0.32] @arm_base_link
11:00:35 [비전] Empty center pixel=(418, 284), shelf_front_z=0.442m; Depth L/C/R=0.411/10.396/0.472m; center-left=9.985m, center-right=9.924m; contrast=PASS
11:00:35 [비전] Empty shelf target: xyz=(0.136, 0.538, 0.866)
11:00:37 [비전] ROI 밖 책: (0.428, 0.537, 0.395) @arm_base_link
11:00:37 [비전] ROI 밖 책: (0.268, 0.529, 0.394) @arm_base_link
11:00:37 [비전] ROI 밖 책: (0.494, 0.551, 0.392) @arm_base_link
11:00:37 [비전] ROI 밖 책: (0.376, 0.527, 0.396) @arm_base_link
11:00:37 [비전] ROI 밖 책: (0.463, 0.543, 0.393) @arm_base_link
11:00:37 [비전] ROI 밖 책: (0.301, 0.526, 0.396) @arm_base_link
11:00:37 [비전] ROI 밖 책: (0.051, 0.554, 0.394) @arm_base_link
11:00:37 [비전] ROI 밖 책: (-0.017, 0.547, 0.394) @arm_base_link
11:00:37 [비전] ROI 밖 책: (0.014, 0.554, 0.396) @arm_base_link
11:00:37 [비전] ROI 밖 책: (0.440, 0.529, 0.394) @arm_base_link
11:00:37 [비전] ROI 밖 책: (0.490, 0.538, 0.394) @arm_base_link
11:00:37 [비전] ROI 밖 책: (0.333, 0.525, 0.395) @arm_base_link
11:00:37 [비전] ROI 밖 책: (0.580, 0.553, 0.394) @arm_base_link
11:00:37 [비전] ROI 밖 책 13권 제외 (남은 0권). ROI [-0.4, -0.2, 0.0] ~ [-0.26, 0.4, 0.32] @arm_base_link
11:00:37 [비전] Empty center pixel=(300, 296), shelf_front_z=0.539m; Depth L/C/R=0.548/2.480/0.530m; center-left=1.933m, center-right=1.950m; contrast=PASS
11:00:37 [비전] Empty shelf target: xyz=(0.140, 0.632, 0.840)
11:00:38 [비전] ROI 밖 책: (0.244, 0.519, 0.394) @arm_base_link
11:00:38 [비전] ROI 밖 책: (0.268, 0.521, 0.394) @arm_base_link
11:00:38 [비전] ROI 밖 책: (0.494, 0.547, 0.393) @arm_base_link
11:00:38 [비전] ROI 밖 책: (0.581, 0.576, 0.394) @arm_base_link
11:00:38 [비전] ROI 밖 책: (0.380, 0.527, 0.395) @arm_base_link
11:00:38 [비전] ROI 밖 책: (0.050, 0.550, 0.393) @arm_base_link
11:00:38 [비전] ROI 밖 책: (0.482, 0.540, 0.393) @arm_base_link
11:00:38 [비전] ROI 밖 책: (0.460, 0.528, 0.393) @arm_base_link
11:00:38 [비전] ROI 밖 책: (0.484, 0.521, 0.393) @arm_base_link
11:00:38 [비전] ROI 밖 책: (0.428, 0.544, 0.393) @arm_base_link
11:00:38 [비전] ROI 밖 책 10권 제외 (남은 0권). ROI [-0.4, -0.2, 0.0] ~ [-0.26, 0.4, 0.32] @arm_base_link
11:00:38 [비전] Empty center pixel=(182, 284), shelf_front_z=0.452m; Depth L/C/R=0.492/4.578/0.411m; center-left=4.086m, center-right=4.167m; contrast=PASS
11:00:38 [비전] Empty shelf target: xyz=(0.153, 0.548, 0.864)
11:00:42 [비전] ROI 밖 책: (0.122, 0.481, 0.340) @arm_base_link
11:00:42 [비전] ROI 밖 책: (0.167, 0.483, 0.333) @arm_base_link
11:00:42 [비전] ROI 밖 책: (-1.021, 0.182, -0.340) @arm_base_link
11:00:42 [비전] ROI 밖 책: (-0.233, 0.197, 0.083) @arm_base_link
11:00:42 [비전] ROI 밖 책: (0.299, 0.479, 0.322) @arm_base_link
11:00:42 [비전] ROI 밖 책: (0.079, 0.477, 0.343) @arm_base_link
11:00:42 [비전] ROI 밖 책 6권 제외 (남은 1권). ROI [-0.4, -0.2, 0.0] ~ [-0.26, 0.4, 0.32] @arm_base_link
11:00:42 [비전] Book picked(best): xyz=(-0.365, -0.017, 0.217), center=(308, 592), conf=0.87, depth=patch, yaw=0.000 rad (후보 1권)
11:00:42 [비전] Empty center pixel=(155, 330), shelf_front_z=0.839m; Depth L/C/R=0.932/1.073/0.745m; center-left=0.141m, center-right=0.328m; contrast=PASS
11:00:42 [비전] Empty shelf target: xyz=(-0.786, 0.520, 0.191)
11:00:44 [비전] ROI 밖 책: (0.365, 0.476, 0.331) @arm_base_link
11:00:44 [비전] ROI 밖 책: (0.166, 0.484, 0.342) @arm_base_link
11:00:44 [비전] ROI 밖 책: (0.324, 0.477, 0.333) @arm_base_link
11:00:44 [비전] ROI 밖 책: (0.277, 0.481, 0.321) @arm_base_link
11:00:44 [비전] ROI 밖 책: (0.129, 0.482, 0.338) @arm_base_link
11:00:44 [비전] ROI 밖 책: (0.307, 0.477, 0.322) @arm_base_link
11:00:44 [비전] ROI 밖 책: (0.460, 0.474, 0.343) @arm_base_link
11:00:44 [비전] ROI 밖 책: (0.696, 0.262, -0.342) @arm_base_link
11:00:44 [비전] ROI 밖 책: (-0.715, 0.091, -0.001) @arm_base_link
11:00:44 [비전] ROI 밖 책: (0.495, 0.479, 0.340) @arm_base_link
11:00:44 [비전] ROI 밖 책: (-1.198, 0.489, -0.193) @arm_base_link
11:00:44 [비전] ROI 밖 책 11권 제외 (남은 1권). ROI [-0.4, -0.2, 0.0] ~ [-0.26, 0.4, 0.32] @arm_base_link
11:00:44 [비전] Book picked(best): xyz=(-0.362, -0.018, 0.215), center=(176, 592), conf=0.78, depth=patch, yaw=0.000 rad (후보 1권)
11:00:44 [비전] Empty center pixel=(354, 279), shelf_front_z=0.704m; Depth L/C/R=0.708/1.999/0.700m; center-left=1.291m, center-right=1.298m; contrast=PASS
11:00:44 [비전] Empty shelf target: xyz=(-0.100, 0.491, 0.366)
11:00:46 [비전] ROI 밖 책: (0.368, 0.476, 0.334) @arm_base_link
11:00:46 [비전] ROI 밖 책: (0.333, 0.478, 0.332) @arm_base_link
11:00:46 [비전] ROI 밖 책: (0.281, 0.480, 0.325) @arm_base_link
11:00:46 [비전] ROI 밖 책: (0.169, 0.484, 0.350) @arm_base_link
11:00:46 [비전] ROI 밖 책: (0.198, 0.483, 0.369) @arm_base_link
11:00:46 [비전] ROI 밖 책: (0.129, 0.485, 0.349) @arm_base_link
11:00:46 [비전] ROI 밖 책 6권 제외 (남은 1권). ROI [-0.4, -0.2, 0.0] ~ [-0.26, 0.4, 0.32] @arm_base_link
11:00:46 [비전] Book picked(best): xyz=(-0.306, -0.025, 0.203), center=(86, 601), conf=0.91, depth=patch, yaw=0.000 rad (후보 1권)
11:00:46 [비전] Empty center pixel=(286, 280), shelf_front_z=0.704m; Depth L/C/R=0.716/1.990/0.692m; center-left=1.274m, center-right=1.298m; contrast=PASS
11:00:46 [비전] Empty shelf target: xyz=(-0.077, 0.490, 0.364)
11:00:47 [비전] ROI 밖 책: (0.447, 0.471, 0.353) @arm_base_link
11:00:47 [비전] ROI 밖 책: (0.337, 0.479, 0.328) @arm_base_link
11:00:47 [비전] ROI 밖 책: (0.373, 0.476, 0.327) @arm_base_link
11:00:47 [비전] ROI 밖 책: (0.478, 0.478, 0.353) @arm_base_link
11:00:47 [비전] ROI 밖 책: (0.563, 0.038, -0.341) @arm_base_link
11:00:47 [비전] ROI 밖 책 5권 제외 (남은 0권). ROI [-0.4, -0.2, 0.0] ~ [-0.26, 0.4, 0.32] @arm_base_link
11:00:47 [비전] Empty center pixel=(214, 280), shelf_front_z=0.718m; Depth L/C/R=0.744/1.973/0.693m; center-left=1.229m, center-right=1.280m; contrast=PASS
11:00:47 [비전] Empty shelf target: xyz=(-0.066, 0.502, 0.356)
11:00:49 [비전] ROI 밖 책: (0.557, 0.490, 0.366) @arm_base_link
11:00:49 [비전] ROI 밖 책: (0.482, 0.489, 0.362) @arm_base_link
11:00:49 [비전] ROI 밖 책: (0.589, 0.477, 0.348) @arm_base_link
11:00:49 [비전] ROI 밖 책: (0.454, 0.473, 0.343) @arm_base_link
11:00:49 [비전] ROI 밖 책 4권 제외 (남은 0권). ROI [-0.4, -0.2, 0.0] ~ [-0.26, 0.4, 0.32] @arm_base_link
11:00:49 [비전] Empty center pixel=(139, 279), shelf_front_z=0.716m; Depth L/C/R=0.742/0.822/0.690m; center-left=0.080m, center-right=0.132m; contrast=PASS
11:00:49 [비전] Empty shelf target: xyz=(-0.060, 0.502, 0.359)
11:00:55 [FSM] Empty slot detected: frame_id=arm_base_link, x=-0.350, y=0.544, z=0.340, confidence=1.00, candidate_count=9
11:00:55 [FSM] FSM transition completed: DETECT_TARGET_SLOT -> PLACE_BOOK
11:00:55 [FSM] Book-placement goal was accepted.
11:00:55 [조작] 빈칸 관측 버림 (서가 밖): (-0.786, 0.520, 0.191) 서가 x -0.66~0.66 y 0.41~0.80 z -0.33~2.19
11:00:55 [조작] 빈칸 선택: 책 사이 틈 관측 (-0.090, 0.502, 0.359) → 칸 중심 y 0.544, z 0.340 (판 높이로 스냅); 꽂기 전 차체를 옆으로 +0.260 m 옮겨 틈을 x -0.35 에 둔다
11:00:55 [조작] 빈 슬롯 스캔 완료: (-0.35, 0.5439, 0.3399), 삽입깊이 0.300m
11:00:55 [조작] 베이스 회전 명령 전송 (목표 yaw +0°, 서가 거리 0.444)
11:00:55 [시뮬] 작업 job_e948bee203ec:scan SUCCEEDED {'phase': 'scan_done', 'message': '서가 스캔 완료', 'placement_verified': False, 'sim_steps': 1829, 'render_steps': 1829} (27.7s)
11:00:55 [시뮬] 서가 앞면 0.444 m → 목표 0.444 m (앞뒤 +0.000), 서가 중심 팔기준 x +0.260 → 옆으로 +0.260: 차체를 0.260 m 옮긴다
11:00:58 [비전] ROI 밖 책: (-0.101, -0.723, -0.341) @arm_base_link
11:00:58 [비전] ROI 밖 책: (-0.419, 0.078, 0.214) @arm_base_link
11:00:58 [비전] ROI 밖 책 2권 제외 (남은 1권). ROI [-0.4, -0.2, 0.0] ~ [-0.26, 0.4, 0.32] @arm_base_link
11:00:58 [비전] Book picked(best): xyz=(-0.360, -0.001, 0.214), center=(262, 312), conf=0.64, depth=patch, yaw=0.000 rad (후보 1권)
11:00:58 [비전] ROI 밖 책: (-0.107, -0.705, -0.341) @arm_base_link
11:00:58 [비전] ROI 밖 책 1권 제외 (남은 1권). ROI [-0.4, -0.2, 0.0] ~ [-0.26, 0.4, 0.32] @arm_base_link
11:00:58 [비전] Book picked(best): xyz=(-0.362, -0.001, 0.213), center=(262, 311), conf=0.56, depth=patch, yaw=0.000 rad (후보 1권)
11:00:58 [조작] 베이스 회전 완료
11:00:58 [조작] 책 좌표 정함 (-0.3609, -0.0013, +0.2135) — 관측 2개 · 책 1권 · 고른 책 2개 (x 흔들림 1 mm) → 축마다 중앙값
11:00:58 [조작] 작업 job_e948bee203ec book=book_001 트레이 칸 2 파지 [-0.3609123909927655, -0.001262817615645541, 0.13764623517215874] (vision) → (-0.35, 0.5438500024676323, 0.3399) 삽입 속도 0.030 m/s
11:00:58 [시뮬] 서가 앞면 실측 0.444 m (목표 0.444), 서가 x 범위 팔기준 -0.97~+0.45
11:01:12 [시뮬] [JUDGE] 손 안 어긋남(406) **판별불가** — 키네마틱 파지는 매 스텝 책을 손에 맞춰 다시 써 넣는다. 이 신호는 마찰 파지(SIM_GRASP_KINEMATIC=0)에서만 의미가 있다
11:01:20 [시뮬] [JUDGE] rise=16.9cm(ok) width=13.6mm = 지령 13.6mm (책 반두께 17.6) → **판별불가** [키네마틱 파지라 빈손이어도 같은 값이 나온다]
11:03:16 [FSM] FSM transition completed: PLACE_BOOK -> UPDATE_DATA
11:03:16 [FSM] FSM transition completed: UPDATE_DATA -> NEXT_BOOK
11:03:16 [FSM] FSM transition completed: NEXT_BOOK -> SELECT_BOOK
11:03:16 [FSM] FSM transition completed: SELECT_BOOK -> NAV_TO_SHELF
11:03:16 [FSM] Navigation succeeded: Navigation waypoint is already satisfied in simulation.
11:03:16 [FSM] FSM transition completed: NAV_TO_SHELF -> DETECT_TARGET_SLOT
11:03:16 [조작] PlaceBook 성공 job=job_e948bee203ec code=0(OK) phase= 배치 확인
11:03:16 [조작] 베이스 회전 명령 전송 (목표 yaw +0°, 서가 거리 0.444)
11:03:16 [시뮬] [JUDGE] width_hold=판별불가[키네마틱] (13.6 → 최소 13.6 mm, 한쪽 기준)
11:03:16 [시뮬] 작업 job_e948bee203ec SUCCEEDED {'phase': 'verify', 'message': '배치 확인', 'placement_verified': True, 'checks': {'upright': True, 'depth': True, 'spine': True, 'x': True, 'floor': True, 'skew': True, 'no_jam': True}, 'fallen
11:03:16 [시뮬] 서가 앞면 0.444 m → 목표 0.444 m (앞뒤 -0.000), 서가 중심 팔기준 x -0.260 → 옆으로 -0.260: 차체를 0.260 m 옮긴다
11:03:18 [조작] 베이스 회전 완료
11:03:18 [시뮬] 서가 앞면 실측 0.444 m (목표 0.444), 서가 x 범위 팔기준 -0.71~+0.71
11:03:18 [시뮬] [재측정] 스윕 없이 빈칸만 다시 재고 관측 자세로 돌아간다 — 서가 /World/bookshelves_main/shelf_brown__book_shelf_11 · 판 [1.042, 0.498] · 빈칸 3개 · 관측 자세까지 Δ최대 1.311 rad
11:03:23 [FSM] Empty slot detected: frame_id=arm_base_link, x=-0.350, y=0.544, z=0.884, confidence=1.00, candidate_count=9
11:03:23 [FSM] FSM transition completed: DETECT_TARGET_SLOT -> PLACE_BOOK
11:03:23 [FSM] Book-placement goal was accepted.
11:03:23 [조작] 빈칸 관측 버림 (서가 밖): (-0.786, 0.520, 0.191) 서가 x -0.66~0.66 y 0.41~0.80 z -0.33~2.19
11:03:23 [조작] 빈칸 선택: 책 사이 틈 관측 (0.139, 0.502, 0.359) → 칸 중심 y 0.544, z 0.884 (판 높이로 스냅); 꽂기 전 차체를 옆으로 +0.489 m 옮겨 틈을 x -0.35 에 둔다
11:03:23 [조작] 빈 슬롯 스캔 완료: (-0.35, 0.5439, 0.8839), 삽입깊이 0.300m
11:03:23 [조작] 베이스 회전 명령 전송 (목표 yaw +0°, 서가 거리 0.444)
11:03:23 [시뮬] 작업 job_e948bee203ec:scan SUCCEEDED {'phase': 'scan_done', 'message': '서가 스캔 완료', 'placement_verified': False, 'sim_steps': 324, 'render_steps': 324} (5.1s)
11:03:23 [시뮬] 서가 앞면 0.444 m → 목표 0.444 m (앞뒤 -0.000), 서가 중심 팔기준 x +0.489 → 옆으로 +0.489: 차체를 0.489 m 옮긴다
11:03:27 [비전] ROI 밖 책: (-0.098, -0.701, -0.341) @arm_base_link
11:03:27 [비전] ROI 밖 책: (-0.398, 0.476, 0.222) @arm_base_link
11:03:27 [비전] ROI 밖 책 2권 제외 (남은 0권). ROI [-0.4, -0.2, 0.0] ~ [-0.26, 0.4, 0.32] @arm_base_link
11:03:27 [비전] ROI 밖 책: (-0.101, -0.689, -0.341) @arm_base_link
11:03:27 [비전] ROI 밖 책: (-0.398, 0.476, 0.222) @arm_base_link
11:03:27 [비전] ROI 밖 책 2권 제외 (남은 0권). ROI [-0.4, -0.2, 0.0] ~ [-0.26, 0.4, 0.32] @arm_base_link
11:03:27 [조작] 베이스 회전 완료
11:03:27 [시뮬] 서가 앞면 실측 0.444 m (목표 0.444), 서가 x 범위 팔기준 -1.20~+0.22
11:03:28 [비전] ROI 밖 책: (-0.101, -0.689, -0.341) @arm_base_link
11:03:28 [비전] ROI 밖 책: (-0.399, 0.476, 0.222) @arm_base_link
11:03:28 [비전] ROI 밖 책 2권 제외 (남은 0권). ROI [-0.4, -0.2, 0.0] ~ [-0.26, 0.4, 0.32] @arm_base_link
11:03:28 [비전] ROI 밖 책: (-0.098, -0.689, -0.341) @arm_base_link
11:03:28 [비전] ROI 밖 책: (-0.398, 0.476, 0.222) @arm_base_link
11:03:28 [비전] ROI 밖 책 2권 제외 (남은 0권). ROI [-0.4, -0.2, 0.0] ~ [-0.26, 0.4, 0.32] @arm_base_link
11:03:29 [비전] ROI 밖 책: (-0.101, -0.689, -0.341) @arm_base_link
11:03:29 [비전] ROI 밖 책: (-0.398, 0.476, 0.222) @arm_base_link
11:03:29 [비전] ROI 밖 책 2권 제외 (남은 0권). ROI [-0.4, -0.2, 0.0] ~ [-0.26, 0.4, 0.32] @arm_base_link
11:03:29 [비전] ROI 밖 책: (-0.104, -0.679, -0.341) @arm_base_link
11:03:29 [비전] ROI 밖 책: (-0.398, 0.476, 0.222) @arm_base_link
11:03:29 [비전] ROI 밖 책 2권 제외 (남은 0권). ROI [-0.4, -0.2, 0.0] ~ [-0.26, 0.4, 0.32] @arm_base_link
11:03:30 [비전] ROI 밖 책: (-0.101, -0.676, -0.341) @arm_base_link
11:03:30 [비전] ROI 밖 책: (-0.398, 0.476, 0.222) @arm_base_link
11:03:30 [비전] ROI 밖 책 2권 제외 (남은 0권). ROI [-0.4, -0.2, 0.0] ~ [-0.26, 0.4, 0.32] @arm_base_link
11:03:30 [비전] ROI 밖 책: (-0.123, -0.654, -0.341) @arm_base_link
11:03:30 [비전] ROI 밖 책: (-0.101, -0.730, -0.341) @arm_base_link
11:03:30 [비전] ROI 밖 책: (-0.398, 0.476, 0.222) @arm_base_link
11:03:30 [비전] ROI 밖 책 3권 제외 (남은 0권). ROI [-0.4, -0.2, 0.0] ~ [-0.26, 0.4, 0.32] @arm_base_link
11:03:31 [비전] ROI 밖 책: (-0.126, -0.654, -0.341) @arm_base_link
11:03:31 [비전] ROI 밖 책: (-0.398, 0.476, 0.222) @arm_base_link
11:03:31 [비전] ROI 밖 책 2권 제외 (남은 0권). ROI [-0.4, -0.2, 0.0] ~ [-0.26, 0.4, 0.32] @arm_base_link
11:03:31 [비전] ROI 밖 책: (-0.101, -0.679, -0.341) @arm_base_link
11:03:31 [비전] ROI 밖 책: (-0.399, 0.476, 0.222) @arm_base_link
11:03:31 [비전] ROI 밖 책 2권 제외 (남은 0권). ROI [-0.4, -0.2, 0.0] ~ [-0.26, 0.4, 0.32] @arm_base_link
11:03:32 [비전] ROI 밖 책: (-0.123, -0.654, -0.341) @arm_base_link
11:03:32 [비전] ROI 밖 책: (-0.398, 0.476, 0.222) @arm_base_link
11:03:32 [비전] ROI 밖 책 2권 제외 (남은 0권). ROI [-0.4, -0.2, 0.0] ~ [-0.26, 0.4, 0.32] @arm_base_link
11:03:33 [비전] ROI 밖 책: (-0.101, -0.676, -0.341) @arm_base_link
11:03:33 [비전] ROI 밖 책: (-0.398, 0.476, 0.222) @arm_base_link
11:03:33 [비전] ROI 밖 책 2권 제외 (남은 0권). ROI [-0.4, -0.2, 0.0] ~ [-0.26, 0.4, 0.32] @arm_base_link
11:03:33 [비전] ROI 밖 책: (-0.104, -0.679, -0.341) @arm_base_link
11:03:33 [비전] ROI 밖 책: (-0.396, 0.476, 0.225) @arm_base_link
11:03:33 [비전] ROI 밖 책 2권 제외 (남은 0권). ROI [-0.4, -0.2, 0.0] ~ [-0.26, 0.4, 0.32] @arm_base_link
11:03:33 [비전] ROI 밖 책: (-0.123, -0.654, -0.341) @arm_base_link
11:03:33 [비전] ROI 밖 책: (-0.101, -0.733, -0.341) @arm_base_link
11:03:33 [비전] ROI 밖 책: (-0.396, 0.475, 0.224) @arm_base_link
11:03:33 [비전] ROI 밖 책 3권 제외 (남은 0권). ROI [-0.4, -0.2, 0.0] ~ [-0.26, 0.4, 0.32] @arm_base_link
11:03:34 [비전] ROI 밖 책: (-0.107, -0.676, -0.341) @arm_base_link
11:03:34 [비전] ROI 밖 책: (-0.398, 0.476, 0.222) @arm_base_link
11:03:34 [비전] ROI 밖 책 2권 제외 (남은 0권). ROI [-0.4, -0.2, 0.0] ~ [-0.26, 0.4, 0.32] @arm_base_link
11:03:34 [비전] ROI 밖 책: (-0.101, -0.676, -0.341) @arm_base_link
11:03:34 [비전] ROI 밖 책: (-0.398, 0.476, 0.222) @arm_base_link
11:03:34 [비전] ROI 밖 책 2권 제외 (남은 0권). ROI [-0.4, -0.2, 0.0] ~ [-0.26, 0.4, 0.32] @arm_base_link
11:03:35 [비전] ROI 밖 책: (-0.098, -0.676, -0.341) @arm_base_link
11:03:35 [비전] ROI 밖 책: (-0.398, 0.476, 0.222) @arm_base_link
11:03:35 [비전] ROI 밖 책 2권 제외 (남은 0권). ROI [-0.4, -0.2, 0.0] ~ [-0.26, 0.4, 0.32] @arm_base_link
11:03:35 [비전] ROI 밖 책: (-0.101, -0.676, -0.341) @arm_base_link
11:03:35 [비전] ROI 밖 책: (-0.398, 0.476, 0.222) @arm_base_link
11:03:35 [비전] ROI 밖 책 2권 제외 (남은 0권). ROI [-0.4, -0.2, 0.0] ~ [-0.26, 0.4, 0.32] @arm_base_link
11:03:36 [비전] ROI 밖 책: (-0.098, -0.676, -0.341) @arm_base_link
11:03:36 [비전] ROI 밖 책: (-0.398, 0.476, 0.222) @arm_base_link
11:03:36 [비전] ROI 밖 책 2권 제외 (남은 0권). ROI [-0.4, -0.2, 0.0] ~ [-0.26, 0.4, 0.32] @arm_base_link
11:03:36 [비전] ROI 밖 책: (-0.098, -0.676, -0.341) @arm_base_link
11:03:36 [비전] ROI 밖 책: (-0.396, 0.475, 0.224) @arm_base_link
11:03:36 [비전] ROI 밖 책 2권 제외 (남은 0권). ROI [-0.4, -0.2, 0.0] ~ [-0.26, 0.4, 0.32] @arm_base_link
11:03:37 [비전] ROI 밖 책: (-0.104, -0.673, -0.341) @arm_base_link
11:03:37 [비전] ROI 밖 책: (-0.398, 0.476, 0.222) @arm_base_link
11:03:37 [비전] ROI 밖 책 2권 제외 (남은 0권). ROI [-0.4, -0.2, 0.0] ~ [-0.26, 0.4, 0.32] @arm_base_link
11:03:37 [비전] ROI 밖 책: (-0.101, -0.673, -0.341) @arm_base_link
11:03:38 [비전] ROI 밖 책: (-0.398, 0.476, 0.222) @arm_base_link
11:03:38 [비전] ROI 밖 책 2권 제외 (남은 0권). ROI [-0.4, -0.2, 0.0] ~ [-0.26, 0.4, 0.32] @arm_base_link
11:03:38 [비전] ROI 밖 책: (-0.101, -0.676, -0.341) @arm_base_link
11:03:38 [비전] ROI 밖 책: (-0.398, 0.476, 0.222) @arm_base_link
11:03:38 [비전] ROI 밖 책 2권 제외 (남은 0권). ROI [-0.4, -0.2, 0.0] ~ [-0.26, 0.4, 0.32] @arm_base_link
11:03:38 [비전] ROI 밖 책: (-0.123, -0.654, -0.341) @arm_base_link
11:03:38 [비전] ROI 밖 책: (-0.398, 0.476, 0.222) @arm_base_link
11:03:38 [비전] ROI 밖 책 2권 제외 (남은 0권). ROI [-0.4, -0.2, 0.0] ~ [-0.26, 0.4, 0.32] @arm_base_link
11:03:39 [비전] ROI 밖 책: (-0.101, -0.676, -0.341) @arm_base_link
11:03:39 [비전] ROI 밖 책: (-0.398, 0.476, 0.222) @arm_base_link
11:03:39 [비전] ROI 밖 책 2권 제외 (남은 0권). ROI [-0.4, -0.2, 0.0] ~ [-0.26, 0.4, 0.32] @arm_base_link
11:03:39 [비전] ROI 밖 책: (-0.101, -0.676, -0.341) @arm_base_link
11:03:39 [비전] ROI 밖 책: (-0.398, 0.476, 0.222) @arm_base_link
11:03:39 [비전] ROI 밖 책 2권 제외 (남은 0권). ROI [-0.4, -0.2, 0.0] ~ [-0.26, 0.4, 0.32] @arm_base_link
11:03:40 [비전] ROI 밖 책: (-0.101, -0.673, -0.341) @arm_base_link
11:03:40 [비전] ROI 밖 책: (-0.398, 0.476, 0.222) @arm_base_link
11:03:40 [비전] ROI 밖 책 2권 제외 (남은 0권). ROI [-0.4, -0.2, 0.0] ~ [-0.26, 0.4, 0.32] @arm_base_link
11:03:40 [비전] ROI 밖 책: (-0.098, -0.679, -0.341) @arm_base_link
11:03:40 [비전] ROI 밖 책: (-0.398, 0.476, 0.222) @arm_base_link
11:03:40 [비전] ROI 밖 책 2권 제외 (남은 0권). ROI [-0.4, -0.2, 0.0] ~ [-0.26, 0.4, 0.32] @arm_base_link
11:03:41 [비전] ROI 밖 책: (-0.101, -0.676, -0.341) @arm_base_link
11:03:41 [비전] ROI 밖 책: (-0.398, 0.476, 0.222) @arm_base_link
11:03:41 [비전] ROI 밖 책 2권 제외 (남은 0권). ROI [-0.4, -0.2, 0.0] ~ [-0.26, 0.4, 0.32] @arm_base_link
11:03:42 [비전] ROI 밖 책: (-0.098, -0.679, -0.341) @arm_base_link
11:03:42 [비전] ROI 밖 책: (-0.396, 0.475, 0.224) @arm_base_link
11:03:42 [비전] ROI 밖 책 2권 제외 (남은 0권). ROI [-0.4, -0.2, 0.0] ~ [-0.26, 0.4, 0.32] @arm_base_link
11:03:42 [비전] ROI 밖 책: (-0.098, -0.676, -0.341) @arm_base_link
11:03:42 [비전] ROI 밖 책: (-0.398, 0.476, 0.222) @arm_base_link
11:03:42 [비전] ROI 밖 책 2권 제외 (남은 0권). ROI [-0.4, -0.2, 0.0] ~ [-0.26, 0.4, 0.32] @arm_base_link
11:03:42 [비전] ROI 밖 책: (-0.101, -0.673, -0.341) @arm_base_link
11:03:42 [비전] ROI 밖 책: (-0.398, 0.476, 0.222) @arm_base_link
11:03:42 [비전] ROI 밖 책 2권 제외 (남은 0권). ROI [-0.4, -0.2, 0.0] ~ [-0.26, 0.4, 0.32] @arm_base_link
11:03:43 [비전] ROI 밖 책: (-0.098, -0.676, -0.341) @arm_base_link
11:03:43 [비전] ROI 밖 책: (-0.398, 0.476, 0.222) @arm_base_link
11:03:43 [비전] ROI 밖 책 2권 제외 (남은 0권). ROI [-0.4, -0.2, 0.0] ~ [-0.26, 0.4, 0.32] @arm_base_link
11:03:43 [비전] ROI 밖 책: (-0.098, -0.676, -0.341) @arm_base_link
11:03:43 [비전] ROI 밖 책: (-0.398, 0.476, 0.222) @arm_base_link
11:03:43 [비전] ROI 밖 책 2권 제외 (남은 0권). ROI [-0.4, -0.2, 0.0] ~ [-0.26, 0.4, 0.32] @arm_base_link
11:03:44 [비전] ROI 밖 책: (-0.101, -0.676, -0.341) @arm_base_link
11:03:44 [비전] ROI 밖 책: (-0.396, 0.475, 0.224) @arm_base_link
11:03:44 [비전] ROI 밖 책 2권 제외 (남은 0권). ROI [-0.4, -0.2, 0.0] ~ [-0.26, 0.4, 0.32] @arm_base_link
11:03:44 [비전] ROI 밖 책: (-0.098, -0.676, -0.341) @arm_base_link
11:03:44 [비전] ROI 밖 책: (-0.396, 0.475, 0.224) @arm_base_link
11:03:44 [비전] ROI 밖 책 2권 제외 (남은 0권). ROI [-0.4, -0.2, 0.0] ~ [-0.26, 0.4, 0.32] @arm_base_link
11:03:45 [비전] ROI 밖 책: (-0.098, -0.676, -0.341) @arm_base_link
11:03:45 [비전] ROI 밖 책: (-0.398, 0.476, 0.222) @arm_base_link
11:03:45 [비전] ROI 밖 책 2권 제외 (남은 0권). ROI [-0.4, -0.2, 0.0] ~ [-0.26, 0.4, 0.32] @arm_base_link
11:03:45 [비전] ROI 밖 책: (-0.101, -0.676, -0.341) @arm_base_link
11:03:45 [비전] ROI 밖 책: (-0.398, 0.476, 0.222) @arm_base_link
11:03:45 [비전] ROI 밖 책 2권 제외 (남은 0권). ROI [-0.4, -0.2, 0.0] ~ [-0.26, 0.4, 0.32] @arm_base_link
11:03:46 [비전] ROI 밖 책: (-0.101, -0.676, -0.341) @arm_base_link
11:03:46 [비전] ROI 밖 책: (-0.398, 0.476, 0.222) @arm_base_link
11:03:46 [비전] ROI 밖 책 2권 제외 (남은 0권). ROI [-0.4, -0.2, 0.0] ~ [-0.26, 0.4, 0.32] @arm_base_link
11:03:47 [비전] ROI 밖 책: (-0.098, -0.676, -0.341) @arm_base_link
11:03:47 [비전] ROI 밖 책: (-0.398, 0.476, 0.222) @arm_base_link
11:03:47 [비전] ROI 밖 책 2권 제외 (남은 0권). ROI [-0.4, -0.2, 0.0] ~ [-0.26, 0.4, 0.32] @arm_base_link
11:03:47 [비전] ROI 밖 책: (-0.101, -0.676, -0.341) @arm_base_link
11:03:47 [비전] ROI 밖 책: (-0.398, 0.476, 0.222) @arm_base_link
11:03:47 [비전] ROI 밖 책 2권 제외 (남은 0권). ROI [-0.4, -0.2, 0.0] ~ [-0.26, 0.4, 0.32] @arm_base_link
11:03:47 [비전] ROI 밖 책: (-0.101, -0.673, -0.341) @arm_base_link
11:03:47 [비전] ROI 밖 책: (-0.396, 0.475, 0.224) @arm_base_link
11:03:47 [비전] ROI 밖 책 2권 제외 (남은 0권). ROI [-0.4, -0.2, 0.0] ~ [-0.26, 0.4, 0.32] @arm_base_link
11:03:48 [비전] ROI 밖 책: (-0.104, -0.673, -0.341) @arm_base_link
11:03:48 [비전] ROI 밖 책: (-0.396, 0.475, 0.224) @arm_base_link
11:03:48 [비전] ROI 밖 책 2권 제외 (남은 0권). ROI [-0.4, -0.2, 0.0] ~ [-0.26, 0.4, 0.32] @arm_base_link
11:03:48 [비전] ROI 밖 책: (-0.101, -0.673, -0.341) @arm_base_link
11:03:48 [비전] ROI 밖 책: (-0.396, 0.476, 0.225) @arm_base_link
11:03:48 [비전] ROI 밖 책 2권 제외 (남은 0권). ROI [-0.4, -0.2, 0.0] ~ [-0.26, 0.4, 0.32] @arm_base_link
11:03:49 [비전] ROI 밖 책: (-0.101, -0.670, -0.341) @arm_base_link
11:03:49 [비전] ROI 밖 책: (-0.396, 0.475, 0.224) @arm_base_link
11:03:49 [비전] ROI 밖 책 2권 제외 (남은 0권). ROI [-0.4, -0.2, 0.0] ~ [-0.26, 0.4, 0.32] @arm_base_link
11:03:49 [비전] ROI 밖 책: (-0.101, -0.670, -0.341) @arm_base_link
11:03:49 [비전] ROI 밖 책: (-0.396, 0.475, 0.224) @arm_base_link
11:03:49 [비전] ROI 밖 책 2권 제외 (남은 0권). ROI [-0.4, -0.2, 0.0] ~ [-0.26, 0.4, 0.32] @arm_base_link
11:03:50 [비전] ROI 밖 책: (-0.104, -0.670, -0.341) @arm_base_link
11:03:50 [비전] ROI 밖 책: (-0.398, 0.476, 0.222) @arm_base_link
11:03:50 [비전] ROI 밖 책 2권 제외 (남은 0권). ROI [-0.4, -0.2, 0.0] ~ [-0.26, 0.4, 0.32] @arm_base_link
11:03:50 [비전] ROI 밖 책: (-0.114, -0.670, -0.341) @arm_base_link
11:03:50 [비전] ROI 밖 책: (-0.396, 0.475, 0.224) @arm_base_link
11:03:50 [비전] ROI 밖 책 2권 제외 (남은 0권). ROI [-0.4, -0.2, 0.0] ~ [-0.26, 0.4, 0.32] @arm_base_link
11:03:51 [비전] ROI 밖 책: (-0.098, -0.676, -0.341) @arm_base_link
11:03:51 [비전] ROI 밖 책: (-0.396, 0.475, 0.224) @arm_base_link
11:03:51 [비전] ROI 밖 책 2권 제외 (남은 0권). ROI [-0.4, -0.2, 0.0] ~ [-0.26, 0.4, 0.32] @arm_base_link
11:03:51 [비전] ROI 밖 책: (-0.101, -0.673, -0.341) @arm_base_link
11:03:51 [비전] ROI 밖 책: (-0.398, 0.476, 0.222) @arm_base_link
11:03:51 [비전] ROI 밖 책 2권 제외 (남은 0권). ROI [-0.4, -0.2, 0.0] ~ [-0.26, 0.4, 0.32] @arm_base_link
11:03:52 [비전] ROI 밖 책: (-0.098, -0.679, -0.341) @arm_base_link
11:03:52 [비전] ROI 밖 책: (-0.395, 0.475, 0.224) @arm_base_link
11:03:52 [비전] ROI 밖 책 2권 제외 (남은 0권). ROI [-0.4, -0.2, 0.0] ~ [-0.26, 0.4, 0.32] @arm_base_link
11:03:52 [비전] ROI 밖 책: (-0.098, -0.676, -0.341) @arm_base_link
11:03:52 [비전] ROI 밖 책: (-0.398, 0.476, 0.222) @arm_base_link
11:03:52 [비전] ROI 밖 책 2권 제외 (남은 0권). ROI [-0.4, -0.2, 0.0] ~ [-0.26, 0.4, 0.32] @arm_base_link
11:03:53 [비전] ROI 밖 책: (-0.098, -0.673, -0.341) @arm_base_link
11:03:53 [비전] ROI 밖 책: (-0.395, 0.475, 0.224) @arm_base_link
11:03:53 [비전] ROI 밖 책 2권 제외 (남은 0권). ROI [-0.4, -0.2, 0.0] ~ [-0.26, 0.4, 0.32] @arm_base_link
11:03:53 [비전] ROI 밖 책: (-0.101, -0.673, -0.341) @arm_base_link
11:03:53 [비전] ROI 밖 책: (-0.396, 0.475, 0.224) @arm_base_link
11:03:53 [비전] ROI 밖 책 2권 제외 (남은 0권). ROI [-0.4, -0.2, 0.0] ~ [-0.26, 0.4, 0.32] @arm_base_link
11:03:54 [비전] ROI 밖 책: (-0.098, -0.673, -0.341) @arm_base_link
11:03:54 [비전] ROI 밖 책: (-0.395, 0.475, 0.224) @arm_base_link
11:03:54 [비전] ROI 밖 책 2권 제외 (남은 0권). ROI [-0.4, -0.2, 0.0] ~ [-0.26, 0.4, 0.32] @arm_base_link
11:03:54 [비전] ROI 밖 책: (-0.101, -0.670, -0.341) @arm_base_link
11:03:54 [비전] ROI 밖 책: (-0.396, 0.475, 0.224) @arm_base_link
11:03:54 [비전] ROI 밖 책 2권 제외 (남은 0권). ROI [-0.4, -0.2, 0.0] ~ [-0.26, 0.4, 0.32] @arm_base_link
11:03:55 [비전] ROI 밖 책: (-0.098, -0.673, -0.341) @arm_base_link
11:03:55 [비전] ROI 밖 책: (-0.398, 0.476, 0.222) @arm_base_link
11:03:55 [비전] ROI 밖 책 2권 제외 (남은 0권). ROI [-0.4, -0.2, 0.0] ~ [-0.26, 0.4, 0.32] @arm_base_link
11:03:55 [비전] ROI 밖 책: (-0.098, -0.676, -0.341) @arm_base_link
11:03:55 [비전] ROI 밖 책: (-0.396, 0.475, 0.224) @arm_base_link
11:03:55 [비전] ROI 밖 책 2권 제외 (남은 0권). ROI [-0.4, -0.2, 0.0] ~ [-0.26, 0.4, 0.32] @arm_base_link
11:03:56 [비전] ROI 밖 책: (-0.101, -0.673, -0.341) @arm_base_link
11:03:56 [비전] ROI 밖 책: (-0.396, 0.475, 0.224) @arm_base_link
11:03:56 [비전] ROI 밖 책 2권 제외 (남은 0권). ROI [-0.4, -0.2, 0.0] ~ [-0.26, 0.4, 0.32] @arm_base_link
11:03:57 [비전] ROI 밖 책: (-0.101, -0.676, -0.341) @arm_base_link
11:03:57 [비전] ROI 밖 책: (-0.398, 0.476, 0.222) @arm_base_link
11:03:57 [비전] ROI 밖 책 2권 제외 (남은 0권). ROI [-0.4, -0.2, 0.0] ~ [-0.26, 0.4, 0.32] @arm_base_link
11:03:57 [조작] PlaceBook 실패 job=job_e948bee203ec code=411(NOT_READY) phase=DETECTING_BOOK 책 관측 자세에서 30s 동안 책 좌표 없음
11:22:24 [조작] PlaceBook /place_book executor=sim profile=default tray_slots=6 status=/robot/status perception_bridge=True
11:22:24 [시뮬] 관측 자세 손목(관절 7) -59.2° → +30.8° 로 돌림 [SIM_HOME_J7_DEG=+90] (홈은 그대로)
11:22:24 [시뮬] 관측 자세 이동 [0.0, 0.0, 0.1] m: 손 [-0.389, 0.079, 0.573] → [-0.389, 0.079, 0.673], 관절 [2.811, -0.514, 0.102, -2.213, 0.051, 1.701, 0.538] → [2.094, -0.576, 0.563, -1.891, 0.3, 1.397, 0.278] (한계 여유 0.873) [SIM_HOME_SHIFT] (홈은
11:22:50 [FSM] FSM transition completed: PLANNING -> NAV_TO_RETURN
11:22:50 [FSM] Navigation succeeded: Navigation waypoint is already satisfied in simulation.
11:22:50 [FSM] FSM transition completed: NAV_TO_RETURN -> RECEIVE_TRAY
11:22:50 [FSM] FSM transition completed: RECEIVE_TRAY -> SELECT_BOOK
11:22:50 [FSM] FSM transition completed: SELECT_BOOK -> NAV_TO_SHELF
11:23:27 [시뮬] [주행] 도착 (-0.548, +1.225)
11:23:31 [시뮬] [주행] 회전 끝 — **실측** yaw +0.00° (목표 +0.00°)
11:23:32 [FSM] Navigation succeeded: Navigation completed.
11:23:32 [FSM] FSM transition completed: NAV_TO_SHELF -> DETECT_TARGET_SLOT
11:23:32 [조작] 베이스 회전 명령 전송 (목표 yaw +0°, 서가 거리 0.444)
11:23:32 [시뮬] [주행] 도착 (-0.548, +1.225)
11:23:32 [시뮬] 서가 앞면 0.443 m → 목표 0.444 m (앞뒤 -0.001), 서가 중심 팔기준 x -0.417 → 옆으로 -0.417: 차체를 0.417 m 옮긴다
11:23:37 [조작] 베이스 회전 완료
11:23:37 [시뮬] 서가 앞면 실측 0.444 m (목표 0.444), 서가 x 범위 팔기준 -0.71~+0.71
11:23:37 [시뮬] [스윕] 시작 자세 q=[2.811, -0.514, 0.102, -2.213, 0.051, 1.701, -1.033]
11:23:38 [시뮬] [스윕] 판 1.042 (팔기준 z 0.712, 앞면 0.444) 정지점 5/5 여유 0.171 rad 최대변화 0.06 길이 3.95
11:23:38 [시뮬] [스윕] 판 0.498 (팔기준 z 0.168, 앞면 0.444) 정지점 5/5 여유 0.225 rad 최대변화 0.05 길이 2.52
11:23:38 [시뮬] 스윕 시작: 판 [1.042, 0.498], 정지점 10개, 정지 1.2s
11:23:38 [시뮬] [판목록] 레벨 실측 [0.4976, 1.0417, 1.5812, 2.0582, 2.52] · 쓰는 값 [0.497, 0.498, 1.042] · 차이 [-0.3, -0.4, +0.6] mm  (그림자 — 판단은 상수 그대로)
11:23:48 [비전] ROI 밖 책: (0.021, 0.574, 0.394) @arm_base_link
11:23:48 [비전] ROI 밖 책: (-0.625, 0.536, 0.833) @arm_base_link
11:23:48 [비전] ROI 밖 책: (0.062, 0.574, 0.394) @arm_base_link
11:23:48 [비전] ROI 밖 책: (-0.205, 0.535, 0.402) @arm_base_link
11:23:48 [비전] ROI 밖 책: (-0.071, 0.550, 0.396) @arm_base_link
11:23:48 [비전] ROI 밖 책: (-0.045, 0.531, 0.394) @arm_base_link
11:23:48 [비전] ROI 밖 책 6권 제외 (남은 0권). ROI [-0.4, -0.2, 0.0] ~ [-0.26, 0.4, 0.32] @arm_base_link
11:23:49 [비전] Empty center pixel=(276, 259), shelf_front_z=1.528m; Depth L/C/R=0.432/6.085/2.624m; center-left=5.653m, center-right=3.461m; contrast=PASS
11:23:49 [비전] Empty shelf target: xyz=(-0.562, 1.650, 0.917)
11:23:49 [비전] ROI 밖 책: (-0.057, 0.532, 0.395) @arm_base_link
11:23:49 [비전] ROI 밖 책: (0.320, 0.569, 0.367) @arm_base_link
11:23:49 [비전] ROI 밖 책: (0.323, 0.568, 0.374) @arm_base_link
11:23:49 [비전] ROI 밖 책: (0.063, 0.575, 0.394) @arm_base_link
11:23:49 [비전] ROI 밖 책 4권 제외 (남은 0권). ROI [-0.4, -0.2, 0.0] ~ [-0.26, 0.4, 0.32] @arm_base_link
11:23:49 [비전] ROI 밖 책: (0.485, 0.576, 0.392) @arm_base_link
11:23:49 [비전] ROI 밖 책: (0.333, 0.553, 0.373) @arm_base_link
11:23:49 [비전] ROI 밖 책: (0.369, 0.537, 0.396) @arm_base_link
11:23:49 [비전] ROI 밖 책: (0.195, 0.577, 0.398) @arm_base_link
11:23:49 [비전] ROI 밖 책: (0.177, 0.532, 0.397) @arm_base_link
11:23:49 [비전] ROI 밖 책: (0.410, 0.539, 0.395) @arm_base_link
11:23:49 [비전] ROI 밖 책: (0.132, 0.539, 0.393) @arm_base_link
11:23:49 [비전] ROI 밖 책: (0.095, 0.535, 0.395) @arm_base_link
11:23:49 [비전] ROI 밖 책 8권 제외 (남은 0권). ROI [-0.4, -0.2, 0.0] ~ [-0.26, 0.4, 0.32] @arm_base_link
11:23:51 [비전] ROI 밖 책: (0.373, 0.534, 0.395) @arm_base_link
11:23:51 [비전] ROI 밖 책: (0.335, 0.541, 0.386) @arm_base_link
11:23:51 [비전] ROI 밖 책: (0.498, 0.572, 0.393) @arm_base_link
11:23:51 [비전] ROI 밖 책: (0.473, 0.537, 0.394) @arm_base_link
11:23:51 [비전] ROI 밖 책: (0.465, 0.576, 0.394) @arm_base_link
11:23:51 [비전] ROI 밖 책: (0.414, 0.529, 0.395) @arm_base_link
11:23:51 [비전] ROI 밖 책: (-0.017, 0.573, 0.393) @arm_base_link
11:23:51 [비전] ROI 밖 책: (0.439, 0.573, 0.395) @arm_base_link
11:23:51 [비전] ROI 밖 책: (0.100, 0.531, 0.395) @arm_base_link
11:23:51 [비전] ROI 밖 책 9권 제외 (남은 0권). ROI [-0.4, -0.2, 0.0] ~ [-0.26, 0.4, 0.32] @arm_base_link
11:23:53 [비전] ROI 밖 책: (0.431, 0.581, 0.393) @arm_base_link
11:23:53 [비전] ROI 밖 책: (-0.033, 0.578, 0.394) @arm_base_link
11:23:53 [비전] ROI 밖 책: (0.210, 0.536, 0.827) @arm_base_link
11:23:53 [비전] ROI 밖 책: (0.511, 0.611, 0.393) @arm_base_link
11:23:53 [비전] ROI 밖 책: (0.384, 0.537, 0.396) @arm_base_link
11:23:53 [비전] ROI 밖 책: (0.589, 0.620, 0.393) @arm_base_link
11:23:53 [비전] ROI 밖 책: (0.052, 0.576, 0.394) @arm_base_link
11:23:53 [비전] ROI 밖 책: (0.010, 0.575, 0.395) @arm_base_link
11:23:53 [비전] ROI 밖 책: (0.484, 0.569, 0.393) @arm_base_link
11:23:53 [비전] ROI 밖 책 9권 제외 (남은 0권). ROI [-0.4, -0.2, 0.0] ~ [-0.26, 0.4, 0.32] @arm_base_link
11:23:53 [비전] Empty center pixel=(286, 550), shelf_front_z=0.617m; Depth L/C/R=0.676/1.387/0.558m; center-left=0.711m, center-right=0.829m; contrast=PASS
11:23:53 [비전] Empty shelf target: xyz=(0.283, 0.624, 0.345)
11:23:57 [비전] ROI 밖 책: (-1.032, 0.186, -0.341) @arm_base_link
11:23:57 [비전] ROI 밖 책: (0.122, 0.508, 0.345) @arm_base_link
11:23:57 [비전] ROI 밖 책 2권 제외 (남은 1권). ROI [-0.4, -0.2, 0.0] ~ [-0.26, 0.4, 0.32] @arm_base_link
11:23:57 [비전] Book picked(best): xyz=(-0.364, -0.019, 0.216), center=(308, 597), conf=0.86, depth=patch, yaw=0.000 rad (후보 1권)
11:23:57 [비전] Empty center pixel=(145, 313), shelf_front_z=0.782m; Depth L/C/R=0.855/0.976/0.710m; center-left=0.121m, center-right=0.266m; contrast=PASS
11:23:57 [비전] Empty shelf target: xyz=(-0.782, 0.506, 0.266)
11:23:59 [비전] ROI 밖 책: (-0.711, 0.091, -0.001) @arm_base_link
11:23:59 [비전] ROI 밖 책: (0.133, 0.511, 0.340) @arm_base_link
11:23:59 [비전] ROI 밖 책: (0.172, 0.512, 0.342) @arm_base_link
11:23:59 [비전] ROI 밖 책 3권 제외 (남은 1권). ROI [-0.4, -0.2, 0.0] ~ [-0.26, 0.4, 0.32] @arm_base_link
11:23:59 [비전] Book picked(best): xyz=(-0.359, -0.018, 0.216), center=(178, 592), conf=0.90, depth=patch, yaw=0.000 rad (후보 1권)
11:23:59 [비전] Empty center pixel=(98, 360), shelf_front_z=0.865m; Depth L/C/R=0.917/1.020/0.813m; center-left=0.103m, center-right=0.207m; contrast=PASS
11:23:59 [비전] Empty shelf target: xyz=(-0.781, 0.486, 0.110)
11:24:01 [비전] ROI 밖 책: (0.564, 0.183, -0.342) @arm_base_link
11:24:01 [비전] ROI 밖 책: (-0.428, 0.034, 0.156) @arm_base_link
11:24:01 [비전] ROI 밖 책: (0.176, 0.512, 0.339) @arm_base_link
11:24:01 [비전] ROI 밖 책 3권 제외 (남은 1권). ROI [-0.4, -0.2, 0.0] ~ [-0.26, 0.4, 0.32] @arm_base_link
11:24:01 [비전] Book picked(best): xyz=(-0.309, -0.026, 0.198), center=(85, 603), conf=0.92, depth=patch, yaw=0.000 rad (후보 1권)
11:24:01 [비전] Empty center pixel=(432, 275), shelf_front_z=0.734m; Depth L/C/R=0.720/2.016/0.748m; center-left=1.296m, center-right=1.268m; contrast=PASS
11:24:01 [비전] Empty shelf target: xyz=(0.259, 0.523, 0.356)
11:24:03 [비전] ROI 밖 책: (0.591, 0.180, -0.341) @arm_base_link
11:24:03 [비전] ROI 밖 책: (0.338, 0.510, 0.343) @arm_base_link
11:24:03 [비전] ROI 밖 책 2권 제외 (남은 0권). ROI [-0.4, -0.2, 0.0] ~ [-0.26, 0.4, 0.32] @arm_base_link
11:24:03 [비전] Empty center pixel=(359, 274), shelf_front_z=0.718m; Depth L/C/R=0.697/2.043/0.738m; center-left=1.346m, center-right=1.305m; contrast=PASS
11:24:03 [비전] Empty shelf target: xyz=(0.262, 0.510, 0.367)
11:24:05 [비전] ROI 밖 책: (0.675, 0.183, -0.342) @arm_base_link
11:24:05 [비전] ROI 밖 책: (-0.316, 0.522, 0.354) @arm_base_link
11:24:05 [비전] ROI 밖 책: (0.487, 0.520, 0.360) @arm_base_link
11:24:05 [비전] ROI 밖 책 3권 제외 (남은 0권). ROI [-0.4, -0.2, 0.0] ~ [-0.26, 0.4, 0.32] @arm_base_link
11:24:05 [비전] Empty center pixel=(294, 273), shelf_front_z=0.748m; Depth L/C/R=0.784/2.052/0.713m; center-left=1.268m, center-right=1.339m; contrast=PASS
11:24:05 [비전] Empty shelf target: xyz=(0.288, 0.539, 0.352)
11:24:12 [FSM] Empty slot detected: frame_id=arm_base_link, x=-0.350, y=0.544, z=0.340, confidence=1.00, candidate_count=7
11:24:12 [FSM] FSM transition completed: DETECT_TARGET_SLOT -> PLACE_BOOK
11:24:12 [FSM] Book-placement goal was accepted.
11:24:12 [조작] 빈칸 관측 버림 (서가 밖): (-0.782, 0.506, 0.266) 서가 x -0.66~0.66 y 0.41~0.80 z -0.33~2.19
11:24:12 [조작] 빈칸 관측 버림 (서가 밖): (-0.781, 0.486, 0.110) 서가 x -0.66~0.66 y 0.41~0.80 z -0.33~2.19
11:24:12 [조작] 빈칸 선택: 책 사이 틈 관측 (0.273, 0.523, 0.356) → 칸 중심 y 0.544, z 0.340 (판 높이로 스냅); 꽂기 전 차체를 옆으로 +0.623 m 옮겨 틈을 x -0.35 에 둔다
11:24:12 [조작] 빈 슬롯 스캔 완료: (-0.35, 0.5439, 0.3399), 삽입깊이 0.300m
11:24:12 [조작] 베이스 회전 명령 전송 (목표 yaw +0°, 서가 거리 0.444)
11:24:12 [시뮬] 작업 job_ccd2bdccb778:scan SUCCEEDED {'phase': 'scan_done', 'message': '서가 스캔 완료', 'placement_verified': False, 'sim_steps': 2039, 'render_steps': 2039} (33.7s)
11:24:12 [시뮬] 서가 앞면 0.444 m → 목표 0.444 m (앞뒤 +0.000), 서가 중심 팔기준 x +0.623 → 옆으로 +0.623: 차체를 0.623 m 옮긴다
11:24:20 [비전] ROI 밖 책: (-0.123, -0.670, -0.341) @arm_base_link
11:24:20 [비전] ROI 밖 책: (-0.232, 0.504, 0.205) @arm_base_link
11:24:20 [비전] ROI 밖 책: (0.485, 0.268, -0.341) @arm_base_link
11:24:20 [비전] ROI 밖 책 3권 제외 (남은 4권). ROI [-0.4, -0.2, 0.0] ~ [-0.26, 0.4, 0.32] @arm_base_link
11:24:20 [비전] Book picked(best): xyz=(-0.360, -0.002, 0.212), center=(262, 312), conf=0.86, depth=patch, yaw=0.000 rad (후보 4권)
11:24:20 [조작] 베이스 회전 완료
11:24:20 [시뮬] 서가 앞면 실측 0.444 m (목표 0.444), 서가 x 범위 팔기준 -1.33~+0.08
11:24:21 [비전] ROI 밖 책: (-0.129, -0.673, -0.341) @arm_base_link
11:24:21 [비전] ROI 밖 책: (-0.232, 0.505, 0.206) @arm_base_link
11:24:21 [비전] ROI 밖 책: (0.485, 0.283, -0.341) @arm_base_link
11:24:21 [비전] ROI 밖 책: (-0.451, 0.153, 0.211) @arm_base_link
11:24:21 [비전] ROI 밖 책 4권 제외 (남은 4권). ROI [-0.4, -0.2, 0.0] ~ [-0.26, 0.4, 0.32] @arm_base_link
11:24:21 [비전] Book picked(best): xyz=(-0.360, -0.003, 0.212), center=(261, 312), conf=0.88, depth=patch, yaw=0.000 rad (후보 4권)
11:24:21 [조작] 책 좌표 정함 (-0.3603, -0.0023, +0.2118) — 관측 2개 · 책 1권 · 고른 책 2개 (x 흔들림 0 mm) → 축마다 중앙값
11:24:21 [조작] 작업 job_ccd2bdccb778 book=book_003 트레이 칸 0 파지 [-0.3602581386628617, -0.002281508119670185, 0.13592049139060677] (vision) → (-0.35, 0.5438500024676323, 0.3399) 삽입 속도 0.030 m/s
11:24:36 [시뮬] [JUDGE] 손 안 어긋남(406) **판별불가** — 키네마틱 파지는 매 스텝 책을 손에 맞춰 다시 써 넣는다. 이 신호는 마찰 파지(SIM_GRASP_KINEMATIC=0)에서만 의미가 있다
11:24:44 [시뮬] [JUDGE] rise=16.9cm(ok) width=13.6mm = 지령 13.6mm (책 반두께 17.6) → **판별불가** [키네마틱 파지라 빈손이어도 같은 값이 나온다]
11:26:43 [FSM] FSM transition completed: PLACE_BOOK -> UPDATE_DATA
11:26:43 [FSM] FSM transition completed: UPDATE_DATA -> NEXT_BOOK
11:26:43 [FSM] FSM transition completed: NEXT_BOOK -> SELECT_BOOK
11:26:43 [FSM] FSM transition completed: SELECT_BOOK -> NAV_TO_SHELF
11:26:43 [FSM] Navigation succeeded: Navigation waypoint is already satisfied in simulation.
11:26:43 [FSM] FSM transition completed: NAV_TO_SHELF -> DETECT_TARGET_SLOT
11:26:43 [조작] PlaceBook 성공 job=job_ccd2bdccb778 code=0(OK) phase= 배치 확인
11:26:43 [조작] 베이스 회전 명령 전송 (목표 yaw +0°, 서가 거리 0.444)
11:26:43 [시뮬] [JUDGE] width_hold=판별불가[키네마틱] (13.6 → 최소 13.6 mm, 한쪽 기준)
11:26:43 [시뮬] 작업 job_ccd2bdccb778 SUCCEEDED {'phase': 'verify', 'message': '배치 확인', 'placement_verified': True, 'checks': {'upright': True, 'depth': True, 'spine': True, 'x': True, 'floor': True, 'skew': True, 'no_jam': True}, 'fallen
11:26:43 [시뮬] 서가 앞면 0.444 m → 목표 0.444 m (앞뒤 +0.000), 서가 중심 팔기준 x -0.623 → 옆으로 -0.623: 차체를 0.623 m 옮긴다
11:26:48 [조작] 베이스 회전 완료
11:26:48 [시뮬] 서가 앞면 실측 0.444 m (목표 0.444), 서가 x 범위 팔기준 -0.71~+0.71
11:26:48 [시뮬] [재측정] 스윕 없이 빈칸만 다시 재고 관측 자세로 돌아간다 — 서가 /World/bookshelves_main/shelf_brown__book_shelf_01 · 판 [1.042, 0.498] · 빈칸 4개 · 관측 자세까지 Δ최대 1.379 rad
11:26:53 [FSM] Empty slot detected: frame_id=arm_base_link, x=-0.350, y=0.544, z=0.884, confidence=1.00, candidate_count=7
11:26:53 [FSM] FSM transition completed: DETECT_TARGET_SLOT -> PLACE_BOOK
11:26:53 [FSM] Book-placement goal was accepted.
11:26:53 [조작] 빈칸 관측 버림 (서가 밖): (-0.782, 0.506, 0.266) 서가 x -0.66~0.66 y 0.41~0.80 z -0.33~2.19
11:26:53 [조작] 빈칸 관측 버림 (서가 밖): (-0.781, 0.486, 0.110) 서가 x -0.66~0.66 y 0.41~0.80 z -0.33~2.19
11:26:53 [조작] 빈칸 선택: 책 사이 틈 관측 (-0.401, 0.523, 0.356) → 칸 중심 y 0.544, z 0.884 (판 높이로 스냅); 꽂기 전 차체를 옆으로 -0.051 m 옮겨 틈을 x -0.35 에 둔다
11:26:53 [조작] 빈 슬롯 스캔 완료: (-0.35, 0.5439, 0.8839), 삽입깊이 0.300m
11:26:53 [조작] 베이스 회전 명령 전송 (목표 yaw +0°, 서가 거리 0.444)
11:26:53 [시뮬] 작업 job_ccd2bdccb778:scan SUCCEEDED {'phase': 'scan_done', 'message': '서가 스캔 완료', 'placement_verified': False, 'sim_steps': 337, 'render_steps': 337} (5.3s)
11:26:54 [비전] ROI 밖 책: (-0.107, -0.723, -0.341) @arm_base_link
11:26:54 [비전] ROI 밖 책: (0.485, 0.230, -0.341) @arm_base_link
11:26:54 [비전] ROI 밖 책 2권 제외 (남은 2권). ROI [-0.4, -0.2, 0.0] ~ [-0.26, 0.4, 0.32] @arm_base_link
11:26:54 [조작] 베이스 회전 완료
11:26:54 [시뮬] 서가 앞면 0.444 m → 목표 0.444 m (앞뒤 +0.000), 서가 중심 팔기준 x -0.051 → 옆으로 -0.051: 차체를 0.051 m 옮긴다
11:26:54 [시뮬] 서가 앞면 실측 0.444 m (목표 0.444), 서가 x 범위 팔기준 -0.66~+0.76
11:26:55 [비전] Book picked(best): xyz=(-0.346, -0.182, 0.194), center=(141, 322), conf=0.80, depth=patch, yaw=0.000 rad (후보 2권)
11:26:55 [비전] ROI 밖 책: (-0.114, -0.723, -0.341) @arm_base_link
11:26:55 [비전] ROI 밖 책 1권 제외 (남은 1권). ROI [-0.4, -0.2, 0.0] ~ [-0.26, 0.4, 0.32] @arm_base_link
11:26:55 [비전] Book picked(best): xyz=(-0.342, -0.105, 0.212), center=(188, 325), conf=0.68, depth=patch, yaw=0.000 rad (후보 1권)
11:26:55 [비전] ROI 밖 책: (-0.126, -0.689, -0.341) @arm_base_link
11:26:55 [비전] ROI 밖 책 1권 제외 (남은 2권). ROI [-0.4, -0.2, 0.0] ~ [-0.26, 0.4, 0.32] @arm_base_link
11:26:55 [비전] Book picked(best): xyz=(-0.342, -0.104, 0.212), center=(189, 325), conf=0.67, depth=patch, yaw=0.000 rad (후보 2권)
11:26:55 [조작] 책 좌표 정함 (-0.3421, -0.1046, +0.2122) — 관측 3개 · 책 2권 · 고른 책 2개 (x 흔들림 0 mm) → 축마다 중앙값
11:26:55 [조작] 작업 job_ccd2bdccb778 book=book_004 트레이 칸 1 파지 [-0.3421053737981353, -0.1045676579329746, 0.1363396419923433] (vision) → (-0.35, 0.5438500024676323, 0.8839) 삽입 속도 0.030 m/s
11:27:11 [시뮬] [JUDGE] 손 안 어긋남(406) **판별불가** — 키네마틱 파지는 매 스텝 책을 손에 맞춰 다시 써 넣는다. 이 신호는 마찰 파지(SIM_GRASP_KINEMATIC=0)에서만 의미가 있다
11:27:19 [시뮬] [JUDGE] rise=16.9cm(ok) width=17.6mm = 지령 17.6mm (책 반두께 21.6) → **판별불가** [키네마틱 파지라 빈손이어도 같은 값이 나온다]
11:29:12 [FSM] FSM transition completed: PLACE_BOOK -> UPDATE_DATA
11:29:12 [FSM] FSM transition completed: UPDATE_DATA -> NEXT_BOOK
11:29:12 [FSM] FSM transition completed: NEXT_BOOK -> SELECT_BOOK
11:29:12 [FSM] FSM transition completed: SELECT_BOOK -> NAV_TO_SHELF
11:29:12 [조작] PlaceBook 성공 job=job_ccd2bdccb778 code=0(OK) phase= 배치 확인
11:29:12 [시뮬] [JUDGE] width_hold=판별불가[키네마틱] (17.6 → 최소 17.6 mm, 한쪽 기준)
11:29:12 [시뮬] 작업 job_ccd2bdccb778 SUCCEEDED {'phase': 'verify', 'message': '배치 확인', 'placement_verified': True, 'checks': {'upright': True, 'depth': True, 'spine': True, 'x': True, 'floor': True, 'skew': True, 'no_jam': True}, 'fallen
11:29:40 [시뮬] [주행] 도착 (+2.535, -3.019)
11:29:43 [FSM] Navigation succeeded: Navigation completed.
11:29:43 [FSM] FSM transition completed: NAV_TO_SHELF -> DETECT_TARGET_SLOT
11:29:43 [조작] 베이스 회전 명령 전송 (목표 yaw +0°, 서가 거리 0.444)
11:29:43 [시뮬] [주행] 회전 끝 — **실측** yaw +0.00° (목표 +0.00°)
11:29:43 [시뮬] [주행] 도착 (+2.535, -3.019)
11:29:43 [시뮬] 서가 앞면 0.443 m → 목표 0.444 m (앞뒤 -0.001), 서가 중심 팔기준 x -0.261 → 옆으로 -0.261: 차체를 0.261 m 옮긴다
11:29:46 [조작] 베이스 회전 완료
11:29:46 [시뮬] 서가 앞면 실측 0.444 m (목표 0.444), 서가 x 범위 팔기준 -0.71~+0.71
11:29:46 [시뮬] [재측정] 스윕 없이 빈칸만 다시 재고 관측 자세로 돌아간다 — 서가 /World/bookshelves_main/shelf_brown__book_shelf_11 · 판 [1.042, 0.498] · 빈칸 2개 · 관측 자세까지 Δ최대 1.541 rad
11:29:52 [시뮬] 작업 job_ccd2bdccb778:scan SUCCEEDED {'phase': 'scan_done', 'message': '서가 스캔 완료', 'placement_verified': False, 'sim_steps': 380, 'render_steps': 380} (6.3s)
11:29:52 [시뮬] [스윕] 시작 자세 q=[2.0937, -0.5756, 0.5627, -1.8915, 0.2999, 1.3974, 0.2783]
11:29:52 [시뮬] [스윕] 판 1.042 (팔기준 z 0.712, 앞면 0.444) 정지점 5/5 여유 0.518 rad 최대변화 0.06 길이 2.68
11:29:52 [시뮬] [스윕] 판 0.498 (팔기준 z 0.168, 앞면 0.444) 정지점 5/5 여유 0.221 rad 최대변화 0.05 길이 2.45
11:29:52 [시뮬] 스윕 시작: 판 [1.042, 0.498], 정지점 10개, 정지 1.2s
11:29:52 [시뮬] [판목록] 레벨 실측 [0.4976, 1.0417, 1.5812, 2.0582, 2.52] · 쓰는 값 [0.497, 0.498, 1.042] · 차이 [-0.3, -0.4, +0.6] mm  (그림자 — 판단은 상수 그대로)
11:29:56 [비전] ROI 밖 책: (-0.628, 0.507, 0.831) @arm_base_link
11:29:56 [비전] ROI 밖 책 1권 제외 (남은 0권). ROI [-0.4, -0.2, 0.0] ~ [-0.26, 0.4, 0.32] @arm_base_link
11:29:56 [비전] Empty center pixel=(263, 198), shelf_front_z=2.394m; Depth L/C/R=2.393/4.410/2.396m; center-left=2.017m, center-right=2.014m; contrast=PASS
11:29:56 [비전] Empty shelf target: xyz=(-0.780, 2.612, 1.385)
11:29:58 [비전] ROI 밖 책: (0.022, 0.547, 0.396) @arm_base_link
11:29:58 [비전] ROI 밖 책: (0.237, 0.554, 0.420) @arm_base_link
11:29:58 [비전] ROI 밖 책: (0.304, 0.542, 0.397) @arm_base_link
11:29:58 [비전] ROI 밖 책: (0.096, 0.530, 0.397) @arm_base_link
11:29:58 [비전] ROI 밖 책: (0.239, 0.488, 0.431) @arm_base_link
11:29:58 [비전] ROI 밖 책 5권 제외 (남은 0권). ROI [-0.4, -0.2, 0.0] ~ [-0.26, 0.4, 0.32] @arm_base_link
11:29:58 [비전] Empty center pixel=(367, 570), shelf_front_z=0.542m; Depth L/C/R=0.512/0.763/0.573m; center-left=0.251m, center-right=0.190m; contrast=PASS
11:29:58 [비전] Empty shelf target: xyz=(-0.096, 0.554, 0.378)
11:30:00 [비전] ROI 밖 책: (0.459, 0.545, 0.393) @arm_base_link
11:30:00 [비전] ROI 밖 책: (0.503, 0.561, 0.394) @arm_base_link
11:30:00 [비전] ROI 밖 책: (0.431, 0.537, 0.395) @arm_base_link
11:30:00 [비전] ROI 밖 책: (0.443, 0.531, 0.394) @arm_base_link
11:30:00 [비전] ROI 밖 책: (0.096, 0.535, 0.395) @arm_base_link
11:30:00 [비전] ROI 밖 책: (0.522, 0.559, 0.394) @arm_base_link
11:30:00 [비전] ROI 밖 책: (0.041, 0.539, 0.394) @arm_base_link
11:30:00 [비전] ROI 밖 책: (0.264, 0.535, 0.395) @arm_base_link
11:30:00 [비전] ROI 밖 책: (0.368, 0.567, 0.396) @arm_base_link
11:30:00 [비전] ROI 밖 책: (0.296, 0.521, 0.395) @arm_base_link
11:30:00 [비전] ROI 밖 책: (0.390, 0.553, 0.395) @arm_base_link
11:30:00 [비전] ROI 밖 책 11권 제외 (남은 0권). ROI [-0.4, -0.2, 0.0] ~ [-0.26, 0.4, 0.32] @arm_base_link
11:30:00 [비전] Empty center pixel=(221, 510), shelf_front_z=1.606m; Depth L/C/R=1.606/1.613/1.606m; center-left=0.006m, center-right=0.007m; contrast=CHECK
11:30:01 [비전] ROI 밖 책: (0.428, 0.536, 0.394) @arm_base_link
11:30:01 [비전] ROI 밖 책: (0.269, 0.539, 0.392) @arm_base_link
11:30:01 [비전] ROI 밖 책: (0.377, 0.528, 0.395) @arm_base_link
11:30:01 [비전] ROI 밖 책: (0.493, 0.543, 0.394) @arm_base_link
11:30:01 [비전] ROI 밖 책: (0.300, 0.526, 0.396) @arm_base_link
11:30:01 [비전] ROI 밖 책: (0.460, 0.543, 0.394) @arm_base_link
11:30:01 [비전] ROI 밖 책: (-0.018, 0.550, 0.392) @arm_base_link
11:30:01 [비전] ROI 밖 책: (0.050, 0.555, 0.392) @arm_base_link
11:30:01 [비전] ROI 밖 책: (0.488, 0.538, 0.394) @arm_base_link
11:30:01 [비전] ROI 밖 책: (0.442, 0.531, 0.394) @arm_base_link
11:30:01 [비전] ROI 밖 책: (0.013, 0.555, 0.396) @arm_base_link
11:30:01 [비전] ROI 밖 책 11권 제외 (남은 0권). ROI [-0.4, -0.2, 0.0] ~ [-0.26, 0.4, 0.32] @arm_base_link
11:30:02 [비전] Empty center pixel=(300, 296), shelf_front_z=0.521m; Depth L/C/R=0.552/2.480/0.491m; center-left=1.928m, center-right=1.990m; contrast=PASS
11:30:02 [비전] Empty shelf target: xyz=(0.142, 0.614, 0.841)
11:30:04 [비전] ROI 밖 책: (0.246, 0.519, 0.394) @arm_base_link
11:30:04 [비전] ROI 밖 책: (0.268, 0.522, 0.392) @arm_base_link
11:30:04 [비전] ROI 밖 책: (0.495, 0.549, 0.392) @arm_base_link
11:30:04 [비전] ROI 밖 책: (0.481, 0.542, 0.393) @arm_base_link
11:30:04 [비전] ROI 밖 책: (0.050, 0.548, 0.394) @arm_base_link
11:30:04 [비전] ROI 밖 책: (0.581, 0.576, 0.394) @arm_base_link
11:30:04 [비전] ROI 밖 책: (0.428, 0.544, 0.393) @arm_base_link
11:30:04 [비전] ROI 밖 책: (0.607, 0.554, 0.405) @arm_base_link
11:30:04 [비전] ROI 밖 책: (0.382, 0.527, 0.395) @arm_base_link
11:30:04 [비전] ROI 밖 책: (0.596, 0.529, 0.395) @arm_base_link
11:30:04 [비전] ROI 밖 책: (0.459, 0.533, 0.393) @arm_base_link
11:30:04 [비전] ROI 밖 책: (0.141, 0.559, 0.393) @arm_base_link
11:30:04 [비전] ROI 밖 책 12권 제외 (남은 0권). ROI [-0.4, -0.2, 0.0] ~ [-0.26, 0.4, 0.32] @arm_base_link
11:30:04 [비전] Empty center pixel=(182, 290), shelf_front_z=0.452m; Depth L/C/R=0.492/4.634/0.412m; center-left=4.142m, center-right=4.222m; contrast=PASS
11:30:04 [비전] Empty shelf target: xyz=(0.153, 0.547, 0.856)
11:30:08 [비전] ROI 밖 책: (0.167, 0.484, 0.335) @arm_base_link
11:30:08 [비전] ROI 밖 책: (-1.019, 0.179, -0.340) @arm_base_link
11:30:08 [비전] ROI 밖 책: (0.122, 0.481, 0.339) @arm_base_link
11:30:08 [비전] ROI 밖 책: (0.299, 0.478, 0.322) @arm_base_link
11:30:08 [비전] ROI 밖 책: (0.077, 0.477, 0.342) @arm_base_link
11:30:08 [비전] ROI 밖 책 5권 제외 (남은 0권). ROI [-0.4, -0.2, 0.0] ~ [-0.26, 0.4, 0.32] @arm_base_link
11:30:08 [비전] Empty center pixel=(155, 329), shelf_front_z=0.838m; Depth L/C/R=0.932/1.073/0.745m; center-left=0.141m, center-right=0.329m; contrast=PASS
11:30:08 [비전] Empty shelf target: xyz=(-0.786, 0.521, 0.192)
11:30:09 [비전] ROI 밖 책: (0.365, 0.476, 0.331) @arm_base_link
11:30:09 [비전] ROI 밖 책: (0.166, 0.483, 0.343) @arm_base_link
11:30:09 [비전] ROI 밖 책: (0.326, 0.478, 0.330) @arm_base_link
11:30:09 [비전] ROI 밖 책: (0.277, 0.480, 0.314) @arm_base_link
11:30:09 [비전] ROI 밖 책: (-0.719, 0.095, -0.002) @arm_base_link
11:30:09 [비전] ROI 밖 책: (0.129, 0.482, 0.338) @arm_base_link
11:30:09 [비전] ROI 밖 책: (0.453, 0.474, 0.344) @arm_base_link
11:30:09 [비전] ROI 밖 책: (0.307, 0.477, 0.325) @arm_base_link
11:30:09 [비전] ROI 밖 책 8권 제외 (남은 0권). ROI [-0.4, -0.2, 0.0] ~ [-0.26, 0.4, 0.32] @arm_base_link
11:30:09 [비전] Empty center pixel=(355, 280), shelf_front_z=0.705m; Depth L/C/R=0.709/1.990/0.701m; center-left=1.281m, center-right=1.289m; contrast=PASS
11:30:09 [비전] Empty shelf target: xyz=(-0.100, 0.491, 0.364)
11:30:11 [비전] ROI 밖 책: (0.368, 0.476, 0.334) @arm_base_link
11:30:11 [비전] ROI 밖 책: (0.333, 0.478, 0.332) @arm_base_link
11:30:11 [비전] ROI 밖 책: (0.280, 0.481, 0.330) @arm_base_link
11:30:11 [비전] ROI 밖 책: (0.171, 0.483, 0.348) @arm_base_link
11:30:11 [비전] ROI 밖 책: (0.916, 0.485, -0.307) @arm_base_link
11:30:11 [비전] ROI 밖 책 5권 제외 (남은 0권). ROI [-0.4, -0.2, 0.0] ~ [-0.26, 0.4, 0.32] @arm_base_link
11:30:11 [비전] Empty center pixel=(286, 280), shelf_front_z=0.704m; Depth L/C/R=0.716/1.990/0.692m; center-left=1.274m, center-right=1.298m; contrast=PASS
11:30:11 [비전] Empty shelf target: xyz=(-0.076, 0.490, 0.364)
11:30:13 [비전] ROI 밖 책: (0.338, 0.478, 0.327) @arm_base_link
11:30:13 [비전] ROI 밖 책: (0.480, 0.497, 0.368) @arm_base_link
11:30:13 [비전] ROI 밖 책: (0.414, 0.476, 0.360) @arm_base_link
11:30:13 [비전] ROI 밖 책: (0.442, 0.476, 0.363) @arm_base_link
11:30:13 [비전] ROI 밖 책: (0.369, 0.481, 0.359) @arm_base_link
11:30:13 [비전] ROI 밖 책: (0.564, 0.038, -0.341) @arm_base_link
11:30:13 [비전] ROI 밖 책: (0.519, 0.483, 0.361) @arm_base_link
11:30:13 [비전] ROI 밖 책: (0.264, 0.488, 0.358) @arm_base_link
11:30:13 [비전] ROI 밖 책 8권 제외 (남은 0권). ROI [-0.4, -0.2, 0.0] ~ [-0.26, 0.4, 0.32] @arm_base_link
11:30:13 [비전] Empty center pixel=(216, 280), shelf_front_z=0.719m; Depth L/C/R=0.745/1.973/0.693m; center-left=1.229m, center-right=1.281m; contrast=PASS
11:30:13 [비전] Empty shelf target: xyz=(-0.066, 0.503, 0.356)
11:30:15 [비전] ROI 밖 책: (0.593, 0.477, 0.340) @arm_base_link
11:30:15 [비전] ROI 밖 책: (0.484, 0.484, 0.357) @arm_base_link
11:30:15 [비전] ROI 밖 책: (0.453, 0.474, 0.345) @arm_base_link
11:30:15 [비전] ROI 밖 책 3권 제외 (남은 0권). ROI [-0.4, -0.2, 0.0] ~ [-0.26, 0.4, 0.32] @arm_base_link
11:30:15 [비전] Empty center pixel=(140, 279), shelf_front_z=0.716m; Depth L/C/R=0.742/0.822/0.690m; center-left=0.080m, center-right=0.132m; contrast=PASS
11:30:15 [비전] Empty shelf target: xyz=(-0.060, 0.502, 0.359)
11:30:21 [FSM] Empty slot detected: frame_id=arm_base_link, x=-0.350, y=0.544, z=0.340, confidence=1.00, candidate_count=9
11:30:21 [FSM] FSM transition completed: DETECT_TARGET_SLOT -> PLACE_BOOK
11:30:21 [FSM] Book-placement goal was accepted.
11:30:21 [조작] 빈칸 관측 버림 (서가 밖): (-0.780, 2.612, 1.385) 서가 x -0.66~0.66 y 0.41~0.80 z -0.33~2.19
11:30:21 [조작] 빈칸 관측 버림 (서가 밖): (-0.786, 0.521, 0.192) 서가 x -0.66~0.66 y 0.41~0.80 z -0.33~2.19
11:30:21 [조작] 빈칸 선택: 책 사이 틈 관측 (-0.090, 0.502, 0.359) → 칸 중심 y 0.544, z 0.340 (판 높이로 스냅); 꽂기 전 차체를 옆으로 +0.260 m 옮겨 틈을 x -0.35 에 둔다
11:30:21 [조작] 빈 슬롯 스캔 완료: (-0.35, 0.5439, 0.3399), 삽입깊이 0.300m
11:30:21 [조작] 베이스 회전 명령 전송 (목표 yaw +0°, 서가 거리 0.444)
11:30:21 [시뮬] 작업 job_ccd2bdccb778:scan SUCCEEDED {'phase': 'scan_done', 'message': '서가 스캔 완료', 'placement_verified': False, 'sim_steps': 1829, 'render_steps': 1829} (29.2s)
11:30:21 [시뮬] 서가 앞면 0.444 m → 목표 0.444 m (앞뒤 +0.000), 서가 중심 팔기준 x +0.260 → 옆으로 +0.260: 차체를 0.260 m 옮긴다
11:30:24 [비전] ROI 밖 책: (-0.136, -0.651, -0.341) @arm_base_link
11:30:24 [비전] ROI 밖 책 1권 제외 (남은 1권). ROI [-0.4, -0.2, 0.0] ~ [-0.26, 0.4, 0.32] @arm_base_link
11:30:24 [비전] Book picked(best): xyz=(-0.348, -0.180, 0.188), center=(144, 321), conf=0.66, depth=patch, yaw=0.000 rad (후보 1권)
11:30:24 [비전] ROI 밖 책: (-0.114, -0.683, -0.341) @arm_base_link
11:30:24 [비전] ROI 밖 책 1권 제외 (남은 0권). ROI [-0.4, -0.2, 0.0] ~ [-0.26, 0.4, 0.32] @arm_base_link
11:30:24 [조작] 베이스 회전 완료
11:30:24 [시뮬] 서가 앞면 실측 0.444 m (목표 0.444), 서가 x 범위 팔기준 -0.97~+0.45
11:30:25 [비전] ROI 밖 책: (-0.129, -0.676, -0.341) @arm_base_link
11:30:25 [비전] ROI 밖 책: (-0.155, 0.477, 0.220) @arm_base_link
11:30:25 [비전] ROI 밖 책 2권 제외 (남은 0권). ROI [-0.4, -0.2, 0.0] ~ [-0.26, 0.4, 0.32] @arm_base_link
11:30:25 [비전] ROI 밖 책: (-0.117, -0.670, -0.341) @arm_base_link
11:30:25 [비전] ROI 밖 책 1권 제외 (남은 0권). ROI [-0.4, -0.2, 0.0] ~ [-0.26, 0.4, 0.32] @arm_base_link
11:30:26 [비전] ROI 밖 책: (-0.123, -0.667, -0.341) @arm_base_link
11:30:26 [비전] ROI 밖 책 1권 제외 (남은 0권). ROI [-0.4, -0.2, 0.0] ~ [-0.26, 0.4, 0.32] @arm_base_link
11:30:26 [비전] ROI 밖 책: (-0.117, -0.670, -0.341) @arm_base_link
11:30:26 [비전] ROI 밖 책 1권 제외 (남은 0권). ROI [-0.4, -0.2, 0.0] ~ [-0.26, 0.4, 0.32] @arm_base_link
11:30:27 [비전] ROI 밖 책: (-0.117, -0.670, -0.341) @arm_base_link
11:30:27 [비전] ROI 밖 책 1권 제외 (남은 0권). ROI [-0.4, -0.2, 0.0] ~ [-0.26, 0.4, 0.32] @arm_base_link
11:30:27 [비전] ROI 밖 책: (-0.142, -0.670, -0.341) @arm_base_link
11:30:27 [비전] ROI 밖 책 1권 제외 (남은 0권). ROI [-0.4, -0.2, 0.0] ~ [-0.26, 0.4, 0.32] @arm_base_link
11:30:28 [비전] ROI 밖 책: (-0.123, -0.673, -0.341) @arm_base_link
11:30:28 [비전] ROI 밖 책 1권 제외 (남은 1권). ROI [-0.4, -0.2, 0.0] ~ [-0.26, 0.4, 0.32] @arm_base_link
11:30:28 [비전] Book picked(best): xyz=(-0.370, -0.186, 0.190), center=(139, 306), conf=0.64, depth=patch, yaw=0.000 rad (후보 1권)
11:30:28 [조작] 책 좌표 정함 (-0.3587, -0.1834, +0.1893) — 관측 2개 · 책 1권 · 고른 책 2개 (x 흔들림 22 mm) → 축마다 중앙값
11:30:28 [조작] 작업 job_ccd2bdccb778 book=book_001 트레이 칸 2 파지 [-0.35874248148119614, -0.18338085532824872, 0.11341643308966981] (vision) → (-0.35, 0.5438500024676323, 0.3399) 삽입 속도 0.030 m/s
11:30:42 [시뮬] [JUDGE] 손 안 어긋남(406) **판별불가** — 키네마틱 파지는 매 스텝 책을 손에 맞춰 다시 써 넣는다. 이 신호는 마찰 파지(SIM_GRASP_KINEMATIC=0)에서만 의미가 있다
11:30:49 [시뮬] [JUDGE] rise=16.9cm(ok) width=15.1mm = 지령 15.1mm (책 반두께 19.1) → **판별불가** [키네마틱 파지라 빈손이어도 같은 값이 나온다]
11:32:47 [FSM] FSM transition completed: PLACE_BOOK -> UPDATE_DATA
11:32:47 [FSM] FSM transition completed: UPDATE_DATA -> NEXT_BOOK
11:32:47 [FSM] FSM transition completed: NEXT_BOOK -> SELECT_BOOK
11:32:47 [FSM] FSM transition completed: SELECT_BOOK -> NAV_TO_SHELF
11:32:47 [FSM] Navigation succeeded: Navigation waypoint is already satisfied in simulation.
11:32:47 [FSM] FSM transition completed: NAV_TO_SHELF -> DETECT_TARGET_SLOT
11:32:47 [조작] PlaceBook 성공 job=job_ccd2bdccb778 code=0(OK) phase= 배치 확인
11:32:47 [조작] 베이스 회전 명령 전송 (목표 yaw +0°, 서가 거리 0.444)
11:32:47 [시뮬] [JUDGE] width_hold=판별불가[키네마틱] (15.1 → 최소 15.1 mm, 한쪽 기준)
11:32:47 [시뮬] 작업 job_ccd2bdccb778 SUCCEEDED {'phase': 'verify', 'message': '배치 확인', 'placement_verified': True, 'checks': {'upright': True, 'depth': True, 'spine': True, 'x': True, 'floor': True, 'skew': True, 'no_jam': True}, 'fallen
11:32:47 [시뮬] 서가 앞면 0.444 m → 목표 0.444 m (앞뒤 -0.000), 서가 중심 팔기준 x -0.260 → 옆으로 -0.260: 차체를 0.260 m 옮긴다
11:32:49 [조작] 베이스 회전 완료
11:32:49 [시뮬] 서가 앞면 실측 0.444 m (목표 0.444), 서가 x 범위 팔기준 -0.71~+0.71
11:32:49 [시뮬] [재측정] 스윕 없이 빈칸만 다시 재고 관측 자세로 돌아간다 — 서가 /World/bookshelves_main/shelf_brown__book_shelf_11 · 판 [1.042, 0.498] · 빈칸 3개 · 관측 자세까지 Δ최대 1.311 rad
11:32:54 [FSM] Empty slot detected: frame_id=arm_base_link, x=-0.350, y=0.544, z=0.884, confidence=1.00, candidate_count=9
11:32:54 [FSM] FSM transition completed: DETECT_TARGET_SLOT -> PLACE_BOOK
11:32:54 [FSM] Book-placement goal was accepted.
11:32:54 [조작] 빈칸 관측 버림 (서가 밖): (-0.780, 2.612, 1.385) 서가 x -0.66~0.66 y 0.41~0.80 z -0.33~2.19
11:32:54 [조작] 빈칸 관측 버림 (서가 밖): (-0.786, 0.521, 0.192) 서가 x -0.66~0.66 y 0.41~0.80 z -0.33~2.19
11:32:54 [조작] 빈칸 선택: 책 사이 틈 관측 (0.139, 0.502, 0.359) → 칸 중심 y 0.544, z 0.884 (판 높이로 스냅); 꽂기 전 차체를 옆으로 +0.489 m 옮겨 틈을 x -0.35 에 둔다
11:32:54 [조작] 빈 슬롯 스캔 완료: (-0.35, 0.5439, 0.8839), 삽입깊이 0.300m
11:32:54 [조작] 베이스 회전 명령 전송 (목표 yaw +0°, 서가 거리 0.444)
11:32:54 [시뮬] 작업 job_ccd2bdccb778:scan SUCCEEDED {'phase': 'scan_done', 'message': '서가 스캔 완료', 'placement_verified': False, 'sim_steps': 324, 'render_steps': 324} (5.1s)
11:32:54 [시뮬] 서가 앞면 0.444 m → 목표 0.444 m (앞뒤 -0.000), 서가 중심 팔기준 x +0.489 → 옆으로 +0.489: 차체를 0.489 m 옮긴다
11:32:58 [비전] ROI 밖 책: (-0.101, -0.692, -0.341) @arm_base_link
11:32:58 [비전] ROI 밖 책: (-0.399, 0.476, 0.222) @arm_base_link
11:32:58 [비전] ROI 밖 책 2권 제외 (남은 0권). ROI [-0.4, -0.2, 0.0] ~ [-0.26, 0.4, 0.32] @arm_base_link
11:32:58 [조작] 베이스 회전 완료
11:32:58 [시뮬] 서가 앞면 실측 0.444 m (목표 0.444), 서가 x 범위 팔기준 -1.20~+0.22
11:32:59 [비전] ROI 밖 책: (-0.098, -0.698, -0.341) @arm_base_link
11:32:59 [비전] ROI 밖 책: (-0.396, 0.475, 0.224) @arm_base_link
11:32:59 [비전] ROI 밖 책 2권 제외 (남은 0권). ROI [-0.4, -0.2, 0.0] ~ [-0.26, 0.4, 0.32] @arm_base_link
11:32:59 [비전] ROI 밖 책: (-0.120, -0.654, -0.341) @arm_base_link
11:32:59 [비전] ROI 밖 책: (-0.398, 0.476, 0.222) @arm_base_link
11:32:59 [비전] ROI 밖 책 2권 제외 (남은 0권). ROI [-0.4, -0.2, 0.0] ~ [-0.26, 0.4, 0.32] @arm_base_link
11:33:00 [비전] ROI 밖 책: (-0.098, -0.701, -0.341) @arm_base_link
11:33:00 [비전] ROI 밖 책: (-0.399, 0.476, 0.222) @arm_base_link
11:33:00 [비전] ROI 밖 책 2권 제외 (남은 1권). ROI [-0.4, -0.2, 0.0] ~ [-0.26, 0.4, 0.32] @arm_base_link
11:33:00 [비전] Book picked(best): xyz=(-0.339, 0.151, 0.213), center=(371, 327), conf=0.56, depth=patch, yaw=0.000 rad (후보 1권)
11:33:00 [비전] ROI 밖 책: (-0.101, -0.698, -0.341) @arm_base_link
11:33:00 [비전] ROI 밖 책: (-0.399, 0.476, 0.222) @arm_base_link
11:33:00 [비전] ROI 밖 책: (-0.450, 0.151, 0.212) @arm_base_link
11:33:00 [비전] ROI 밖 책 3권 제외 (남은 1권). ROI [-0.4, -0.2, 0.0] ~ [-0.26, 0.4, 0.32] @arm_base_link
11:33:00 [비전] Book picked(best): xyz=(-0.342, 0.151, 0.213), center=(371, 325), conf=0.77, depth=patch, yaw=0.000 rad (후보 1권)
11:33:00 [조작] 책 좌표 정함 (-0.3405, +0.1512, +0.2128) — 관측 2개 · 책 1권 · 고른 책 2개 (x 흔들림 3 mm) → 축마다 중앙값
11:33:00 [조작] 작업 job_ccd2bdccb778 book=book_002 트레이 칸 3 파지 [-0.3405146101896561, 0.15116685643052052, 0.1369435055445027] (vision) → (-0.35, 0.5438500024676323, 0.8839) 삽입 속도 0.030 m/s
11:33:19 [시뮬] [JUDGE] 손 안 어긋남(406) **판별불가** — 키네마틱 파지는 매 스텝 책을 손에 맞춰 다시 써 넣는다. 이 신호는 마찰 파지(SIM_GRASP_KINEMATIC=0)에서만 의미가 있다
11:33:26 [시뮬] [JUDGE] rise=16.9cm(ok) width=12.8mm = 지령 12.8mm (책 반두께 16.8) → **판별불가** [키네마틱 파지라 빈손이어도 같은 값이 나온다]
11:35:24 [FSM] FSM transition completed: PLACE_BOOK -> UPDATE_DATA
11:35:24 [FSM] FSM transition completed: UPDATE_DATA -> NEXT_BOOK
11:35:24 [FSM] FSM transition completed: NEXT_BOOK -> RETURN_HOME
11:35:24 [조작] PlaceBook 성공 job=job_ccd2bdccb778 code=0(OK) phase= 배치 확인
11:35:24 [시뮬] [JUDGE] width_hold=판별불가[키네마틱] (12.8 → 최소 12.8 mm, 한쪽 기준)
11:35:24 [시뮬] 작업 job_ccd2bdccb778 SUCCEEDED {'phase': 'verify', 'message': '배치 확인', 'placement_verified': True, 'checks': {'upright': True, 'depth': True, 'spine': True, 'x': True, 'floor': True, 'skew': True, 'no_jam': True}, 'fallen
11:35:33 [시뮬] [주행] 회전 끝 — **실측** yaw +90.00° (목표 +90.00°)
11:35:35 [FSM] Navigation succeeded: Navigation completed.
11:35:35 [FSM] FSM transition completed: RETURN_HOME -> COMPLETED
11:35:35 [FSM] FSM transition completed: COMPLETED -> IDLE
11:35:35 [시뮬] [주행] 도착 (+4.986, -5.607)
11:39:07 [조작] PlaceBook /place_book executor=sim profile=default tray_slots=6 status=/robot/status perception_bridge=True
11:39:07 [시뮬] 관측 자세 손목(관절 7) -59.2° → +30.8° 로 돌림 [SIM_HOME_J7_DEG=+90] (홈은 그대로)
11:39:07 [시뮬] 관측 자세 이동 [0.0, 0.0, 0.1] m: 손 [-0.389, 0.079, 0.573] → [-0.389, 0.079, 0.673], 관절 [2.811, -0.514, 0.102, -2.213, 0.051, 1.701, 0.538] → [2.094, -0.576, 0.563, -1.891, 0.3, 1.397, 0.278] (한계 여유 0.873) [SIM_HOME_SHIFT] (홈은
11:39:33 [FSM] FSM transition completed: PLANNING -> NAV_TO_RETURN
11:39:33 [FSM] Navigation succeeded: Navigation waypoint is already satisfied in simulation.
11:39:33 [FSM] FSM transition completed: NAV_TO_RETURN -> RECEIVE_TRAY
11:39:33 [FSM] FSM transition completed: RECEIVE_TRAY -> SELECT_BOOK
11:39:33 [FSM] FSM transition completed: SELECT_BOOK -> NAV_TO_SHELF
11:40:09 [시뮬] [주행] 도착 (-0.548, +1.225)
11:40:12 [시뮬] [주행] 회전 끝 — **실측** yaw +0.00° (목표 +0.00°)
11:40:13 [FSM] Navigation succeeded: Navigation completed.
11:40:13 [FSM] FSM transition completed: NAV_TO_SHELF -> DETECT_TARGET_SLOT
11:40:13 [조작] 베이스 회전 명령 전송 (목표 yaw +0°, 서가 거리 0.444)
11:40:13 [시뮬] [주행] 도착 (-0.548, +1.225)
11:40:13 [시뮬] 서가 앞면 0.443 m → 목표 0.444 m (앞뒤 -0.001), 서가 중심 팔기준 x -0.417 → 옆으로 -0.417: 차체를 0.417 m 옮긴다
11:40:18 [조작] 베이스 회전 완료
11:40:18 [시뮬] 서가 앞면 실측 0.444 m (목표 0.444), 서가 x 범위 팔기준 -0.71~+0.71
11:40:18 [시뮬] [스윕] 시작 자세 q=[2.811, -0.514, 0.102, -2.213, 0.051, 1.701, -1.033]
11:40:19 [시뮬] [스윕] 판 1.042 (팔기준 z 0.712, 앞면 0.444) 정지점 5/5 여유 0.171 rad 최대변화 0.06 길이 3.95
11:40:19 [시뮬] [스윕] 판 0.498 (팔기준 z 0.168, 앞면 0.444) 정지점 5/5 여유 0.225 rad 최대변화 0.05 길이 2.52
11:40:19 [시뮬] 스윕 시작: 판 [1.042, 0.498], 정지점 10개, 정지 1.2s
11:40:19 [시뮬] [판목록] 레벨 실측 [0.4976, 1.0417, 1.5812, 2.0582, 2.52] · 쓰는 값 [0.497, 0.498, 1.042] · 차이 [-0.3, -0.4, +0.6] mm  (그림자 — 판단은 상수 그대로)
11:40:29 [비전] ROI 밖 책: (0.020, 0.574, 0.394) @arm_base_link
11:40:29 [비전] ROI 밖 책: (0.062, 0.574, 0.394) @arm_base_link
11:40:29 [비전] ROI 밖 책: (-0.625, 0.536, 0.832) @arm_base_link
11:40:29 [비전] ROI 밖 책: (-0.013, 0.578, 0.394) @arm_base_link
11:40:29 [비전] ROI 밖 책: (-0.043, 0.531, 0.394) @arm_base_link
11:40:29 [비전] ROI 밖 책 5권 제외 (남은 0권). ROI [-0.4, -0.2, 0.0] ~ [-0.26, 0.4, 0.32] @arm_base_link
11:40:29 [비전] Empty center pixel=(276, 259), shelf_front_z=1.528m; Depth L/C/R=0.432/6.085/2.624m; center-left=5.653m, center-right=3.461m; contrast=PASS
11:40:29 [비전] Empty shelf target: xyz=(-0.562, 1.650, 0.917)
11:40:29 [비전] ROI 밖 책: (-0.057, 0.530, 0.395) @arm_base_link
11:40:29 [비전] ROI 밖 책: (0.316, 0.564, 0.362) @arm_base_link
11:40:29 [비전] ROI 밖 책: (0.064, 0.577, 0.394) @arm_base_link
11:40:29 [비전] ROI 밖 책: (0.017, 0.556, 0.396) @arm_base_link
11:40:29 [비전] ROI 밖 책 4권 제외 (남은 0권). ROI [-0.4, -0.2, 0.0] ~ [-0.26, 0.4, 0.32] @arm_base_link
11:40:30 [비전] ROI 밖 책: (0.332, 0.552, 0.372) @arm_base_link
11:40:30 [비전] ROI 밖 책: (0.368, 0.537, 0.396) @arm_base_link
11:40:30 [비전] ROI 밖 책: (0.486, 0.576, 0.392) @arm_base_link
11:40:30 [비전] ROI 밖 책: (0.408, 0.535, 0.395) @arm_base_link
11:40:30 [비전] ROI 밖 책: (0.187, 0.557, 0.397) @arm_base_link
11:40:30 [비전] ROI 밖 책: (0.461, 0.543, 0.394) @arm_base_link
11:40:30 [비전] ROI 밖 책: (0.132, 0.540, 0.393) @arm_base_link
11:40:30 [비전] ROI 밖 책: (0.094, 0.535, 0.395) @arm_base_link
11:40:30 [비전] ROI 밖 책 8권 제외 (남은 0권). ROI [-0.4, -0.2, 0.0] ~ [-0.26, 0.4, 0.32] @arm_base_link
11:40:32 [비전] ROI 밖 책: (0.334, 0.540, 0.385) @arm_base_link
11:40:32 [비전] ROI 밖 책: (0.497, 0.571, 0.394) @arm_base_link
11:40:32 [비전] ROI 밖 책: (0.374, 0.534, 0.396) @arm_base_link
11:40:32 [비전] ROI 밖 책: (0.475, 0.537, 0.393) @arm_base_link
11:40:32 [비전] ROI 밖 책: (0.438, 0.571, 0.395) @arm_base_link
11:40:32 [비전] ROI 밖 책: (0.464, 0.574, 0.394) @arm_base_link
11:40:32 [비전] ROI 밖 책: (0.413, 0.529, 0.395) @arm_base_link
11:40:32 [비전] ROI 밖 책: (-0.017, 0.570, 0.392) @arm_base_link
11:40:32 [비전] ROI 밖 책 8권 제외 (남은 0권). ROI [-0.4, -0.2, 0.0] ~ [-0.26, 0.4, 0.32] @arm_base_link
11:40:34 [비전] ROI 밖 책: (0.430, 0.584, 0.394) @arm_base_link
11:40:34 [비전] ROI 밖 책: (0.582, 0.601, 0.394) @arm_base_link
11:40:34 [비전] ROI 밖 책: (0.510, 0.615, 0.393) @arm_base_link
11:40:34 [비전] ROI 밖 책: (-0.032, 0.578, 0.392) @arm_base_link
11:40:34 [비전] ROI 밖 책: (0.210, 0.536, 0.827) @arm_base_link
11:40:34 [비전] ROI 밖 책: (0.554, 0.616, 0.394) @arm_base_link
11:40:34 [비전] ROI 밖 책: (0.384, 0.537, 0.396) @arm_base_link
11:40:34 [비전] ROI 밖 책: (0.051, 0.578, 0.394) @arm_base_link
11:40:34 [비전] ROI 밖 책: (0.555, 0.536, 0.393) @arm_base_link
11:40:34 [비전] ROI 밖 책: (0.010, 0.576, 0.394) @arm_base_link
11:40:34 [비전] ROI 밖 책: (0.484, 0.567, 0.393) @arm_base_link
11:40:34 [비전] ROI 밖 책 11권 제외 (남은 0권). ROI [-0.4, -0.2, 0.0] ~ [-0.26, 0.4, 0.32] @arm_base_link
11:40:34 [비전] Empty center pixel=(286, 550), shelf_front_z=0.618m; Depth L/C/R=0.677/1.387/0.558m; center-left=0.709m, center-right=0.829m; contrast=PASS
11:40:34 [비전] Empty shelf target: xyz=(0.283, 0.625, 0.344)
11:40:38 [비전] ROI 밖 책: (-1.031, 0.184, -0.341) @arm_base_link
11:40:38 [비전] ROI 밖 책: (0.128, 0.509, 0.339) @arm_base_link
11:40:38 [비전] ROI 밖 책: (0.079, 0.506, 0.341) @arm_base_link
11:40:38 [비전] ROI 밖 책 3권 제외 (남은 2권). ROI [-0.4, -0.2, 0.0] ~ [-0.26, 0.4, 0.32] @arm_base_link
11:40:38 [비전] Book picked(best): xyz=(-0.366, -0.019, 0.216), center=(307, 593), conf=0.88, depth=patch, yaw=0.000 rad (후보 2권)
11:40:38 [비전] Empty center pixel=(157, 340), shelf_front_z=0.839m; Depth L/C/R=0.911/1.051/0.766m; center-left=0.140m, center-right=0.285m; contrast=PASS
11:40:38 [비전] Empty shelf target: xyz=(-0.781, 0.503, 0.170)
11:40:40 [비전] ROI 밖 책: (-0.711, 0.091, -0.001) @arm_base_link
11:40:40 [비전] ROI 밖 책: (0.130, 0.511, 0.340) @arm_base_link
11:40:40 [비전] ROI 밖 책: (0.172, 0.512, 0.342) @arm_base_link
11:40:40 [비전] ROI 밖 책: (0.188, 0.512, 0.364) @arm_base_link
11:40:40 [비전] ROI 밖 책 4권 제외 (남은 2권). ROI [-0.4, -0.2, 0.0] ~ [-0.26, 0.4, 0.32] @arm_base_link
11:40:40 [비전] Book picked(best): xyz=(-0.361, -0.019, 0.214), center=(177, 593), conf=0.88, depth=patch, yaw=0.000 rad (후보 2권)
11:40:40 [비전] Empty center pixel=(97, 358), shelf_front_z=0.861m; Depth L/C/R=0.913/1.016/0.808m; center-left=0.102m, center-right=0.208m; contrast=PASS
11:40:40 [비전] Empty shelf target: xyz=(-0.781, 0.486, 0.117)
11:40:42 [비전] ROI 밖 책: (0.566, 0.186, -0.341) @arm_base_link
11:40:42 [비전] ROI 밖 책: (-0.429, 0.033, 0.156) @arm_base_link
11:40:42 [비전] ROI 밖 책: (0.177, 0.512, 0.339) @arm_base_link
11:40:42 [비전] ROI 밖 책 3권 제외 (남은 1권). ROI [-0.4, -0.2, 0.0] ~ [-0.26, 0.4, 0.32] @arm_base_link
11:40:42 [비전] Book picked(best): xyz=(-0.306, -0.026, 0.198), center=(88, 603), conf=0.92, depth=patch, yaw=0.000 rad (후보 1권)
11:40:42 [비전] Empty center pixel=(433, 275), shelf_front_z=0.734m; Depth L/C/R=0.720/2.016/0.747m; center-left=1.296m, center-right=1.269m; contrast=PASS
11:40:42 [비전] Empty shelf target: xyz=(0.259, 0.523, 0.357)
11:40:44 [비전] ROI 밖 책: (0.595, 0.180, -0.341) @arm_base_link
11:40:44 [비전] ROI 밖 책 1권 제외 (남은 0권). ROI [-0.4, -0.2, 0.0] ~ [-0.26, 0.4, 0.32] @arm_base_link
11:40:44 [비전] Empty center pixel=(359, 274), shelf_front_z=0.713m; Depth L/C/R=0.690/2.043/0.735m; center-left=1.353m, center-right=1.308m; contrast=PASS
11:40:44 [비전] Empty shelf target: xyz=(0.262, 0.506, 0.370)
11:40:46 [비전] ROI 밖 책: (0.674, 0.183, -0.342) @arm_base_link
11:40:46 [비전] ROI 밖 책: (-0.319, 0.522, 0.349) @arm_base_link
11:40:46 [비전] ROI 밖 책: (0.489, 0.516, 0.358) @arm_base_link
11:40:46 [비전] ROI 밖 책 3권 제외 (남은 0권). ROI [-0.4, -0.2, 0.0] ~ [-0.26, 0.4, 0.32] @arm_base_link
11:40:46 [비전] Empty center pixel=(294, 273), shelf_front_z=0.748m; Depth L/C/R=0.783/2.052/0.713m; center-left=1.270m, center-right=1.339m; contrast=PASS
11:40:46 [비전] Empty shelf target: xyz=(0.288, 0.538, 0.352)
11:40:53 [FSM] Empty slot detected: frame_id=arm_base_link, x=-0.350, y=0.544, z=0.340, confidence=1.00, candidate_count=7
11:40:53 [FSM] FSM transition completed: DETECT_TARGET_SLOT -> PLACE_BOOK
11:40:53 [FSM] Book-placement goal was accepted.
11:40:53 [조작] 빈칸 관측 버림 (서가 밖): (-0.781, 0.503, 0.170) 서가 x -0.66~0.66 y 0.41~0.80 z -0.33~2.19
11:40:53 [조작] 빈칸 관측 버림 (서가 밖): (-0.781, 0.486, 0.117) 서가 x -0.66~0.66 y 0.41~0.80 z -0.33~2.19
11:40:53 [조작] 빈칸 선택: 책 사이 틈 관측 (0.273, 0.523, 0.357) → 칸 중심 y 0.544, z 0.340 (판 높이로 스냅); 꽂기 전 차체를 옆으로 +0.623 m 옮겨 틈을 x -0.35 에 둔다
11:40:53 [조작] 빈 슬롯 스캔 완료: (-0.35, 0.5439, 0.3399), 삽입깊이 0.300m
11:40:53 [조작] 베이스 회전 명령 전송 (목표 yaw +0°, 서가 거리 0.444)
11:40:53 [시뮬] 작업 job_d6db098c1741:scan SUCCEEDED {'phase': 'scan_done', 'message': '서가 스캔 완료', 'placement_verified': False, 'sim_steps': 2039, 'render_steps': 2039} (33.2s)
11:40:53 [시뮬] 서가 앞면 0.444 m → 목표 0.444 m (앞뒤 +0.000), 서가 중심 팔기준 x +0.623 → 옆으로 +0.623: 차체를 0.623 m 옮긴다
11:41:01 [비전] ROI 밖 책: (-0.123, -0.670, -0.341) @arm_base_link
11:41:01 [비전] ROI 밖 책: (-0.232, 0.504, 0.205) @arm_base_link
11:41:01 [비전] ROI 밖 책: (0.485, 0.249, -0.341) @arm_base_link
11:41:01 [비전] ROI 밖 책 3권 제외 (남은 4권). ROI [-0.4, -0.2, 0.0] ~ [-0.26, 0.4, 0.32] @arm_base_link
11:41:01 [비전] Book picked(best): xyz=(-0.362, -0.003, 0.212), center=(261, 311), conf=0.87, depth=patch, yaw=0.000 rad (후보 4권)
11:41:01 [비전] ROI 밖 책: (-0.123, -0.673, -0.341) @arm_base_link
11:41:01 [비전] ROI 밖 책: (-0.232, 0.504, 0.205) @arm_base_link
11:41:01 [비전] ROI 밖 책: (-0.451, 0.154, 0.211) @arm_base_link
11:41:01 [비전] ROI 밖 책: (0.485, 0.255, -0.341) @arm_base_link
11:41:01 [비전] ROI 밖 책 4권 제외 (남은 3권). ROI [-0.4, -0.2, 0.0] ~ [-0.26, 0.4, 0.32] @arm_base_link
11:41:01 [비전] Book picked(best): xyz=(-0.360, -0.003, 0.212), center=(261, 312), conf=0.87, depth=patch, yaw=0.000 rad (후보 3권)
11:41:01 [조작] 베이스 회전 완료
11:41:01 [조작] 책 좌표 정함 (-0.3610, -0.0030, +0.2118) — 관측 2개 · 책 1권 · 고른 책 2개 (x 흔들림 1 mm) → 축마다 중앙값
11:41:01 [조작] 작업 job_d6db098c1741 book=book_003 트레이 칸 0 파지 [-0.36095941551154476, -0.0029774064046787785, 0.13594835506244404] (vision) → (-0.35, 0.5438500024676323, 0.3399) 삽입 속도 0.030 m/s
11:41:01 [시뮬] 서가 앞면 실측 0.444 m (목표 0.444), 서가 x 범위 팔기준 -1.33~+0.08
11:41:16 [시뮬] [JUDGE] 손 안 어긋남(406) **판별불가** — 키네마틱 파지는 매 스텝 책을 손에 맞춰 다시 써 넣는다. 이 신호는 마찰 파지(SIM_GRASP_KINEMATIC=0)에서만 의미가 있다
11:41:23 [시뮬] [JUDGE] rise=16.9cm(ok) width=13.6mm = 지령 13.6mm (책 반두께 17.6) → **판별불가** [키네마틱 파지라 빈손이어도 같은 값이 나온다]
11:43:23 [FSM] FSM transition completed: PLACE_BOOK -> UPDATE_DATA
11:43:23 [FSM] FSM transition completed: UPDATE_DATA -> NEXT_BOOK
11:43:23 [FSM] FSM transition completed: NEXT_BOOK -> SELECT_BOOK
11:43:23 [FSM] FSM transition completed: SELECT_BOOK -> NAV_TO_SHELF
11:43:23 [FSM] Navigation succeeded: Navigation waypoint is already satisfied in simulation.
11:43:23 [FSM] FSM transition completed: NAV_TO_SHELF -> DETECT_TARGET_SLOT
11:43:23 [조작] PlaceBook 성공 job=job_d6db098c1741 code=0(OK) phase= 배치 확인
11:43:23 [조작] 베이스 회전 명령 전송 (목표 yaw +0°, 서가 거리 0.444)
11:43:23 [시뮬] [JUDGE] width_hold=판별불가[키네마틱] (13.6 → 최소 13.6 mm, 한쪽 기준)
11:43:23 [시뮬] 작업 job_d6db098c1741 SUCCEEDED {'phase': 'verify', 'message': '배치 확인', 'placement_verified': True, 'checks': {'upright': True, 'depth': True, 'spine': True, 'x': True, 'floor': True, 'skew': True, 'no_jam': True}, 'fallen
11:43:23 [시뮬] 서가 앞면 0.444 m → 목표 0.444 m (앞뒤 +0.000), 서가 중심 팔기준 x -0.623 → 옆으로 -0.623: 차체를 0.623 m 옮긴다
11:43:28 [조작] 베이스 회전 완료
11:43:28 [시뮬] 서가 앞면 실측 0.444 m (목표 0.444), 서가 x 범위 팔기준 -0.71~+0.71
11:43:28 [시뮬] [재측정] 스윕 없이 빈칸만 다시 재고 관측 자세로 돌아간다 — 서가 /World/bookshelves_main/shelf_brown__book_shelf_01 · 판 [1.042, 0.498] · 빈칸 4개 · 관측 자세까지 Δ최대 1.381 rad
11:43:34 [FSM] Empty slot detected: frame_id=arm_base_link, x=-0.350, y=0.544, z=0.884, confidence=1.00, candidate_count=7
11:43:34 [FSM] FSM transition completed: DETECT_TARGET_SLOT -> PLACE_BOOK
11:43:34 [FSM] Book-placement goal was accepted.
11:43:34 [조작] 빈칸 관측 버림 (서가 밖): (-0.781, 0.503, 0.170) 서가 x -0.66~0.66 y 0.41~0.80 z -0.33~2.19
11:43:34 [조작] 빈칸 관측 버림 (서가 밖): (-0.781, 0.486, 0.117) 서가 x -0.66~0.66 y 0.41~0.80 z -0.33~2.19
11:43:34 [조작] 빈칸 선택: 책 사이 틈 관측 (-0.401, 0.523, 0.357) → 칸 중심 y 0.544, z 0.884 (판 높이로 스냅); 꽂기 전 차체를 옆으로 -0.051 m 옮겨 틈을 x -0.35 에 둔다
11:43:34 [조작] 빈 슬롯 스캔 완료: (-0.35, 0.5439, 0.8839), 삽입깊이 0.300m
11:43:34 [조작] 베이스 회전 명령 전송 (목표 yaw +0°, 서가 거리 0.444)
11:43:34 [시뮬] 작업 job_d6db098c1741:scan SUCCEEDED {'phase': 'scan_done', 'message': '서가 스캔 완료', 'placement_verified': False, 'sim_steps': 340, 'render_steps': 340} (5.6s)
11:43:34 [시뮬] 서가 앞면 0.444 m → 목표 0.444 m (앞뒤 +0.000), 서가 중심 팔기준 x -0.051 → 옆으로 -0.051: 차체를 0.051 m 옮긴다
11:43:35 [비전] ROI 밖 책: (-0.104, -0.698, -0.341) @arm_base_link
11:43:35 [비전] ROI 밖 책 1권 제외 (남은 1권). ROI [-0.4, -0.2, 0.0] ~ [-0.26, 0.4, 0.32] @arm_base_link
11:43:35 [비전] Book picked(best): xyz=(-0.348, -0.104, 0.212), center=(189, 321), conf=0.69, depth=patch, yaw=0.000 rad (후보 1권)
11:43:35 [비전] ROI 밖 책: (-0.107, -0.698, -0.341) @arm_base_link
11:43:35 [비전] ROI 밖 책 1권 제외 (남은 1권). ROI [-0.4, -0.2, 0.0] ~ [-0.26, 0.4, 0.32] @arm_base_link
11:43:35 [비전] Book picked(best): xyz=(-0.344, -0.105, 0.212), center=(188, 324), conf=0.69, depth=patch, yaw=0.000 rad (후보 1권)
11:43:35 [조작] 베이스 회전 완료
11:43:35 [조작] 책 좌표 정함 (-0.3456, -0.1046, +0.2122) — 관측 2개 · 책 1권 · 고른 책 2개 (x 흔들림 4 mm) → 축마다 중앙값
11:43:35 [조작] 작업 job_d6db098c1741 book=book_004 트레이 칸 1 파지 [-0.345609603689239, -0.10457717535228442, 0.13631438494790724] (vision) → (-0.35, 0.5438500024676323, 0.8839) 삽입 속도 0.030 m/s
11:43:35 [시뮬] 서가 앞면 실측 0.444 m (목표 0.444), 서가 x 범위 팔기준 -0.66~+0.76
11:43:51 [시뮬] [JUDGE] 손 안 어긋남(406) **판별불가** — 키네마틱 파지는 매 스텝 책을 손에 맞춰 다시 써 넣는다. 이 신호는 마찰 파지(SIM_GRASP_KINEMATIC=0)에서만 의미가 있다
11:43:59 [시뮬] [JUDGE] rise=16.9cm(ok) width=17.6mm = 지령 17.6mm (책 반두께 21.6) → **판별불가** [키네마틱 파지라 빈손이어도 같은 값이 나온다]
11:45:53 [FSM] FSM transition completed: PLACE_BOOK -> UPDATE_DATA
11:45:53 [FSM] FSM transition completed: UPDATE_DATA -> NEXT_BOOK
11:45:53 [FSM] FSM transition completed: NEXT_BOOK -> SELECT_BOOK
11:45:53 [FSM] FSM transition completed: SELECT_BOOK -> NAV_TO_SHELF
11:45:53 [조작] PlaceBook 성공 job=job_d6db098c1741 code=0(OK) phase= 배치 확인
11:45:53 [시뮬] [JUDGE] width_hold=판별불가[키네마틱] (17.6 → 최소 17.6 mm, 한쪽 기준)
11:45:53 [시뮬] 작업 job_d6db098c1741 SUCCEEDED {'phase': 'verify', 'message': '배치 확인', 'placement_verified': True, 'checks': {'upright': True, 'depth': True, 'spine': True, 'x': True, 'floor': True, 'skew': True, 'no_jam': True}, 'fallen
11:46:21 [시뮬] [주행] 도착 (+2.535, -3.019)
11:46:23 [시뮬] [주행] 회전 끝 — **실측** yaw +0.00° (목표 +0.00°)
11:46:24 [FSM] Navigation succeeded: Navigation completed.
11:46:24 [FSM] FSM transition completed: NAV_TO_SHELF -> DETECT_TARGET_SLOT
11:46:24 [조작] 베이스 회전 명령 전송 (목표 yaw +0°, 서가 거리 0.444)
11:46:24 [시뮬] [주행] 도착 (+2.535, -3.019)
11:46:24 [시뮬] 서가 앞면 0.443 m → 목표 0.444 m (앞뒤 -0.001), 서가 중심 팔기준 x -0.261 → 옆으로 -0.261: 차체를 0.261 m 옮긴다
11:46:27 [조작] 베이스 회전 완료
11:46:27 [시뮬] 서가 앞면 실측 0.444 m (목표 0.444), 서가 x 범위 팔기준 -0.71~+0.71
11:46:27 [시뮬] [재측정] 스윕 없이 빈칸만 다시 재고 관측 자세로 돌아간다 — 서가 /World/bookshelves_main/shelf_brown__book_shelf_11 · 판 [1.042, 0.498] · 빈칸 2개 · 관측 자세까지 Δ최대 1.542 rad
11:46:33 [시뮬] 작업 job_d6db098c1741:scan SUCCEEDED {'phase': 'scan_done', 'message': '서가 스캔 완료', 'placement_verified': False, 'sim_steps': 381, 'render_steps': 381} (6.3s)
11:46:33 [시뮬] [스윕] 시작 자세 q=[2.0937, -0.5756, 0.5627, -1.8915, 0.2999, 1.3974, 0.2783]
11:46:33 [시뮬] [스윕] 판 1.042 (팔기준 z 0.712, 앞면 0.444) 정지점 5/5 여유 0.518 rad 최대변화 0.06 길이 2.68
11:46:33 [시뮬] [스윕] 판 0.498 (팔기준 z 0.168, 앞면 0.444) 정지점 5/5 여유 0.221 rad 최대변화 0.05 길이 2.45
11:46:33 [시뮬] 스윕 시작: 판 [1.042, 0.498], 정지점 10개, 정지 1.2s
11:46:33 [시뮬] [판목록] 레벨 실측 [0.4976, 1.0417, 1.5812, 2.0582, 2.52] · 쓰는 값 [0.497, 0.498, 1.042] · 차이 [-0.3, -0.4, +0.6] mm  (그림자 — 판단은 상수 그대로)
11:46:37 [비전] ROI 밖 책: (-0.627, 0.507, 0.833) @arm_base_link
11:46:37 [비전] ROI 밖 책 1권 제외 (남은 0권). ROI [-0.4, -0.2, 0.0] ~ [-0.26, 0.4, 0.32] @arm_base_link
11:46:37 [비전] Empty center pixel=(263, 198), shelf_front_z=2.394m; Depth L/C/R=2.393/4.410/2.396m; center-left=2.017m, center-right=2.014m; contrast=PASS
11:46:37 [비전] Empty shelf target: xyz=(-0.780, 2.612, 1.385)
11:46:39 [비전] ROI 밖 책: (0.024, 0.547, 0.395) @arm_base_link
11:46:39 [비전] ROI 밖 책: (0.237, 0.553, 0.420) @arm_base_link
11:46:39 [비전] ROI 밖 책: (0.311, 0.549, 0.395) @arm_base_link
11:46:39 [비전] ROI 밖 책: (0.099, 0.533, 0.395) @arm_base_link
11:46:39 [비전] ROI 밖 책 4권 제외 (남은 0권). ROI [-0.4, -0.2, 0.0] ~ [-0.26, 0.4, 0.32] @arm_base_link
11:46:41 [비전] ROI 밖 책: (0.459, 0.547, 0.394) @arm_base_link
11:46:41 [비전] ROI 밖 책: (0.500, 0.560, 0.394) @arm_base_link
11:46:41 [비전] ROI 밖 책: (0.094, 0.531, 0.396) @arm_base_link
11:46:41 [비전] ROI 밖 책: (0.429, 0.537, 0.395) @arm_base_link
11:46:41 [비전] ROI 밖 책: (0.041, 0.542, 0.393) @arm_base_link
11:46:41 [비전] ROI 밖 책: (0.305, 0.538, 0.396) @arm_base_link
11:46:41 [비전] ROI 밖 책: (0.522, 0.559, 0.396) @arm_base_link
11:46:41 [비전] ROI 밖 책: (0.449, 0.540, 0.394) @arm_base_link
11:46:41 [비전] ROI 밖 책: (0.259, 0.523, 0.396) @arm_base_link
11:46:41 [비전] ROI 밖 책: (0.353, 0.546, 0.397) @arm_base_link
11:46:41 [비전] ROI 밖 책: (0.018, 0.543, 0.396) @arm_base_link
11:46:41 [비전] ROI 밖 책: (0.059, 0.544, 0.393) @arm_base_link
11:46:41 [비전] ROI 밖 책: (0.176, 0.522, 0.396) @arm_base_link
11:46:41 [비전] ROI 밖 책: (0.392, 0.556, 0.395) @arm_base_link
11:46:41 [비전] ROI 밖 책 14권 제외 (남은 0권). ROI [-0.4, -0.2, 0.0] ~ [-0.26, 0.4, 0.32] @arm_base_link
11:46:43 [비전] ROI 밖 책: (0.428, 0.538, 0.394) @arm_base_link
11:46:43 [비전] ROI 밖 책: (0.269, 0.541, 0.394) @arm_base_link
11:46:43 [비전] ROI 밖 책: (0.492, 0.548, 0.394) @arm_base_link
11:46:43 [비전] ROI 밖 책: (0.300, 0.525, 0.395) @arm_base_link
11:46:43 [비전] ROI 밖 책: (0.376, 0.528, 0.395) @arm_base_link
11:46:43 [비전] ROI 밖 책: (0.463, 0.544, 0.393) @arm_base_link
11:46:43 [비전] ROI 밖 책: (-0.017, 0.550, 0.392) @arm_base_link
11:46:43 [비전] ROI 밖 책: (0.487, 0.534, 0.394) @arm_base_link
11:46:43 [비전] ROI 밖 책: (0.011, 0.560, 0.395) @arm_base_link
11:46:43 [비전] ROI 밖 책: (0.441, 0.530, 0.395) @arm_base_link
11:46:43 [비전] ROI 밖 책: (0.053, 0.555, 0.392) @arm_base_link
11:46:43 [비전] ROI 밖 책: (0.336, 0.523, 0.396) @arm_base_link
11:46:43 [비전] ROI 밖 책: (0.179, 0.584, 0.397) @arm_base_link
11:46:43 [비전] ROI 밖 책 13권 제외 (남은 0권). ROI [-0.4, -0.2, 0.0] ~ [-0.26, 0.4, 0.32] @arm_base_link
11:46:43 [비전] Empty center pixel=(300, 296), shelf_front_z=0.539m; Depth L/C/R=0.548/2.480/0.530m; center-left=1.933m, center-right=1.950m; contrast=PASS
11:46:43 [비전] Empty shelf target: xyz=(0.140, 0.632, 0.840)
11:46:45 [비전] ROI 밖 책: (0.246, 0.519, 0.394) @arm_base_link
11:46:45 [비전] ROI 밖 책: (0.268, 0.522, 0.392) @arm_base_link
11:46:45 [비전] ROI 밖 책: (0.382, 0.528, 0.396) @arm_base_link
11:46:45 [비전] ROI 밖 책: (0.581, 0.575, 0.393) @arm_base_link
11:46:45 [비전] ROI 밖 책: (0.497, 0.553, 0.392) @arm_base_link
11:46:45 [비전] ROI 밖 책: (0.484, 0.540, 0.393) @arm_base_link
11:46:45 [비전] ROI 밖 책: (0.051, 0.549, 0.394) @arm_base_link
11:46:45 [비전] ROI 밖 책: (0.484, 0.522, 0.393) @arm_base_link
11:46:45 [비전] ROI 밖 책: (0.611, 0.568, 0.411) @arm_base_link
11:46:45 [비전] ROI 밖 책: (0.428, 0.543, 0.393) @arm_base_link
11:46:45 [비전] ROI 밖 책: (0.460, 0.528, 0.393) @arm_base_link
11:46:45 [비전] ROI 밖 책 11권 제외 (남은 0권). ROI [-0.4, -0.2, 0.0] ~ [-0.26, 0.4, 0.32] @arm_base_link
11:46:45 [비전] Empty center pixel=(182, 290), shelf_front_z=0.452m; Depth L/C/R=0.492/4.634/0.412m; center-left=4.142m, center-right=4.221m; contrast=PASS
11:46:45 [비전] Empty shelf target: xyz=(0.153, 0.547, 0.856)
11:46:49 [비전] ROI 밖 책: (-1.022, 0.179, -0.340) @arm_base_link
11:46:49 [비전] ROI 밖 책: (0.167, 0.484, 0.333) @arm_base_link
11:46:49 [비전] ROI 밖 책: (0.122, 0.479, 0.338) @arm_base_link
11:46:49 [비전] ROI 밖 책: (0.301, 0.478, 0.323) @arm_base_link
11:46:49 [비전] ROI 밖 책: (0.077, 0.477, 0.343) @arm_base_link
11:46:49 [비전] ROI 밖 책 5권 제외 (남은 0권). ROI [-0.4, -0.2, 0.0] ~ [-0.26, 0.4, 0.32] @arm_base_link
11:46:49 [비전] Empty center pixel=(155, 331), shelf_front_z=0.839m; Depth L/C/R=0.932/1.073/0.747m; center-left=0.141m, center-right=0.326m; contrast=PASS
11:46:49 [비전] Empty shelf target: xyz=(-0.787, 0.519, 0.188)
11:46:51 [비전] ROI 밖 책: (0.367, 0.477, 0.328) @arm_base_link
11:46:51 [비전] ROI 밖 책: (0.168, 0.483, 0.343) @arm_base_link
11:46:51 [비전] ROI 밖 책: (0.326, 0.477, 0.330) @arm_base_link
11:46:51 [비전] ROI 밖 책: (0.277, 0.481, 0.316) @arm_base_link
11:46:51 [비전] ROI 밖 책: (0.304, 0.477, 0.322) @arm_base_link
11:46:51 [비전] ROI 밖 책: (-0.715, 0.091, -0.001) @arm_base_link
11:46:51 [비전] ROI 밖 책: (0.129, 0.483, 0.337) @arm_base_link
11:46:51 [비전] ROI 밖 책: (0.698, 0.262, -0.341) @arm_base_link
11:46:51 [비전] ROI 밖 책: (0.464, 0.475, 0.345) @arm_base_link
11:46:51 [비전] ROI 밖 책 9권 제외 (남은 0권). ROI [-0.4, -0.2, 0.0] ~ [-0.26, 0.4, 0.32] @arm_base_link
11:46:51 [비전] Empty center pixel=(354, 279), shelf_front_z=0.704m; Depth L/C/R=0.707/1.999/0.700m; center-left=1.291m, center-right=1.298m; contrast=PASS
11:46:51 [비전] Empty shelf target: xyz=(-0.100, 0.491, 0.366)
11:46:52 [비전] ROI 밖 책: (0.368, 0.476, 0.334) @arm_base_link
11:46:52 [비전] ROI 밖 책: (0.333, 0.478, 0.332) @arm_base_link
11:46:52 [비전] ROI 밖 책: (0.281, 0.480, 0.325) @arm_base_link
11:46:52 [비전] ROI 밖 책: (0.171, 0.483, 0.348) @arm_base_link
11:46:52 [비전] ROI 밖 책: (0.928, 0.502, -0.309) @arm_base_link
11:46:52 [비전] ROI 밖 책 5권 제외 (남은 0권). ROI [-0.4, -0.2, 0.0] ~ [-0.26, 0.4, 0.32] @arm_base_link
11:46:53 [비전] Empty center pixel=(286, 280), shelf_front_z=0.704m; Depth L/C/R=0.716/1.990/0.692m; center-left=1.275m, center-right=1.298m; contrast=PASS
11:46:53 [비전] Empty shelf target: xyz=(-0.077, 0.490, 0.364)
11:46:54 [비전] ROI 밖 책: (0.338, 0.479, 0.326) @arm_base_link
11:46:54 [비전] ROI 밖 책: (0.447, 0.472, 0.355) @arm_base_link
11:46:54 [비전] ROI 밖 책: (0.374, 0.475, 0.325) @arm_base_link
11:46:54 [비전] ROI 밖 책: (0.480, 0.478, 0.353) @arm_base_link
11:46:54 [비전] ROI 밖 책: (0.563, 0.038, -0.341) @arm_base_link
11:46:54 [비전] ROI 밖 책 5권 제외 (남은 0권). ROI [-0.4, -0.2, 0.0] ~ [-0.26, 0.4, 0.32] @arm_base_link
11:46:54 [비전] Empty center pixel=(214, 280), shelf_front_z=0.718m; Depth L/C/R=0.744/1.973/0.692m; center-left=1.229m, center-right=1.280m; contrast=PASS
11:46:54 [비전] Empty shelf target: xyz=(-0.066, 0.502, 0.356)
11:46:57 [비전] ROI 밖 책: (0.485, 0.487, 0.360) @arm_base_link
11:46:57 [비전] ROI 밖 책: (0.557, 0.490, 0.366) @arm_base_link
11:46:57 [비전] ROI 밖 책: (0.590, 0.477, 0.343) @arm_base_link
11:46:57 [비전] ROI 밖 책: (0.453, 0.474, 0.345) @arm_base_link
11:46:57 [비전] ROI 밖 책 4권 제외 (남은 0권). ROI [-0.4, -0.2, 0.0] ~ [-0.26, 0.4, 0.32] @arm_base_link
11:46:57 [비전] Empty center pixel=(139, 279), shelf_front_z=0.716m; Depth L/C/R=0.742/0.822/0.690m; center-left=0.080m, center-right=0.132m; contrast=PASS
11:46:57 [비전] Empty shelf target: xyz=(-0.060, 0.502, 0.359)
11:47:03 [FSM] Empty slot detected: frame_id=arm_base_link, x=-0.350, y=0.544, z=0.340, confidence=1.00, candidate_count=8
11:47:03 [FSM] FSM transition completed: DETECT_TARGET_SLOT -> PLACE_BOOK
11:47:03 [FSM] Book-placement goal was accepted.
11:47:03 [조작] 빈칸 관측 버림 (서가 밖): (-0.780, 2.612, 1.385) 서가 x -0.66~0.66 y 0.41~0.80 z -0.33~2.19
11:47:03 [조작] 빈칸 관측 버림 (서가 밖): (-0.787, 0.519, 0.188) 서가 x -0.66~0.66 y 0.41~0.80 z -0.33~2.19
11:47:03 [조작] 빈칸 선택: 책 사이 틈 관측 (-0.090, 0.502, 0.359) → 칸 중심 y 0.544, z 0.340 (판 높이로 스냅); 꽂기 전 차체를 옆으로 +0.260 m 옮겨 틈을 x -0.35 에 둔다
11:47:03 [조작] 빈 슬롯 스캔 완료: (-0.35, 0.5439, 0.3399), 삽입깊이 0.300m
11:47:03 [조작] 베이스 회전 명령 전송 (목표 yaw +0°, 서가 거리 0.444)
11:47:03 [시뮬] 작업 job_d6db098c1741:scan SUCCEEDED {'phase': 'scan_done', 'message': '서가 스캔 완료', 'placement_verified': False, 'sim_steps': 1829, 'render_steps': 1829} (29.8s)
11:47:03 [시뮬] 서가 앞면 0.444 m → 목표 0.444 m (앞뒤 +0.000), 서가 중심 팔기준 x +0.260 → 옆으로 +0.260: 차체를 0.260 m 옮긴다
11:47:05 [조작] 베이스 회전 완료
11:47:05 [시뮬] 서가 앞면 실측 0.444 m (목표 0.444), 서가 x 범위 팔기준 -0.97~+0.45
11:47:06 [비전] ROI 밖 책: (-0.104, -0.683, -0.341) @arm_base_link
11:47:06 [비전] ROI 밖 책 1권 제외 (남은 0권). ROI [-0.4, -0.2, 0.0] ~ [-0.26, 0.4, 0.32] @arm_base_link
11:47:06 [비전] ROI 밖 책: (-0.120, -0.679, -0.341) @arm_base_link
11:47:06 [비전] ROI 밖 책 1권 제외 (남은 0권). ROI [-0.4, -0.2, 0.0] ~ [-0.26, 0.4, 0.32] @arm_base_link
11:47:07 [비전] ROI 밖 책: (-0.111, -0.683, -0.341) @arm_base_link
11:47:07 [비전] ROI 밖 책 1권 제외 (남은 0권). ROI [-0.4, -0.2, 0.0] ~ [-0.26, 0.4, 0.32] @arm_base_link
11:47:07 [비전] ROI 밖 책: (-0.114, -0.676, -0.341) @arm_base_link
11:47:07 [비전] ROI 밖 책 1권 제외 (남은 0권). ROI [-0.4, -0.2, 0.0] ~ [-0.26, 0.4, 0.32] @arm_base_link
11:47:08 [비전] ROI 밖 책: (-0.136, -0.673, -0.341) @arm_base_link
11:47:08 [비전] ROI 밖 책 1권 제외 (남은 0권). ROI [-0.4, -0.2, 0.0] ~ [-0.26, 0.4, 0.32] @arm_base_link
11:47:08 [비전] ROI 밖 책: (-0.120, -0.670, -0.341) @arm_base_link
11:47:08 [비전] ROI 밖 책 1권 제외 (남은 0권). ROI [-0.4, -0.2, 0.0] ~ [-0.26, 0.4, 0.32] @arm_base_link
11:47:09 [비전] ROI 밖 책: (-0.126, -0.670, -0.341) @arm_base_link
11:47:09 [비전] ROI 밖 책 1권 제외 (남은 0권). ROI [-0.4, -0.2, 0.0] ~ [-0.26, 0.4, 0.32] @arm_base_link
11:47:09 [비전] ROI 밖 책: (-0.151, -0.667, -0.341) @arm_base_link
11:47:09 [비전] ROI 밖 책 1권 제외 (남은 0권). ROI [-0.4, -0.2, 0.0] ~ [-0.26, 0.4, 0.32] @arm_base_link
11:47:10 [비전] ROI 밖 책: (-0.148, -0.670, -0.341) @arm_base_link
11:47:10 [비전] ROI 밖 책 1권 제외 (남은 0권). ROI [-0.4, -0.2, 0.0] ~ [-0.26, 0.4, 0.32] @arm_base_link
11:47:10 [비전] ROI 밖 책: (-0.114, -0.676, -0.341) @arm_base_link
11:47:10 [비전] ROI 밖 책 1권 제외 (남은 0권). ROI [-0.4, -0.2, 0.0] ~ [-0.26, 0.4, 0.32] @arm_base_link
11:47:11 [비전] ROI 밖 책: (-0.117, -0.673, -0.341) @arm_base_link
11:47:11 [비전] ROI 밖 책 1권 제외 (남은 1권). ROI [-0.4, -0.2, 0.0] ~ [-0.26, 0.4, 0.32] @arm_base_link
11:47:11 [비전] Book picked(best): xyz=(-0.368, -0.188, 0.160), center=(149, 308), conf=0.60, depth=patch, yaw=0.000 rad (후보 1권)
11:47:11 [비전] ROI 밖 책: (-0.123, -0.670, -0.341) @arm_base_link
11:47:11 [비전] ROI 밖 책 1권 제외 (남은 0권). ROI [-0.4, -0.2, 0.0] ~ [-0.26, 0.4, 0.32] @arm_base_link
11:47:12 [비전] ROI 밖 책: (-0.117, -0.676, -0.341) @arm_base_link
11:47:12 [비전] ROI 밖 책 1권 제외 (남은 0권). ROI [-0.4, -0.2, 0.0] ~ [-0.26, 0.4, 0.32] @arm_base_link
11:47:12 [비전] ROI 밖 책: (-0.123, -0.676, -0.341) @arm_base_link
11:47:12 [비전] ROI 밖 책 1권 제외 (남은 1권). ROI [-0.4, -0.2, 0.0] ~ [-0.26, 0.4, 0.32] @arm_base_link
11:47:12 [비전] Book picked(best): xyz=(-0.356, 0.159, 0.213), center=(377, 315), conf=0.55, depth=patch, yaw=0.000 rad (후보 1권)
11:47:13 [비전] ROI 밖 책: (-0.123, -0.673, -0.341) @arm_base_link
11:47:13 [비전] ROI 밖 책 1권 제외 (남은 2권). ROI [-0.4, -0.2, 0.0] ~ [-0.26, 0.4, 0.32] @arm_base_link
11:47:13 [비전] Book picked(best): xyz=(-0.374, -0.191, 0.160), center=(147, 304), conf=0.60, depth=patch, yaw=0.000 rad (후보 2권)
11:47:13 [조작] 책 좌표 정함 (-0.3711, -0.1895, +0.1603) — 관측 3개 · 책 2권 · 고른 책 2개 (x 흔들림 6 mm) → 축마다 중앙값
11:47:13 [조작] 작업 job_d6db098c1741 book=book_001 트레이 칸 2 파지 [-0.37112047638060625, -0.1895346331655752, 0.08444270014856836] (vision) → (-0.35, 0.5438500024676323, 0.3399) 삽입 속도 0.030 m/s
11:47:13 [조작] PlaceBook 실패 job=job_d6db098c1741 code=411(NOT_READY) phase=PLANNING_GRASP 트레이 칸 2 에 책 없음 (가장 가까운 것 5.8cm)
11:47:13 [시뮬] 작업 job_d6db098c1741 FAILED {'error_code': 411, 'message': '트레이 칸 2 에 책 없음 (가장 가까운 것 5.8cm)', 'sim_steps': 0, 'render_steps': 0} (0.0s)
11:48:50 [시뮬] 관측 자세 손목(관절 7) -59.2° → +30.8° 로 돌림 [SIM_HOME_J7_DEG=+90] (홈은 그대로)
11:48:50 [시뮬] 관측 자세 이동 [0.0, 0.0, 0.1] m: 손 [-0.389, 0.079, 0.573] → [-0.389, 0.079, 0.673], 관절 [2.811, -0.514, 0.102, -2.213, 0.051, 1.701, 0.538] → [2.094, -0.576, 0.563, -1.891, 0.3, 1.397, 0.278] (한계 여유 0.873) [SIM_HOME_SHIFT] (홈은
11:49:17 [조작] PlaceBook /place_book executor=sim profile=default tray_slots=6 status=/robot/status perception_bridge=True
11:49:17 [시뮬] 관측 자세 손목(관절 7) -59.2° → +30.8° 로 돌림 [SIM_HOME_J7_DEG=+90] (홈은 그대로)
11:49:17 [시뮬] 관측 자세 이동 [0.0, 0.0, 0.1] m: 손 [-0.389, 0.079, 0.573] → [-0.389, 0.079, 0.673], 관절 [2.811, -0.514, 0.102, -2.213, 0.051, 1.701, 0.538] → [2.094, -0.576, 0.563, -1.891, 0.3, 1.397, 0.278] (한계 여유 0.873) [SIM_HOME_SHIFT] (홈은
11:49:43 [FSM] FSM transition completed: PLANNING -> NAV_TO_RETURN
11:49:43 [FSM] Navigation succeeded: Navigation waypoint is already satisfied in simulation.
11:49:43 [FSM] FSM transition completed: NAV_TO_RETURN -> RECEIVE_TRAY
11:49:43 [FSM] FSM transition completed: RECEIVE_TRAY -> SELECT_BOOK
11:49:43 [FSM] FSM transition completed: SELECT_BOOK -> NAV_TO_SHELF
11:49:43 [FSM] FSM transition completed: PLANNING -> NAV_TO_RETURN
11:49:43 [FSM] Navigation succeeded: Navigation waypoint is already satisfied in simulation.
11:49:43 [FSM] FSM transition completed: NAV_TO_RETURN -> RECEIVE_TRAY
11:49:43 [FSM] FSM transition completed: RECEIVE_TRAY -> SELECT_BOOK
11:49:43 [FSM] FSM transition completed: SELECT_BOOK -> NAV_TO_SHELF
11:50:20 [시뮬] [주행] 도착 (-0.548, +1.225)
11:50:21 [시뮬] [주행] 도착 (-0.548, +1.225)
11:50:24 [시뮬] [주행] 회전 끝 — **실측** yaw +0.00° (목표 +0.00°)
11:50:24 [시뮬] [주행] 회전 끝 — **실측** yaw +0.00° (목표 +0.00°)
11:50:25 [FSM] Navigation succeeded: Navigation completed.
11:50:25 [FSM] FSM transition completed: NAV_TO_SHELF -> DETECT_TARGET_SLOT
11:50:25 [조작] 베이스 회전 명령 전송 (목표 yaw +0°, 서가 거리 0.444)
11:50:25 [시뮬] [주행] 도착 (-0.548, +1.225)
11:50:25 [시뮬] 서가 앞면 0.443 m → 목표 0.444 m (앞뒤 -0.001), 서가 중심 팔기준 x -0.417 → 옆으로 -0.417: 차체를 0.417 m 옮긴다
11:50:25 [FSM] Navigation succeeded: Navigation completed.
11:50:25 [FSM] FSM transition completed: NAV_TO_SHELF -> DETECT_TARGET_SLOT
11:50:25 [조작] 베이스 회전 명령 전송 (목표 yaw +0°, 서가 거리 0.444)
11:50:25 [시뮬] [주행] 도착 (-0.548, +1.225)
11:50:25 [시뮬] 서가 앞면 0.443 m → 목표 0.444 m (앞뒤 -0.001), 서가 중심 팔기준 x -0.417 → 옆으로 -0.417: 차체를 0.417 m 옮긴다
11:50:30 [조작] 베이스 회전 완료
11:50:30 [시뮬] 서가 앞면 실측 0.444 m (목표 0.444), 서가 x 범위 팔기준 -0.71~+0.71
11:50:30 [시뮬] [스윕] 시작 자세 q=[2.811, -0.514, 0.102, -2.213, 0.051, 1.701, -1.033]
11:50:31 [조작] 베이스 회전 완료
11:50:31 [시뮬] 서가 앞면 실측 0.444 m (목표 0.444), 서가 x 범위 팔기준 -0.71~+0.71
11:50:31 [시뮬] [스윕] 시작 자세 q=[2.811, -0.514, 0.102, -2.213, 0.051, 1.701, -1.033]
11:50:31 [시뮬] [스윕] 판 1.042 (팔기준 z 0.712, 앞면 0.444) 정지점 5/5 여유 0.171 rad 최대변화 0.06 길이 3.95
11:50:31 [시뮬] [스윕] 판 0.498 (팔기준 z 0.168, 앞면 0.444) 정지점 5/5 여유 0.225 rad 최대변화 0.05 길이 2.52
11:50:31 [시뮬] 스윕 시작: 판 [1.042, 0.498], 정지점 10개, 정지 1.2s
11:50:31 [시뮬] [판목록] 레벨 실측 [0.4976, 1.0417, 1.5812, 2.0582, 2.52] · 쓰는 값 [0.497, 0.498, 1.042] · 차이 [-0.3, -0.4, +0.6] mm  (그림자 — 판단은 상수 그대로)
11:50:32 [시뮬] [스윕] 판 1.042 (팔기준 z 0.712, 앞면 0.444) 정지점 5/5 여유 0.171 rad 최대변화 0.06 길이 3.95
11:50:32 [시뮬] [스윕] 판 0.498 (팔기준 z 0.168, 앞면 0.444) 정지점 5/5 여유 0.225 rad 최대변화 0.05 길이 2.52
11:50:32 [시뮬] 스윕 시작: 판 [1.042, 0.498], 정지점 10개, 정지 1.2s
11:50:32 [시뮬] [판목록] 레벨 실측 [0.4976, 1.0417, 1.5812, 2.0582, 2.52] · 쓰는 값 [0.497, 0.498, 1.042] · 차이 [-0.3, -0.4, +0.6] mm  (그림자 — 판단은 상수 그대로)
11:50:41 [비전] ROI 밖 책: (0.023, 0.574, 0.394) @arm_base_link
11:50:41 [비전] ROI 밖 책: (0.060, 0.574, 0.394) @arm_base_link
11:50:41 [비전] ROI 밖 책: (-0.626, 0.536, 0.832) @arm_base_link
11:50:41 [비전] ROI 밖 책: (-0.071, 0.549, 0.395) @arm_base_link
11:50:41 [비전] ROI 밖 책: (-0.228, 0.521, 0.364) @arm_base_link
11:50:41 [비전] ROI 밖 책: (-0.202, 0.535, 0.402) @arm_base_link
11:50:41 [비전] ROI 밖 책 6권 제외 (남은 0권). ROI [-0.4, -0.2, 0.0] ~ [-0.26, 0.4, 0.32] @arm_base_link
11:50:41 [비전] Empty center pixel=(276, 259), shelf_front_z=1.528m; Depth L/C/R=0.432/6.085/2.624m; center-left=5.653m, center-right=3.461m; contrast=PASS
11:50:41 [비전] Empty shelf target: xyz=(-0.562, 1.650, 0.917)
11:50:41 [비전] ROI 밖 책: (-0.025, 0.550, 0.392) @arm_base_link
11:50:41 [비전] ROI 밖 책: (-0.623, 0.536, 0.832) @arm_base_link
11:50:41 [비전] ROI 밖 책: (0.111, 0.530, 0.395) @arm_base_link
11:50:41 [비전] ROI 밖 책: (0.060, 0.575, 0.394) @arm_base_link
11:50:41 [비전] ROI 밖 책: (0.026, 0.578, 0.395) @arm_base_link
11:50:41 [비전] ROI 밖 책: (0.151, 0.576, 0.394) @arm_base_link
11:50:41 [비전] ROI 밖 책: (0.151, 0.539, 0.394) @arm_base_link
11:50:41 [비전] ROI 밖 책: (0.094, 0.568, 0.395) @arm_base_link
11:50:41 [비전] ROI 밖 책: (-0.014, 0.575, 0.394) @arm_base_link
11:50:41 [비전] ROI 밖 책 9권 제외 (남은 0권). ROI [-0.4, -0.2, 0.0] ~ [-0.26, 0.4, 0.32] @arm_base_link
11:50:41 [비전] Empty center pixel=(246, 261), shelf_front_z=0.496m; Depth L/C/R=0.561/2.664/0.430m; center-left=2.103m, center-right=2.235m; contrast=PASS
11:50:41 [비전] Empty shelf target: xyz=(-0.382, 0.598, 0.898)
11:50:41 [비전] ROI 밖 책: (0.023, 0.574, 0.394) @arm_base_link
11:50:41 [비전] ROI 밖 책: (0.060, 0.574, 0.394) @arm_base_link
11:50:41 [비전] ROI 밖 책: (-0.626, 0.536, 0.832) @arm_base_link
11:50:41 [비전] ROI 밖 책: (-0.071, 0.549, 0.395) @arm_base_link
11:50:41 [비전] ROI 밖 책: (-0.228, 0.521, 0.364) @arm_base_link
11:50:41 [비전] ROI 밖 책: (-0.202, 0.535, 0.402) @arm_base_link
11:50:41 [비전] ROI 밖 책 6권 제외 (남은 0권). ROI [-0.4, -0.2, 0.0] ~ [-0.26, 0.4, 0.32] @arm_base_link
11:50:41 [비전] Empty center pixel=(276, 259), shelf_front_z=1.528m; Depth L/C/R=0.432/6.085/2.624m; center-left=5.653m, center-right=3.461m; contrast=PASS
11:50:41 [비전] Empty shelf target: xyz=(-0.562, 1.650, 0.917)
11:50:41 [비전] ROI 밖 책: (-0.025, 0.550, 0.392) @arm_base_link
11:50:41 [비전] ROI 밖 책: (-0.623, 0.536, 0.832) @arm_base_link
11:50:41 [비전] ROI 밖 책: (0.111, 0.530, 0.395) @arm_base_link
11:50:41 [비전] ROI 밖 책: (0.060, 0.575, 0.394) @arm_base_link
11:50:41 [비전] ROI 밖 책: (0.026, 0.578, 0.395) @arm_base_link
11:50:41 [비전] ROI 밖 책: (0.151, 0.576, 0.394) @arm_base_link
11:50:41 [비전] ROI 밖 책: (0.151, 0.539, 0.394) @arm_base_link
11:50:41 [비전] ROI 밖 책: (0.094, 0.568, 0.395) @arm_base_link
11:50:41 [비전] ROI 밖 책: (-0.014, 0.575, 0.394) @arm_base_link
11:50:41 [비전] ROI 밖 책 9권 제외 (남은 0권). ROI [-0.4, -0.2, 0.0] ~ [-0.26, 0.4, 0.32] @arm_base_link
11:50:41 [비전] Empty center pixel=(246, 261), shelf_front_z=0.496m; Depth L/C/R=0.561/2.664/0.430m; center-left=2.103m, center-right=2.235m; contrast=PASS
11:50:41 [비전] Empty shelf target: xyz=(-0.382, 0.598, 0.898)
11:50:42 [비전] ROI 밖 책: (0.334, 0.554, 0.372) @arm_base_link
11:50:42 [비전] ROI 밖 책: (0.368, 0.537, 0.395) @arm_base_link
11:50:42 [비전] ROI 밖 책: (0.406, 0.536, 0.395) @arm_base_link
11:50:42 [비전] ROI 밖 책: (0.487, 0.579, 0.394) @arm_base_link
11:50:42 [비전] ROI 밖 책: (0.192, 0.570, 0.397) @arm_base_link
11:50:42 [비전] ROI 밖 책: (0.178, 0.530, 0.397) @arm_base_link
11:50:42 [비전] ROI 밖 책: (0.134, 0.546, 0.393) @arm_base_link
11:50:42 [비전] ROI 밖 책: (0.462, 0.543, 0.393) @arm_base_link
11:50:42 [비전] ROI 밖 책: (0.368, 0.533, 0.395) @arm_base_link
11:50:42 [비전] ROI 밖 책 9권 제외 (남은 0권). ROI [-0.4, -0.2, 0.0] ~ [-0.26, 0.4, 0.32] @arm_base_link
11:50:43 [비전] ROI 밖 책: (0.334, 0.554, 0.372) @arm_base_link
11:50:43 [비전] ROI 밖 책: (0.368, 0.537, 0.395) @arm_base_link
11:50:43 [비전] ROI 밖 책: (0.406, 0.536, 0.395) @arm_base_link
11:50:43 [비전] ROI 밖 책: (0.487, 0.579, 0.394) @arm_base_link
11:50:43 [비전] ROI 밖 책: (0.192, 0.570, 0.397) @arm_base_link
11:50:43 [비전] ROI 밖 책: (0.178, 0.530, 0.397) @arm_base_link
11:50:43 [비전] ROI 밖 책: (0.134, 0.546, 0.393) @arm_base_link
11:50:43 [비전] ROI 밖 책: (0.462, 0.543, 0.393) @arm_base_link
11:50:43 [비전] ROI 밖 책: (0.368, 0.533, 0.395) @arm_base_link
11:50:43 [비전] ROI 밖 책 9권 제외 (남은 0권). ROI [-0.4, -0.2, 0.0] ~ [-0.26, 0.4, 0.32] @arm_base_link
11:50:44 [비전] ROI 밖 책: (0.498, 0.572, 0.393) @arm_base_link
11:50:44 [비전] ROI 밖 책: (0.375, 0.534, 0.395) @arm_base_link
11:50:44 [비전] ROI 밖 책: (0.335, 0.541, 0.386) @arm_base_link
11:50:44 [비전] ROI 밖 책: (0.413, 0.529, 0.394) @arm_base_link
11:50:44 [비전] ROI 밖 책: (0.473, 0.537, 0.394) @arm_base_link
11:50:44 [비전] ROI 밖 책: (0.464, 0.573, 0.393) @arm_base_link
11:50:44 [비전] ROI 밖 책: (0.436, 0.575, 0.395) @arm_base_link
11:50:44 [비전] ROI 밖 책: (0.100, 0.531, 0.395) @arm_base_link
11:50:44 [비전] ROI 밖 책 8권 제외 (남은 0권). ROI [-0.4, -0.2, 0.0] ~ [-0.26, 0.4, 0.32] @arm_base_link
11:50:44 [비전] ROI 밖 책: (0.498, 0.572, 0.393) @arm_base_link
11:50:44 [비전] ROI 밖 책: (0.375, 0.534, 0.395) @arm_base_link
11:50:44 [비전] ROI 밖 책: (0.335, 0.541, 0.386) @arm_base_link
11:50:44 [비전] ROI 밖 책: (0.413, 0.529, 0.394) @arm_base_link
11:50:44 [비전] ROI 밖 책: (0.473, 0.537, 0.394) @arm_base_link
11:50:44 [비전] ROI 밖 책: (0.464, 0.573, 0.393) @arm_base_link
11:50:44 [비전] ROI 밖 책: (0.436, 0.575, 0.395) @arm_base_link
11:50:44 [비전] ROI 밖 책: (0.100, 0.531, 0.395) @arm_base_link
11:50:44 [비전] ROI 밖 책 8권 제외 (남은 0권). ROI [-0.4, -0.2, 0.0] ~ [-0.26, 0.4, 0.32] @arm_base_link
11:50:46 [비전] ROI 밖 책: (-0.031, 0.578, 0.394) @arm_base_link
11:50:46 [비전] ROI 밖 책: (0.590, 0.620, 0.395) @arm_base_link
11:50:46 [비전] ROI 밖 책: (0.210, 0.536, 0.827) @arm_base_link
11:50:46 [비전] ROI 밖 책: (0.430, 0.572, 0.394) @arm_base_link
11:50:46 [비전] ROI 밖 책: (0.384, 0.537, 0.396) @arm_base_link
11:50:46 [비전] ROI 밖 책: (0.052, 0.576, 0.394) @arm_base_link
11:50:46 [비전] ROI 밖 책: (0.510, 0.612, 0.394) @arm_base_link
11:50:46 [비전] ROI 밖 책: (0.493, 0.578, 0.392) @arm_base_link
11:50:46 [비전] ROI 밖 책: (0.010, 0.575, 0.395) @arm_base_link
11:50:46 [비전] ROI 밖 책: (0.555, 0.619, 0.394) @arm_base_link
11:50:46 [비전] ROI 밖 책: (0.482, 0.560, 0.393) @arm_base_link
11:50:46 [비전] ROI 밖 책 11권 제외 (남은 0권). ROI [-0.4, -0.2, 0.0] ~ [-0.26, 0.4, 0.32] @arm_base_link
11:50:46 [비전] Empty center pixel=(286, 550), shelf_front_z=0.618m; Depth L/C/R=0.677/1.387/0.558m; center-left=0.709m, center-right=0.829m; contrast=PASS
11:50:46 [비전] Empty shelf target: xyz=(0.283, 0.625, 0.344)
11:50:46 [비전] ROI 밖 책: (-0.031, 0.578, 0.394) @arm_base_link
11:50:46 [비전] ROI 밖 책: (0.590, 0.620, 0.395) @arm_base_link
11:50:46 [비전] ROI 밖 책: (0.210, 0.536, 0.827) @arm_base_link
11:50:46 [비전] ROI 밖 책: (0.430, 0.572, 0.394) @arm_base_link
11:50:46 [비전] ROI 밖 책: (0.384, 0.537, 0.396) @arm_base_link
11:50:46 [비전] ROI 밖 책: (0.052, 0.576, 0.394) @arm_base_link
11:50:46 [비전] ROI 밖 책: (0.510, 0.612, 0.394) @arm_base_link
11:50:46 [비전] ROI 밖 책: (0.493, 0.578, 0.392) @arm_base_link
11:50:46 [비전] ROI 밖 책: (0.010, 0.575, 0.395) @arm_base_link
11:50:46 [비전] ROI 밖 책: (0.555, 0.619, 0.394) @arm_base_link
11:50:46 [비전] ROI 밖 책: (0.482, 0.560, 0.393) @arm_base_link
11:50:46 [비전] ROI 밖 책 11권 제외 (남은 0권). ROI [-0.4, -0.2, 0.0] ~ [-0.26, 0.4, 0.32] @arm_base_link
11:50:46 [비전] Empty center pixel=(286, 550), shelf_front_z=0.618m; Depth L/C/R=0.677/1.387/0.558m; center-left=0.709m, center-right=0.829m; contrast=PASS
11:50:46 [비전] Empty shelf target: xyz=(0.283, 0.625, 0.344)
11:50:50 [비전] ROI 밖 책: (-1.031, 0.184, -0.341) @arm_base_link
11:50:50 [비전] ROI 밖 책: (0.129, 0.509, 0.336) @arm_base_link
11:50:50 [비전] ROI 밖 책: (0.083, 0.506, 0.344) @arm_base_link
11:50:50 [비전] ROI 밖 책 3권 제외 (남은 2권). ROI [-0.4, -0.2, 0.0] ~ [-0.26, 0.4, 0.32] @arm_base_link
11:50:50 [비전] Book picked(best): xyz=(-0.365, -0.019, 0.216), center=(308, 593), conf=0.89, depth=patch, yaw=0.000 rad (후보 2권)
11:50:50 [비전] Empty center pixel=(156, 338), shelf_front_z=0.834m; Depth L/C/R=0.906/1.045/0.762m; center-left=0.138m, center-right=0.283m; contrast=PASS
11:50:50 [비전] Empty shelf target: xyz=(-0.781, 0.503, 0.177)
11:50:50 [비전] ROI 밖 책: (-1.031, 0.184, -0.341) @arm_base_link
11:50:50 [비전] ROI 밖 책: (0.129, 0.509, 0.336) @arm_base_link
11:50:50 [비전] ROI 밖 책: (0.083, 0.506, 0.344) @arm_base_link
11:50:50 [비전] ROI 밖 책 3권 제외 (남은 2권). ROI [-0.4, -0.2, 0.0] ~ [-0.26, 0.4, 0.32] @arm_base_link
11:50:50 [비전] Book picked(best): xyz=(-0.365, -0.019, 0.216), center=(308, 593), conf=0.89, depth=patch, yaw=0.000 rad (후보 2권)
11:50:50 [비전] Empty center pixel=(156, 338), shelf_front_z=0.834m; Depth L/C/R=0.906/1.045/0.762m; center-left=0.138m, center-right=0.283m; contrast=PASS
11:50:50 [비전] Empty shelf target: xyz=(-0.781, 0.503, 0.177)
11:50:52 [비전] ROI 밖 책: (0.175, 0.512, 0.339) @arm_base_link
11:50:52 [비전] ROI 밖 책: (-0.714, 0.091, -0.001) @arm_base_link
11:50:52 [비전] ROI 밖 책: (0.132, 0.511, 0.340) @arm_base_link
11:50:52 [비전] ROI 밖 책 3권 제외 (남은 2권). ROI [-0.4, -0.2, 0.0] ~ [-0.26, 0.4, 0.32] @arm_base_link
11:50:52 [비전] Book picked(best): xyz=(-0.359, -0.018, 0.216), center=(180, 592), conf=0.86, depth=patch, yaw=0.000 rad (후보 2권)
11:50:52 [비전] Empty center pixel=(98, 358), shelf_front_z=0.861m; Depth L/C/R=0.913/1.016/0.808m; center-left=0.103m, center-right=0.208m; contrast=PASS
11:50:52 [비전] Empty shelf target: xyz=(-0.781, 0.486, 0.117)
11:50:52 [비전] ROI 밖 책: (0.175, 0.512, 0.339) @arm_base_link
11:50:52 [비전] ROI 밖 책: (-0.714, 0.091, -0.001) @arm_base_link
11:50:52 [비전] ROI 밖 책: (0.132, 0.511, 0.340) @arm_base_link
11:50:52 [비전] ROI 밖 책 3권 제외 (남은 2권). ROI [-0.4, -0.2, 0.0] ~ [-0.26, 0.4, 0.32] @arm_base_link
11:50:52 [비전] Book picked(best): xyz=(-0.359, -0.018, 0.216), center=(180, 592), conf=0.86, depth=patch, yaw=0.000 rad (후보 2권)
11:50:52 [비전] Empty center pixel=(98, 358), shelf_front_z=0.861m; Depth L/C/R=0.913/1.016/0.808m; center-left=0.103m, center-right=0.208m; contrast=PASS
11:50:52 [비전] Empty shelf target: xyz=(-0.781, 0.486, 0.117)
11:50:54 [비전] ROI 밖 책: (0.561, 0.183, -0.342) @arm_base_link
11:50:54 [비전] ROI 밖 책: (-0.428, 0.033, 0.156) @arm_base_link
11:50:54 [비전] ROI 밖 책: (0.175, 0.512, 0.342) @arm_base_link
11:50:54 [비전] ROI 밖 책 3권 제외 (남은 1권). ROI [-0.4, -0.2, 0.0] ~ [-0.26, 0.4, 0.32] @arm_base_link
11:50:54 [비전] Book picked(best): xyz=(-0.309, -0.026, 0.198), center=(85, 603), conf=0.92, depth=patch, yaw=0.000 rad (후보 1권)
11:50:54 [비전] Empty center pixel=(433, 275), shelf_front_z=0.731m; Depth L/C/R=0.718/2.016/0.744m; center-left=1.298m, center-right=1.272m; contrast=PASS
11:50:54 [비전] Empty shelf target: xyz=(0.260, 0.521, 0.358)
11:50:54 [비전] ROI 밖 책: (0.561, 0.183, -0.342) @arm_base_link
11:50:54 [비전] ROI 밖 책: (-0.428, 0.033, 0.156) @arm_base_link
11:50:54 [비전] ROI 밖 책: (0.175, 0.512, 0.342) @arm_base_link
11:50:54 [비전] ROI 밖 책 3권 제외 (남은 1권). ROI [-0.4, -0.2, 0.0] ~ [-0.26, 0.4, 0.32] @arm_base_link
11:50:54 [비전] Book picked(best): xyz=(-0.309, -0.026, 0.198), center=(85, 603), conf=0.92, depth=patch, yaw=0.000 rad (후보 1권)
11:50:54 [비전] Empty center pixel=(433, 275), shelf_front_z=0.731m; Depth L/C/R=0.718/2.016/0.744m; center-left=1.298m, center-right=1.272m; contrast=PASS
11:50:54 [비전] Empty shelf target: xyz=(0.260, 0.521, 0.358)
11:50:56 [비전] ROI 밖 책: (0.592, 0.180, -0.341) @arm_base_link
11:50:56 [비전] ROI 밖 책 1권 제외 (남은 0권). ROI [-0.4, -0.2, 0.0] ~ [-0.26, 0.4, 0.32] @arm_base_link
11:50:56 [비전] Empty center pixel=(359, 274), shelf_front_z=0.713m; Depth L/C/R=0.690/2.043/0.735m; center-left=1.353m, center-right=1.308m; contrast=PASS
11:50:56 [비전] Empty shelf target: xyz=(0.262, 0.506, 0.370)
11:50:56 [비전] ROI 밖 책: (0.592, 0.180, -0.341) @arm_base_link
11:50:56 [비전] ROI 밖 책 1권 제외 (남은 0권). ROI [-0.4, -0.2, 0.0] ~ [-0.26, 0.4, 0.32] @arm_base_link
11:50:56 [비전] Empty center pixel=(359, 274), shelf_front_z=0.713m; Depth L/C/R=0.690/2.043/0.735m; center-left=1.353m, center-right=1.308m; contrast=PASS
11:50:56 [비전] Empty shelf target: xyz=(0.262, 0.506, 0.370)
11:50:58 [비전] ROI 밖 책: (0.678, 0.183, -0.342) @arm_base_link
11:50:58 [비전] ROI 밖 책: (-0.317, 0.522, 0.352) @arm_base_link
11:50:58 [비전] ROI 밖 책: (0.487, 0.519, 0.361) @arm_base_link
11:50:58 [비전] ROI 밖 책 3권 제외 (남은 0권). ROI [-0.4, -0.2, 0.0] ~ [-0.26, 0.4, 0.32] @arm_base_link
11:50:58 [비전] Empty center pixel=(294, 273), shelf_front_z=0.748m; Depth L/C/R=0.784/2.052/0.713m; center-left=1.269m, center-right=1.339m; contrast=PASS
11:50:58 [비전] Empty shelf target: xyz=(0.288, 0.538, 0.352)
11:50:58 [비전] ROI 밖 책: (0.678, 0.183, -0.342) @arm_base_link
11:50:58 [비전] ROI 밖 책: (-0.317, 0.522, 0.352) @arm_base_link
11:50:58 [비전] ROI 밖 책: (0.487, 0.519, 0.361) @arm_base_link
11:50:58 [비전] ROI 밖 책 3권 제외 (남은 0권). ROI [-0.4, -0.2, 0.0] ~ [-0.26, 0.4, 0.32] @arm_base_link
11:50:58 [비전] Empty center pixel=(294, 273), shelf_front_z=0.748m; Depth L/C/R=0.784/2.052/0.713m; center-left=1.269m, center-right=1.339m; contrast=PASS
11:50:58 [비전] Empty shelf target: xyz=(0.288, 0.538, 0.352)
11:51:04 [조작] 빈칸 관측 버림 (서가 밖): (-0.781, 0.503, 0.177) 서가 x -0.66~0.66 y 0.41~0.80 z -0.33~2.19
11:51:04 [조작] 빈칸 관측 버림 (서가 밖): (-0.781, 0.486, 0.117) 서가 x -0.66~0.66 y 0.41~0.80 z -0.33~2.19
11:51:04 [조작] 빈칸 선택: 책 사이 틈 관측 (0.273, 0.521, 0.358) → 칸 중심 y 0.544, z 0.340 (판 높이로 스냅); 꽂기 전 차체를 옆으로 +0.623 m 옮겨 틈을 x -0.35 에 둔다
11:51:04 [조작] 빈 슬롯 스캔 완료: (-0.35, 0.5439, 0.3399), 삽입깊이 0.300m
11:51:04 [시뮬] 작업 job_28994c282c42:scan SUCCEEDED {'phase': 'scan_done', 'message': '서가 스캔 완료', 'placement_verified': False, 'sim_steps': 2039, 'render_steps': 2039} (33.1s)
11:51:05 [FSM] Empty slot detected: frame_id=arm_base_link, x=-0.350, y=0.544, z=0.340, confidence=1.00, candidate_count=8
11:51:05 [FSM] FSM transition completed: DETECT_TARGET_SLOT -> PLACE_BOOK
11:51:05 [FSM] Book-placement goal was accepted.
11:51:05 [조작] 빈칸 관측 버림 (서가 밖): (-0.781, 0.503, 0.177) 서가 x -0.66~0.66 y 0.41~0.80 z -0.33~2.19
11:51:05 [조작] 빈칸 관측 버림 (서가 밖): (-0.781, 0.486, 0.117) 서가 x -0.66~0.66 y 0.41~0.80 z -0.33~2.19
11:51:05 [조작] 빈칸 선택: 책 사이 틈 관측 (0.273, 0.521, 0.358) → 칸 중심 y 0.544, z 0.340 (판 높이로 스냅); 꽂기 전 차체를 옆으로 +0.623 m 옮겨 틈을 x -0.35 에 둔다
11:51:05 [조작] 빈 슬롯 스캔 완료: (-0.35, 0.5439, 0.3399), 삽입깊이 0.300m
11:51:05 [조작] 베이스 회전 명령 전송 (목표 yaw +0°, 서가 거리 0.444)
11:51:05 [시뮬] 작업 job_28994c282c42:scan SUCCEEDED {'phase': 'scan_done', 'message': '서가 스캔 완료', 'placement_verified': False, 'sim_steps': 2039, 'render_steps': 2039} (33.1s)
11:51:05 [시뮬] 서가 앞면 0.444 m → 목표 0.444 m (앞뒤 +0.000), 서가 중심 팔기준 x +0.623 → 옆으로 +0.623: 차체를 0.623 m 옮긴다
11:51:05 [FSM] Empty slot detected: frame_id=arm_base_link, x=-0.350, y=0.544, z=0.340, confidence=1.00, candidate_count=8
11:51:05 [FSM] FSM transition completed: DETECT_TARGET_SLOT -> PLACE_BOOK
11:51:05 [FSM] Book-placement goal was accepted.
11:51:05 [조작] 베이스 회전 명령 전송 (목표 yaw +0°, 서가 거리 0.444)
11:51:05 [시뮬] 서가 앞면 0.444 m → 목표 0.444 m (앞뒤 +0.000), 서가 중심 팔기준 x +0.623 → 옆으로 +0.623: 차체를 0.623 m 옮긴다
11:51:13 [비전] ROI 밖 책: (-0.120, -0.673, -0.341) @arm_base_link
11:51:13 [비전] ROI 밖 책: (-0.232, 0.505, 0.206) @arm_base_link
11:51:13 [비전] ROI 밖 책: (-0.531, 0.505, 0.207) @arm_base_link
11:51:13 [비전] ROI 밖 책: (0.485, 0.283, -0.341) @arm_base_link
11:51:13 [비전] ROI 밖 책 4권 제외 (남은 3권). ROI [-0.4, -0.2, 0.0] ~ [-0.26, 0.4, 0.32] @arm_base_link
11:51:13 [비전] Book picked(best): xyz=(-0.360, -0.003, 0.212), center=(261, 312), conf=0.85, depth=patch, yaw=0.000 rad (후보 3권)
11:51:13 [비전] ROI 밖 책: (-0.123, -0.673, -0.341) @arm_base_link
11:51:13 [비전] ROI 밖 책: (-0.231, 0.505, 0.206) @arm_base_link
11:51:13 [비전] ROI 밖 책: (-0.450, 0.154, 0.211) @arm_base_link
11:51:13 [비전] ROI 밖 책: (0.485, 0.290, -0.341) @arm_base_link
11:51:13 [비전] ROI 밖 책 4권 제외 (남은 3권). ROI [-0.4, -0.2, 0.0] ~ [-0.26, 0.4, 0.32] @arm_base_link
11:51:13 [비전] Book picked(best): xyz=(-0.360, -0.003, 0.212), center=(261, 312), conf=0.85, depth=patch, yaw=0.000 rad (후보 3권)
11:51:13 [조작] 베이스 회전 완료
11:51:13 [조작] 책 좌표 정함 (-0.3603, -0.0030, +0.2118) — 관측 2개 · 책 1권 · 고른 책 2개 (x 흔들림 0 mm) → 축마다 중앙값
11:51:13 [조작] 작업 job_28994c282c42 book=book_003 트레이 칸 0 파지 [-0.36025890247184145, -0.002985790279389236, 0.1359055634569949] (vision) → (-0.35, 0.5438500024676323, 0.3399) 삽입 속도 0.030 m/s
11:51:13 [시뮬] 서가 앞면 실측 0.444 m (목표 0.444), 서가 x 범위 팔기준 -1.33~+0.08
11:51:13 [비전] ROI 밖 책: (-0.120, -0.673, -0.341) @arm_base_link
11:51:13 [비전] ROI 밖 책: (-0.232, 0.505, 0.206) @arm_base_link
11:51:13 [비전] ROI 밖 책: (-0.531, 0.505, 0.207) @arm_base_link
11:51:13 [비전] ROI 밖 책: (0.485, 0.283, -0.341) @arm_base_link
11:51:13 [비전] ROI 밖 책 4권 제외 (남은 3권). ROI [-0.4, -0.2, 0.0] ~ [-0.26, 0.4, 0.32] @arm_base_link
11:51:13 [비전] Book picked(best): xyz=(-0.360, -0.003, 0.212), center=(261, 312), conf=0.85, depth=patch, yaw=0.000 rad (후보 3권)
11:51:13 [비전] ROI 밖 책: (-0.123, -0.673, -0.341) @arm_base_link
11:51:13 [비전] ROI 밖 책: (-0.231, 0.505, 0.206) @arm_base_link
11:51:13 [비전] ROI 밖 책: (-0.450, 0.154, 0.211) @arm_base_link
11:51:13 [비전] ROI 밖 책: (0.485, 0.290, -0.341) @arm_base_link
11:51:13 [비전] ROI 밖 책 4권 제외 (남은 3권). ROI [-0.4, -0.2, 0.0] ~ [-0.26, 0.4, 0.32] @arm_base_link
11:51:13 [비전] Book picked(best): xyz=(-0.360, -0.003, 0.212), center=(261, 312), conf=0.85, depth=patch, yaw=0.000 rad (후보 3권)
11:51:13 [조작] 베이스 회전 완료
11:51:13 [조작] 책 좌표 정함 (-0.3603, -0.0030, +0.2118) — 관측 2개 · 책 1권 · 고른 책 2개 (x 흔들림 0 mm) → 축마다 중앙값
11:51:13 [조작] 작업 job_28994c282c42 book=book_003 트레이 칸 0 파지 [-0.36025890247184145, -0.002985790279389236, 0.1359055634569949] (vision) → (-0.35, 0.5438500024676323, 0.3399) 삽입 속도 0.030 m/s
11:51:13 [시뮬] 서가 앞면 실측 0.444 m (목표 0.444), 서가 x 범위 팔기준 -1.33~+0.08
11:51:27 [시뮬] [JUDGE] 손 안 어긋남(406) **판별불가** — 키네마틱 파지는 매 스텝 책을 손에 맞춰 다시 써 넣는다. 이 신호는 마찰 파지(SIM_GRASP_KINEMATIC=0)에서만 의미가 있다
11:51:27 [시뮬] [JUDGE] 손 안 어긋남(406) **판별불가** — 키네마틱 파지는 매 스텝 책을 손에 맞춰 다시 써 넣는다. 이 신호는 마찰 파지(SIM_GRASP_KINEMATIC=0)에서만 의미가 있다
11:51:35 [시뮬] [JUDGE] rise=16.9cm(ok) width=13.6mm = 지령 13.6mm (책 반두께 17.6) → **판별불가** [키네마틱 파지라 빈손이어도 같은 값이 나온다]
11:51:35 [시뮬] [JUDGE] rise=16.9cm(ok) width=13.6mm = 지령 13.6mm (책 반두께 17.6) → **판별불가** [키네마틱 파지라 빈손이어도 같은 값이 나온다]
11:53:34 [FSM] FSM transition completed: PLACE_BOOK -> UPDATE_DATA
11:53:34 [FSM] FSM transition completed: UPDATE_DATA -> NEXT_BOOK
11:53:34 [FSM] FSM transition completed: NEXT_BOOK -> SELECT_BOOK
11:53:34 [FSM] FSM transition completed: SELECT_BOOK -> NAV_TO_SHELF
11:53:34 [FSM] Navigation succeeded: Navigation waypoint is already satisfied in simulation.
11:53:34 [FSM] FSM transition completed: NAV_TO_SHELF -> DETECT_TARGET_SLOT
11:53:34 [조작] PlaceBook 성공 job=job_28994c282c42 code=0(OK) phase= 배치 확인
11:53:34 [조작] 베이스 회전 명령 전송 (목표 yaw +0°, 서가 거리 0.444)
11:53:34 [시뮬] [JUDGE] width_hold=판별불가[키네마틱] (13.6 → 최소 13.6 mm, 한쪽 기준)
11:53:34 [시뮬] 작업 job_28994c282c42 SUCCEEDED {'phase': 'verify', 'message': '배치 확인', 'placement_verified': True, 'checks': {'upright': True, 'depth': True, 'spine': True, 'x': True, 'floor': True, 'skew': True, 'no_jam': True}, 'fallen
11:53:35 [FSM] FSM transition completed: PLACE_BOOK -> UPDATE_DATA
11:53:35 [FSM] FSM transition completed: UPDATE_DATA -> NEXT_BOOK
11:53:35 [FSM] FSM transition completed: NEXT_BOOK -> SELECT_BOOK
11:53:35 [FSM] FSM transition completed: SELECT_BOOK -> NAV_TO_SHELF
11:53:35 [FSM] Navigation succeeded: Navigation waypoint is already satisfied in simulation.
11:53:35 [FSM] FSM transition completed: NAV_TO_SHELF -> DETECT_TARGET_SLOT
11:53:35 [조작] PlaceBook 성공 job=job_28994c282c42 code=0(OK) phase= 배치 확인
11:53:35 [조작] 베이스 회전 명령 전송 (목표 yaw +0°, 서가 거리 0.444)
11:53:35 [시뮬] [JUDGE] width_hold=판별불가[키네마틱] (13.6 → 최소 13.6 mm, 한쪽 기준)
11:53:35 [시뮬] 작업 job_28994c282c42 SUCCEEDED {'phase': 'verify', 'message': '배치 확인', 'placement_verified': True, 'checks': {'upright': True, 'depth': True, 'spine': True, 'x': True, 'floor': True, 'skew': True, 'no_jam': True}, 'fallen
11:53:35 [시뮬] 서가 앞면 0.444 m → 목표 0.444 m (앞뒤 +0.000), 서가 중심 팔기준 x -0.623 → 옆으로 -0.623: 차체를 0.623 m 옮긴다
11:53:35 [시뮬] 서가 앞면 0.444 m → 목표 0.444 m (앞뒤 +0.000), 서가 중심 팔기준 x -0.623 → 옆으로 -0.623: 차체를 0.623 m 옮긴다
11:53:40 [조작] 베이스 회전 완료
11:53:40 [시뮬] 서가 앞면 실측 0.444 m (목표 0.444), 서가 x 범위 팔기준 -0.71~+0.71
11:53:40 [시뮬] [재측정] 스윕 없이 빈칸만 다시 재고 관측 자세로 돌아간다 — 서가 /World/bookshelves_main/shelf_brown__book_shelf_01 · 판 [1.042, 0.498] · 빈칸 4개 · 관측 자세까지 Δ최대 1.311 rad
11:53:41 [조작] 베이스 회전 완료
11:53:41 [시뮬] 서가 앞면 실측 0.444 m (목표 0.444), 서가 x 범위 팔기준 -0.71~+0.71
11:53:41 [시뮬] [재측정] 스윕 없이 빈칸만 다시 재고 관측 자세로 돌아간다 — 서가 /World/bookshelves_main/shelf_brown__book_shelf_01 · 판 [1.042, 0.498] · 빈칸 4개 · 관측 자세까지 Δ최대 1.311 rad
11:53:45 [FSM] Empty slot detected: frame_id=arm_base_link, x=-0.350, y=0.544, z=0.884, confidence=1.00, candidate_count=8
11:53:45 [FSM] FSM transition completed: DETECT_TARGET_SLOT -> PLACE_BOOK
11:53:45 [FSM] Book-placement goal was accepted.
11:53:45 [조작] 빈칸 관측 버림 (서가 밖): (-0.781, 0.503, 0.177) 서가 x -0.66~0.66 y 0.41~0.80 z -0.33~2.19
11:53:45 [조작] 빈칸 관측 버림 (서가 밖): (-0.781, 0.486, 0.117) 서가 x -0.66~0.66 y 0.41~0.80 z -0.33~2.19
11:53:45 [조작] 빈칸 선택: 책 사이 틈 관측 (-0.401, 0.521, 0.358) → 칸 중심 y 0.544, z 0.884 (판 높이로 스냅); 꽂기 전 차체를 옆으로 -0.051 m 옮겨 틈을 x -0.35 에 둔다
11:53:45 [조작] 빈 슬롯 스캔 완료: (-0.35, 0.5439, 0.8839), 삽입깊이 0.300m
11:53:45 [조작] 베이스 회전 명령 전송 (목표 yaw +0°, 서가 거리 0.444)
11:53:45 [시뮬] 작업 job_28994c282c42:scan SUCCEEDED {'phase': 'scan_done', 'message': '서가 스캔 완료', 'placement_verified': False, 'sim_steps': 324, 'render_steps': 324} (5.1s)
11:53:45 [시뮬] 서가 앞면 0.444 m → 목표 0.444 m (앞뒤 -0.000), 서가 중심 팔기준 x -0.051 → 옆으로 -0.051: 차체를 0.051 m 옮긴다
11:53:46 [FSM] Empty slot detected: frame_id=arm_base_link, x=-0.350, y=0.544, z=0.884, confidence=1.00, candidate_count=8
11:53:46 [FSM] FSM transition completed: DETECT_TARGET_SLOT -> PLACE_BOOK
11:53:46 [FSM] Book-placement goal was accepted.
11:53:46 [조작] 빈칸 관측 버림 (서가 밖): (-0.781, 0.503, 0.177) 서가 x -0.66~0.66 y 0.41~0.80 z -0.33~2.19
11:53:46 [조작] 빈칸 관측 버림 (서가 밖): (-0.781, 0.486, 0.117) 서가 x -0.66~0.66 y 0.41~0.80 z -0.33~2.19
11:53:46 [조작] 빈칸 선택: 책 사이 틈 관측 (-0.401, 0.521, 0.358) → 칸 중심 y 0.544, z 0.884 (판 높이로 스냅); 꽂기 전 차체를 옆으로 -0.051 m 옮겨 틈을 x -0.35 에 둔다
11:53:46 [조작] 빈 슬롯 스캔 완료: (-0.35, 0.5439, 0.8839), 삽입깊이 0.300m
11:53:46 [조작] 베이스 회전 명령 전송 (목표 yaw +0°, 서가 거리 0.444)
11:53:46 [시뮬] 작업 job_28994c282c42:scan SUCCEEDED {'phase': 'scan_done', 'message': '서가 스캔 완료', 'placement_verified': False, 'sim_steps': 324, 'render_steps': 324} (5.1s)
11:53:46 [시뮬] 서가 앞면 0.444 m → 목표 0.444 m (앞뒤 -0.000), 서가 중심 팔기준 x -0.051 → 옆으로 -0.051: 차체를 0.051 m 옮긴다
11:53:46 [비전] ROI 밖 책: (-0.123, -0.689, -0.341) @arm_base_link
11:53:46 [비전] ROI 밖 책 1권 제외 (남은 1권). ROI [-0.4, -0.2, 0.0] ~ [-0.26, 0.4, 0.32] @arm_base_link
11:53:46 [비전] Book picked(best): xyz=(-0.342, -0.104, 0.212), center=(189, 325), conf=0.70, depth=patch, yaw=0.000 rad (후보 1권)
11:53:46 [조작] 베이스 회전 완료
11:53:46 [시뮬] 서가 앞면 실측 0.444 m (목표 0.444), 서가 x 범위 팔기준 -0.66~+0.76
11:53:47 [비전] ROI 밖 책: (-0.123, -0.689, -0.341) @arm_base_link
11:53:47 [비전] ROI 밖 책 1권 제외 (남은 1권). ROI [-0.4, -0.2, 0.0] ~ [-0.26, 0.4, 0.32] @arm_base_link
11:53:47 [비전] Book picked(best): xyz=(-0.342, -0.104, 0.212), center=(189, 325), conf=0.70, depth=patch, yaw=0.000 rad (후보 1권)
11:53:47 [비전] ROI 밖 책: (-0.114, -0.705, -0.341) @arm_base_link
11:53:47 [비전] ROI 밖 책 1권 제외 (남은 1권). ROI [-0.4, -0.2, 0.0] ~ [-0.26, 0.4, 0.32] @arm_base_link
11:53:47 [비전] Book picked(best): xyz=(-0.346, -0.105, 0.212), center=(188, 322), conf=0.68, depth=patch, yaw=0.000 rad (후보 1권)
11:53:47 [조작] 베이스 회전 완료
11:53:47 [조작] 책 좌표 정함 (-0.3442, -0.1046, +0.2122) — 관측 2개 · 책 1권 · 고른 책 2개 (x 흔들림 4 mm) → 축마다 중앙값
11:53:47 [조작] 작업 job_28994c282c42 book=book_004 트레이 칸 1 파지 [-0.3442073561551123, -0.10456556746272493, 0.1363434087553357] (vision) → (-0.35, 0.5438500024676323, 0.8839) 삽입 속도 0.030 m/s
11:53:47 [시뮬] 서가 앞면 실측 0.444 m (목표 0.444), 서가 x 범위 팔기준 -0.66~+0.76
11:53:47 [비전] ROI 밖 책: (-0.114, -0.705, -0.341) @arm_base_link
11:53:47 [비전] ROI 밖 책 1권 제외 (남은 1권). ROI [-0.4, -0.2, 0.0] ~ [-0.26, 0.4, 0.32] @arm_base_link
11:53:47 [비전] Book picked(best): xyz=(-0.346, -0.105, 0.212), center=(188, 322), conf=0.68, depth=patch, yaw=0.000 rad (후보 1권)
11:53:47 [조작] 책 좌표 정함 (-0.3442, -0.1046, +0.2122) — 관측 2개 · 책 1권 · 고른 책 2개 (x 흔들림 4 mm) → 축마다 중앙값
11:53:47 [조작] 작업 job_28994c282c42 book=book_004 트레이 칸 1 파지 [-0.3442073561551123, -0.10456556746272493, 0.1363434087553357] (vision) → (-0.35, 0.5438500024676323, 0.8839) 삽입 속도 0.030 m/s
11:54:03 [시뮬] [JUDGE] 손 안 어긋남(406) **판별불가** — 키네마틱 파지는 매 스텝 책을 손에 맞춰 다시 써 넣는다. 이 신호는 마찰 파지(SIM_GRASP_KINEMATIC=0)에서만 의미가 있다
11:54:03 [시뮬] [JUDGE] 손 안 어긋남(406) **판별불가** — 키네마틱 파지는 매 스텝 책을 손에 맞춰 다시 써 넣는다. 이 신호는 마찰 파지(SIM_GRASP_KINEMATIC=0)에서만 의미가 있다
11:54:10 [시뮬] [JUDGE] rise=16.9cm(ok) width=17.6mm = 지령 17.6mm (책 반두께 21.6) → **판별불가** [키네마틱 파지라 빈손이어도 같은 값이 나온다]
11:54:11 [시뮬] [JUDGE] rise=16.9cm(ok) width=17.6mm = 지령 17.6mm (책 반두께 21.6) → **판별불가** [키네마틱 파지라 빈손이어도 같은 값이 나온다]
11:56:03 [FSM] FSM transition completed: PLACE_BOOK -> UPDATE_DATA
11:56:03 [FSM] FSM transition completed: UPDATE_DATA -> NEXT_BOOK
11:56:03 [FSM] FSM transition completed: NEXT_BOOK -> SELECT_BOOK
11:56:03 [FSM] FSM transition completed: SELECT_BOOK -> NAV_TO_SHELF
11:56:03 [조작] PlaceBook 성공 job=job_28994c282c42 code=0(OK) phase= 배치 확인
11:56:03 [시뮬] [JUDGE] width_hold=판별불가[키네마틱] (17.6 → 최소 17.6 mm, 한쪽 기준)
11:56:03 [시뮬] 작업 job_28994c282c42 SUCCEEDED {'phase': 'verify', 'message': '배치 확인', 'placement_verified': True, 'checks': {'upright': True, 'depth': True, 'spine': True, 'x': True, 'floor': True, 'skew': True, 'no_jam': True}, 'fallen
11:56:04 [FSM] FSM transition completed: PLACE_BOOK -> UPDATE_DATA
11:56:04 [FSM] FSM transition completed: UPDATE_DATA -> NEXT_BOOK
11:56:04 [FSM] FSM transition completed: NEXT_BOOK -> SELECT_BOOK
11:56:04 [FSM] FSM transition completed: SELECT_BOOK -> NAV_TO_SHELF
11:56:04 [조작] PlaceBook 성공 job=job_28994c282c42 code=0(OK) phase= 배치 확인
11:56:04 [시뮬] [JUDGE] width_hold=판별불가[키네마틱] (17.6 → 최소 17.6 mm, 한쪽 기준)
11:56:04 [시뮬] 작업 job_28994c282c42 SUCCEEDED {'phase': 'verify', 'message': '배치 확인', 'placement_verified': True, 'checks': {'upright': True, 'depth': True, 'spine': True, 'x': True, 'floor': True, 'skew': True, 'no_jam': True}, 'fallen
11:56:31 [시뮬] [주행] 도착 (+2.535, -3.019)
11:56:32 [시뮬] [주행] 도착 (+2.535, -3.019)
11:56:34 [시뮬] [주행] 회전 끝 — **실측** yaw +0.00° (목표 +0.00°)
11:56:34 [시뮬] [주행] 회전 끝 — **실측** yaw +0.00° (목표 +0.00°)
11:56:35 [FSM] Navigation succeeded: Navigation completed.
11:56:35 [FSM] FSM transition completed: NAV_TO_SHELF -> DETECT_TARGET_SLOT
11:56:35 [조작] 베이스 회전 명령 전송 (목표 yaw +0°, 서가 거리 0.444)
11:56:35 [시뮬] [주행] 도착 (+2.535, -3.019)
11:56:35 [시뮬] 서가 앞면 0.443 m → 목표 0.444 m (앞뒤 -0.001), 서가 중심 팔기준 x -0.261 → 옆으로 -0.261: 차체를 0.261 m 옮긴다
11:56:35 [FSM] Navigation succeeded: Navigation completed.
11:56:35 [FSM] FSM transition completed: NAV_TO_SHELF -> DETECT_TARGET_SLOT
11:56:35 [조작] 베이스 회전 명령 전송 (목표 yaw +0°, 서가 거리 0.444)
11:56:35 [시뮬] [주행] 도착 (+2.535, -3.019)
11:56:35 [시뮬] 서가 앞면 0.443 m → 목표 0.444 m (앞뒤 -0.001), 서가 중심 팔기준 x -0.261 → 옆으로 -0.261: 차체를 0.261 m 옮긴다
11:56:37 [조작] 베이스 회전 완료
11:56:37 [시뮬] 서가 앞면 실측 0.444 m (목표 0.444), 서가 x 범위 팔기준 -0.71~+0.71
11:56:37 [시뮬] [재측정] 스윕 없이 빈칸만 다시 재고 관측 자세로 돌아간다 — 서가 /World/bookshelves_main/shelf_brown__book_shelf_11 · 판 [1.042, 0.498] · 빈칸 2개 · 관측 자세까지 Δ최대 1.542 rad
11:56:38 [조작] 베이스 회전 완료
11:56:38 [시뮬] 서가 앞면 실측 0.444 m (목표 0.444), 서가 x 범위 팔기준 -0.71~+0.71
11:56:38 [시뮬] [재측정] 스윕 없이 빈칸만 다시 재고 관측 자세로 돌아간다 — 서가 /World/bookshelves_main/shelf_brown__book_shelf_11 · 판 [1.042, 0.498] · 빈칸 2개 · 관측 자세까지 Δ최대 1.542 rad
11:56:43 [시뮬] 작업 job_28994c282c42:scan SUCCEEDED {'phase': 'scan_done', 'message': '서가 스캔 완료', 'placement_verified': False, 'sim_steps': 377, 'render_steps': 377} (6.1s)
11:56:43 [시뮬] [스윕] 시작 자세 q=[2.0937, -0.5756, 0.5627, -1.8915, 0.2999, 1.3974, 0.2783]
11:56:43 [시뮬] [스윕] 판 1.042 (팔기준 z 0.712, 앞면 0.444) 정지점 5/5 여유 0.518 rad 최대변화 0.06 길이 2.68
11:56:43 [시뮬] [스윕] 판 0.498 (팔기준 z 0.168, 앞면 0.444) 정지점 5/5 여유 0.221 rad 최대변화 0.05 길이 2.45
11:56:43 [시뮬] 스윕 시작: 판 [1.042, 0.498], 정지점 10개, 정지 1.2s
11:56:43 [시뮬] [판목록] 레벨 실측 [0.4976, 1.0417, 1.5812, 2.0582, 2.52] · 쓰는 값 [0.497, 0.498, 1.042] · 차이 [-0.3, -0.4, +0.6] mm  (그림자 — 판단은 상수 그대로)
11:56:44 [시뮬] 작업 job_28994c282c42:scan SUCCEEDED {'phase': 'scan_done', 'message': '서가 스캔 완료', 'placement_verified': False, 'sim_steps': 377, 'render_steps': 377} (6.1s)
11:56:44 [시뮬] [스윕] 시작 자세 q=[2.0937, -0.5756, 0.5627, -1.8915, 0.2999, 1.3974, 0.2783]
11:56:44 [시뮬] [스윕] 판 1.042 (팔기준 z 0.712, 앞면 0.444) 정지점 5/5 여유 0.518 rad 최대변화 0.06 길이 2.68
11:56:44 [시뮬] [스윕] 판 0.498 (팔기준 z 0.168, 앞면 0.444) 정지점 5/5 여유 0.221 rad 최대변화 0.05 길이 2.45
11:56:44 [시뮬] 스윕 시작: 판 [1.042, 0.498], 정지점 10개, 정지 1.2s
11:56:44 [시뮬] [판목록] 레벨 실측 [0.4976, 1.0417, 1.5812, 2.0582, 2.52] · 쓰는 값 [0.497, 0.498, 1.042] · 차이 [-0.3, -0.4, +0.6] mm  (그림자 — 판단은 상수 그대로)
11:56:47 [비전] ROI 밖 책: (-0.627, 0.507, 0.833) @arm_base_link
11:56:47 [비전] ROI 밖 책 1권 제외 (남은 0권). ROI [-0.4, -0.2, 0.0] ~ [-0.26, 0.4, 0.32] @arm_base_link
11:56:47 [비전] ROI 밖 책: (-0.627, 0.507, 0.833) @arm_base_link
11:56:47 [비전] ROI 밖 책 1권 제외 (남은 0권). ROI [-0.4, -0.2, 0.0] ~ [-0.26, 0.4, 0.32] @arm_base_link
11:56:47 [비전] Empty center pixel=(263, 198), shelf_front_z=2.394m; Depth L/C/R=2.393/4.410/2.396m; center-left=2.017m, center-right=2.014m; contrast=PASS
11:56:47 [비전] Empty shelf target: xyz=(-0.780, 2.612, 1.385)
11:56:48 [비전] Empty center pixel=(263, 198), shelf_front_z=2.394m; Depth L/C/R=2.393/4.410/2.396m; center-left=2.017m, center-right=2.014m; contrast=PASS
11:56:48 [비전] Empty shelf target: xyz=(-0.780, 2.612, 1.385)
11:56:49 [비전] ROI 밖 책: (0.237, 0.554, 0.420) @arm_base_link
11:56:49 [비전] ROI 밖 책: (0.022, 0.547, 0.396) @arm_base_link
11:56:49 [비전] ROI 밖 책: (0.307, 0.546, 0.397) @arm_base_link
11:56:49 [비전] ROI 밖 책 3권 제외 (남은 0권). ROI [-0.4, -0.2, 0.0] ~ [-0.26, 0.4, 0.32] @arm_base_link
11:56:49 [비전] ROI 밖 책: (0.237, 0.554, 0.420) @arm_base_link
11:56:49 [비전] ROI 밖 책: (0.022, 0.547, 0.396) @arm_base_link
11:56:49 [비전] ROI 밖 책: (0.307, 0.546, 0.397) @arm_base_link
11:56:49 [비전] ROI 밖 책 3권 제외 (남은 0권). ROI [-0.4, -0.2, 0.0] ~ [-0.26, 0.4, 0.32] @arm_base_link
11:56:49 [비전] Empty center pixel=(367, 574), shelf_front_z=0.540m; Depth L/C/R=0.505/0.753/0.574m; center-left=0.248m, center-right=0.179m; contrast=PASS
11:56:49 [비전] Empty shelf target: xyz=(-0.096, 0.550, 0.374)
11:56:50 [비전] Empty center pixel=(367, 574), shelf_front_z=0.540m; Depth L/C/R=0.505/0.753/0.574m; center-left=0.248m, center-right=0.179m; contrast=PASS
11:56:50 [비전] Empty shelf target: xyz=(-0.096, 0.550, 0.374)
11:56:51 [비전] ROI 밖 책: (0.460, 0.547, 0.393) @arm_base_link
11:56:51 [비전] ROI 밖 책: (0.501, 0.561, 0.394) @arm_base_link
11:56:51 [비전] ROI 밖 책: (0.096, 0.532, 0.396) @arm_base_link
11:56:51 [비전] ROI 밖 책: (0.429, 0.537, 0.395) @arm_base_link
11:56:51 [비전] ROI 밖 책: (0.348, 0.538, 0.395) @arm_base_link
11:56:51 [비전] ROI 밖 책: (0.387, 0.551, 0.395) @arm_base_link
11:56:51 [비전] ROI 밖 책: (0.295, 0.521, 0.395) @arm_base_link
11:56:51 [비전] ROI 밖 책: (0.524, 0.562, 0.395) @arm_base_link
11:56:51 [비전] ROI 밖 책: (0.044, 0.544, 0.393) @arm_base_link
11:56:51 [비전] ROI 밖 책: (0.265, 0.531, 0.394) @arm_base_link
11:56:51 [비전] ROI 밖 책: (0.423, 0.552, 0.394) @arm_base_link
11:56:51 [비전] ROI 밖 책: (0.453, 0.545, 0.394) @arm_base_link
11:56:51 [비전] ROI 밖 책: (0.176, 0.520, 0.398) @arm_base_link
11:56:51 [비전] ROI 밖 책: (0.019, 0.543, 0.396) @arm_base_link
11:56:51 [비전] ROI 밖 책: (0.139, 0.530, 0.393) @arm_base_link
11:56:51 [비전] ROI 밖 책 15권 제외 (남은 0권). ROI [-0.4, -0.2, 0.0] ~ [-0.26, 0.4, 0.32] @arm_base_link
11:56:51 [비전] ROI 밖 책: (0.460, 0.547, 0.393) @arm_base_link
11:56:51 [비전] ROI 밖 책: (0.501, 0.561, 0.394) @arm_base_link
11:56:51 [비전] ROI 밖 책: (0.096, 0.532, 0.396) @arm_base_link
11:56:51 [비전] ROI 밖 책: (0.429, 0.537, 0.395) @arm_base_link
11:56:51 [비전] ROI 밖 책: (0.348, 0.538, 0.395) @arm_base_link
11:56:51 [비전] ROI 밖 책: (0.387, 0.551, 0.395) @arm_base_link
11:56:51 [비전] ROI 밖 책: (0.295, 0.521, 0.395) @arm_base_link
11:56:51 [비전] ROI 밖 책: (0.524, 0.562, 0.395) @arm_base_link
11:56:51 [비전] ROI 밖 책: (0.044, 0.544, 0.393) @arm_base_link
11:56:51 [비전] ROI 밖 책: (0.265, 0.531, 0.394) @arm_base_link
11:56:51 [비전] ROI 밖 책: (0.423, 0.552, 0.394) @arm_base_link
11:56:51 [비전] ROI 밖 책: (0.453, 0.545, 0.394) @arm_base_link
11:56:51 [비전] ROI 밖 책: (0.176, 0.520, 0.398) @arm_base_link
11:56:51 [비전] ROI 밖 책: (0.019, 0.543, 0.396) @arm_base_link
11:56:51 [비전] ROI 밖 책: (0.139, 0.530, 0.393) @arm_base_link
11:56:51 [비전] ROI 밖 책 15권 제외 (남은 0권). ROI [-0.4, -0.2, 0.0] ~ [-0.26, 0.4, 0.32] @arm_base_link
11:56:53 [비전] ROI 밖 책: (0.428, 0.536, 0.394) @arm_base_link
11:56:53 [비전] ROI 밖 책: (0.265, 0.528, 0.394) @arm_base_link
11:56:53 [비전] ROI 밖 책: (0.377, 0.529, 0.396) @arm_base_link
11:56:53 [비전] ROI 밖 책: (0.496, 0.543, 0.394) @arm_base_link
11:56:53 [비전] ROI 밖 책: (0.301, 0.525, 0.395) @arm_base_link
11:56:53 [비전] ROI 밖 책: (0.464, 0.543, 0.394) @arm_base_link
11:56:53 [비전] ROI 밖 책: (0.339, 0.526, 0.395) @arm_base_link
11:56:53 [비전] ROI 밖 책: (0.011, 0.560, 0.395) @arm_base_link
11:56:53 [비전] ROI 밖 책: (0.441, 0.533, 0.394) @arm_base_link
11:56:53 [비전] ROI 밖 책: (0.051, 0.555, 0.392) @arm_base_link
11:56:53 [비전] ROI 밖 책 10권 제외 (남은 0권). ROI [-0.4, -0.2, 0.0] ~ [-0.26, 0.4, 0.32] @arm_base_link
11:56:53 [비전] Empty center pixel=(300, 296), shelf_front_z=0.539m; Depth L/C/R=0.548/2.480/0.530m; center-left=1.933m, center-right=1.951m; contrast=PASS
11:56:53 [비전] Empty shelf target: xyz=(0.140, 0.632, 0.840)
11:56:53 [비전] ROI 밖 책: (0.428, 0.536, 0.394) @arm_base_link
11:56:53 [비전] ROI 밖 책: (0.265, 0.528, 0.394) @arm_base_link
11:56:53 [비전] ROI 밖 책: (0.377, 0.529, 0.396) @arm_base_link
11:56:53 [비전] ROI 밖 책: (0.496, 0.543, 0.394) @arm_base_link
11:56:53 [비전] ROI 밖 책: (0.301, 0.525, 0.395) @arm_base_link
11:56:53 [비전] ROI 밖 책: (0.464, 0.543, 0.394) @arm_base_link
11:56:53 [비전] ROI 밖 책: (0.339, 0.526, 0.395) @arm_base_link
11:56:53 [비전] ROI 밖 책: (0.011, 0.560, 0.395) @arm_base_link
11:56:53 [비전] ROI 밖 책: (0.441, 0.533, 0.394) @arm_base_link
11:56:53 [비전] ROI 밖 책: (0.051, 0.555, 0.392) @arm_base_link
11:56:53 [비전] ROI 밖 책 10권 제외 (남은 0권). ROI [-0.4, -0.2, 0.0] ~ [-0.26, 0.4, 0.32] @arm_base_link
11:56:53 [비전] Empty center pixel=(300, 296), shelf_front_z=0.539m; Depth L/C/R=0.548/2.480/0.530m; center-left=1.933m, center-right=1.951m; contrast=PASS
11:56:53 [비전] Empty shelf target: xyz=(0.140, 0.632, 0.840)
11:56:55 [비전] ROI 밖 책: (0.246, 0.519, 0.394) @arm_base_link
11:56:55 [비전] ROI 밖 책: (0.268, 0.522, 0.392) @arm_base_link
11:56:55 [비전] ROI 밖 책: (0.050, 0.548, 0.393) @arm_base_link
11:56:55 [비전] ROI 밖 책: (0.382, 0.528, 0.396) @arm_base_link
11:56:55 [비전] ROI 밖 책: (0.580, 0.576, 0.394) @arm_base_link
11:56:55 [비전] ROI 밖 책: (0.483, 0.542, 0.392) @arm_base_link
11:56:55 [비전] ROI 밖 책: (0.497, 0.557, 0.394) @arm_base_link
11:56:55 [비전] ROI 밖 책: (0.610, 0.564, 0.409) @arm_base_link
11:56:55 [비전] ROI 밖 책: (0.428, 0.544, 0.393) @arm_base_link
11:56:55 [비전] ROI 밖 책: (0.484, 0.522, 0.393) @arm_base_link
11:56:55 [비전] ROI 밖 책: (0.457, 0.530, 0.394) @arm_base_link
11:56:55 [비전] ROI 밖 책 11권 제외 (남은 0권). ROI [-0.4, -0.2, 0.0] ~ [-0.26, 0.4, 0.32] @arm_base_link
11:56:55 [비전] Empty center pixel=(182, 290), shelf_front_z=0.452m; Depth L/C/R=0.492/4.634/0.412m; center-left=4.142m, center-right=4.221m; contrast=PASS
11:56:55 [비전] Empty shelf target: xyz=(0.153, 0.547, 0.856)
11:56:55 [비전] ROI 밖 책: (0.246, 0.519, 0.394) @arm_base_link
11:56:55 [비전] ROI 밖 책: (0.268, 0.522, 0.392) @arm_base_link
11:56:55 [비전] ROI 밖 책: (0.050, 0.548, 0.393) @arm_base_link
11:56:55 [비전] ROI 밖 책: (0.382, 0.528, 0.396) @arm_base_link
11:56:55 [비전] ROI 밖 책: (0.580, 0.576, 0.394) @arm_base_link
11:56:55 [비전] ROI 밖 책: (0.483, 0.542, 0.392) @arm_base_link
11:56:55 [비전] ROI 밖 책: (0.497, 0.557, 0.394) @arm_base_link
11:56:55 [비전] ROI 밖 책: (0.610, 0.564, 0.409) @arm_base_link
11:56:55 [비전] ROI 밖 책: (0.428, 0.544, 0.393) @arm_base_link
11:56:55 [비전] ROI 밖 책: (0.484, 0.522, 0.393) @arm_base_link
11:56:55 [비전] ROI 밖 책: (0.457, 0.530, 0.394) @arm_base_link
11:56:55 [비전] ROI 밖 책 11권 제외 (남은 0권). ROI [-0.4, -0.2, 0.0] ~ [-0.26, 0.4, 0.32] @arm_base_link
11:56:55 [비전] Empty center pixel=(182, 290), shelf_front_z=0.452m; Depth L/C/R=0.492/4.634/0.412m; center-left=4.142m, center-right=4.221m; contrast=PASS
11:56:55 [비전] Empty shelf target: xyz=(0.153, 0.547, 0.856)
11:56:59 [비전] ROI 밖 책: (0.122, 0.481, 0.340) @arm_base_link
11:56:59 [비전] ROI 밖 책: (0.170, 0.484, 0.333) @arm_base_link
11:56:59 [비전] ROI 밖 책: (-1.016, 0.179, -0.340) @arm_base_link
11:56:59 [비전] ROI 밖 책: (0.079, 0.476, 0.341) @arm_base_link
11:56:59 [비전] ROI 밖 책: (0.300, 0.478, 0.320) @arm_base_link
11:56:59 [비전] ROI 밖 책 5권 제외 (남은 0권). ROI [-0.4, -0.2, 0.0] ~ [-0.26, 0.4, 0.32] @arm_base_link
11:56:59 [비전] Empty center pixel=(155, 330), shelf_front_z=0.838m; Depth L/C/R=0.932/1.073/0.745m; center-left=0.141m, center-right=0.328m; contrast=PASS
11:56:59 [비전] Empty shelf target: xyz=(-0.786, 0.520, 0.191)
11:56:59 [비전] ROI 밖 책: (0.122, 0.481, 0.340) @arm_base_link
11:56:59 [비전] ROI 밖 책: (0.170, 0.484, 0.333) @arm_base_link
11:56:59 [비전] ROI 밖 책: (-1.016, 0.179, -0.340) @arm_base_link
11:56:59 [비전] ROI 밖 책: (0.079, 0.476, 0.341) @arm_base_link
11:56:59 [비전] ROI 밖 책: (0.300, 0.478, 0.320) @arm_base_link
11:56:59 [비전] ROI 밖 책 5권 제외 (남은 0권). ROI [-0.4, -0.2, 0.0] ~ [-0.26, 0.4, 0.32] @arm_base_link
11:56:59 [비전] Empty center pixel=(155, 330), shelf_front_z=0.838m; Depth L/C/R=0.932/1.073/0.745m; center-left=0.141m, center-right=0.328m; contrast=PASS
11:56:59 [비전] Empty shelf target: xyz=(-0.786, 0.520, 0.191)
11:57:01 [비전] ROI 밖 책: (0.366, 0.477, 0.330) @arm_base_link
11:57:01 [비전] ROI 밖 책: (0.168, 0.483, 0.343) @arm_base_link
11:57:01 [비전] ROI 밖 책: (0.328, 0.478, 0.330) @arm_base_link
11:57:01 [비전] ROI 밖 책: (0.278, 0.481, 0.319) @arm_base_link
11:57:01 [비전] ROI 밖 책: (0.304, 0.477, 0.322) @arm_base_link
11:57:01 [비전] ROI 밖 책: (-0.715, 0.091, -0.001) @arm_base_link
11:57:01 [비전] ROI 밖 책: (0.129, 0.483, 0.337) @arm_base_link
11:57:01 [비전] ROI 밖 책: (0.458, 0.474, 0.343) @arm_base_link
11:57:01 [비전] ROI 밖 책: (0.257, 0.483, 0.303) @arm_base_link
11:57:01 [비전] ROI 밖 책 9권 제외 (남은 1권). ROI [-0.4, -0.2, 0.0] ~ [-0.26, 0.4, 0.32] @arm_base_link
11:57:01 [비전] Book picked(best): xyz=(-0.366, 0.150, 0.194), center=(211, 469), conf=0.58, depth=patch, yaw=0.000 rad (후보 1권)
11:57:01 [비전] Empty center pixel=(354, 279), shelf_front_z=0.704m; Depth L/C/R=0.707/1.999/0.700m; center-left=1.291m, center-right=1.298m; contrast=PASS
11:57:01 [비전] Empty shelf target: xyz=(-0.100, 0.491, 0.366)
11:57:01 [비전] ROI 밖 책: (0.366, 0.477, 0.330) @arm_base_link
11:57:01 [비전] ROI 밖 책: (0.168, 0.483, 0.343) @arm_base_link
11:57:01 [비전] ROI 밖 책: (0.328, 0.478, 0.330) @arm_base_link
11:57:01 [비전] ROI 밖 책: (0.278, 0.481, 0.319) @arm_base_link
11:57:01 [비전] ROI 밖 책: (0.304, 0.477, 0.322) @arm_base_link
11:57:01 [비전] ROI 밖 책: (-0.715, 0.091, -0.001) @arm_base_link
11:57:01 [비전] ROI 밖 책: (0.129, 0.483, 0.337) @arm_base_link
11:57:01 [비전] ROI 밖 책: (0.458, 0.474, 0.343) @arm_base_link
11:57:01 [비전] ROI 밖 책: (0.257, 0.483, 0.303) @arm_base_link
11:57:01 [비전] ROI 밖 책 9권 제외 (남은 1권). ROI [-0.4, -0.2, 0.0] ~ [-0.26, 0.4, 0.32] @arm_base_link
11:57:01 [비전] Book picked(best): xyz=(-0.366, 0.150, 0.194), center=(211, 469), conf=0.58, depth=patch, yaw=0.000 rad (후보 1권)
11:57:01 [비전] Empty center pixel=(354, 279), shelf_front_z=0.704m; Depth L/C/R=0.707/1.999/0.700m; center-left=1.291m, center-right=1.298m; contrast=PASS
11:57:01 [비전] Empty shelf target: xyz=(-0.100, 0.491, 0.366)
11:57:02 [비전] ROI 밖 책: (0.368, 0.476, 0.334) @arm_base_link
11:57:02 [비전] ROI 밖 책: (0.335, 0.479, 0.334) @arm_base_link
11:57:02 [비전] ROI 밖 책: (0.171, 0.484, 0.350) @arm_base_link
11:57:02 [비전] ROI 밖 책: (0.280, 0.481, 0.330) @arm_base_link
11:57:02 [비전] ROI 밖 책: (0.906, 0.474, -0.307) @arm_base_link
11:57:02 [비전] ROI 밖 책: (0.130, 0.484, 0.353) @arm_base_link
11:57:02 [비전] ROI 밖 책 6권 제외 (남은 0권). ROI [-0.4, -0.2, 0.0] ~ [-0.26, 0.4, 0.32] @arm_base_link
11:57:02 [비전] Empty center pixel=(286, 280), shelf_front_z=0.704m; Depth L/C/R=0.716/1.990/0.692m; center-left=1.275m, center-right=1.298m; contrast=PASS
11:57:02 [비전] Empty shelf target: xyz=(-0.077, 0.490, 0.364)
11:57:03 [비전] ROI 밖 책: (0.368, 0.476, 0.334) @arm_base_link
11:57:03 [비전] ROI 밖 책: (0.335, 0.479, 0.334) @arm_base_link
11:57:03 [비전] ROI 밖 책: (0.171, 0.484, 0.350) @arm_base_link
11:57:03 [비전] ROI 밖 책: (0.280, 0.481, 0.330) @arm_base_link
11:57:03 [비전] ROI 밖 책: (0.906, 0.474, -0.307) @arm_base_link
11:57:03 [비전] ROI 밖 책: (0.130, 0.484, 0.353) @arm_base_link
11:57:03 [비전] ROI 밖 책 6권 제외 (남은 0권). ROI [-0.4, -0.2, 0.0] ~ [-0.26, 0.4, 0.32] @arm_base_link
11:57:03 [비전] Empty center pixel=(286, 280), shelf_front_z=0.704m; Depth L/C/R=0.716/1.990/0.692m; center-left=1.275m, center-right=1.298m; contrast=PASS
11:57:03 [비전] Empty shelf target: xyz=(-0.077, 0.490, 0.364)
11:57:04 [비전] ROI 밖 책: (0.447, 0.479, 0.361) @arm_base_link
11:57:04 [비전] ROI 밖 책: (0.340, 0.479, 0.326) @arm_base_link
11:57:04 [비전] ROI 밖 책: (0.558, 0.038, -0.341) @arm_base_link
11:57:04 [비전] ROI 밖 책: (0.374, 0.475, 0.325) @arm_base_link
11:57:04 [비전] ROI 밖 책: (0.481, 0.478, 0.348) @arm_base_link
11:57:04 [비전] ROI 밖 책: (0.267, 0.485, 0.338) @arm_base_link
11:57:04 [비전] ROI 밖 책 6권 제외 (남은 0권). ROI [-0.4, -0.2, 0.0] ~ [-0.26, 0.4, 0.32] @arm_base_link
11:57:04 [비전] Empty center pixel=(214, 280), shelf_front_z=0.718m; Depth L/C/R=0.744/1.973/0.693m; center-left=1.229m, center-right=1.280m; contrast=PASS
11:57:04 [비전] Empty shelf target: xyz=(-0.066, 0.502, 0.356)
11:57:05 [비전] ROI 밖 책: (0.447, 0.479, 0.361) @arm_base_link
11:57:05 [비전] ROI 밖 책: (0.340, 0.479, 0.326) @arm_base_link
11:57:05 [비전] ROI 밖 책: (0.558, 0.038, -0.341) @arm_base_link
11:57:05 [비전] ROI 밖 책: (0.374, 0.475, 0.325) @arm_base_link
11:57:05 [비전] ROI 밖 책: (0.481, 0.478, 0.348) @arm_base_link
11:57:05 [비전] ROI 밖 책: (0.267, 0.485, 0.338) @arm_base_link
11:57:05 [비전] ROI 밖 책 6권 제외 (남은 0권). ROI [-0.4, -0.2, 0.0] ~ [-0.26, 0.4, 0.32] @arm_base_link
11:57:05 [비전] Empty center pixel=(214, 280), shelf_front_z=0.718m; Depth L/C/R=0.744/1.973/0.693m; center-left=1.229m, center-right=1.280m; contrast=PASS
11:57:05 [비전] Empty shelf target: xyz=(-0.066, 0.502, 0.356)
11:57:06 [비전] ROI 밖 책: (0.557, 0.488, 0.365) @arm_base_link
11:57:06 [비전] ROI 밖 책: (0.484, 0.484, 0.357) @arm_base_link
11:57:06 [비전] ROI 밖 책: (0.590, 0.477, 0.345) @arm_base_link
11:57:06 [비전] ROI 밖 책 3권 제외 (남은 0권). ROI [-0.4, -0.2, 0.0] ~ [-0.26, 0.4, 0.32] @arm_base_link
11:57:06 [비전] Empty center pixel=(139, 279), shelf_front_z=0.716m; Depth L/C/R=0.742/0.822/0.690m; center-left=0.080m, center-right=0.132m; contrast=PASS
11:57:06 [비전] Empty shelf target: xyz=(-0.060, 0.502, 0.359)
11:57:07 [비전] ROI 밖 책: (0.557, 0.488, 0.365) @arm_base_link
11:57:07 [비전] ROI 밖 책: (0.484, 0.484, 0.357) @arm_base_link
11:57:07 [비전] ROI 밖 책: (0.590, 0.477, 0.345) @arm_base_link
11:57:07 [비전] ROI 밖 책 3권 제외 (남은 0권). ROI [-0.4, -0.2, 0.0] ~ [-0.26, 0.4, 0.32] @arm_base_link
11:57:07 [비전] Empty center pixel=(139, 279), shelf_front_z=0.716m; Depth L/C/R=0.742/0.822/0.690m; center-left=0.080m, center-right=0.132m; contrast=PASS
11:57:07 [비전] Empty shelf target: xyz=(-0.060, 0.502, 0.359)
11:57:12 [FSM] Empty slot detected: frame_id=arm_base_link, x=-0.350, y=0.544, z=0.340, confidence=1.00, candidate_count=9
11:57:12 [FSM] FSM transition completed: DETECT_TARGET_SLOT -> PLACE_BOOK
11:57:12 [FSM] Book-placement goal was accepted.
11:57:12 [조작] 빈칸 관측 버림 (서가 밖): (-0.780, 2.612, 1.385) 서가 x -0.66~0.66 y 0.41~0.80 z -0.33~2.19
11:57:12 [조작] 빈칸 관측 버림 (서가 밖): (-0.786, 0.520, 0.191) 서가 x -0.66~0.66 y 0.41~0.80 z -0.33~2.19
11:57:12 [조작] 빈칸 선택: 책 사이 틈 관측 (-0.090, 0.502, 0.359) → 칸 중심 y 0.544, z 0.340 (판 높이로 스냅); 꽂기 전 차체를 옆으로 +0.260 m 옮겨 틈을 x -0.35 에 둔다
11:57:12 [조작] 빈 슬롯 스캔 완료: (-0.35, 0.5439, 0.3399), 삽입깊이 0.300m
11:57:12 [조작] 베이스 회전 명령 전송 (목표 yaw +0°, 서가 거리 0.444)
11:57:12 [시뮬] 작업 job_28994c282c42:scan SUCCEEDED {'phase': 'scan_done', 'message': '서가 스캔 완료', 'placement_verified': False, 'sim_steps': 1829, 'render_steps': 1829} (29.1s)
11:57:13 [FSM] Empty slot detected: frame_id=arm_base_link, x=-0.350, y=0.544, z=0.340, confidence=1.00, candidate_count=9
11:57:13 [FSM] FSM transition completed: DETECT_TARGET_SLOT -> PLACE_BOOK
11:57:13 [FSM] Book-placement goal was accepted.
11:57:13 [조작] 빈칸 관측 버림 (서가 밖): (-0.780, 2.612, 1.385) 서가 x -0.66~0.66 y 0.41~0.80 z -0.33~2.19
11:57:13 [조작] 빈칸 관측 버림 (서가 밖): (-0.786, 0.520, 0.191) 서가 x -0.66~0.66 y 0.41~0.80 z -0.33~2.19
11:57:13 [조작] 빈칸 선택: 책 사이 틈 관측 (-0.090, 0.502, 0.359) → 칸 중심 y 0.544, z 0.340 (판 높이로 스냅); 꽂기 전 차체를 옆으로 +0.260 m 옮겨 틈을 x -0.35 에 둔다
11:57:13 [조작] 빈 슬롯 스캔 완료: (-0.35, 0.5439, 0.3399), 삽입깊이 0.300m
11:57:13 [조작] 베이스 회전 명령 전송 (목표 yaw +0°, 서가 거리 0.444)
11:57:13 [시뮬] 작업 job_28994c282c42:scan SUCCEEDED {'phase': 'scan_done', 'message': '서가 스캔 완료', 'placement_verified': False, 'sim_steps': 1829, 'render_steps': 1829} (29.1s)
11:57:13 [시뮬] 서가 앞면 0.444 m → 목표 0.444 m (앞뒤 +0.000), 서가 중심 팔기준 x +0.260 → 옆으로 +0.260: 차체를 0.260 m 옮긴다
11:57:13 [시뮬] 서가 앞면 0.444 m → 목표 0.444 m (앞뒤 +0.000), 서가 중심 팔기준 x +0.260 → 옆으로 +0.260: 차체를 0.260 m 옮긴다
11:57:15 [비전] ROI 밖 책: (-0.136, -0.651, -0.341) @arm_base_link
11:57:15 [비전] ROI 밖 책 1권 제외 (남은 1권). ROI [-0.4, -0.2, 0.0] ~ [-0.26, 0.4, 0.32] @arm_base_link
11:57:15 [비전] Book picked(best): xyz=(-0.348, -0.180, 0.188), center=(144, 321), conf=0.58, depth=patch, yaw=0.000 rad (후보 1권)
11:57:15 [조작] 베이스 회전 완료
11:57:15 [시뮬] 서가 앞면 실측 0.444 m (목표 0.444), 서가 x 범위 팔기준 -0.97~+0.45
11:57:15 [비전] ROI 밖 책: (-0.136, -0.651, -0.341) @arm_base_link
11:57:15 [비전] ROI 밖 책 1권 제외 (남은 1권). ROI [-0.4, -0.2, 0.0] ~ [-0.26, 0.4, 0.32] @arm_base_link
11:57:15 [비전] Book picked(best): xyz=(-0.348, -0.180, 0.188), center=(144, 321), conf=0.58, depth=patch, yaw=0.000 rad (후보 1권)
11:57:15 [조작] 베이스 회전 완료
11:57:15 [시뮬] 서가 앞면 실측 0.444 m (목표 0.444), 서가 x 범위 팔기준 -0.97~+0.45
11:57:16 [비전] ROI 밖 책: (-0.117, -0.679, -0.341) @arm_base_link
11:57:16 [비전] ROI 밖 책: (-0.155, 0.477, 0.220) @arm_base_link
11:57:16 [비전] ROI 밖 책 2권 제외 (남은 0권). ROI [-0.4, -0.2, 0.0] ~ [-0.26, 0.4, 0.32] @arm_base_link
11:57:16 [비전] ROI 밖 책: (-0.114, -0.679, -0.341) @arm_base_link
11:57:16 [비전] ROI 밖 책 1권 제외 (남은 0권). ROI [-0.4, -0.2, 0.0] ~ [-0.26, 0.4, 0.32] @arm_base_link
11:57:16 [비전] ROI 밖 책: (-0.117, -0.679, -0.341) @arm_base_link
11:57:16 [비전] ROI 밖 책: (-0.155, 0.477, 0.220) @arm_base_link
11:57:16 [비전] ROI 밖 책 2권 제외 (남은 0권). ROI [-0.4, -0.2, 0.0] ~ [-0.26, 0.4, 0.32] @arm_base_link
11:57:16 [비전] ROI 밖 책: (-0.114, -0.679, -0.341) @arm_base_link
11:57:16 [비전] ROI 밖 책 1권 제외 (남은 0권). ROI [-0.4, -0.2, 0.0] ~ [-0.26, 0.4, 0.32] @arm_base_link
11:57:17 [비전] ROI 밖 책: (-0.120, -0.670, -0.341) @arm_base_link
11:57:17 [비전] ROI 밖 책 1권 제외 (남은 0권). ROI [-0.4, -0.2, 0.0] ~ [-0.26, 0.4, 0.32] @arm_base_link
11:57:17 [비전] ROI 밖 책: (-0.120, -0.670, -0.341) @arm_base_link
11:57:17 [비전] ROI 밖 책 1권 제외 (남은 0권). ROI [-0.4, -0.2, 0.0] ~ [-0.26, 0.4, 0.32] @arm_base_link
11:57:17 [비전] ROI 밖 책: (-0.120, -0.673, -0.341) @arm_base_link
11:57:17 [비전] ROI 밖 책 1권 제외 (남은 0권). ROI [-0.4, -0.2, 0.0] ~ [-0.26, 0.4, 0.32] @arm_base_link
11:57:18 [비전] ROI 밖 책: (-0.120, -0.673, -0.341) @arm_base_link
11:57:18 [비전] ROI 밖 책 1권 제외 (남은 0권). ROI [-0.4, -0.2, 0.0] ~ [-0.26, 0.4, 0.32] @arm_base_link
11:57:18 [비전] ROI 밖 책: (-0.120, -0.670, -0.341) @arm_base_link
11:57:18 [비전] ROI 밖 책 1권 제외 (남은 0권). ROI [-0.4, -0.2, 0.0] ~ [-0.26, 0.4, 0.32] @arm_base_link
11:57:18 [비전] ROI 밖 책: (-0.120, -0.670, -0.341) @arm_base_link
11:57:18 [비전] ROI 밖 책 1권 제외 (남은 0권). ROI [-0.4, -0.2, 0.0] ~ [-0.26, 0.4, 0.32] @arm_base_link
11:57:18 [비전] ROI 밖 책: (-0.133, -0.673, -0.341) @arm_base_link
11:57:18 [비전] ROI 밖 책 1권 제외 (남은 0권). ROI [-0.4, -0.2, 0.0] ~ [-0.26, 0.4, 0.32] @arm_base_link
11:57:19 [비전] ROI 밖 책: (-0.133, -0.673, -0.341) @arm_base_link
11:57:19 [비전] ROI 밖 책 1권 제외 (남은 0권). ROI [-0.4, -0.2, 0.0] ~ [-0.26, 0.4, 0.32] @arm_base_link
11:57:19 [비전] ROI 밖 책: (-0.133, -0.670, -0.341) @arm_base_link
11:57:19 [비전] ROI 밖 책 1권 제외 (남은 0권). ROI [-0.4, -0.2, 0.0] ~ [-0.26, 0.4, 0.32] @arm_base_link
11:57:19 [비전] ROI 밖 책: (-0.136, -0.670, -0.341) @arm_base_link
11:57:19 [비전] ROI 밖 책: (-0.156, 0.477, 0.220) @arm_base_link
11:57:19 [비전] ROI 밖 책 2권 제외 (남은 1권). ROI [-0.4, -0.2, 0.0] ~ [-0.26, 0.4, 0.32] @arm_base_link
11:57:19 [비전] Book picked(best): xyz=(-0.362, -0.187, 0.190), center=(139, 311), conf=0.56, depth=patch, yaw=0.000 rad (후보 1권)
11:57:19 [비전] ROI 밖 책: (-0.133, -0.670, -0.341) @arm_base_link
11:57:19 [비전] ROI 밖 책 1권 제외 (남은 0권). ROI [-0.4, -0.2, 0.0] ~ [-0.26, 0.4, 0.32] @arm_base_link
11:57:19 [비전] ROI 밖 책: (-0.136, -0.670, -0.341) @arm_base_link
11:57:19 [비전] ROI 밖 책: (-0.156, 0.477, 0.220) @arm_base_link
11:57:19 [비전] ROI 밖 책 2권 제외 (남은 1권). ROI [-0.4, -0.2, 0.0] ~ [-0.26, 0.4, 0.32] @arm_base_link
11:57:19 [비전] Book picked(best): xyz=(-0.362, -0.187, 0.190), center=(139, 311), conf=0.56, depth=patch, yaw=0.000 rad (후보 1권)
11:57:19 [조작] 책 좌표 정함 (-0.3551, -0.1835, +0.1890) — 관측 2개 · 책 1권 · 고른 책 2개 (x 흔들림 15 mm) → 축마다 중앙값
11:57:19 [조작] 작업 job_28994c282c42 book=book_001 트레이 칸 2 파지 [-0.3550724438905526, -0.18352484354767026, 0.1131690128430673] (vision) → (-0.35, 0.5438500024676323, 0.3399) 삽입 속도 0.030 m/s
11:57:20 [조작] 책 좌표 정함 (-0.3551, -0.1835, +0.1890) — 관측 2개 · 책 1권 · 고른 책 2개 (x 흔들림 15 mm) → 축마다 중앙값
11:57:20 [조작] 작업 job_28994c282c42 book=book_001 트레이 칸 2 파지 [-0.3550724438905526, -0.18352484354767026, 0.1131690128430673] (vision) → (-0.35, 0.5438500024676323, 0.3399) 삽입 속도 0.030 m/s
11:57:33 [시뮬] [JUDGE] 손 안 어긋남(406) **판별불가** — 키네마틱 파지는 매 스텝 책을 손에 맞춰 다시 써 넣는다. 이 신호는 마찰 파지(SIM_GRASP_KINEMATIC=0)에서만 의미가 있다
11:57:33 [시뮬] [JUDGE] 손 안 어긋남(406) **판별불가** — 키네마틱 파지는 매 스텝 책을 손에 맞춰 다시 써 넣는다. 이 신호는 마찰 파지(SIM_GRASP_KINEMATIC=0)에서만 의미가 있다
11:57:40 [시뮬] [JUDGE] rise=16.9cm(ok) width=15.1mm = 지령 15.1mm (책 반두께 19.1) → **판별불가** [키네마틱 파지라 빈손이어도 같은 값이 나온다]
11:57:41 [시뮬] [JUDGE] rise=16.9cm(ok) width=15.1mm = 지령 15.1mm (책 반두께 19.1) → **판별불가** [키네마틱 파지라 빈손이어도 같은 값이 나온다]
11:59:36 [FSM] FSM transition completed: PLACE_BOOK -> UPDATE_DATA
11:59:36 [FSM] FSM transition completed: UPDATE_DATA -> NEXT_BOOK
11:59:36 [FSM] FSM transition completed: NEXT_BOOK -> SELECT_BOOK
11:59:36 [FSM] FSM transition completed: SELECT_BOOK -> NAV_TO_SHELF
11:59:36 [FSM] Navigation succeeded: Navigation waypoint is already satisfied in simulation.
11:59:36 [FSM] FSM transition completed: NAV_TO_SHELF -> DETECT_TARGET_SLOT
11:59:36 [조작] PlaceBook 성공 job=job_28994c282c42 code=0(OK) phase= 배치 확인
11:59:36 [조작] 베이스 회전 명령 전송 (목표 yaw +0°, 서가 거리 0.444)
11:59:36 [시뮬] [JUDGE] width_hold=판별불가[키네마틱] (15.1 → 최소 15.1 mm, 한쪽 기준)
11:59:36 [시뮬] 작업 job_28994c282c42 SUCCEEDED {'phase': 'verify', 'message': '배치 확인', 'placement_verified': True, 'checks': {'upright': True, 'depth': True, 'spine': True, 'x': True, 'floor': True, 'skew': True, 'no_jam': True}, 'fallen
11:59:36 [시뮬] 서가 앞면 0.444 m → 목표 0.444 m (앞뒤 +0.000), 서가 중심 팔기준 x -0.260 → 옆으로 -0.260: 차체를 0.260 m 옮긴다
11:59:36 [FSM] FSM transition completed: PLACE_BOOK -> UPDATE_DATA
11:59:36 [FSM] FSM transition completed: UPDATE_DATA -> NEXT_BOOK
11:59:36 [FSM] FSM transition completed: NEXT_BOOK -> SELECT_BOOK
11:59:36 [FSM] FSM transition completed: SELECT_BOOK -> NAV_TO_SHELF
11:59:36 [FSM] Navigation succeeded: Navigation waypoint is already satisfied in simulation.
11:59:36 [FSM] FSM transition completed: NAV_TO_SHELF -> DETECT_TARGET_SLOT
11:59:36 [조작] PlaceBook 성공 job=job_28994c282c42 code=0(OK) phase= 배치 확인
11:59:36 [조작] 베이스 회전 명령 전송 (목표 yaw +0°, 서가 거리 0.444)
11:59:36 [시뮬] [JUDGE] width_hold=판별불가[키네마틱] (15.1 → 최소 15.1 mm, 한쪽 기준)
11:59:36 [시뮬] 작업 job_28994c282c42 SUCCEEDED {'phase': 'verify', 'message': '배치 확인', 'placement_verified': True, 'checks': {'upright': True, 'depth': True, 'spine': True, 'x': True, 'floor': True, 'skew': True, 'no_jam': True}, 'fallen
11:59:36 [시뮬] 서가 앞면 0.444 m → 목표 0.444 m (앞뒤 +0.000), 서가 중심 팔기준 x -0.260 → 옆으로 -0.260: 차체를 0.260 m 옮긴다
11:59:38 [조작] 베이스 회전 완료
11:59:38 [시뮬] 서가 앞면 실측 0.444 m (목표 0.444), 서가 x 범위 팔기준 -0.71~+0.71
11:59:38 [시뮬] [재측정] 스윕 없이 빈칸만 다시 재고 관측 자세로 돌아간다 — 서가 /World/bookshelves_main/shelf_brown__book_shelf_11 · 판 [1.042, 0.498] · 빈칸 3개 · 관측 자세까지 Δ최대 1.311 rad
11:59:38 [조작] 베이스 회전 완료
11:59:38 [시뮬] 서가 앞면 실측 0.444 m (목표 0.444), 서가 x 범위 팔기준 -0.71~+0.71
11:59:38 [시뮬] [재측정] 스윕 없이 빈칸만 다시 재고 관측 자세로 돌아간다 — 서가 /World/bookshelves_main/shelf_brown__book_shelf_11 · 판 [1.042, 0.498] · 빈칸 3개 · 관측 자세까지 Δ최대 1.311 rad
11:59:43 [FSM] Empty slot detected: frame_id=arm_base_link, x=-0.350, y=0.544, z=0.884, confidence=1.00, candidate_count=9
11:59:43 [FSM] FSM transition completed: DETECT_TARGET_SLOT -> PLACE_BOOK
11:59:43 [FSM] Book-placement goal was accepted.
11:59:43 [조작] 빈칸 관측 버림 (서가 밖): (-0.780, 2.612, 1.385) 서가 x -0.66~0.66 y 0.41~0.80 z -0.33~2.19
11:59:43 [조작] 빈칸 관측 버림 (서가 밖): (-0.786, 0.520, 0.191) 서가 x -0.66~0.66 y 0.41~0.80 z -0.33~2.19
11:59:43 [조작] 빈칸 선택: 책 사이 틈 관측 (0.139, 0.502, 0.359) → 칸 중심 y 0.544, z 0.884 (판 높이로 스냅); 꽂기 전 차체를 옆으로 +0.489 m 옮겨 틈을 x -0.35 에 둔다
11:59:43 [조작] 빈 슬롯 스캔 완료: (-0.35, 0.5439, 0.8839), 삽입깊이 0.300m
11:59:43 [조작] 베이스 회전 명령 전송 (목표 yaw +0°, 서가 거리 0.444)
11:59:43 [시뮬] 작업 job_28994c282c42:scan SUCCEEDED {'phase': 'scan_done', 'message': '서가 스캔 완료', 'placement_verified': False, 'sim_steps': 324, 'render_steps': 324} (5.0s)
11:59:43 [시뮬] 서가 앞면 0.444 m → 목표 0.444 m (앞뒤 -0.000), 서가 중심 팔기준 x +0.489 → 옆으로 +0.489: 차체를 0.489 m 옮긴다
11:59:43 [FSM] Empty slot detected: frame_id=arm_base_link, x=-0.350, y=0.544, z=0.884, confidence=1.00, candidate_count=9
11:59:43 [FSM] FSM transition completed: DETECT_TARGET_SLOT -> PLACE_BOOK
11:59:43 [FSM] Book-placement goal was accepted.
11:59:43 [조작] 빈칸 관측 버림 (서가 밖): (-0.780, 2.612, 1.385) 서가 x -0.66~0.66 y 0.41~0.80 z -0.33~2.19
11:59:43 [조작] 빈칸 관측 버림 (서가 밖): (-0.786, 0.520, 0.191) 서가 x -0.66~0.66 y 0.41~0.80 z -0.33~2.19
11:59:43 [조작] 빈칸 선택: 책 사이 틈 관측 (0.139, 0.502, 0.359) → 칸 중심 y 0.544, z 0.884 (판 높이로 스냅); 꽂기 전 차체를 옆으로 +0.489 m 옮겨 틈을 x -0.35 에 둔다
11:59:43 [조작] 빈 슬롯 스캔 완료: (-0.35, 0.5439, 0.8839), 삽입깊이 0.300m
11:59:43 [조작] 베이스 회전 명령 전송 (목표 yaw +0°, 서가 거리 0.444)
11:59:43 [시뮬] 작업 job_28994c282c42:scan SUCCEEDED {'phase': 'scan_done', 'message': '서가 스캔 완료', 'placement_verified': False, 'sim_steps': 324, 'render_steps': 324} (5.0s)
11:59:43 [시뮬] 서가 앞면 0.444 m → 목표 0.444 m (앞뒤 -0.000), 서가 중심 팔기준 x +0.489 → 옆으로 +0.489: 차체를 0.489 m 옮긴다
11:59:47 [비전] ROI 밖 책: (-0.101, -0.714, -0.341) @arm_base_link
11:59:47 [비전] ROI 밖 책: (-0.399, 0.476, 0.222) @arm_base_link
11:59:47 [비전] ROI 밖 책 2권 제외 (남은 0권). ROI [-0.4, -0.2, 0.0] ~ [-0.26, 0.4, 0.32] @arm_base_link
11:59:47 [조작] 베이스 회전 완료
11:59:47 [시뮬] 서가 앞면 실측 0.444 m (목표 0.444), 서가 x 범위 팔기준 -1.20~+0.22
11:59:47 [비전] ROI 밖 책: (-0.101, -0.714, -0.341) @arm_base_link
11:59:47 [비전] ROI 밖 책: (-0.399, 0.476, 0.222) @arm_base_link
11:59:47 [비전] ROI 밖 책 2권 제외 (남은 0권). ROI [-0.4, -0.2, 0.0] ~ [-0.26, 0.4, 0.32] @arm_base_link
11:59:47 [비전] ROI 밖 책: (-0.123, -0.654, -0.341) @arm_base_link
11:59:47 [비전] ROI 밖 책: (-0.101, -0.733, -0.341) @arm_base_link
11:59:47 [비전] ROI 밖 책: (-0.398, 0.475, 0.224) @arm_base_link
11:59:47 [비전] ROI 밖 책: (-0.468, -0.227, 0.125) @arm_base_link
11:59:47 [비전] ROI 밖 책 4권 제외 (남은 0권). ROI [-0.4, -0.2, 0.0] ~ [-0.26, 0.4, 0.32] @arm_base_link
11:59:47 [조작] 베이스 회전 완료
11:59:47 [시뮬] 서가 앞면 실측 0.444 m (목표 0.444), 서가 x 범위 팔기준 -1.20~+0.22
11:59:48 [비전] ROI 밖 책: (-0.123, -0.654, -0.341) @arm_base_link
11:59:48 [비전] ROI 밖 책: (-0.101, -0.733, -0.341) @arm_base_link
11:59:48 [비전] ROI 밖 책: (-0.398, 0.475, 0.224) @arm_base_link
11:59:48 [비전] ROI 밖 책: (-0.468, -0.227, 0.125) @arm_base_link
11:59:48 [비전] ROI 밖 책 4권 제외 (남은 0권). ROI [-0.4, -0.2, 0.0] ~ [-0.26, 0.4, 0.32] @arm_base_link
11:59:48 [비전] ROI 밖 책: (-0.101, -0.695, -0.341) @arm_base_link
11:59:48 [비전] ROI 밖 책: (-0.399, 0.476, 0.222) @arm_base_link
11:59:48 [비전] ROI 밖 책: (-0.468, -0.227, 0.125) @arm_base_link
11:59:48 [비전] ROI 밖 책 3권 제외 (남은 0권). ROI [-0.4, -0.2, 0.0] ~ [-0.26, 0.4, 0.32] @arm_base_link
11:59:48 [비전] ROI 밖 책: (-0.101, -0.695, -0.341) @arm_base_link
11:59:48 [비전] ROI 밖 책: (-0.399, 0.476, 0.222) @arm_base_link
11:59:48 [비전] ROI 밖 책: (-0.468, -0.227, 0.125) @arm_base_link
11:59:48 [비전] ROI 밖 책 3권 제외 (남은 0권). ROI [-0.4, -0.2, 0.0] ~ [-0.26, 0.4, 0.32] @arm_base_link
11:59:48 [비전] ROI 밖 책: (-0.101, -0.692, -0.341) @arm_base_link
11:59:48 [비전] ROI 밖 책: (-0.398, 0.475, 0.222) @arm_base_link
11:59:48 [비전] ROI 밖 책: (-0.450, 0.151, 0.212) @arm_base_link
11:59:48 [비전] ROI 밖 책 3권 제외 (남은 1권). ROI [-0.4, -0.2, 0.0] ~ [-0.26, 0.4, 0.32] @arm_base_link
11:59:48 [비전] Book picked(best): xyz=(-0.343, 0.151, 0.213), center=(371, 324), conf=0.57, depth=patch, yaw=0.000 rad (후보 1권)
11:59:49 [비전] ROI 밖 책: (-0.101, -0.692, -0.341) @arm_base_link
11:59:49 [비전] ROI 밖 책: (-0.398, 0.475, 0.222) @arm_base_link
11:59:49 [비전] ROI 밖 책: (-0.450, 0.151, 0.212) @arm_base_link
11:59:49 [비전] ROI 밖 책 3권 제외 (남은 1권). ROI [-0.4, -0.2, 0.0] ~ [-0.26, 0.4, 0.32] @arm_base_link
11:59:49 [비전] Book picked(best): xyz=(-0.343, 0.151, 0.213), center=(371, 324), conf=0.57, depth=patch, yaw=0.000 rad (후보 1권)
11:59:49 [비전] ROI 밖 책: (-0.098, -0.692, -0.341) @arm_base_link
11:59:49 [비전] ROI 밖 책: (-0.398, 0.475, 0.222) @arm_base_link
11:59:49 [비전] ROI 밖 책: (-0.450, 0.150, 0.212) @arm_base_link
11:59:49 [비전] ROI 밖 책: (-0.468, -0.227, 0.125) @arm_base_link
11:59:49 [비전] ROI 밖 책 4권 제외 (남은 1권). ROI [-0.4, -0.2, 0.0] ~ [-0.26, 0.4, 0.32] @arm_base_link
11:59:49 [비전] Book picked(best): xyz=(-0.343, 0.151, 0.213), center=(371, 324), conf=0.74, depth=patch, yaw=0.000 rad (후보 1권)
11:59:49 [조작] 책 좌표 정함 (-0.3433, +0.1512, +0.2128) — 관측 2개 · 책 1권 · 고른 책 2개 (x 흔들림 0 mm) → 축마다 중앙값
11:59:49 [조작] 작업 job_28994c282c42 book=book_002 트레이 칸 3 파지 [-0.3433114525399118, 0.15117170616026854, 0.13692934875571808] (vision) → (-0.35, 0.5438500024676323, 0.8839) 삽입 속도 0.030 m/s
11:59:49 [비전] ROI 밖 책: (-0.098, -0.692, -0.341) @arm_base_link
11:59:49 [비전] ROI 밖 책: (-0.398, 0.475, 0.222) @arm_base_link
11:59:49 [비전] ROI 밖 책: (-0.450, 0.150, 0.212) @arm_base_link
11:59:49 [비전] ROI 밖 책: (-0.468, -0.227, 0.125) @arm_base_link
11:59:49 [비전] ROI 밖 책 4권 제외 (남은 1권). ROI [-0.4, -0.2, 0.0] ~ [-0.26, 0.4, 0.32] @arm_base_link
11:59:49 [비전] Book picked(best): xyz=(-0.343, 0.151, 0.213), center=(371, 324), conf=0.74, depth=patch, yaw=0.000 rad (후보 1권)
11:59:49 [조작] 책 좌표 정함 (-0.3433, +0.1512, +0.2128) — 관측 2개 · 책 1권 · 고른 책 2개 (x 흔들림 0 mm) → 축마다 중앙값
11:59:49 [조작] 작업 job_28994c282c42 book=book_002 트레이 칸 3 파지 [-0.3433114525399118, 0.15117170616026854, 0.13692934875571808] (vision) → (-0.35, 0.5438500024676323, 0.8839) 삽입 속도 0.030 m/s
12:00:08 [시뮬] [JUDGE] 손 안 어긋남(406) **판별불가** — 키네마틱 파지는 매 스텝 책을 손에 맞춰 다시 써 넣는다. 이 신호는 마찰 파지(SIM_GRASP_KINEMATIC=0)에서만 의미가 있다
12:00:09 [시뮬] [JUDGE] 손 안 어긋남(406) **판별불가** — 키네마틱 파지는 매 스텝 책을 손에 맞춰 다시 써 넣는다. 이 신호는 마찰 파지(SIM_GRASP_KINEMATIC=0)에서만 의미가 있다
12:00:15 [시뮬] [JUDGE] rise=16.9cm(ok) width=12.8mm = 지령 12.8mm (책 반두께 16.8) → **판별불가** [키네마틱 파지라 빈손이어도 같은 값이 나온다]
12:00:15 [시뮬] [JUDGE] rise=16.9cm(ok) width=12.8mm = 지령 12.8mm (책 반두께 16.8) → **판별불가** [키네마틱 파지라 빈손이어도 같은 값이 나온다]
12:02:12 [FSM] FSM transition completed: PLACE_BOOK -> UPDATE_DATA
12:02:12 [FSM] FSM transition completed: UPDATE_DATA -> NEXT_BOOK
12:02:12 [FSM] FSM transition completed: NEXT_BOOK -> RETURN_HOME
12:02:12 [조작] PlaceBook 성공 job=job_28994c282c42 code=0(OK) phase= 배치 확인
12:02:12 [시뮬] [JUDGE] width_hold=판별불가[키네마틱] (12.8 → 최소 12.8 mm, 한쪽 기준)
12:02:12 [시뮬] 작업 job_28994c282c42 SUCCEEDED {'phase': 'verify', 'message': '배치 확인', 'placement_verified': True, 'checks': {'upright': True, 'depth': True, 'spine': True, 'x': True, 'floor': True, 'skew': True, 'no_jam': True}, 'fallen
12:02:12 [FSM] FSM transition completed: PLACE_BOOK -> UPDATE_DATA
12:02:12 [FSM] FSM transition completed: UPDATE_DATA -> NEXT_BOOK
12:02:12 [FSM] FSM transition completed: NEXT_BOOK -> RETURN_HOME
12:02:12 [조작] PlaceBook 성공 job=job_28994c282c42 code=0(OK) phase= 배치 확인
12:02:12 [시뮬] [JUDGE] width_hold=판별불가[키네마틱] (12.8 → 최소 12.8 mm, 한쪽 기준)
12:02:12 [시뮬] 작업 job_28994c282c42 SUCCEEDED {'phase': 'verify', 'message': '배치 확인', 'placement_verified': True, 'checks': {'upright': True, 'depth': True, 'spine': True, 'x': True, 'floor': True, 'skew': True, 'no_jam': True}, 'fallen
12:02:21 [시뮬] [주행] 회전 끝 — **실측** yaw +90.00° (목표 +90.00°)
12:02:22 [시뮬] [주행] 회전 끝 — **실측** yaw +90.00° (목표 +90.00°)
12:02:23 [FSM] Navigation succeeded: Navigation completed.
12:02:23 [FSM] FSM transition completed: RETURN_HOME -> COMPLETED
12:02:23 [FSM] FSM transition completed: COMPLETED -> IDLE
12:02:23 [시뮬] [주행] 도착 (+4.986, -5.607)
12:02:23 [FSM] Navigation succeeded: Navigation completed.
12:02:23 [FSM] FSM transition completed: RETURN_HOME -> COMPLETED
12:02:23 [FSM] FSM transition completed: COMPLETED -> IDLE
12:02:23 [시뮬] [주행] 도착 (+4.986, -5.607)
12:05:31 [조작] PlaceBook /place_book executor=sim profile=default tray_slots=6 status=/robot/status perception_bridge=True
12:05:31 [시뮬] 관측 자세 손목(관절 7) -59.2° → +30.8° 로 돌림 [SIM_HOME_J7_DEG=+90] (홈은 그대로)
12:05:31 [시뮬] 관측 자세 이동 [0.0, 0.0, 0.1] m: 손 [-0.389, 0.079, 0.573] → [-0.389, 0.079, 0.673], 관절 [2.811, -0.514, 0.102, -2.213, 0.051, 1.701, 0.538] → [2.094, -0.576, 0.563, -1.891, 0.3, 1.397, 0.278] (한계 여유 0.873) [SIM_HOME_SHIFT] (홈은
12:05:57 [FSM] FSM transition completed: PLANNING -> NAV_TO_RETURN
12:05:57 [FSM] Navigation succeeded: Navigation waypoint is already satisfied in simulation.
12:05:57 [FSM] FSM transition completed: NAV_TO_RETURN -> RECEIVE_TRAY
12:05:57 [FSM] FSM transition completed: RECEIVE_TRAY -> SELECT_BOOK
12:05:57 [FSM] FSM transition completed: SELECT_BOOK -> NAV_TO_SHELF
12:06:34 [시뮬] [주행] 도착 (-0.548, +1.225)
12:06:37 [시뮬] [주행] 회전 끝 — **실측** yaw +0.00° (목표 +0.00°)
12:06:38 [FSM] Navigation succeeded: Navigation completed.
12:06:38 [FSM] FSM transition completed: NAV_TO_SHELF -> DETECT_TARGET_SLOT
12:06:38 [조작] 베이스 회전 명령 전송 (목표 yaw +0°, 서가 거리 0.444)
12:06:38 [시뮬] [주행] 도착 (-0.548, +1.225)
12:06:38 [시뮬] 서가 앞면 0.443 m → 목표 0.444 m (앞뒤 -0.001), 서가 중심 팔기준 x -0.417 → 옆으로 -0.417: 차체를 0.417 m 옮긴다
12:06:43 [조작] 베이스 회전 완료
12:06:43 [시뮬] 서가 앞면 실측 0.444 m (목표 0.444), 서가 x 범위 팔기준 -0.71~+0.71
12:06:43 [시뮬] [스윕] 시작 자세 q=[2.811, -0.514, 0.102, -2.213, 0.051, 1.701, -1.033]
12:06:44 [시뮬] [스윕] 판 1.042 (팔기준 z 0.712, 앞면 0.444) 정지점 5/5 여유 0.171 rad 최대변화 0.06 길이 3.95
12:06:44 [시뮬] [스윕] 판 0.498 (팔기준 z 0.168, 앞면 0.444) 정지점 5/5 여유 0.225 rad 최대변화 0.05 길이 2.52
12:06:44 [시뮬] 스윕 시작: 판 [1.042, 0.498], 정지점 10개, 정지 1.2s
12:06:44 [시뮬] [판목록] 레벨 실측 [0.4976, 1.0417, 1.5812, 2.0582, 2.52] · 쓰는 값 [0.497, 0.498, 1.042] · 차이 [-0.3, -0.4, +0.6] mm  (그림자 — 판단은 상수 그대로)
12:06:53 [비전] ROI 밖 책: (0.021, 0.574, 0.394) @arm_base_link
12:06:53 [비전] ROI 밖 책: (-0.625, 0.536, 0.832) @arm_base_link
12:06:53 [비전] ROI 밖 책: (0.062, 0.575, 0.394) @arm_base_link
12:06:53 [비전] ROI 밖 책: (-0.073, 0.546, 0.397) @arm_base_link
12:06:53 [비전] ROI 밖 책: (-0.203, 0.535, 0.403) @arm_base_link
12:06:53 [비전] ROI 밖 책: (-0.228, 0.521, 0.362) @arm_base_link
12:06:53 [비전] ROI 밖 책 6권 제외 (남은 0권). ROI [-0.4, -0.2, 0.0] ~ [-0.26, 0.4, 0.32] @arm_base_link
12:06:53 [비전] Empty center pixel=(276, 259), shelf_front_z=1.528m; Depth L/C/R=0.432/6.085/2.624m; center-left=5.653m, center-right=3.461m; contrast=PASS
12:06:53 [비전] Empty shelf target: xyz=(-0.562, 1.650, 0.917)
12:06:53 [비전] ROI 밖 책: (-0.624, 0.536, 0.832) @arm_base_link
12:06:53 [비전] ROI 밖 책: (0.025, 0.575, 0.395) @arm_base_link
12:06:53 [비전] ROI 밖 책: (0.150, 0.579, 0.394) @arm_base_link
12:06:53 [비전] ROI 밖 책: (0.062, 0.577, 0.394) @arm_base_link
12:06:53 [비전] ROI 밖 책: (-0.018, 0.565, 0.392) @arm_base_link
12:06:53 [비전] ROI 밖 책 5권 제외 (남은 0권). ROI [-0.4, -0.2, 0.0] ~ [-0.26, 0.4, 0.32] @arm_base_link
12:06:54 [비전] Empty center pixel=(256, 261), shelf_front_z=0.497m; Depth L/C/R=0.564/6.095/0.430m; center-left=5.532m, center-right=5.666m; contrast=PASS
12:06:54 [비전] Empty shelf target: xyz=(-0.384, 0.599, 0.898)
12:06:55 [비전] ROI 밖 책: (0.487, 0.579, 0.394) @arm_base_link
12:06:55 [비전] ROI 밖 책: (0.332, 0.551, 0.373) @arm_base_link
12:06:55 [비전] ROI 밖 책: (0.406, 0.532, 0.395) @arm_base_link
12:06:55 [비전] ROI 밖 책: (0.368, 0.537, 0.395) @arm_base_link
12:06:55 [비전] ROI 밖 책: (0.195, 0.573, 0.400) @arm_base_link
12:06:55 [비전] ROI 밖 책: (0.179, 0.532, 0.397) @arm_base_link
12:06:55 [비전] ROI 밖 책: (0.132, 0.548, 0.393) @arm_base_link
12:06:55 [비전] ROI 밖 책: (0.553, 0.614, 0.393) @arm_base_link
12:06:55 [비전] ROI 밖 책: (-0.253, 0.523, 0.352) @arm_base_link
12:06:55 [비전] ROI 밖 책: (0.366, 0.531, 0.396) @arm_base_link
12:06:55 [비전] ROI 밖 책 10권 제외 (남은 0권). ROI [-0.4, -0.2, 0.0] ~ [-0.26, 0.4, 0.32] @arm_base_link
12:06:57 [비전] ROI 밖 책: (0.495, 0.569, 0.394) @arm_base_link
12:06:57 [비전] ROI 밖 책: (0.334, 0.540, 0.385) @arm_base_link
12:06:57 [비전] ROI 밖 책: (0.374, 0.534, 0.396) @arm_base_link
12:06:57 [비전] ROI 밖 책: (0.413, 0.528, 0.395) @arm_base_link
12:06:57 [비전] ROI 밖 책: (0.472, 0.535, 0.394) @arm_base_link
12:06:57 [비전] ROI 밖 책: (0.464, 0.573, 0.393) @arm_base_link
12:06:57 [비전] ROI 밖 책: (0.438, 0.575, 0.394) @arm_base_link
12:06:57 [비전] ROI 밖 책: (-0.020, 0.575, 0.393) @arm_base_link
12:06:57 [비전] ROI 밖 책 8권 제외 (남은 0권). ROI [-0.4, -0.2, 0.0] ~ [-0.26, 0.4, 0.32] @arm_base_link
12:06:59 [비전] ROI 밖 책: (0.210, 0.536, 0.827) @arm_base_link
12:06:59 [비전] ROI 밖 책: (0.431, 0.586, 0.394) @arm_base_link
12:06:59 [비전] ROI 밖 책: (0.503, 0.608, 0.394) @arm_base_link
12:06:59 [비전] ROI 밖 책: (-0.033, 0.578, 0.394) @arm_base_link
12:06:59 [비전] ROI 밖 책: (0.051, 0.579, 0.393) @arm_base_link
12:06:59 [비전] ROI 밖 책: (0.384, 0.543, 0.395) @arm_base_link
12:06:59 [비전] ROI 밖 책: (0.590, 0.620, 0.393) @arm_base_link
12:06:59 [비전] ROI 밖 책: (0.014, 0.575, 0.395) @arm_base_link
12:06:59 [비전] ROI 밖 책 8권 제외 (남은 0권). ROI [-0.4, -0.2, 0.0] ~ [-0.26, 0.4, 0.32] @arm_base_link
12:06:59 [비전] Empty center pixel=(286, 550), shelf_front_z=0.618m; Depth L/C/R=0.677/1.387/0.558m; center-left=0.709m, center-right=0.829m; contrast=PASS
12:06:59 [비전] Empty shelf target: xyz=(0.283, 0.625, 0.344)
12:07:03 [비전] ROI 밖 책: (-1.030, 0.182, -0.342) @arm_base_link
12:07:03 [비전] ROI 밖 책: (0.128, 0.509, 0.339) @arm_base_link
12:07:03 [비전] ROI 밖 책: (0.079, 0.506, 0.341) @arm_base_link
12:07:03 [비전] ROI 밖 책 3권 제외 (남은 2권). ROI [-0.4, -0.2, 0.0] ~ [-0.26, 0.4, 0.32] @arm_base_link
12:07:03 [비전] Book picked(best): xyz=(-0.365, -0.019, 0.216), center=(308, 593), conf=0.89, depth=patch, yaw=0.000 rad (후보 2권)
12:07:03 [비전] Empty center pixel=(157, 340), shelf_front_z=0.839m; Depth L/C/R=0.911/1.051/0.766m; center-left=0.140m, center-right=0.285m; contrast=PASS
12:07:03 [비전] Empty shelf target: xyz=(-0.781, 0.503, 0.170)
12:07:05 [비전] ROI 밖 책: (0.172, 0.511, 0.340) @arm_base_link
12:07:05 [비전] ROI 밖 책: (-0.714, 0.091, -0.001) @arm_base_link
12:07:05 [비전] ROI 밖 책: (0.132, 0.511, 0.340) @arm_base_link
12:07:05 [비전] ROI 밖 책 3권 제외 (남은 2권). ROI [-0.4, -0.2, 0.0] ~ [-0.26, 0.4, 0.32] @arm_base_link
12:07:05 [비전] Book picked(best): xyz=(-0.359, -0.018, 0.216), center=(180, 592), conf=0.86, depth=patch, yaw=0.000 rad (후보 2권)
12:07:05 [비전] Empty center pixel=(98, 358), shelf_front_z=0.861m; Depth L/C/R=0.913/1.016/0.808m; center-left=0.103m, center-right=0.208m; contrast=PASS
12:07:05 [비전] Empty shelf target: xyz=(-0.781, 0.486, 0.117)
12:07:06 [비전] ROI 밖 책: (0.564, 0.183, -0.342) @arm_base_link
12:07:06 [비전] ROI 밖 책: (-0.428, 0.033, 0.156) @arm_base_link
12:07:06 [비전] ROI 밖 책: (0.176, 0.512, 0.339) @arm_base_link
12:07:06 [비전] ROI 밖 책 3권 제외 (남은 1권). ROI [-0.4, -0.2, 0.0] ~ [-0.26, 0.4, 0.32] @arm_base_link
12:07:06 [비전] Book picked(best): xyz=(-0.308, -0.026, 0.201), center=(85, 602), conf=0.92, depth=patch, yaw=0.000 rad (후보 1권)
12:07:06 [비전] Empty center pixel=(433, 275), shelf_front_z=0.731m; Depth L/C/R=0.718/2.016/0.744m; center-left=1.298m, center-right=1.272m; contrast=PASS
12:07:06 [비전] Empty shelf target: xyz=(0.260, 0.521, 0.358)
12:07:08 [비전] ROI 밖 책: (0.592, 0.180, -0.341) @arm_base_link
12:07:08 [비전] ROI 밖 책 1권 제외 (남은 0권). ROI [-0.4, -0.2, 0.0] ~ [-0.26, 0.4, 0.32] @arm_base_link
12:07:08 [비전] Empty center pixel=(359, 274), shelf_front_z=0.713m; Depth L/C/R=0.690/2.043/0.735m; center-left=1.353m, center-right=1.308m; contrast=PASS
12:07:08 [비전] Empty shelf target: xyz=(0.262, 0.506, 0.370)
12:07:10 [비전] ROI 밖 책: (0.674, 0.183, -0.341) @arm_base_link
12:07:10 [비전] ROI 밖 책: (-0.320, 0.522, 0.346) @arm_base_link
12:07:10 [비전] ROI 밖 책: (0.487, 0.520, 0.360) @arm_base_link
12:07:10 [비전] ROI 밖 책 3권 제외 (남은 0권). ROI [-0.4, -0.2, 0.0] ~ [-0.26, 0.4, 0.32] @arm_base_link
12:07:10 [비전] Empty center pixel=(294, 273), shelf_front_z=0.748m; Depth L/C/R=0.784/2.052/0.713m; center-left=1.269m, center-right=1.339m; contrast=PASS
12:07:10 [비전] Empty shelf target: xyz=(0.288, 0.538, 0.352)
12:07:17 [FSM] Empty slot detected: frame_id=arm_base_link, x=-0.350, y=0.544, z=0.340, confidence=1.00, candidate_count=8
12:07:17 [FSM] FSM transition completed: DETECT_TARGET_SLOT -> PLACE_BOOK
12:07:17 [FSM] Book-placement goal was accepted.
12:07:17 [조작] 빈칸 관측 버림 (서가 밖): (-0.781, 0.503, 0.170) 서가 x -0.66~0.66 y 0.41~0.80 z -0.33~2.19
12:07:17 [조작] 빈칸 관측 버림 (서가 밖): (-0.781, 0.486, 0.117) 서가 x -0.66~0.66 y 0.41~0.80 z -0.33~2.19
12:07:17 [조작] 빈칸 선택: 책 사이 틈 관측 (0.273, 0.521, 0.358) → 칸 중심 y 0.544, z 0.340 (판 높이로 스냅); 꽂기 전 차체를 옆으로 +0.623 m 옮겨 틈을 x -0.35 에 둔다
12:07:17 [조작] 빈 슬롯 스캔 완료: (-0.35, 0.5439, 0.3399), 삽입깊이 0.300m
12:07:17 [조작] 베이스 회전 명령 전송 (목표 yaw +0°, 서가 거리 0.444)
12:07:17 [시뮬] 작업 job_c947c2b919ec:scan SUCCEEDED {'phase': 'scan_done', 'message': '서가 스캔 완료', 'placement_verified': False, 'sim_steps': 2039, 'render_steps': 2039} (32.7s)
12:07:17 [시뮬] 서가 앞면 0.444 m → 목표 0.444 m (앞뒤 +0.000), 서가 중심 팔기준 x +0.623 → 옆으로 +0.623: 차체를 0.623 m 옮긴다
12:07:25 [비전] ROI 밖 책: (-0.123, -0.679, -0.341) @arm_base_link
12:07:25 [비전] ROI 밖 책: (0.485, 0.258, -0.341) @arm_base_link
12:07:25 [비전] ROI 밖 책: (-0.231, 0.505, 0.206) @arm_base_link
12:07:25 [비전] ROI 밖 책: (-0.531, 0.505, 0.207) @arm_base_link
12:07:25 [비전] ROI 밖 책 4권 제외 (남은 4권). ROI [-0.4, -0.2, 0.0] ~ [-0.26, 0.4, 0.32] @arm_base_link
12:07:25 [비전] Book picked(best): xyz=(-0.359, -0.002, 0.212), center=(262, 313), conf=0.86, depth=patch, yaw=0.000 rad (후보 4권)
12:07:25 [조작] 베이스 회전 완료
12:07:25 [시뮬] 서가 앞면 실측 0.444 m (목표 0.444), 서가 x 범위 팔기준 -1.33~+0.08
12:07:26 [비전] ROI 밖 책: (-0.123, -0.670, -0.341) @arm_base_link
12:07:26 [비전] ROI 밖 책: (-0.231, 0.505, 0.206) @arm_base_link
12:07:26 [비전] ROI 밖 책: (-0.450, 0.153, 0.211) @arm_base_link
12:07:26 [비전] ROI 밖 책 3권 제외 (남은 4권). ROI [-0.4, -0.2, 0.0] ~ [-0.26, 0.4, 0.32] @arm_base_link
12:07:26 [비전] Book picked(best): xyz=(-0.362, -0.003, 0.212), center=(261, 311), conf=0.86, depth=patch, yaw=0.000 rad (후보 4권)
12:07:26 [조작] 책 좌표 정함 (-0.3603, -0.0023, +0.2118) — 관측 2개 · 책 1권 · 고른 책 2개 (x 흔들림 3 mm) → 축마다 중앙값
12:07:26 [조작] 작업 job_c947c2b919ec book=book_003 트레이 칸 0 파지 [-0.360257969510343, -0.0022812149030743967, 0.13592149808734155] (vision) → (-0.35, 0.5438500024676323, 0.3399) 삽입 속도 0.030 m/s
12:07:40 [시뮬] [JUDGE] 손 안 어긋남(406) **판별불가** — 키네마틱 파지는 매 스텝 책을 손에 맞춰 다시 써 넣는다. 이 신호는 마찰 파지(SIM_GRASP_KINEMATIC=0)에서만 의미가 있다
12:07:47 [시뮬] [JUDGE] rise=16.9cm(ok) width=13.6mm = 지령 13.6mm (책 반두께 17.6) → **판별불가** [키네마틱 파지라 빈손이어도 같은 값이 나온다]
12:09:45 [FSM] FSM transition completed: PLACE_BOOK -> UPDATE_DATA
12:09:45 [FSM] FSM transition completed: UPDATE_DATA -> NEXT_BOOK
12:09:45 [FSM] FSM transition completed: NEXT_BOOK -> SELECT_BOOK
12:09:45 [FSM] FSM transition completed: SELECT_BOOK -> NAV_TO_SHELF
12:09:45 [FSM] Navigation succeeded: Navigation waypoint is already satisfied in simulation.
12:09:45 [FSM] FSM transition completed: NAV_TO_SHELF -> DETECT_TARGET_SLOT
12:09:45 [조작] PlaceBook 성공 job=job_c947c2b919ec code=0(OK) phase= 배치 확인
12:09:45 [조작] 베이스 회전 명령 전송 (목표 yaw +0°, 서가 거리 0.444)
12:09:45 [시뮬] [JUDGE] width_hold=판별불가[키네마틱] (13.6 → 최소 13.6 mm, 한쪽 기준)
12:09:45 [시뮬] 작업 job_c947c2b919ec SUCCEEDED {'phase': 'verify', 'message': '배치 확인', 'placement_verified': True, 'checks': {'upright': True, 'depth': True, 'spine': True, 'x': True, 'floor': True, 'skew': True, 'no_jam': True}, 'fallen
12:09:45 [시뮬] 서가 앞면 0.444 m → 목표 0.444 m (앞뒤 +0.000), 서가 중심 팔기준 x -0.623 → 옆으로 -0.623: 차체를 0.623 m 옮긴다
12:09:50 [조작] 베이스 회전 완료
12:09:50 [시뮬] 서가 앞면 실측 0.444 m (목표 0.444), 서가 x 범위 팔기준 -0.71~+0.71
12:09:50 [시뮬] [재측정] 스윕 없이 빈칸만 다시 재고 관측 자세로 돌아간다 — 서가 /World/bookshelves_main/shelf_brown__book_shelf_01 · 판 [1.042, 0.498] · 빈칸 4개 · 관측 자세까지 Δ최대 1.311 rad
12:09:55 [FSM] Empty slot detected: frame_id=arm_base_link, x=-0.350, y=0.544, z=0.884, confidence=1.00, candidate_count=8
12:09:55 [FSM] FSM transition completed: DETECT_TARGET_SLOT -> PLACE_BOOK
12:09:55 [FSM] Book-placement goal was accepted.
12:09:55 [조작] 빈칸 관측 버림 (서가 밖): (-0.781, 0.503, 0.170) 서가 x -0.66~0.66 y 0.41~0.80 z -0.33~2.19
12:09:55 [조작] 빈칸 관측 버림 (서가 밖): (-0.781, 0.486, 0.117) 서가 x -0.66~0.66 y 0.41~0.80 z -0.33~2.19
12:09:55 [조작] 빈칸 선택: 책 사이 틈 관측 (-0.401, 0.521, 0.358) → 칸 중심 y 0.544, z 0.884 (판 높이로 스냅); 꽂기 전 차체를 옆으로 -0.051 m 옮겨 틈을 x -0.35 에 둔다
12:09:55 [조작] 빈 슬롯 스캔 완료: (-0.35, 0.5439, 0.8839), 삽입깊이 0.300m
12:09:55 [조작] 베이스 회전 명령 전송 (목표 yaw +0°, 서가 거리 0.444)
12:09:55 [시뮬] 작업 job_c947c2b919ec:scan SUCCEEDED {'phase': 'scan_done', 'message': '서가 스캔 완료', 'placement_verified': False, 'sim_steps': 324, 'render_steps': 324} (5.2s)
12:09:55 [시뮬] 서가 앞면 0.444 m → 목표 0.444 m (앞뒤 -0.000), 서가 중심 팔기준 x -0.051 → 옆으로 -0.051: 차체를 0.051 m 옮긴다
12:09:56 [비전] ROI 밖 책: (-0.120, -0.689, -0.341) @arm_base_link
12:09:56 [비전] ROI 밖 책: (0.485, 0.230, -0.341) @arm_base_link
12:09:56 [비전] ROI 밖 책 2권 제외 (남은 1권). ROI [-0.4, -0.2, 0.0] ~ [-0.26, 0.4, 0.32] @arm_base_link
12:09:56 [비전] Book picked(best): xyz=(-0.344, -0.104, 0.212), center=(189, 324), conf=0.71, depth=patch, yaw=0.000 rad (후보 1권)
12:09:56 [조작] 베이스 회전 완료
12:09:56 [시뮬] 서가 앞면 실측 0.444 m (목표 0.444), 서가 x 범위 팔기준 -0.66~+0.76
12:09:57 [비전] ROI 밖 책: (-0.111, -0.705, -0.341) @arm_base_link
12:09:57 [비전] ROI 밖 책 1권 제외 (남은 1권). ROI [-0.4, -0.2, 0.0] ~ [-0.26, 0.4, 0.32] @arm_base_link
12:09:57 [비전] Book picked(best): xyz=(-0.344, -0.104, 0.212), center=(189, 324), conf=0.72, depth=patch, yaw=0.000 rad (후보 1권)
12:09:57 [조작] 책 좌표 정함 (-0.3435, -0.1039, +0.2122) — 관측 2개 · 책 1권 · 고른 책 2개 (x 흔들림 0 mm) → 축마다 중앙값
12:09:57 [조작] 작업 job_c947c2b919ec book=book_004 트레이 칸 1 파지 [-0.3435067920905074, -0.103853862832113, 0.13637058411567168] (vision) → (-0.35, 0.5438500024676323, 0.8839) 삽입 속도 0.030 m/s
12:10:14 [시뮬] [JUDGE] 손 안 어긋남(406) **판별불가** — 키네마틱 파지는 매 스텝 책을 손에 맞춰 다시 써 넣는다. 이 신호는 마찰 파지(SIM_GRASP_KINEMATIC=0)에서만 의미가 있다
12:10:21 [시뮬] [JUDGE] rise=16.9cm(ok) width=17.6mm = 지령 17.6mm (책 반두께 21.6) → **판별불가** [키네마틱 파지라 빈손이어도 같은 값이 나온다]
12:12:15 [FSM] FSM transition completed: PLACE_BOOK -> UPDATE_DATA
12:12:15 [FSM] FSM transition completed: UPDATE_DATA -> NEXT_BOOK
12:12:15 [FSM] FSM transition completed: NEXT_BOOK -> SELECT_BOOK
12:12:15 [FSM] FSM transition completed: SELECT_BOOK -> NAV_TO_SHELF
12:12:15 [조작] PlaceBook 성공 job=job_c947c2b919ec code=0(OK) phase= 배치 확인
12:12:15 [시뮬] [JUDGE] width_hold=판별불가[키네마틱] (17.6 → 최소 17.6 mm, 한쪽 기준)
12:12:15 [시뮬] 작업 job_c947c2b919ec SUCCEEDED {'phase': 'verify', 'message': '배치 확인', 'placement_verified': True, 'checks': {'upright': True, 'depth': True, 'spine': True, 'x': True, 'floor': True, 'skew': True, 'no_jam': True}, 'fallen
12:12:42 [시뮬] [주행] 도착 (+2.535, -3.019)
12:12:45 [시뮬] [주행] 회전 끝 — **실측** yaw +0.00° (목표 +0.00°)
12:12:46 [FSM] Navigation succeeded: Navigation completed.
12:12:46 [FSM] FSM transition completed: NAV_TO_SHELF -> DETECT_TARGET_SLOT
12:12:46 [조작] 베이스 회전 명령 전송 (목표 yaw +0°, 서가 거리 0.444)
12:12:46 [시뮬] [주행] 도착 (+2.535, -3.019)
12:12:46 [시뮬] 서가 앞면 0.443 m → 목표 0.444 m (앞뒤 -0.001), 서가 중심 팔기준 x -0.261 → 옆으로 -0.261: 차체를 0.261 m 옮긴다
12:12:48 [조작] 베이스 회전 완료
12:12:48 [시뮬] 서가 앞면 실측 0.444 m (목표 0.444), 서가 x 범위 팔기준 -0.71~+0.71
12:12:48 [시뮬] [재측정] 스윕 없이 빈칸만 다시 재고 관측 자세로 돌아간다 — 서가 /World/bookshelves_main/shelf_brown__book_shelf_11 · 판 [1.042, 0.498] · 빈칸 2개 · 관측 자세까지 Δ최대 1.542 rad
12:12:55 [시뮬] 작업 job_c947c2b919ec:scan SUCCEEDED {'phase': 'scan_done', 'message': '서가 스캔 완료', 'placement_verified': False, 'sim_steps': 381, 'render_steps': 381} (6.2s)
12:12:55 [시뮬] [스윕] 시작 자세 q=[2.0937, -0.5756, 0.5627, -1.8915, 0.2999, 1.3974, 0.2783]
12:12:55 [시뮬] [스윕] 판 1.042 (팔기준 z 0.712, 앞면 0.444) 정지점 5/5 여유 0.518 rad 최대변화 0.06 길이 2.68
12:12:55 [시뮬] [스윕] 판 0.498 (팔기준 z 0.168, 앞면 0.444) 정지점 5/5 여유 0.221 rad 최대변화 0.05 길이 2.45
12:12:55 [시뮬] 스윕 시작: 판 [1.042, 0.498], 정지점 10개, 정지 1.2s
12:12:55 [시뮬] [판목록] 레벨 실측 [0.4976, 1.0417, 1.5812, 2.0582, 2.52] · 쓰는 값 [0.497, 0.498, 1.042] · 차이 [-0.3, -0.4, +0.6] mm  (그림자 — 판단은 상수 그대로)
12:12:58 [비전] ROI 밖 책: (-0.627, 0.507, 0.833) @arm_base_link
12:12:58 [비전] ROI 밖 책 1권 제외 (남은 0권). ROI [-0.4, -0.2, 0.0] ~ [-0.26, 0.4, 0.32] @arm_base_link
12:12:58 [비전] Empty center pixel=(263, 198), shelf_front_z=2.394m; Depth L/C/R=2.392/4.407/2.395m; center-left=2.014m, center-right=2.011m; contrast=PASS
12:12:58 [비전] Empty shelf target: xyz=(-0.782, 2.612, 1.382)
12:13:00 [비전] ROI 밖 책: (0.239, 0.553, 0.420) @arm_base_link
12:13:00 [비전] ROI 밖 책: (0.022, 0.545, 0.395) @arm_base_link
12:13:00 [비전] ROI 밖 책: (0.097, 0.532, 0.397) @arm_base_link
12:13:00 [비전] ROI 밖 책: (-0.028, 0.524, 0.392) @arm_base_link
12:13:00 [비전] ROI 밖 책 4권 제외 (남은 0권). ROI [-0.4, -0.2, 0.0] ~ [-0.26, 0.4, 0.32] @arm_base_link
12:13:02 [비전] ROI 밖 책: (0.473, 0.550, 0.392) @arm_base_link
12:13:02 [비전] ROI 밖 책: (0.499, 0.559, 0.393) @arm_base_link
12:13:02 [비전] ROI 밖 책: (0.428, 0.537, 0.395) @arm_base_link
12:13:02 [비전] ROI 밖 책: (0.096, 0.533, 0.395) @arm_base_link
12:13:02 [비전] ROI 밖 책: (0.041, 0.537, 0.394) @arm_base_link
12:13:02 [비전] ROI 밖 책: (0.260, 0.523, 0.395) @arm_base_link
12:13:02 [비전] ROI 밖 책: (0.448, 0.538, 0.394) @arm_base_link
12:13:02 [비전] ROI 밖 책: (0.522, 0.559, 0.396) @arm_base_link
12:13:02 [비전] ROI 밖 책: (0.350, 0.544, 0.395) @arm_base_link
12:13:02 [비전] ROI 밖 책: (0.388, 0.552, 0.395) @arm_base_link
12:13:02 [비전] ROI 밖 책: (0.295, 0.523, 0.395) @arm_base_link
12:13:02 [비전] ROI 밖 책: (0.058, 0.540, 0.393) @arm_base_link
12:13:02 [비전] ROI 밖 책: (0.176, 0.520, 0.398) @arm_base_link
12:13:02 [비전] ROI 밖 책 13권 제외 (남은 0권). ROI [-0.4, -0.2, 0.0] ~ [-0.26, 0.4, 0.32] @arm_base_link
12:13:02 [비전] Empty center pixel=(221, 510), shelf_front_z=1.606m; Depth L/C/R=1.606/1.613/1.606m; center-left=0.006m, center-right=0.007m; contrast=CHECK
12:13:04 [비전] ROI 밖 책: (0.428, 0.536, 0.394) @arm_base_link
12:13:04 [비전] ROI 밖 책: (0.268, 0.530, 0.392) @arm_base_link
12:13:04 [비전] ROI 밖 책: (0.300, 0.524, 0.396) @arm_base_link
12:13:04 [비전] ROI 밖 책: (0.377, 0.527, 0.396) @arm_base_link
12:13:04 [비전] ROI 밖 책: (0.494, 0.545, 0.394) @arm_base_link
12:13:04 [비전] ROI 밖 책: (0.459, 0.541, 0.394) @arm_base_link
12:13:04 [비전] ROI 밖 책: (-0.017, 0.548, 0.394) @arm_base_link
12:13:04 [비전] ROI 밖 책: (0.488, 0.534, 0.392) @arm_base_link
12:13:04 [비전] ROI 밖 책: (0.441, 0.529, 0.394) @arm_base_link
12:13:04 [비전] ROI 밖 책: (0.012, 0.558, 0.395) @arm_base_link
12:13:04 [비전] ROI 밖 책: (0.542, 0.548, 0.394) @arm_base_link
12:13:04 [비전] ROI 밖 책: (0.426, 0.531, 0.395) @arm_base_link
12:13:04 [비전] ROI 밖 책: (0.046, 0.552, 0.394) @arm_base_link
12:13:04 [비전] ROI 밖 책 13권 제외 (남은 0권). ROI [-0.4, -0.2, 0.0] ~ [-0.26, 0.4, 0.32] @arm_base_link
12:13:04 [비전] Empty center pixel=(300, 296), shelf_front_z=0.519m; Depth L/C/R=0.553/2.480/0.484m; center-left=1.927m, center-right=1.996m; contrast=PASS
12:13:04 [비전] Empty shelf target: xyz=(0.142, 0.612, 0.842)
12:13:06 [비전] ROI 밖 책: (0.245, 0.519, 0.394) @arm_base_link
12:13:06 [비전] ROI 밖 책: (0.267, 0.521, 0.393) @arm_base_link
12:13:06 [비전] ROI 밖 책: (0.429, 0.544, 0.394) @arm_base_link
12:13:06 [비전] ROI 밖 책: (0.580, 0.574, 0.394) @arm_base_link
12:13:06 [비전] ROI 밖 책: (0.496, 0.556, 0.392) @arm_base_link
12:13:06 [비전] ROI 밖 책: (0.381, 0.528, 0.396) @arm_base_link
12:13:06 [비전] ROI 밖 책: (0.050, 0.550, 0.394) @arm_base_link
12:13:06 [비전] ROI 밖 책: (0.486, 0.525, 0.393) @arm_base_link
12:13:06 [비전] ROI 밖 책: (0.459, 0.533, 0.393) @arm_base_link
12:13:06 [비전] ROI 밖 책: (0.606, 0.557, 0.406) @arm_base_link
12:13:06 [비전] ROI 밖 책 10권 제외 (남은 0권). ROI [-0.4, -0.2, 0.0] ~ [-0.26, 0.4, 0.32] @arm_base_link
12:13:06 [비전] Empty center pixel=(183, 290), shelf_front_z=0.453m; Depth L/C/R=0.494/4.634/0.412m; center-left=4.140m, center-right=4.221m; contrast=PASS
12:13:06 [비전] Empty shelf target: xyz=(0.153, 0.548, 0.856)
12:13:10 [비전] ROI 밖 책: (0.168, 0.484, 0.332) @arm_base_link
12:13:10 [비전] ROI 밖 책: (0.122, 0.481, 0.339) @arm_base_link
12:13:10 [비전] ROI 밖 책: (-1.023, 0.181, -0.340) @arm_base_link
12:13:10 [비전] ROI 밖 책: (0.077, 0.477, 0.341) @arm_base_link
12:13:10 [비전] ROI 밖 책: (0.303, 0.478, 0.319) @arm_base_link
12:13:10 [비전] ROI 밖 책 5권 제외 (남은 0권). ROI [-0.4, -0.2, 0.0] ~ [-0.26, 0.4, 0.32] @arm_base_link
12:13:10 [비전] Empty center pixel=(155, 330), shelf_front_z=0.839m; Depth L/C/R=0.932/1.074/0.745m; center-left=0.141m, center-right=0.328m; contrast=PASS
12:13:10 [비전] Empty shelf target: xyz=(-0.786, 0.520, 0.190)
12:13:12 [비전] ROI 밖 책: (0.168, 0.483, 0.342) @arm_base_link
12:13:12 [비전] ROI 밖 책: (0.367, 0.476, 0.326) @arm_base_link
12:13:12 [비전] ROI 밖 책: (0.324, 0.478, 0.330) @arm_base_link
12:13:12 [비전] ROI 밖 책: (0.278, 0.481, 0.319) @arm_base_link
12:13:12 [비전] ROI 밖 책: (0.307, 0.476, 0.319) @arm_base_link
12:13:12 [비전] ROI 밖 책: (0.129, 0.482, 0.338) @arm_base_link
12:13:12 [비전] ROI 밖 책: (-0.715, 0.091, -0.001) @arm_base_link
12:13:12 [비전] ROI 밖 책: (0.458, 0.474, 0.343) @arm_base_link
12:13:12 [비전] ROI 밖 책: (-1.200, 0.490, -0.195) @arm_base_link
12:13:12 [비전] ROI 밖 책 9권 제외 (남은 0권). ROI [-0.4, -0.2, 0.0] ~ [-0.26, 0.4, 0.32] @arm_base_link
12:13:12 [비전] Empty center pixel=(354, 279), shelf_front_z=0.704m; Depth L/C/R=0.707/1.999/0.700m; center-left=1.291m, center-right=1.298m; contrast=PASS
12:13:12 [비전] Empty shelf target: xyz=(-0.100, 0.491, 0.366)
12:13:14 [비전] ROI 밖 책: (0.369, 0.477, 0.333) @arm_base_link
12:13:14 [비전] ROI 밖 책: (0.171, 0.483, 0.350) @arm_base_link
12:13:14 [비전] ROI 밖 책: (0.336, 0.478, 0.332) @arm_base_link
12:13:14 [비전] ROI 밖 책: (0.282, 0.480, 0.325) @arm_base_link
12:13:14 [비전] ROI 밖 책: (0.932, 0.495, -0.318) @arm_base_link
12:13:14 [비전] ROI 밖 책: (0.129, 0.485, 0.352) @arm_base_link
12:13:14 [비전] ROI 밖 책 6권 제외 (남은 0권). ROI [-0.4, -0.2, 0.0] ~ [-0.26, 0.4, 0.32] @arm_base_link
12:13:14 [비전] Empty center pixel=(286, 280), shelf_front_z=0.704m; Depth L/C/R=0.716/1.990/0.692m; center-left=1.274m, center-right=1.298m; contrast=PASS
12:13:14 [비전] Empty shelf target: xyz=(-0.076, 0.490, 0.364)
12:13:15 [비전] ROI 밖 책: (0.447, 0.476, 0.360) @arm_base_link
12:13:15 [비전] ROI 밖 책: (0.337, 0.479, 0.329) @arm_base_link
12:13:15 [비전] ROI 밖 책: (0.375, 0.476, 0.328) @arm_base_link
12:13:15 [비전] ROI 밖 책: (0.481, 0.478, 0.348) @arm_base_link
12:13:15 [비전] ROI 밖 책: (0.560, 0.038, -0.341) @arm_base_link
12:13:15 [비전] ROI 밖 책: (0.267, 0.484, 0.341) @arm_base_link
12:13:15 [비전] ROI 밖 책 6권 제외 (남은 0권). ROI [-0.4, -0.2, 0.0] ~ [-0.26, 0.4, 0.32] @arm_base_link
12:13:16 [비전] Empty center pixel=(214, 280), shelf_front_z=0.718m; Depth L/C/R=0.744/1.973/0.693m; center-left=1.229m, center-right=1.280m; contrast=PASS
12:13:16 [비전] Empty shelf target: xyz=(-0.066, 0.502, 0.356)
12:13:18 [비전] ROI 밖 책: (0.557, 0.487, 0.363) @arm_base_link
12:13:18 [비전] ROI 밖 책: (0.482, 0.491, 0.363) @arm_base_link
12:13:18 [비전] ROI 밖 책: (0.592, 0.477, 0.345) @arm_base_link
12:13:18 [비전] ROI 밖 책: (0.454, 0.474, 0.342) @arm_base_link
12:13:18 [비전] ROI 밖 책 4권 제외 (남은 0권). ROI [-0.4, -0.2, 0.0] ~ [-0.26, 0.4, 0.32] @arm_base_link
12:13:18 [비전] Empty center pixel=(139, 279), shelf_front_z=0.716m; Depth L/C/R=0.742/0.822/0.690m; center-left=0.080m, center-right=0.132m; contrast=PASS
12:13:18 [비전] Empty shelf target: xyz=(-0.060, 0.502, 0.359)
12:13:24 [FSM] Empty slot detected: frame_id=arm_base_link, x=-0.350, y=0.544, z=0.340, confidence=1.00, candidate_count=8
12:13:24 [FSM] FSM transition completed: DETECT_TARGET_SLOT -> PLACE_BOOK
12:13:24 [FSM] Book-placement goal was accepted.
12:13:24 [조작] 빈칸 관측 버림 (서가 밖): (-0.782, 2.612, 1.382) 서가 x -0.66~0.66 y 0.41~0.80 z -0.33~2.19
12:13:24 [조작] 빈칸 관측 버림 (서가 밖): (-0.786, 0.520, 0.190) 서가 x -0.66~0.66 y 0.41~0.80 z -0.33~2.19
12:13:24 [조작] 빈칸 선택: 책 사이 틈 관측 (-0.090, 0.502, 0.359) → 칸 중심 y 0.544, z 0.340 (판 높이로 스냅); 꽂기 전 차체를 옆으로 +0.260 m 옮겨 틈을 x -0.35 에 둔다
12:13:24 [조작] 빈 슬롯 스캔 완료: (-0.35, 0.5439, 0.3399), 삽입깊이 0.300m
12:13:24 [조작] 베이스 회전 명령 전송 (목표 yaw +0°, 서가 거리 0.444)
12:13:24 [시뮬] 작업 job_c947c2b919ec:scan SUCCEEDED {'phase': 'scan_done', 'message': '서가 스캔 완료', 'placement_verified': False, 'sim_steps': 1829, 'render_steps': 1829} (29.4s)
12:13:24 [시뮬] 서가 앞면 0.444 m → 목표 0.444 m (앞뒤 +0.000), 서가 중심 팔기준 x +0.260 → 옆으로 +0.260: 차체를 0.260 m 옮긴다
12:13:27 [비전] ROI 밖 책: (-0.139, -0.651, -0.341) @arm_base_link
12:13:27 [비전] ROI 밖 책: (-0.155, 0.477, 0.220) @arm_base_link
12:13:27 [비전] ROI 밖 책 2권 제외 (남은 1권). ROI [-0.4, -0.2, 0.0] ~ [-0.26, 0.4, 0.32] @arm_base_link
12:13:27 [비전] Book picked(best): xyz=(-0.348, -0.180, 0.188), center=(144, 321), conf=0.59, depth=patch, yaw=0.000 rad (후보 1권)
12:13:27 [비전] ROI 밖 책: (-0.123, -0.679, -0.341) @arm_base_link
12:13:27 [비전] ROI 밖 책 1권 제외 (남은 0권). ROI [-0.4, -0.2, 0.0] ~ [-0.26, 0.4, 0.32] @arm_base_link
12:13:27 [조작] 베이스 회전 완료
12:13:27 [시뮬] 서가 앞면 실측 0.444 m (목표 0.444), 서가 x 범위 팔기준 -0.97~+0.45
12:13:28 [비전] ROI 밖 책: (-0.117, -0.676, -0.341) @arm_base_link
12:13:28 [비전] ROI 밖 책 1권 제외 (남은 0권). ROI [-0.4, -0.2, 0.0] ~ [-0.26, 0.4, 0.32] @arm_base_link
12:13:28 [비전] ROI 밖 책: (-0.123, -0.676, -0.341) @arm_base_link
12:13:28 [비전] ROI 밖 책 1권 제외 (남은 0권). ROI [-0.4, -0.2, 0.0] ~ [-0.26, 0.4, 0.32] @arm_base_link
12:13:29 [비전] ROI 밖 책: (-0.120, -0.670, -0.341) @arm_base_link
12:13:29 [비전] ROI 밖 책 1권 제외 (남은 0권). ROI [-0.4, -0.2, 0.0] ~ [-0.26, 0.4, 0.32] @arm_base_link
12:13:29 [비전] ROI 밖 책: (-0.161, -0.667, -0.341) @arm_base_link
12:13:29 [비전] ROI 밖 책 1권 제외 (남은 0권). ROI [-0.4, -0.2, 0.0] ~ [-0.26, 0.4, 0.32] @arm_base_link
12:13:30 [비전] ROI 밖 책: (-0.123, -0.673, -0.341) @arm_base_link
12:13:30 [비전] ROI 밖 책 1권 제외 (남은 0권). ROI [-0.4, -0.2, 0.0] ~ [-0.26, 0.4, 0.32] @arm_base_link
12:13:30 [비전] ROI 밖 책: (-0.126, -0.670, -0.341) @arm_base_link
12:13:30 [비전] ROI 밖 책: (-0.156, 0.477, 0.220) @arm_base_link
12:13:30 [비전] ROI 밖 책 2권 제외 (남은 0권). ROI [-0.4, -0.2, 0.0] ~ [-0.26, 0.4, 0.32] @arm_base_link
12:13:31 [비전] ROI 밖 책: (-0.139, -0.670, -0.341) @arm_base_link
12:13:31 [비전] ROI 밖 책 1권 제외 (남은 1권). ROI [-0.4, -0.2, 0.0] ~ [-0.26, 0.4, 0.32] @arm_base_link
12:13:31 [비전] Book picked(best): xyz=(-0.365, -0.186, 0.191), center=(139, 309), conf=0.58, depth=patch, yaw=0.000 rad (후보 1권)
12:13:31 [조작] 책 좌표 정함 (-0.3565, -0.1834, +0.1893) — 관측 2개 · 책 1권 · 고른 책 2개 (x 흔들림 18 mm) → 축마다 중앙값
12:13:31 [조작] 작업 job_c947c2b919ec book=book_001 트레이 칸 2 파지 [-0.35653262779344136, -0.18338409016906948, 0.11341076720592572] (vision) → (-0.35, 0.5438500024676323, 0.3399) 삽입 속도 0.030 m/s
12:13:44 [시뮬] [JUDGE] 손 안 어긋남(406) **판별불가** — 키네마틱 파지는 매 스텝 책을 손에 맞춰 다시 써 넣는다. 이 신호는 마찰 파지(SIM_GRASP_KINEMATIC=0)에서만 의미가 있다
12:13:52 [시뮬] [JUDGE] rise=16.9cm(ok) width=15.1mm = 지령 15.1mm (책 반두께 19.1) → **판별불가** [키네마틱 파지라 빈손이어도 같은 값이 나온다]
12:15:49 [FSM] FSM transition completed: PLACE_BOOK -> UPDATE_DATA
12:15:49 [FSM] FSM transition completed: UPDATE_DATA -> NEXT_BOOK
12:15:49 [FSM] FSM transition completed: NEXT_BOOK -> SELECT_BOOK
12:15:49 [FSM] FSM transition completed: SELECT_BOOK -> NAV_TO_SHELF
12:15:49 [FSM] Navigation succeeded: Navigation waypoint is already satisfied in simulation.
12:15:49 [FSM] FSM transition completed: NAV_TO_SHELF -> DETECT_TARGET_SLOT
12:15:49 [조작] PlaceBook 성공 job=job_c947c2b919ec code=0(OK) phase= 배치 확인
12:15:49 [조작] 베이스 회전 명령 전송 (목표 yaw +0°, 서가 거리 0.444)
12:15:49 [시뮬] [JUDGE] width_hold=판별불가[키네마틱] (15.1 → 최소 15.1 mm, 한쪽 기준)
12:15:49 [시뮬] 작업 job_c947c2b919ec SUCCEEDED {'phase': 'verify', 'message': '배치 확인', 'placement_verified': True, 'checks': {'upright': True, 'depth': True, 'spine': True, 'x': True, 'floor': True, 'skew': True, 'no_jam': True}, 'fallen
12:15:49 [시뮬] 서가 앞면 0.444 m → 목표 0.444 m (앞뒤 +0.000), 서가 중심 팔기준 x -0.260 → 옆으로 -0.260: 차체를 0.260 m 옮긴다
12:15:51 [조작] 베이스 회전 완료
12:15:51 [시뮬] 서가 앞면 실측 0.444 m (목표 0.444), 서가 x 범위 팔기준 -0.71~+0.71
12:15:51 [시뮬] [재측정] 스윕 없이 빈칸만 다시 재고 관측 자세로 돌아간다 — 서가 /World/bookshelves_main/shelf_brown__book_shelf_11 · 판 [1.042, 0.498] · 빈칸 3개 · 관측 자세까지 Δ최대 1.311 rad
12:15:57 [FSM] Empty slot detected: frame_id=arm_base_link, x=-0.350, y=0.544, z=0.884, confidence=1.00, candidate_count=8
12:15:57 [FSM] FSM transition completed: DETECT_TARGET_SLOT -> PLACE_BOOK
12:15:57 [FSM] Book-placement goal was accepted.
12:15:57 [조작] 빈칸 관측 버림 (서가 밖): (-0.782, 2.612, 1.382) 서가 x -0.66~0.66 y 0.41~0.80 z -0.33~2.19
12:15:57 [조작] 빈칸 관측 버림 (서가 밖): (-0.786, 0.520, 0.190) 서가 x -0.66~0.66 y 0.41~0.80 z -0.33~2.19
12:15:57 [조작] 빈칸 선택: 책 사이 틈 관측 (0.139, 0.502, 0.359) → 칸 중심 y 0.544, z 0.884 (판 높이로 스냅); 꽂기 전 차체를 옆으로 +0.489 m 옮겨 틈을 x -0.35 에 둔다
12:15:57 [조작] 빈 슬롯 스캔 완료: (-0.35, 0.5439, 0.8839), 삽입깊이 0.300m
12:15:57 [조작] 베이스 회전 명령 전송 (목표 yaw +0°, 서가 거리 0.444)
12:15:57 [시뮬] 작업 job_c947c2b919ec:scan SUCCEEDED {'phase': 'scan_done', 'message': '서가 스캔 완료', 'placement_verified': False, 'sim_steps': 324, 'render_steps': 324} (5.2s)
12:15:57 [시뮬] 서가 앞면 0.444 m → 목표 0.444 m (앞뒤 +0.000), 서가 중심 팔기준 x +0.489 → 옆으로 +0.489: 차체를 0.489 m 옮긴다
12:16:01 [비전] ROI 밖 책: (-0.098, -0.711, -0.341) @arm_base_link
12:16:01 [비전] ROI 밖 책: (-0.396, 0.476, 0.225) @arm_base_link
12:16:01 [비전] ROI 밖 책 2권 제외 (남은 0권). ROI [-0.4, -0.2, 0.0] ~ [-0.26, 0.4, 0.32] @arm_base_link
12:16:01 [비전] ROI 밖 책: (-0.098, -0.705, -0.341) @arm_base_link
12:16:01 [비전] ROI 밖 책: (-0.396, 0.475, 0.224) @arm_base_link
12:16:01 [비전] ROI 밖 책: (-0.466, -0.228, 0.127) @arm_base_link
12:16:01 [비전] ROI 밖 책 3권 제외 (남은 0권). ROI [-0.4, -0.2, 0.0] ~ [-0.26, 0.4, 0.32] @arm_base_link
12:16:01 [조작] 베이스 회전 완료
12:16:01 [시뮬] 서가 앞면 실측 0.444 m (목표 0.444), 서가 x 범위 팔기준 -1.20~+0.22
12:16:02 [비전] ROI 밖 책: (-0.101, -0.689, -0.341) @arm_base_link
12:16:02 [비전] ROI 밖 책: (-0.396, 0.476, 0.225) @arm_base_link
12:16:02 [비전] ROI 밖 책 2권 제외 (남은 0권). ROI [-0.4, -0.2, 0.0] ~ [-0.26, 0.4, 0.32] @arm_base_link
12:16:02 [비전] ROI 밖 책: (-0.101, -0.689, -0.341) @arm_base_link
12:16:02 [비전] ROI 밖 책: (-0.396, 0.475, 0.224) @arm_base_link
12:16:02 [비전] ROI 밖 책: (-0.450, 0.150, 0.212) @arm_base_link
12:16:02 [비전] ROI 밖 책 3권 제외 (남은 1권). ROI [-0.4, -0.2, 0.0] ~ [-0.26, 0.4, 0.32] @arm_base_link
12:16:02 [비전] Book picked(best): xyz=(-0.335, 0.151, 0.213), center=(371, 330), conf=0.61, depth=patch, yaw=0.000 rad (후보 1권)
12:16:03 [비전] ROI 밖 책: (-0.101, -0.692, -0.341) @arm_base_link
12:16:03 [비전] ROI 밖 책: (-0.398, 0.475, 0.222) @arm_base_link
12:16:03 [비전] ROI 밖 책: (-0.450, 0.153, 0.212) @arm_base_link
12:16:03 [비전] ROI 밖 책 3권 제외 (남은 1권). ROI [-0.4, -0.2, 0.0] ~ [-0.26, 0.4, 0.32] @arm_base_link
12:16:03 [비전] Book picked(best): xyz=(-0.339, 0.150, 0.213), center=(370, 327), conf=0.76, depth=patch, yaw=0.000 rad (후보 1권)
12:16:03 [조작] 책 좌표 정함 (-0.3370, +0.1505, +0.2128) — 관측 2개 · 책 1권 · 고른 책 2개 (x 흔들림 4 mm) → 축마다 중앙값
12:16:03 [조작] 작업 job_c947c2b919ec book=book_002 트레이 칸 3 파지 [-0.33701369370206974, 0.15046404286102588, 0.13693220369283968] (vision) → (-0.35, 0.5438500024676323, 0.8839) 삽입 속도 0.030 m/s
12:16:22 [시뮬] [JUDGE] 손 안 어긋남(406) **판별불가** — 키네마틱 파지는 매 스텝 책을 손에 맞춰 다시 써 넣는다. 이 신호는 마찰 파지(SIM_GRASP_KINEMATIC=0)에서만 의미가 있다
12:16:29 [시뮬] [JUDGE] rise=16.9cm(ok) width=12.8mm = 지령 12.8mm (책 반두께 16.8) → **판별불가** [키네마틱 파지라 빈손이어도 같은 값이 나온다]
12:18:26 [FSM] FSM transition completed: PLACE_BOOK -> UPDATE_DATA
12:18:26 [FSM] FSM transition completed: UPDATE_DATA -> NEXT_BOOK
12:18:26 [FSM] FSM transition completed: NEXT_BOOK -> RETURN_HOME
12:18:26 [조작] PlaceBook 성공 job=job_c947c2b919ec code=0(OK) phase= 배치 확인
12:18:26 [시뮬] [JUDGE] width_hold=판별불가[키네마틱] (12.8 → 최소 12.8 mm, 한쪽 기준)
12:18:26 [시뮬] 작업 job_c947c2b919ec SUCCEEDED {'phase': 'verify', 'message': '배치 확인', 'placement_verified': True, 'checks': {'upright': True, 'depth': True, 'spine': True, 'x': True, 'floor': True, 'skew': True, 'no_jam': True}, 'fallen
12:18:35 [시뮬] [주행] 회전 끝 — **실측** yaw +90.00° (목표 +90.00°)
12:18:37 [FSM] Navigation succeeded: Navigation completed.
12:18:37 [FSM] FSM transition completed: RETURN_HOME -> COMPLETED
12:18:37 [FSM] FSM transition completed: COMPLETED -> IDLE
12:18:37 [시뮬] [주행] 도착 (+4.986, -5.607)
